AlbumKey,AlbumName,ReleaseDate,AlbumType
6ee773f3-b493-49a8-98c2-50634504438a,FOREVER AND EVER,2021-04-09,album
433afb96-d501-460b-ac8b-1eed7d40ca39,OKAY OKAY 2,2025-05-16,single
9e17653a-9135-48ad-8c01-7363ff5027b3,FOREVER,2020-05-28,album
dd72a954-081d-4f3e-b746-8c1ea37c0f72,MADE IN ITALY,2023-02-09,single
5a325374-9863-4f42-8c32-bdcda445ebfe,POLKA 3,2022-06-02,single
94bcffb9-84d4-46fb-893e-cad7705a423b,Facciamolo,2019-06-07,single
c549c6d0-2536-4513-acf5-ded850685b13,BV3,2020-10-02,album
56cb9edc-58e5-48c3-8895-e75388dab037,Fatass,2019-09-20,single
ed2b42b7-4295-42f8-a85a-cb4192c2e39e,OKAY OKAY !!,2019-03-08,album
413f2b46-2623-48f0-a8fb-0b3ce4f0dabd,#digitalcity,2022-05-05,album
9987bbe5-d83f-4a10-8a98-d5e3ffe20416,ALIENO,2020-01-17,single
5d46e7f5-78fa-4d8a-859f-c437e28ecbdc,BELLU GUAGLIONE,2023-05-18,single
93e58acd-ac96-4927-a648-272e0f1151c2,I RAGAZZI STANNO BENE,2023-07-14,album
2d390f50-7f99-4ede-ac3d-4397472077bb,3SOME (feat. VillaBanks),2024-06-19,single
186b0869-4743-485e-90e6-deeada8a0e8c,LA BELLAVITA,2025-03-28,album
4d6c0906-7861-4ecd-a54f-790cfdc041a4,non è normale,2022-11-03,single
1dcb9646-d6fa-4af3-a07f-35bccd859db8,COMINCIA TU (feat. Rosa Chemical),2022-02-05,single
e53ca872-44e9-4290-97af-8d506c9fcf8c,BLACKOUT,2024-02-29,single
a18b0754-a0d5-453d-8471-aa52eaf1a377,Cultura Italiana Pt.1,2024-05-31,album
783c3055-4d85-4e03-be12-6bc2261635f8,Kournikova,2018-11-12,single
b45e9b25-a515-4be7-ad19-8995cd57ea52,NoRd,2021-05-14,album
7e11fc4f-cd1b-4193-b5c5-6eaad6500518,Dead Again,2007-03-13,album
edabc436-fdb9-4230-ae5e-0f592100a470,Reversed Crash,2023-06-09,album
8e35c330-8347-4c69-9898-e3f3f1e58714,WE 2FLY,2024-08-02,single
c87b3029-2fdc-42da-90e2-aee78b1404b8,The Execution Of All Things,2002-10-01,album
fabd3d49-4620-4b22-bcb6-9122a7d59990,ShapeShifters,2008-06-17,album
fdef2d5c-4181-4435-a2f4-cbbbe75e2c04,Spaccio di Verità 1,2023-10-06,single
ed9b05c3-8c36-40a3-926b-50ada5049f85,"TRASHBIN, Vol. 3",2020-07-23,album
6efaeaf2-ce22-4b9d-bb5d-fe878e58e401,Groupie,2018-12-11,single
6a58849e-2196-4207-90e6-16a7cb73bab7,KG0516,2021-03-26,album
ebe1c80e-2fdd-47e6-aa5a-809e2f433414,Male O Bene,2019-05-24,single
3af028eb-1e5c-4405-9289-0b8fde7510da,"Red Bull 64 Bars, The Album",2021-05-27,compilation
c184ffe1-0d3e-469f-bd63-15a62434ff44,Grizzly,2017-10-27,single
2593e906-3be2-4e57-a679-4bd8cc670e84,Morosita,2019-02-13,single
fe366013-e4ed-49c2-8612-51a0328467b1,3nd,2018-02-14,single
9353ce9f-9434-4058-81e2-75403946ca41,Crisalide,2021-10-21,album
bd38bd91-fad0-4169-8424-432c0d84afac,Vaniglia,2017-10-20,single
c9717725-1dec-4217-b039-5d44b0320dee,1 2 3,2024-05-10,single
52471c7f-df94-4e6c-a8cf-2ad22ce01dab,TONICA,2019-10-02,single
f8a988ec-9c98-4d2c-b8f4-06ac55136e9a,444,2024-01-04,single
9937db0b-39f3-43aa-8d9e-acd446416e6e,Chicas,2018-06-22,single
7cea197f-c359-488d-b652-271162d8b4f6,BANDA,2018-04-23,single
c6ec1fa1-aca2-4d19-b1a0-5a036dd075ed,Fenty,2017-10-27,single
6e6a31af-da45-4f5a-ade8-68cfa246e3d3,Introduction,2022-10-28,album
8d230589-7c3c-42a5-a598-d7191fa65ab3,AIRBNB,2020-11-11,single
74f42137-4fd6-4ab7-9bca-87994301e4d7,Roberta,2019-12-12,single
cdd0c36d-6eda-4667-be99-83c2e8f9538c,Cringe,2020-07-23,single
e36a1a6d-94f0-4874-a43a-6f8f093c7751,SUPERSEX (feat. Spender),2024-06-14,single
3eda853e-c40a-432b-abf4-8d380a8ce4f3,Regole,2022-06-23,single
6756291b-e1a7-4cf4-a44f-eec7b143f0b6,family first,2021-08-19,single
55066b22-6c16-4744-9276-f76ecd15f2dc,Luga Pandemic,2023-01-01,single
7ff114b2-0f66-4581-bf74-70f946e23eeb,Dentro di me,2024-02-23,single
8414cf8c-02be-4044-85b4-8e9f9ddc7032,Come Le Storie,2020-06-23,single
5bc31de6-02f2-45b3-b3f4-3b0bf76878f3,Intro,2021-08-19,single
14ffd0f5-42a6-490c-ae22-17fab37a9137,X2VR,2023-11-17,album
c951686e-ce84-4aa7-bf93-3b68aac58aff,Maracucho Bueno Muere Chiquito,2018-03-16,album
91996da1-0b96-48bc-8d11-021c2bf5384d,Black Panther The Album Music From And Inspired By,2018-02-09,album
4b68023f-3579-4890-9923-de349b481d18,La prima volta,2025-02-07,single
2d2afa5a-791a-42a7-8d81-bb9b3fb194fb,Mood Blu,2024-04-05,single
a1287d74-4ad4-40d1-9c12-79d6a141871e,99 Visions,2023-12-05,album
7d7c5889-0de4-43d2-9470-059df01e81b1,Rolling Papers (feat. Tormento),2025-04-04,single
1db01622-946d-4f28-b45c-d4ad07a9bf28,Motel Love,2024-06-21,album
e4fb427f-1414-4a31-a43a-df6db1a92ede,in fieri,2022-12-12,single
386428ff-2832-49b1-9277-c9b40b5d7528,Giù,2022-07-01,album
62c83bec-6abc-41c3-a3b5-e556110e7db2,Sale,2025-04-04,single
5756d83f-93de-4716-877c-4005d90e9c46,VERA BADDIE,2024-06-27,album
77cd8ca4-884f-48b9-9341-05afc33b97f0,Eclissi,2022-05-12,album
802bd65a-b6e7-4b80-8544-c899e72ffc4a,Limonare,2023-07-28,single
11158e2a-916b-4b88-9d2e-c903130f9a82,Electra Heart (Deluxe),2012-04-27,album
87f7b5d9-8086-416e-83bb-ebabcebfe8b3,il filo rosso,2024-10-18,single
6b66b0a6-2891-435b-a53e-e5d72fd9886b,Before Wanderlust,2019-12-13,album
49c95688-3962-4e53-a567-7f2e12e5f0df,SANTANA MONEY GANG,2025-04-10,album
093e0884-7ee9-4e57-bd35-0baf325af136,a me mi piace (feat. Manu Chao),2025-05-09,single
97b62f88-8ebe-4472-bfa8-ea2661d4a6e9,"Sogna, Ragazzo, Sogna",2024-03-06,single
364ef569-b22e-487b-bf3a-bb50d6452764,Non so chi ha creato il mondo ma so che era innamorato,2024-02-16,album
f44976e6-19be-4dc5-8208-2fdd995d8bee,bellissimissima <3,2023-05-12,single
977c1dd9-dc4c-4c2a-b61a-43f95458e722,Prima O Poi,2018-04-26,single
2ff1c5de-a545-4be4-9950-bf1e32299208,Non so chi ha creato il mondo ma so che era innamorato (Deluxe),2025-05-30,album
83b6da91-2e75-40f6-a494-12471dad3654,È FINITA LA PACE,2024-12-13,album
eb5f46bf-3672-47d8-afa9-4e406bae7228,Santa Fe,2023-09-24,single
8a8ffcad-6ca9-4d2f-8866-9954ceca8a68,CI SARÒ,2021-09-24,single
2c01584b-75c9-47e3-92c3-c01425e7357c,Happy Birthday,2021-12-09,single
fcca5a3f-697e-405f-b0c5-622def076993,PARIGI,2022-03-04,single
5c2f19f9-517e-4aa9-bf67-4731bb927d4f,Confusion,2024-10-16,single
e8cb17d5-a956-4273-9e06-57b494ebc250,PARIGI RMX,2022-03-25,single
c772a1d6-74fa-44eb-8119-70b7f751f882,Serenata (From ''Forever Out of My League''),2022-01-31,single
8eefdfc5-a100-4478-8ada-9d015766a6d1,Le Cose In Comune,2023-02-24,single
f4e22a26-d4d8-41cb-9daa-2cff1048061a,You Make Me So Happy,2022-06-10,single
58b8139a-b57c-48c6-99d6-a501a8e3e3ca,5 MINUTI,2022-11-28,single
b781b728-31fe-4a20-9758-7c194e1f8997,2nd Exit,2016-09-13,album
31aa16de-c63a-4bff-a7f0-9d64df916b95,NO MONEY,2019-06-19,single
b23bc291-8a79-4e33-88df-c92e536adb16,SuperNOVA,2020-09-18,album
f2b5b176-b64e-4a67-bc02-a638bf4b0510,Cerco un posto,2022-10-07,single
4ceb3494-30de-4d78-87cf-36b6fe3478a9,Stelletella,2021-04-01,single
5aad7da8-f639-410d-9e74-f66db377b7b6,Sotto una pioggia di parole,2009-05-22,album
db846dc7-00e6-4ef9-b190-18068a5d5c1f,Viajo Sin Ver (Remix),2018-08-31,single
d6d0bc15-81f3-4e32-8b91-fff223277cc3,Jet Lag,2017-08-14,single
be7885e5-5c0d-4ac1-a3fb-36aa8d906bc6,Papillon,2025-02-01,single
3bfe1520-db05-4786-a49b-b29c8ab5e3a1,Messias,2016-02-05,album
ba2cce1f-b4c1-4455-9f25-71450478cc32,ZÉPECK,2024-07-12,album
b2a708aa-34c0-44b7-9f99-348cd20ef118,L'Alfabeto Degli Amanti,2006-02-28,album
95180cea-f7cc-4966-8bc4-8623f3b46ac2,Les plus belles polyphonies Corses (Les plus grandes polyphonies de Corses),2014-11-24,album
15fc1bd3-6d77-4685-8b87-c3f094df0ce3,SIRIO,2022-04-07,album
93b729a7-de0f-419b-8db2-f23eee6f90d6,Alfa Y Omega,2025-01-11,album
7ed2ae6c-d284-498e-bded-ecf212041ad5,Demoni,2025-02-04,single
c510798e-90e8-49fb-9f07-3243f31885c4,23 6451,2019-11-15,album
43d2a169-75a4-4c87-bd99-d861fe5858d8,23 6451,2020-07-31,album
506e8267-4a8a-4a0d-b7c3-02523eedd19a,c@ra++ere s?ec!@le,2022-09-30,album
da9071ad-f7f0-4df4-831f-63b6a77bb285,sFaCioLaTe miXTaPe,2024-07-26,album
2963542b-b358-454c-bc13-be015aacbdb2,CASA GOSPEL,2024-12-13,album
8dc66759-d721-4513-ae57-0ce2ff00b23e,SE ME HACE EASY,2024-02-15,single
fb6fc64a-0e25-4899-aa5f-316d440550e6,URAGANO DAMN,2023-12-15,single
0a1f0569-4802-48d9-ad23-303e4d9555bd,Purpose,2020-09-17,single
3d75bce4-ebcd-4064-adf7-76d0a17a041e,L.A.,2014-11-29,single
123a3e0e-f789-48be-96a6-0ccd459a3981,Purple Thasup,2023-09-22,single
c40ed38f-bebe-4ca7-a3cc-6c12cc52838a,CON I MIEI OCCHI,2024-10-25,album
b3297638-07fc-43cb-aba8-537228e64760,Arte,2019-09-11,album
459066bb-dec0-423d-9797-6f49660f9948,Ordinary,2025-02-07,single
68b96655-84c3-48f4-b570-550eddf81612,STRONZA SENTIMENTALE,2025-04-04,single
780e2f1f-3b89-4404-bb3c-14ccfaed5383,After Hours,2020-03-20,album
adabd097-3d32-4240-aff4-825d5c5da38d,FEDE,2023-04-28,album
55f32576-70bf-47b5-9cbc-be2f6f331972,Milano Angels,2024-09-06,album
e54958fc-7e70-43d3-9fe8-e01b9e81cfc4,Gravity,2024-05-27,single
0a994d2e-ce25-4d79-ac2d-01c83dfd8f8b,Magica Europa,2003-07-30,single
9c6ad2ff-60aa-4186-a334-de489f466f4d,Summer Vacation 2025,2025-06-11,compilation
a591f621-ceb9-4987-a844-ed902f143d8c,Lettera Q,2024-11-22,album
fd568f61-63ef-4842-aad9-4c344d3698cc,Madreperla,2023-01-13,album
d1f707c1-12c0-4af5-bc99-4a472c5852d7,In the Ley Lines,2013,album
d3aa5be8-6793-4915-98ce-ad84ede548f5,The Among Us Song,2022-11-24,single
ef28dd81-f1b0-4c8b-9d01-f56485ee1c5e,Gucci rubate,2018-06-22,single
1482e36c-7bb8-406f-b8c3-f5564e06e83d,The Interview,2010-08-23,single
4ad4d1f5-f9f3-4d76-8ae9-fc0b466aaf14,Swaggavamo a scuola thasup,2022-05-23,single
8f67fd02-df19-475c-b293-6e766e5b666b,Containers,2024-10-10,album
e8138f11-f568-4299-9e6d-32480348a322,Gauč Storytelling,2019-05-24,album
1f702cd7-4eeb-4470-a18a-d9c75514f45f,Che Gusto C'è (feat. Tredici Pietro),2025-05-23,single
37d6047d-2db7-44e1-96dc-8f1209721c7e,OBE,2021-06-17,album
4b4f2423-c9c4-4799-bf1a-085f42397679,Troppo tardi.,2023-11-21,single
e16f6605-ada8-4285-87e0-f5c131bce548,HOTEL MONTANA,2023-09-01,album
c81fb59d-88cf-488a-b407-bbc7d6e2628a,Ma Xkè A Me?,2023-07-28,single
e8f4a89d-c821-448c-ae54-88862d9ab64e,Sincer (feat. Lele Blade & Icy Subzero),2023-05-05,single
ab78ad98-6d31-4a57-a6b6-78afba5b9285,HOTEL MONTANA (Deluxe),2024-07-05,album
177d61d5-0657-41f8-90dc-530ae5bf9585,Marijuana (feat. Rhove),2024-06-21,single
f1c7bfc9-e978-437d-adf3-f9142467ca6c,AMBIZIONE,2022-05-27,album
16d3c6ef-41d8-4270-afe1-9f59c1504e24,LOCURA,2024-11-26,album
c913d7ef-1c85-4663-9dd4-74341402cb02,Re Mida,2019-03-01,album
b200a0a6-8c01-4e33-9727-c1363d29a047,LOCURA (Jam),2025-06-04,album
8a5d2139-7f7f-4ec4-b8f4-0f66f736bd15,Zzala,2017-04-14,album
b20dd8dd-7df0-448e-9de4-6c1e84bd2ad0,J,2020-07-16,album
7b738871-10be-45a7-8a33-a405b3ce6168,Re Mida (Aurum),2019-10-03,album
7f3deff9-9080-451a-a918-2a7d0001a3ae,LOCURA (Opera),2025-06-05,album
b63588a8-5984-4606-9bb7-dc8ce9211469,Diablo,2017-10-20,single
2856334b-e208-4d28-aa31-1ee1004c7fbc,1/6 - EP,2020-06-19,single
8510521f-eae7-4050-bdeb-390c92c5abf2,Lario (feat. Fabri Fibra) [RMX],2018-03-21,single
424cba05-e174-4a26-88c3-9632911a2769,Re Mida (Piano Solo),2019-10-01,album
74d649b8-4565-4717-84d7-1161bc4487d1,ZONDA,2023-03-30,single
a98f894d-41d9-4687-9623-6b91e03c1be1,SIRIO (Concertos),2022-12-15,album
0a2f84ff-7854-482f-a0de-1e7dea685a51,Fuego,2017-02-13,single
ec2aa221-0261-4f18-8f50-f3af8ac5a545,Tu Me Quieres,2024-09-13,single
87c4f2bc-e791-492d-8b50-e8c24308fb57,I.B.F.M.,2017-09-05,single
5a7cc154-8631-46ed-a8fc-e91fa7d32c36,Santeria,2016-06-24,album
81ee5ec7-6434-468c-8fce-1df66beb06f6,Wall Street Freestyle,2017-02-13,single
7eb9f37c-b24c-48ee-b28a-18e572f2e3a3,"Dal '700 al '900 napoletano, Vol. 1 (I edizione)",2017-09-27,single
99d78df6-a555-4037-90b2-c7671ff63b19,"Real Talk Cypher, Vol. 1 (Mixed)",2019-09-06,album
277c8665-add3-4622-b187-e145de3bec69,Super Santos Freestyle,2017-02-13,single
e8be90ed-b5c4-4a0f-90ee-79690ccbef9a,BLOCCO 181 – ORIGINAL SOUNDTRACK,2022-05-27,album
3bb09a42-1806-4079-af3c-084a9e777a14,RANCH,2025-05-09,album
02d4d8a1-b53c-43e2-9ccc-b028481794c4,Tarantelle,2019-05-03,album
6e9256cf-1e84-4103-9cfa-25411e41b9df,Canzoni Al Piano (Primavera 2023) – Relax Con I Più Grandi Successi,2023-03-13,album
37ec805e-baed-402b-a841-6ab15f813920,Wish You Were Here,1975-09-12,album
d5947137-94e8-494b-a6bb-818dd2754d2c,att.,2024-04-05,album
7f166dbd-de1e-45eb-b4f0-e0673b465774,The North Wild Spirit,2024-06-01,album
0bcea772-d30f-4430-8ef6-283d018ec181,"Verdi: Rigoletto (Callas, Di Stefano, Gobbi / La Scala) (1955)",1955,album
4b28b713-aaef-47b8-aaba-bf2ab6703fb4,Tempo,2014-12-05,album
5526070f-8ed1-47fc-969a-94a9a8f484fb,Rockstar,2018-01-19,album
bbfe5339-4291-47bb-a713-9e5cb8206fd0,Guitarra,2020-12-06,single
ab21450c-7056-4ca2-8fd8-b34667cb61b6,TRAPLINE,2019-05-10,album
7bf60618-520b-49f6-880a-41f106b0e0f6,O Futebol,2004-01-08,album
c124ac24-70dc-47fb-bd60-7b1e8ba78370,50 Greatest Tracks,2015-11-06,album
02cfcb23-1874-49fb-9757-14c7e383f120,22 Freestyle,2017-08-06,single
11e3ab74-f846-4e6c-a4ab-87c11ecc5f3f,DRIFT Series 1,2020-09-18,album
0e83f8e1-8ac0-4510-9758-b5ebaadf192e,Musica per bambini,2018-06-01,album
6b0a7c95-b342-43a4-9587-a2399d38485d,BODR,2022-02-11,album
71904df2-7d93-43f8-92a9-3a637e2956c0,May Day,2013-06-10,single
f2a36f38-fbab-42e9-83d2-11ad1a3ee131,Shake It To The Max (FLY) (Remix),2025-02-21,single
ba74c03a-df1f-4a03-8cd1-28a207361ee0,Long Lost Archives of Lazzayaiii Pt. 1,2020-11-07,album
b7ccc130-7596-4f0a-8dff-094c8ce29c0b,Shenandoah National Park – Nature Music,2025-06-18,compilation
c0ef5082-cbcc-421d-b9c6-80d6053afb72,Lazzaro EP,2023-06-29,single
ce3cc86b-b4a9-4947-a2e9-b3286557b36d,Il meglio di un concerto,2013-03-13,album
a69cfa81-e019-485d-b1e3-4ecdeb014bda,Revolverlution,2002-07-23,album
26021a58-41c4-4f13-abb0-bb898e5dfeca,Cinematic Atmosphere,2021-07-30,compilation
252a2dcf-e02d-4750-85f0-80751daf8535,The Mediterranean Gardener,2021-08-27,album
2344532d-c633-4ee8-9811-ecb2593c4b32,OGGI,2020-10-23,single
44f751ba-38bd-47a2-af82-0cb5d62ec9e3,Deja Vu,2025-01-27,album
74ef568a-6225-47d9-989e-1903852a9ddf,Mozart: Le Nozze di Figaro,2015-09-01,album
a1e9a493-56f0-4be2-b9a6-d4f7b0c0a1a8,Gemini,2022-06-24,single
5a1d85bd-dcd9-4146-9ae7-376567c39f65,Complesso Carlo Esposito,2023-01-28,single
052a7af8-6746-4122-b7b2-521d6a459102,Hybrid Theory (Bonus Edition),2000-10-24,album
edb51267-be71-4c59-894b-02bf81d919a7,NOSTALGIA (export),2024-02-23,album
9bf937dd-7525-4308-a5ef-2d819ba3f75c,Silenced by you,2021-11-08,single
4eb3857a-b739-4882-8609-5151111ea413,Come Close to Me,2019-11-08,single
64334a99-ade1-44b0-a516-b24e8f796973,African,2019-02-20,single
44341a8f-7038-47dc-ba96-2765ad39c6bb,Max,2017-05-19,album
262ae1c6-6961-4e97-b9b3-d61aa0277a79,GEMINI,2019-06-14,album
b0f70636-b199-43f5-af57-4f711bd374a1,MAXTAPE,2021-05-12,album
e8c7984a-7ea6-41ee-b3d5-2d5f76616d59,Entertainer,2018-05-25,album
63f5be8b-e302-4735-8a28-9ccf8600f3c4,Numero zero ep,2014-11-28,single
1beb3bdf-638c-4112-8b44-9f802893687d,Hyper,2017-03-16,single
d51b0f2e-411a-4af6-8812-e4ad44092d9a,BRAVA GENTE,2023-06-02,album
2236e2b9-b33a-4194-a3c5-626366ea8fb2,Hyper 2,2018-04-27,album
90402af0-4a17-4c21-bb8c-49c7eb26d3d8,Hyp3r,2019-02-08,album
a5472567-9f73-4b35-b236-49603427dc90,N Mixtape,2016-02-22,album
12c58e9e-9ec9-4971-9161-b5a68eedb2c6,PENKILLER,2025-05-23,album
64e7ce4c-6fc2-413d-a2ec-7d3f0ef5f669,DM,2020-04-29,single
c0643e9a-dbcf-4355-afc4-f2655971abe2,100K,2015-01-27,single
10496799-7840-40ea-bb71-95870e0ef216,BDM Mixtape Vol. 1,2024-04-19,album
5d5273fe-1c62-42ee-ba43-6644314df6ba,BRAVA GENTE - EXTRA,2024-06-14,album
bfbfaf3f-7754-4cb0-b64c-91db68efbb99,DNA,2020-11-13,album
5b198f48-6ef3-47c1-ab7f-955fe08eb271,B.U.F.,2022-06-30,single
b93bf260-f442-466f-9ab3-ceb40667477a,Qualcosa di nuovo,2020-10-30,album
221e5133-8eee-4784-a38b-08ef5fa404f6,Mustafà,2016-08-30,single
9e953fa8-1a7e-4d03-8e9a-413ae7127da9,Las Vegas Freestyle,2025-04-18,single
b131c0a2-5439-4bd9-a397-d7fc72f6b650,HIT ME HARD AND SOFT,2024-05-17,album
691f01ad-d2e5-406d-92ae-d0a32d94da62,Cabaret: First Complete Recording [Complete Recording of the Score (Original Studio Cast)],1999-02-09,album
be5f55ab-9d57-4949-b183-fe48fb9a45cf,Kepler,2014-05-27,album
7c7f124e-7f7e-4591-b6f2-883be3a23d2c,Handel: Agrippina,2011-10-04,album
f7700fd9-81ec-47c2-a813-a6d5bfd4585f,Freestyle Élite,2022-06-24,album
371d87c5-6eb8-435b-a9bd-f3ef9393eb10,After,2025-04-11,single
5aedbbd4-c179-414f-9661-e35d16e668e0,Monteverdi: L'incoronazione di Poppea (Live),2019-08-30,album
2c37e3c3-11e7-4c3c-82b2-7e1f3e7d1061,MBAPPÉ,2025-03-14,single
77d8ec83-faca-4e81-bf78-5209488b9c4d,Lotus,2025-06-06,album
489760de-8f2f-4f40-ba3b-77512961dc0e,"Pizza Con Piña, El Musical",2017-10-06,single
a91d70ff-e37e-475a-b9fc-fcf85b60ace3,Raggasonico,2010-10-12,album
a2ab3386-055e-44d8-957a-e52288c20356,Come un uragano (2022 Remaster),2006-06-28,album
d31c3c24-b4b2-4eef-a8ab-8030da2d9f1b,Lei,2019-08-09,single
8d25b088-4a04-4647-803f-820f22a68157,Prima di Partire,2004-01-01,album
49e3fa9d-67f2-4cb5-9b6a-988b05183636,Soul Food,2018-08-17,album
5fc565a5-73e7-459a-84bf-1b695172f41c,Dinamite (2022 Remaster),2008-04-15,album
7ec1fb73-717b-4ed8-b59f-9f3716cd9606,420 Mix,2011-04-20,compilation
f04ac0c5-e8d9-49c8-8d9d-4bf9245c3e7e,Glielo Leggi In Faccia,2020-08-15,single
c338ffff-ee9b-4135-ab36-501b962835ab,La nuova era,2012-06-19,album
f0809ff6-90f1-459b-ba4d-3c779b3b254b,Vibrazioni Positive,2015-09-25,album
c6eff2da-9d4b-42f1-8756-f41b44ee2c9b,Hurry Up Tomorrow,2025-01-31,album
82694eec-8384-45b5-9e36-5ba4852afa20,MP5 Riddim,2014-04-29,compilation
b18e2d9a-c8c1-4be0-be6b-99619110ab22,"La gatta (feat. Vacca, Primo, Ntò, Amir, Bassi Maestro & Mondo Marcio) [Remix]",2012-06-19,single
c1169e39-ee90-481b-85d5-c4a92de7839b,DE PUTA MADRE 3,2024-10-11,single
d0851821-2996-4173-af1c-d52844c2da8b,È LA (LOVE),2024-05-17,single
4577148d-5486-4417-9c4d-5fb0b346a519,TEKKEN (feat. Simba La Rue),2024-02-23,single
9d5847a6-3b3c-4675-8eb6-ef9c934c49f7,WAO,2023-04-21,single
600ed52b-6628-4fd1-84fa-01c4aba1d507,YAMAMAY,2023-02-09,single
facadbf4-9ffc-43f5-b554-34d85b1fd300,È (BANGER),2024-04-19,single
4fa8c532-59b4-47e4-8334-7326b7efb943,BLA,2023-07-14,single
470dac90-69cd-4870-b477-47fe563f741e,È LA VIBE (VIBE),2024-07-05,single
145d9cbb-7a9f-48df-8250-68b6e44abd9b,COLPA MIA,2025-01-24,single
8b96830d-17b3-4890-bfbf-a822e7d95571,SPOILER 2 (feat. 22simba),2025-03-07,single
c0a315c5-7117-48a6-8704-ecd2476f7419,PSYDUCK,2025-05-02,single
5b6200ff-c732-4acf-808f-3e64ee9a6546,WARANZA,2024-01-25,single
a17c740e-fa37-47ed-884b-862f458c717e,FASHION,2023-11-10,single
60ea54be-631d-48c3-ab76-73fc525a147f,Bahoa,2022-02-16,single
0010a20f-8de5-435a-a2eb-319504e49ec8,Sem Boné (Remix),2022-05-05,single
492da749-e724-476a-8372-23cdb0ec46f4,Wawa,2022-06-17,single
aa5af511-e120-4cf7-bda3-d9539968a471,Alaska,2022-10-07,single
b09f0f2e-2f76-48d4-ae7d-1d4d989a2412,Trust No One,2021-12-15,single
2e6f6271-cd44-46e6-a276-c8226fb67968,My Baby,2022-04-08,single
de78bf42-2106-419b-bd53-e5f413de032e,Gentleman,2017-06-30,album
20e1dd8a-5bba-4447-982e-a2c008221ec5,Mr. Fini,2020-11-26,album
ff0a2af0-5b44-499d-be23-66356aa1ef88,Bravo Ragazzo (Royal Edition),2013-01-01,album
fe1796e5-083a-4af1-b19d-f4c891794b03,Fastlife 4,2021-04-08,album
c97ae2f5-0707-4a29-b6a2-1887263aa40c,Vero,2015-06-23,album
778316e1-4b5d-4756-b978-60ad4ad34d97,Sinatra,2018-11-29,album
44b33e09-c7cd-4954-9587-924492ddeddd,Il Ragazzo D'Oro,2011-01-01,album
9951be18-981f-42c2-8b72-aca133b8859e,GVESVS,2021-12-10,album
2f9b43e7-570c-4e38-97e1-b207a82402c5,Vero +,2015-11-27,album
32881fc7-7fb7-4593-bcda-b355754ec8eb,Gentleman (The Complete Playlist),2017-09-22,album
f5a9c671-0a3b-4e67-ae49-c904ce29dd48,Tropico Del Capricorno,2025-01-10,album
4e374796-85ac-4b83-b2e4-c2f30ca94e1e,Gelida Estate EP,2019-06-21,single
b6cce7f9-d464-4dc0-91f8-36d225d260d5,KG,2025-05-29,album
67669bbc-3ef7-4373-89d5-6464872da0a9,SARAGO (Red Bull 64 Bars),2024-09-13,single
2fd181d0-88ea-452b-b957-a5cda8473f83,Mattoni,2019-09-12,album
aa840bf9-4d5c-4f09-b03f-20fb07f85b09,Lungomare Latino (feat. Willy William),2018-06-01,single
d97316da-f420-48e4-95ec-66490c5cd34c,Come Se Fosse Normale,2018-04-06,single
3f4c5a39-193c-40af-8da6-06db4ea01679,Guersace (RMX) feat. Enzo Dong,2018-02-16,single
e7c9bcdb-2152-4fa7-b0ee-3f7f0b3cbdfe,"Hashishinz Sound, Vol. 1",2014-11-24,single
c4e73ef2-2e16-40e0-b00d-fe35a7b27ce5,Il Ragazzo D'Oro - 10 Anni Dopo,2021-03-25,album
d8e5b6ba-059a-41a9-9cc7-f4c985775369,Bravo Ragazzo Live,2014-01-01,album
de71d969-7c98-4b1f-8912-27bcb92414eb,Vero (Royal Edition),2015-11-27,album
f1895a53-a1f5-4302-870b-087917583fd8,La città del sole 2 (Il peggio di Cagliari),2012-12-01,album
28355a50-4e88-483c-b5b3-31400d4310d1,"The Newkingztape, Vol. 1",2017-11-17,album
42610dab-496f-43e2-bedc-eb0415105876,Lamborghini (German RMX) feat. Kurdo & Majoe,2017-12-15,single
de3d0961-c78f-4d88-b219-83826ed02d35,Hashishinz Sound Vol.1,2008-02-11,single
d1b249ec-e961-49d8-9563-0aadcaf1317e,THE BIGGEST SBLAO,2024-09-12,album
fc784572-b609-488d-ad8e-dbc7cdd0cdac,Who's Next Hip Hop Underground 2014,2015-02-17,compilation
b3b28968-7bb8-4a09-a25d-cfb1cd7b952d,HELL NAHH,2025-06-05,single
f8ba7b82-2e27-4589-af19-4c24eccbe9a2,Day Of The Dog,2006-03-04,album
1a6e631e-8ea0-45d8-b547-9e65ef608616,Vasco Rossi,2017-12-15,single
e90248ea-9760-4d95-bf22-b42fb659dc78,En el Foco,2021-10-28,single
b15425cd-d363-4fc7-ab05-0191bc8919e9,Dogo Gang Presenta: Benvenuti Nella Giungla,2008-03-28,compilation
0b2683eb-ffe6-47f6-af67-9edcb792eec3,Lamborghini (Swiss RMX) feat. Pronto,2018-02-23,single
5cf80573-1e04-4a1a-9204-7df02a9c3886,Milano Spara,2007-11-02,album
d7c0b631-098c-4750-99bd-13b9436b0118,"Solo lei ha quel che voglio 2021 (feat. Tiziano Ferro, Guè & Marracash)",2021-05-27,single
1585f328-57a0-4814-a008-172f44e4f2d7,Urania Deluxe: Atto Finale,2021-10-29,album
969d47a2-9749-4204-b4df-7e7332805255,DJUNGLE,2021-05-07,album
a3f882a6-1083-4f40-ab5d-1bc742640ae7,Dogocrazia,2009-01-01,album
0dd7834d-212b-41dd-a26d-a446b9ec6362,Thori & Rocce,2011-01-01,album
8987731a-0546-43d0-ad74-98d6f19644dc,Marracash,2008-01-01,album
b91bc694-f385-40c8-a6fb-94ccb475a206,L'ultimo disco (Parte 1),2022-10-21,album
c0b28b50-1e0a-4a33-944b-e130fa50a9af,Col Sangue,2016-09-23,album
d6efb3b1-d0b7-4736-9828-359a3ef72c5b,In mezzo al traffico,2024-05-09,compilation
9bca4495-2266-4276-9d07-c91f268d845b,Hagakure,2008-08-18,compilation
37b5ed6a-e328-4e5b-9a88-1f38e237e57f,"Rap Roba Fresh, Vol. 1",2010-04-13,single
f52eb6d7-41aa-44e0-869b-30d382628d3a,TUTTA VITA,2024-10-25,album
ea772611-588d-475f-83f2-c2abcbee4ca3,Sogni d'oro,2017-02-17,album
84e4700d-10be-4199-96ff-e7424bc93796,V.Ita,2009-10-10,album
c247e613-d3f3-4b97-aeb5-d06045ff3f25,La bella Italia,2008-04-30,album
81b89576-a7d4-4906-87a3-819e006f30cb,Andiamo A Comandare,2016-03-18,single
304a1a1c-1a7f-4226-abab-5420d9f49d58,Immobile,2010,single
8f23ede0-753b-49f6-acc6-442eb3f746d4,Guilty,2010-01-01,album
4f08dce6-0074-475e-97d1-e390a5e29c28,Original Flavour,2013-06-03,album
056c2474-897f-4e6a-b41d-592cfedda056,Siamesi Brothers,2006-01-01,album
6319df8b-f92a-4ce7-82ba-d9e58133c6fa,Tagli,2021-01-21,album
9c2b1586-8d88-4c14-8da1-2e0771d0dabf,60 Hz,2004-01-07,album
f0df11fc-08be-4b49-b25f-4db3ff678a78,Champagne e spine,2010,album
a0409576-4f5f-48ca-a797-2df27e479128,Verano Zombie,2007-01-01,album
01198710-4fa6-497b-9615-5f919b565667,Hype,2009-06-22,album
621ac1a7-f762-4380-b67f-6828661fe62f,La mia città VOL.1,2010-01-01,single
ff45b635-fb60-4c56-8fd4-daefca66f98b,Escape (2022 Remaster),1981-07-17,album
ffcf9cf4-3a15-4cd8-aeca-6ef609ff5298,Supercalifragilistichespiralidoso,2023-06-09,single
4435b582-e21f-42a7-a13f-3e9acded72dc,Il mago,2017-12-08,single
93407039-0df5-4121-94bb-82739dbda9ba,Michel,2017-05-24,album
443b305f-a63b-4dea-a2cd-81dfb52da2bd,AMEMÌ (New Edit),2018-05-11,single
7e89d361-feb7-47d5-b7a3-9a3cd51d8633,Miguel,2020-11-06,album
5a9ecd8a-cb67-4fc6-b41a-c3b9f3ddbbe5,Erbavoglio,2012-01-01,single
0053d58a-6f18-4913-b4d2-8165e059e77c,Doner Bombers Compilation - Vol. 3,2015-04-08,compilation
01fcda42-0946-4df8-a06b-139e353f55e4,M,2014-03-05,single
9ef70458-496b-45ed-b587-7a9b1d696207,AH,2023-03-17,single
51e3d0e0-dce8-47cc-bc71-b5095d65e06e,Beats From The Lido,2018-08-17,compilation
fe6b000a-a357-4a62-8269-936d17751c74,Karate,2023-06-09,single
0c0e73ce-ac93-47bb-af73-1119e4da223f,Dinamite,2023-10-27,single
6cf7365d-d4c4-440e-b858-3c950bbb2c47,Paura,2023-07-07,single
fcae517e-2691-4344-8111-150f70f03b9b,Sparirò,2023-04-07,single
9ef22464-3b6b-4224-9ebf-943641908dab,Mon Ami•e,2023-09-08,single
c7e882b0-f2c9-4a5d-ae3b-433ceb89c8c9,Mandibola,2023-05-12,single
391a268e-ede2-48b0-af6a-ef0c9f329155,Macho,2023-12-01,single
f4820b3e-af81-4d3a-8bcc-162ab132d8c7,Lararì,2024-02-23,single
86c27cfb-548b-47f1-ad12-870decabf882,Brucia,2023-08-04,single
38fa4650-d818-4d6d-8604-e50fcf0164d0,Lev 26:6-8,2024-08-16,single
04472a01-8ae4-4e04-9115-69df59d1cc50,Attimo,2024-04-19,single
4049e85d-bd2a-4cde-abd0-eece25a05bf4,Banana,2024-06-14,single
8b2fd00d-7425-4547-bfac-ef166f623858,Sir Cavalier,2024-10-25,single
8245931b-11b9-4725-9b89-d1bfeed3f126,Tutti Frutty,2018-10-24,single
642ee7ab-264e-41cf-ad21-203beccde746,rosa naturale (feat. Emis Killa),2020-01-10,single
325afde7-8651-41da-a68b-584802fa51ef,MAMA,2019-08-30,single
dc02983d-a892-480d-a77d-821a7238bdd8,"Ti amo, ti odio (feat. Guè & Mecna)",2021-05-11,single
ad46ae26-e28e-41ec-a068-3219f9eb11f2,What U Do to Me,2016-12-09,single
1e669fb1-7b32-4b84-b50c-a1b6fe8012ad,00:23,2020-10-06,single
ccf17e27-c184-45c4-90ae-3de180b1dfe5,Drink,2018-04-13,single
447475eb-af9c-42a6-b973-c2a24279caec,Body Adi,2017-06-09,single
0bd0da8a-3d73-40ef-aea2-64da4c548d06,7 giorni,2020-11-11,single
6d3371e1-82b4-4396-be70-b084526024f7,Caffè e Lacrime,2023-07-20,single
fd1950de-e3dc-4f1a-ae2d-8969e98250b7,SENTIMENTAL SEASON,2021-12-03,single
0cc7678c-9245-46b4-996f-6448cdda9130,Nella tana del mostro,2023-03-09,single
d6108e71-caf2-4a44-b9a1-6f35291e02cf,Melancholia,2023-05-26,single
8145e3b4-dce0-4703-a5b2-ca5e6848a19a,20,2018-04-20,album
f5dec750-5b65-4a3c-984d-ab361fcd9708,Allenamento #2,2017-03-13,single
6b9d357c-8f3d-47d6-99e1-936875676dd0,Nisida,2016-09-13,single
959b1644-5a60-453e-87d8-885d5d441d7b,Allenamento #3,2017-03-13,single
5250e720-9dc0-4f5a-9699-eedaec8160d8,PLAZA,2021-01-22,album
3755556d-eca4-4ebd-b103-4f8e7b12e7b5,Allenamento #1,2017-03-13,single
0b0b2949-77c1-47cf-a7db-e50ce98eb0a0,20 (Deluxe Edition),2018-11-30,album
c62badaf-6611-4bad-ab45-315d03fc3329,Non si ferma,2016-11-24,single
0e7f271f-2a46-46a1-bdfc-5c0f91d32a4c,Going Hard 3,2024-12-06,album
b3457584-f8d0-4299-8393-31fb48040bb4,FERITE,2024-05-03,album
1de5e936-fed4-4a71-b2ff-55cd636a4337,So cosa fare,2019-06-20,single
4738dd3b-0046-475b-92c3-911937ec5d6a,Lo Mejor De...,2015-01-27,compilation
b86086ba-f37c-4768-8929-59532c922b8b,Sto giù,2013-02-26,single
fee39624-d9f8-4f0a-a10a-e01d78b8ed21,FERITE (Deluxe Edition),2024-11-15,album
4e6c91cf-c834-4044-bec1-1b6f97635359,Daccapo,2013-10-29,album
73df8f52-3dd9-41e3-adc4-549fc0faeb5e,Slime Language 2 (Deluxe),2021-04-16,album
e9656d04-250c-47c4-9d16-057a8e93fe8c,Hustle Mixtape,2022-06-03,album
47360189-8428-467e-b2c9-c6850d9c19c1,Sulamente nuje,2016-06-10,album
18f45b95-67ab-40ce-8add-7b2490359c25,PLAZA,2021-04-16,album
a666eb7f-6070-4d78-b36e-aa9270cd0523,Ho Fatto Strada,2019-11-22,single
d241ffb1-0659-4bcc-82c8-08ac8bb0eb5e,"Players Club '23 (Knights of the Posse) (feat. Nerissima Serpe, Artie 5ive, Tony Boy, Papa V, Low Red, Digital Astro & Kid Yugi)",2023-04-20,single
656ff3fa-3082-4afb-8b3b-62579ef5c7b1,PLAZA (Deluxe Edition),2021-06-18,album
1d047c23-a6ce-4229-8016-e2aacc8d2c28,Non Basta Mai (feat. Bresh & Tony Effe),2025-06-13,single
de4b112e-1a0c-4287-8b49-ef4f98d8fd3a,Freddy Krueger Freestyle,2023-09-29,single
2651f9c0-87fe-4d1a-ac5c-d9a05858af8a,Giro con i miei (Prod. Mazh),2014-02-14,single
03b98edf-276d-4111-8be2-d71636ac322d,Tutti i giorni,2014-05-22,single
dacc1dc1-bb1b-440e-a5b1-1133acd618de,Nove Chiamate,2023-01-13,album
84234629-1121-48b0-8216-28eec2bd11a1,"Bad Boy (feat. Shiva, Capo Plaza)",2024-07-19,single
a19597b4-ac3e-4456-8bb7-1384e6fc2b3e,EDEN,2022-08-04,album
f7669724-94f3-4b0a-be8e-96851ff945de,Quisqueyano 4,2018-05-24,single
8dcdd49f-8c9e-4360-aaed-9b551ee99dfb,ZEIT UND GELD,2021-03-09,single
bf54a5fd-3d73-4ae1-9f5c-9013fb234cdb,Milano,2024-10-11,single
faf1be34-9c64-4067-b735-a99594c650c9,Scialla Semper,2019-04-12,album
69c2ea47-8b0f-497c-a8e6-c5a5b249f5ea,SOLO TUTTO,2021-03-26,album
486825df-8c04-45e0-9003-8ee2099bb927,Scialla Semper (Emodrill Repack),2019-09-27,album
0058f412-6c68-4244-ad19-9ba36064a8f5,Le cose cambiano,2023-12-01,album
2ba9a363-d61a-4086-ab57-c523998194db,Criminali (feat. Crookers & Nic Sarno),2019-10-22,single
8c19793c-5c53-497f-a8e4-61ea617e50fd,Tutti i Nomi del Diavolo,2024-11-01,album
c7f62051-cfb1-417d-9d36-2ddb32d81b27,Sarabamba (feat. Guè),2022-07-22,single
15c935c3-7d2d-49dc-9d81-cdf758a5497a,Ivan Zucco (Red Bull 64 Bars),2024-09-06,single
11c46c42-2f5b-4308-90d7-21333442296e,Le cose cambiano (Deluxe),2024-11-29,album
bed62071-a6fb-4d8d-a3a6-a489578a0080,Deriva,2025-05-16,album
bd9d06e8-9ce6-4164-9c42-05462544f1a0,Due lettere dopo,2025-03-28,album
a4bd3a92-3b0d-4252-85bf-6135f22f4597,Straniero RMX (feat. Tedua & Neima Ezza),2024-04-26,single
5b02f01f-4925-4503-aca2-f89e4912cc18,S.Q.Q.,2021-12-28,single
e8b36e18-b391-496d-8f8b-9f334de64f1d,Red Bull Paga (Red Bull 64 Bars),2024-06-28,single
235ecf0a-1b6b-493c-8c0c-c7788d3b490c,Full Calisthenics,2024-05-02,single
eef592d7-c6a1-4d4e-808a-7bd1d3d3b5db,MACHETE MIXTAPE 4,2019-07-05,album
8e9cc1b9-d36b-4bf0-984a-e1d219da5dec,Yolandi,2022-05-20,single
ea115730-8933-4325-aff9-30e298af2183,Eres mía (Remix),2016-06-03,single
661bc863-ce53-4c15-ab11-772f62af702f,Santeria (Voodoo Edition),2016-12-02,album
68a6903c-7ba5-447f-b226-6f59e023232d,Allindennoman (alter ego),2021-10-15,album
dbe78748-8f32-4967-8d0a-c555b10ba70a,Benjamin,2019-06-03,album
4da4607d-1bcb-4be7-8027-714318fdcf6d,WE THE SQUAD Vol. 1 (SUMMER EDITION),2022-07-22,album
c59e2581-0d64-4290-8bf6-26d6f498ee45,Le pagine della nostra vita,2019-10-11,single
3ebd0535-d084-4c1f-88b2-014bfe660509,Santana Season,2023-06-09,album
f7d4a9d2-8f28-45fe-9e1c-c502557111d2,King del trash,2018-09-21,single
4577bf26-3197-42b3-b99b-adc1d7e536d0,Botox,2022-10-04,album
30675ea7-c409-4b39-bcfa-837c0dedd849,OPS!,2018-09-25,single
61d6a8cd-3813-4e8c-aef9-0dcf65d8ada0,Storia della RAPubblica,2022-04-22,single
c4f6bee0-571c-4ed3-923e-269b96ae1768,Piano B,2020-01-10,album
e6cd48c4-a674-4956-a316-a28d98918880,Killer,2018-12-21,single
d8e41af9-49b6-45e4-a8c3-ee81b3e86850,Raptus 3,2019-03-15,album
90cc2153-9bc1-4e46-b803-8b03330da79e,Sfera Ebbasta,2016-09-09,album
089b9df4-96d7-44eb-8b0f-ab1bcba56f78,"Gira, il mondo gira",2023-02-10,album
194d47e5-c6dd-4b7a-9a80-3a048a175245,Last Chair Violinist,2008-11-11,album
ee8ecb5c-3ce3-485b-9d9b-f6afe84cd3fd,Alice,2021-04-09,album
52a2c1cb-774f-4684-8d64-1ffe28a77283,SKIFIDOL BIMBO (RMX),2024-03-22,single
ea936dcd-ba54-4f91-85d8-d819a6aba9fe,fuorilegge,2025-02-12,single
e8659fa0-3a1e-4e09-a50f-195c2263c410,Respirare,2020-05-08,single
519a8df8-464a-4571-bd27-64713b5af540,New Boots and Panties!!,1977-09-30,album
daf29064-1d85-45e4-856f-6cf1ed8b6669,Nella fossa,2014-04-03,single
67f63f2d-fecc-4631-83ac-6eb18e070eaa,Silent Hill,2021-06-11,single
728c6e29-2283-43b8-9ae7-364086fbce53,Ma Vaffanculo,2020-07-17,single
d56b623f-952b-4f1c-8a79-0d3592c17a79,Miele,2022-11-04,single
e687b058-8383-43db-bd49-a186292ad7a4,Parlerò di te (Unplugged),2020-03-27,single
3a991a93-8f69-46ff-ba3d-4603673aa4d3,Dur Daha Yeni Başladık,2011-08-30,album
c6c55b87-eeb2-41fd-a9e4-fe152428c8d2,Galassie,2024-01-12,album
4bf31e84-e3ab-4ad9-a761-bf1816a3ddab,SARAH,2025-02-21,single
d1d79f35-4714-4329-bcf7-4ba92d1abe1f,Ti ho sognata tutta la notte,2021-07-28,single
ddb24a40-9d52-4071-aff2-0654067e5808,Simona,2022-07-01,single
8dcd1942-41f1-42dc-a5cc-8c7902a532e2,Je T’Amo Ancora,2024-04-03,single
34de00dc-3fc4-48f8-a072-34cb81d1627c,Dove c'è l'arcobaleno,2024-09-13,album
b48d837f-2889-41d4-addd-bd4679c73495,Wojtape,2013-04-15,album
7d801bcf-886f-4cf6-8b2e-e6242fe9f51d,INDI,2025-01-24,album
73dbb0e9-d545-4c91-9a8d-dec9ba373857,Sumeria,2012-10-15,album
302c2564-f08b-4c47-98b1-e0733cc7db0f,TUTA GOLD,2024-02-07,single
5ecae3bf-f3f2-445a-908c-40bb3cd365dd,Gioventù Bruciata,2019-02-22,album
df388dcd-8a1d-474e-9c49-db2a90cc977a,Barrio,2019-08-30,single
c6a95b2a-18fa-47e6-8411-b3c0e145f5ad,Brividi,2022-02-02,single
21b7d887-7902-4880-bad9-f6d356e72a69,Ghettolimpo,2021-06-10,album
ffd8c781-617d-442f-8f91-e4cbc8991407,Moonlight Popolare (feat. Massimo Pericolo),2020-05-14,single
a871b6d6-f4b8-4b73-aae8-6b4a34b771df,Inuyasha,2021-02-02,single
663d7cb3-032e-4cd9-9e24-e21c066b8f32,NEI LETTI DEGLI ALTRI,2024-03-07,album
19357633-bb89-4dde-8d7d-363bf559308a,COCKTAIL D'AMORE,2023-11-02,single
e9c7f690-93c8-47f8-9b65-91879c1f1f74,SOTTOMARINI,2025-02-20,single
463a06c5-0168-40df-9da2-b34757a7f646,Dove Volano Le Aquile,2022-04-01,album
d082be43-a31b-4858-819f-158e1b59faad,Dimentica,2016-01-22,single
81ba7565-cd53-4a3f-94f7-f515eebcf371,Pesos,2017-07-14,single
f0e4ad58-09f3-4bc3-aa78-adda559ab081,La Sirenetta (Colonna Sonora Originale),2023-05-19,album
676f564e-9c02-4b9e-8727-bfcd769e4288,Redemption Song,2020-04-07,single
adfdedc6-b9b9-477a-a4bb-1286f3a5161a,Note Di Viaggio - Capitolo 2: Non Vi Succederà Niente,2020-10-09,compilation
742d3b25-6cdf-4e0c-877e-0288841b1db6,El Chema V2 (Trafico De Humanos),2021-03-06,single
5a0b1a3d-422d-4e1a-be04-e2753b12ae32,V,2021-09-16,album
8d9fff70-267d-4272-9a94-7a2e8852f07f,Rapide (Acoustic),2020-04-12,single
1d6b4ab3-ef23-4835-9fda-f3e5d4b20e66,RE.,2022-06-15,album
5144f4bf-593a-4ec2-85ca-9f5b7fb5adb8,7 vizi Capitale,2017-10-06,single
0d7586dd-3a01-4e33-a6ce-64d65d1f1bae,Comunque vada sarà un successo (Nuova Edizione '99),1999-01-01,album
eacf36c6-8f83-400c-ad25-04df0414d8d1,Suburra (final season) (Original soundtrack),2020-10-30,album
74276f80-0b7e-4df7-9fe5-4ab36497bafe,La grande onda,2002-06-20,album
d35d9ae6-aa1b-4894-a948-dd0273d80e07,Odio Gli Indifferenti,2012-04-10,album
8b767eef-bbea-4518-ad65-dd79a60f282d,Multi Culti,2007-01-26,album
0776b4c6-6d8b-4c57-ab48-821afb3888db,Interno 7,2018-09-28,album
4ee57b25-7a41-4311-8205-c183a0ff6a9a,Incompatibile 2 (Grande Prova!),2004,album
d4da6ff1-49ce-4fdf-837a-61619de3f781,Democrazia del microfono,2000,album
2872b9f0-56c8-4e25-aef1-9741c3e1a0c4,La forza che scorre,2016-12-02,single
9dbd0405-fb40-4c84-9294-64fdc42d42dc,'na notte infame,2024-03-01,album
768e265d-5d33-439b-9ee5-cf0301365a98,Il mio lato peggiore,2025-05-16,album
897511ad-73a5-4950-8778-10bc3c87f278,La scuola romana (Original Motion Picture Soundtrack),2025-04-04,album
1e8a9bf8-abb2-4198-be4c-a8aeeb3ab9b7,Nemici,2015-04-14,album
2ccfb5a0-9f44-440f-9194-186d2d4bb21f,La valigia (Remix),1998,single
dd55b665-3aeb-453c-93ff-9455234f4d96,Euro contanti,2001,single
d87a45be-a5e0-4903-9f69-fea48cac25b2,Tommaso,2004,album
29ab176d-497c-469a-bd97-5b6cef3c22bd,"Tutto mio (Dal Musical ""Spray Street"")",2021-09-28,single
106e21fe-fe2f-4d17-9eea-1981c88a2b54,Fumo bianco,2018-06-08,single
8e70ccfc-1da5-4316-9d76-566dfb8474b6,Bitch 2.0,2018-07-20,single
4e06b006-0937-4e8c-a360-d09d838cc436,Dale,2018-04-20,single
f3d63021-964b-406e-84a1-500e906086fd,Sister (Pastiglie),2018-10-05,single
9c34c50c-2d30-49b4-9ac5-fa0031372ea6,3G (feat. Jake La Furia),2018-12-12,single
071a21fa-0585-4975-84fe-a8eb269ec88c,Bella così (feat. Federica Carta),2020-05-22,single
76248788-3cbd-47e8-9d5c-0ba2e4c80ad2,Avere 20 anni,2019-01-11,single
225a1790-ff73-477d-80cc-472cc3fdd4c6,Mangiauomini,2019-10-04,single
a24523ab-3a7b-448a-840a-d7afeebcc9f7,Coca Cola,2019-06-21,single
a8a0c746-ba8a-4c45-8fd6-aa308a14e253,Nel Prime,2025-05-16,single
c46f646d-0cb5-435a-8bf2-08cb5fdccf6c,La voce di Chadia,2020-01-31,single
7c093828-64a6-4ab3-bd55-ed587f19de67,Bitch 3.0,2022-12-23,single
84baf388-1eb1-441a-bed3-85177788a5bc,Le regole della bitch,2024-04-19,single
b6b25747-1b0c-4d3b-8b62-e28a78bc60a2,Donne che odiano le donne,2021-02-05,single
b51128f4-e15a-4eca-bcf0-d5802cac09a7,Non mi uccidere - feat. Alice Pagani,2021-04-16,single
c191e208-0a73-4f70-8521-3326c0ce7f7f,Criminale,2023-03-31,single
fbe5592c-5898-42f3-9823-934bfd87cdbb,Figli del deserto,2023-12-15,single
e5af5e30-3449-4990-a744-2e5e9b8c5221,Tutt* stran*,2021-12-10,single
8090f549-a041-4521-91f9-dd7f18adeb78,Griselda,2025-04-04,single
25855f92-86ff-4678-b789-1726d21654bb,RESPETO,2014-12-02,album
a17ad4e4-660f-4258-a6d3-87114fffb032,Bondage - la gola,2024-01-26,single
ff60b7ec-8a88-455b-a6d5-8ef4d8b4413b,Filo spinato - la superbia,2024-03-08,single
8211e94d-d140-4d58-851a-5f40b01d94c2,Sugar Daddy,2024-07-12,single
ddbbd1cb-d60a-4653-8fe5-5550339c8bce,High Class,2020-02-14,single
0b9dea8e-26a6-4460-a2a7-d381084fba7a,Osama 2,2024-09-27,album
e03467ba-806c-47b6-9252-21e7c46d6d71,Vulcano,2017-03-24,album
963195c2-7848-4272-8b1c-4f16b24cdb8e,Non E' Gratis,2012-01-01,album
af703735-15a5-4b12-89c8-c54253790d1e,Come Fa?,2019-12-03,single
8d7e3ce8-526d-4d43-92c4-fe4dd1f2456a,Miracolo!,2015-04-28,album
188a6596-761d-420d-8658-de6bbe98ba68,Guardando la luna (Napoli RMX),2023-05-11,single
a7bf0fe4-1713-478b-a566-9349d0549efa,Miracolo! (Ultimo Round),2016-02-19,album
3566da31-ed52-4428-b49c-e3da37e731e6,Mea Culpa (Gold Edition),2014-01-01,album
2491f81c-5549-4c57-9f8c-2aaae0e7d946,I.E.N.A.,2011-12-19,album
dd83e51e-9701-4e31-9a78-432c0b59d1bb,Black Pulcinella,2022-04-29,album
bcb112e5-0199-4adb-b885-06a903ac2eeb,Cattivi guagliuni,2011-11-03,album
6de86de5-0c25-4456-a8c6-0068dea3ffe6,Napoli Manicomio,2006-08-09,album
6c614714-2a47-4a22-b297-52e22fd91677,Partenope,2020-12-21,single
2a64d6cc-35b6-4241-ae68-b8d76d21b771,Figli E Figliastri,2014-04-15,album
7512e98c-6a84-41d4-b6bf-c1969b6c775b,Gioco sporco,2019-11-20,album
a41fb723-3582-417d-a95b-65e2d1043848,Sorridi e vuoi fumare,2025-03-28,single
85f62126-6a8f-4524-bb60-79eb77fbb8ef,Señorita,2021-05-21,single
26aa7ff5-290b-49d2-88ce-581013f36635,2/7 - EP,2020-06-12,single
443ae477-c2f8-4f8b-8d0e-6c5361e80a20,Rido,2018-04-10,single
6c57afea-7206-46e2-9941-6972eae59fdb,L'uomo che viaggiava nel vento (E altri racconti di brezze e correnti),2016-10-14,album
d93977f0-f3a5-49dd-bdfd-da1a8e5785b0,Ella Quiere Beber (Remix),2018-11-02,single
2b90dd78-0509-402b-87b9-5c5de433bf4c,Forró no Varandão,2021-07-23,album
df5c5204-9d23-44ae-920c-1666821434b3,#Uagliò,2017-06-16,album
294a6c71-f19b-4ad6-b07b-5a3dba2d09cc,Banditi,2016-09-30,album
34190493-99a0-43ed-bdbb-643953f3ee45,Vile Denaro,2007-01-01,album
fc073aec-3768-4393-89e3-78a3acc1951f,Club Dogo,2024-01-12,album
8bbb8944-03ac-4119-8a4e-f6e17926fe7d,MI Fist (2004 Remaster),2003-01-03,album
c551e405-bf04-4e60-bf9e-2778b997a22e,Che Bello Essere Noi,2010-01-01,album
09b96d3f-2325-4fef-b93f-49b8f93677fc,Non Siamo Più Quelli Di Mi Fist,2014-01-01,album
2917daaa-1d87-4730-9b54-f6c778284f82,Noi Siamo Il Club (Reloaded Edition),2012-01-01,album
0e07ebcc-1079-4b63-8fc8-e5c8e32c8089,Penna Capitale,2006-03-15,album
c7880519-a667-42f1-9d12-3414523c0f9a,Everyday Ting,2018-06-10,single
9c62625a-31bc-48bc-8027-f2934b770f82,Vile Denaro 10th Anniversary,2007-05-17,album
b4b11816-2b83-4952-ad3f-1caa4d24bd02,Noi siamo il Club (Reloaded Edition),,
bc062acd-84d5-48f1-8a3e-01a9aa027795,MI Fist,2004-04-23,album
15537be9-6aca-4427-a5d5-9d41632fe9c6,"Street Collection, Vol. 2 (2008 Remastered)",2019-10-25,compilation
c977cfb2-46d9-43f8-86f2-033963071acb,La calda notte,2005-08-06,album
e0ebc465-7f46-4dfe-bf6c-3f715761bc87,"Vita Vera - Mixtape, aspettando la Divina Commedia",2020-06-12,album
2b979821-09bf-4b0b-9a66-cb581fb9e61c,Ciao Fibra,2007-07-27,single
3c174696-2835-4444-9144-262c373997d2,Il Cd Della Pina,1995,album
42546853-6481-42e8-b874-b0089847990c,Piovono Angeli,1998-01-01,album
dbeaafd2-a4e8-41d7-9285-fa24664f3dcf,Cora,2000-01-01,album
9f1f2966-931c-4678-b309-3d2926bafdd1,Questa Fly,2007-01-01,album
d99c277e-7dec-4813-97a4-a09ad12950eb,The Royalty,2008-09-09,album
b836dfb5-68cd-4ff4-9df2-6977ce95b2bd,Tribulation,2023-01-17,single
b25e2a06-ef98-4767-8482-46357e2a1375,Cocco,2019-03-03,single
0707940c-580a-42a4-b216-0fa5ddd4d7e7,Buio,2020-02-21,single
efbe3e57-d90c-439a-80a9-b8b76e9afcd9,In The Jungle,2019-08-02,single
5f391721-289a-42fb-9426-e2dd084e0d00,Fenomeno,2017-04-07,album
e9186d79-3630-4d03-920c-597d1352e42f,Mr. Simpatia,2004-09-01,album
e1b2027e-0998-41c3-8b89-b932b325ec20,Controcultura,2010-01-01,album
1936fd98-78eb-4ac2-a587-24dbeddbac11,Squallor,2015-04-07,album
e235692f-9377-4229-96c1-fb672e5fcac5,Caos,2022-03-18,album
97b0dab1-6268-44e0-b19d-03739005cf5c,Niente Di Personale,2014-03-26,single
f788dc57-ca75-469e-8b68-ed441a739445,Il Tempo Vola 2002-2020,2019-10-24,compilation
5d5639d7-9786-4c2f-9ce5-84d4bc8dd37c,Turbe Giovanili (20° Anniversario / Versione Originale),2002-02-10,album
a631f4b8-a8a7-463b-abf1-1705979df71e,Guerra E Pace,2013-01-01,album
0c809e80-a697-4608-ad3d-2b271b52ebd8,Tradimento (Platinum Edition),2006-12-01,album
80b71a35-f1e7-443e-bb44-06be61b87021,Turbe Giovanili,2002,album
9dfb4d94-486d-47f3-86f0-ed90980f743b,CVDM,2017-11-13,single
7ab1b4a4-3364-4e79-b12e-3206b55d7748,Bugiardo,2007,album
89f025ac-2a61-4a44-93c6-c7a360d44112,Gemelli,2020-06-18,album
be3207a2-98f2-488f-a6e2-73576af899af,In Italia 2024 (feat. Emma & Baby Gang),2024-02-23,single
e59104fb-3dca-4103-8d03-89479f1f28d4,Lo Sto Facendo,2016-09-06,single
6797efa5-0460-4928-aa79-bc16896e6979,Tradimento 10 Anni - Reloaded,2016-06-10,album
179ae84a-866c-41e0-b9a3-8300339784ec,Pizzicato,2017-05-05,album
1955d288-77c1-4293-b78e-d1fa93e89b66,Chi Vuole Essere Fabri Fibra ?,2009-04-10,album
e124aaa7-ec9b-4b80-ac3a-116e964807ea,Casus Belli,2013-02-05,album
d2fd214c-af0a-4bdb-858f-c9ee9cd6338d,Faccio Quello Che Voglio,2007-01-01,album
9b6375c2-a32b-4f40-a010-2124254ba444,Controcultura (Bonus Track Version),2010-09-07,album
66172db7-1221-4f39-9f93-9c4a53fc8d1e,Fenomeno (Masterchef EP),2017-11-17,single
2e006910-580d-4632-be12-4f6e66add4af,Hip Hop (Remix),2018-05-01,single
a53be69b-83fa-4b9f-8cfd-f32661b17f78,Adorazione (Colonna sonora della serie Netflix),2024-11-22,album
5660b9e0-e70c-4f56-af09-653a446b8c0d,STREET ABBRONZATISSIMA Urban Hits Estive Rap Italiano Game Over,2024-10-25,compilation
70928987-4eff-430c-b55f-ebcf51207eeb,Stupidi (feat. Papa V & Nerissima Serpe),2025-06-13,single
ba6f4c14-8b35-42e4-a882-99b7241d7ea7,Zelensky (Red Bull 64 Bars),2025-05-13,single
48ff1e71-2781-4dde-bae7-5cf586a16350,SCAPPA,2008-06-16,single
ebe3a293-d23c-4062-97e5-6ed0690b1ee3,16 Punti Di Sutura,2005-01-01,album
5b890f49-589b-4a52-986d-72af16064973,...In teoria,2001-03-02,album
7e5a68bc-42c4-42d2-9961-49ab31491b33,L'Italiano Balla,2012-07-01,single
3f552713-9d29-4aca-9932-a7d0d1283a68,Non Dormire,2005-01-01,album
a38de089-f858-4ac4-997e-a6d820b8f117,Hip Hop Street Party Vol. 2,2009-01-01,compilation
511f3a55-77ad-4f9b-a190-3f4f3ee09055,Supereroi,2017-02-17,album
aca79202-b3e7-4a96-a6dc-5316a1b48037,Libertà,2019-08-30,album
368af745-dc80-41fd-852a-d142c9126714,SignorHunt,2015-10-23,album
d75fc515-bee6-4665-8431-67b09abba209,O' mare 'e o' sole,2011-12-17,single
c617c3d0-ed24-4e1a-a7b4-5223e499fefb,Kevvuo',2017-04-28,single
88a4cb69-5185-4176-89c3-3cbc01509193,Poeta Urbano,2013-06-25,album
16f5525a-3d04-4384-a60f-24f2be53a10f,Inferno 9,2016-06-10,album
e8098226-de46-4415-a513-28f2ac3f6923,Rivoluzione,2021-11-05,album
4d43688b-1f04-4550-96e0-a94c64df3ca5,'A verità,2014-03-24,album
8b099208-4177-4c37-92b9-58f06d2ad070,Cuore Rotto (feat. Gemitaiz),2019-03-29,single
a9f9fdbe-9e98-4130-8176-20b241232c85,Invece no,2017-11-21,single
f41d37e0-1b4b-43af-917c-1069b5cad946,A Un Passo Dalla Luna,2020-07-03,single
63a5bad3-08c0-4542-a371-70752beabe5b,bellodrama,2023-03-24,album
ad425692-22b9-461e-a44a-4ed4302af4e1,Niente da bere,2017-06-09,single
440753ce-de91-4a5c-b6ab-689bf5c990ac,Tutte'e parole,2018-11-23,single
3077a985-566d-424e-89fb-d365b1af0a18,'A verità 2.0,2014-11-04,album
6df061ad-2a6f-4260-ae3d-12cc7ed3af8b,Fammi scendere,2018-09-21,single
29c7a6e2-28b2-4d52-b58d-72150f678cee,,,
9fbc388c-bdc9-450f-9479-30660f13a8ac,Un bacio all'improvviso,2021-06-04,single
ba2f422a-b342-4964-8173-b984ab98994c,Arrivano i prof (Original Soundtrack),2018-04-20,single
7e206573-fb31-4a08-b850-136b3b0d0f22,SPIRAGLIO DI PERIFERIA (RELOADED),2024-11-29,album
7348d2d1-cf2a-43a4-9311-2b6bf4032fae,SignorHunt - Wake Up Edition,2016-03-04,album
bbaa8d70-6616-436b-b926-5718b06b8cbd,RAGAZZO DI GIÙ,2025-04-25,album
28d181f4-f7cc-4c40-80e6-a0f6204d506e,MILLE VOTE ANCORA,2025-02-12,single
342a3ec9-f513-40cc-8cba-47047feb8d90,Non litighiamo più,2023-03-31,single
fb00cc7c-144b-42d4-9bc6-b2b846d9048a,Pe' vula' nata vota,2023-03-29,single
d0e954c5-6619-43d5-81d8-0c9ee6f6ca70,PUSH!,2024-07-26,single
cdaab911-43d7-4452-925e-433af3deb942,Un beso de improviso,2021-06-18,single
f24da0a1-92a9-4283-9613-dda2dd97b01d,Musica Italiana,2024-04-05,single
4e0342b7-6406-40b7-aa26-2b115550b4b6,A' vita senz' e te (Me fa paura),2022-11-04,single
48caef8b-49b7-4fe8-ab3e-f79ac9955879,Nu juorno buono,2014-02-17,single
ee821303-c27f-4c0f-bc9a-3d74991633cd,Solo quiero dedicarte,2022-04-08,single
a1bdfca3-0d18-4490-879b-fcaa8012ea2a,Burning Sands,2025-01-17,single
f5f7127a-585d-46d1-ad69-7604ab7cc482,Caramelo,2022-07-29,single
ddf1ed3a-2000-417d-93ce-55ef54212458,1THOUSAND,2025-05-30,single
01fa2398-7e6a-4e51-a68e-261574877ed7,Farsi del male,2025-05-23,single
785d27cb-4b86-40c1-ba2b-dc936b2e9245,Parole,2004-01-01,album
b2653b53-9851-411e-a08a-963e86b60889,Parole,2004-01-14,album
d0c25227-a6e4-4282-bb93-477e00a4cc20,M-theory,2014-04-22,album
cbbf056a-b0cb-460d-b438-9d68e8300cb8,Realtà aumentata,2016-11-04,album
7bd71a7d-62d3-4b44-833f-716537c0b7e6,Anni senza fine,2008-07-29,album
009a8f16-c963-4a25-b41d-82711374c756,Struggle Music,2013-12-02,album
aaeecc56-5e57-4073-8398-5bc2760e8cf6,Sacrosanto,2023-05-26,album
e0aa428d-beeb-4b8c-a29f-252a5a3acf40,La scatola nera,2012-02-22,album
f44f63fd-2716-4108-8958-a18af050a7a9,L'universo non esiste,2019-04-12,album
2dc10276-9a0a-40a1-ae3b-75ef1b62e3d3,Dentro La Mia Mente,2022-12-02,album
774139ea-3198-49be-80cb-8077883fdad7,Traccia Uno,2020-02-14,single
f5e93448-64b5-45da-a959-5cb9c772f573,Demon Days,2005-05-23,album
21d318be-4abf-4189-9666-472e4fc790ba,Revolution Is Only Solution,2013-01-28,album
bd80fc4e-4c02-43df-8049-0a6f538e5dfe,VERTEBRE,2024-11-19,single
357a61eb-a18d-4af3-a1a7-017f6814ba4b,Se resteremo uguali,2025-03-28,single
4e5d30ae-7007-42d1-a5e6-cdd9749d793b,FACILE,2022-02-14,album
409eb08a-782c-409d-b5ac-ac1a3525377a,House Party,2022-11-03,album
ae51c5ed-e267-448f-b63f-52e954d86510,Idee Chiare,2022-06-03,single
850fce8c-f51b-48a0-a903-4cc7a9f7c71b,Fabiano detto Inoki,2005-10-19,album
bc9ec142-1ba9-42dd-ad64-78f586db7f4a,MEDIOEGO,2021-01-15,album
b24a6b59-7c45-476a-93a8-7c0401a21a8b,The Jazzness,2025-05-16,album
da95195c-2733-4081-9f8c-4f9a0fa3096f,Nobiltà di strada,2007-02-16,album
a85f7417-e5b3-45d2-82a3-9a3b10738aab,NUOVO MEDIOEGO,2021-11-12,album
9232ea26-c8bb-45c4-bb52-7588ef218023,CAZZOMINOMINI,2023-07-06,single
8049af68-4376-4102-b50f-88f8cbe3a996,4 MANI,2022-11-25,album
2071382e-3c68-4204-bfaf-ff494b1f4171,Basso profilo: The Mixtape,2016-12-25,album
ce24a609-8cee-4362-905e-9caf1ca31b9f,Flusso di coscienza,2017-11-30,album
6f9982ce-6e4a-4510-9f98-6782620b1bf0,5° Dan,2017-11-01,album
5f159ca5-28b2-4e74-80bf-d539fdb1a440,L'antidoto,2014-02-05,album
b7445aae-9ea6-4810-8605-560be4d93e9f,"Balla Con Noi - Balli Di Gruppo, Vol. 1",2006-07-11,album
411b3387-211d-4469-b974-5c4c1e8f6861,Cronache Di Resistenza,2017-01-01,album
e8f098e7-d2b0-4783-8513-edad6ea2ede8,MAGICAL 大橋純子の世界 III,1984-07-01,album
81ee25ea-08bb-4d1e-acb6-0d033444cae8,Immaginario,2019-09-27,single
2ff1726c-740d-44f8-a375-a6beaf2ceb1b,La Pace È La Risposta,2024-02-16,single
4bdfecfd-9480-4ca8-b5e2-4fd6d4fe8499,Emanuel,2025-04-20,album
6ddb1666-95a1-4fef-97fe-78513e6a34c8,"MALAVITA, Pt. 2 / HeadShot, Vol. 3",2024-06-07,single
5cca3539-1322-47e5-b13e-9515b516bf27,Educazione sabauda,2016-01-08,album
f03d5eac-3229-4e78-a8c6-ada8396adb19,"Aquí No Pasa Nada (feat. King Dest, Favelas J Flus)",2018,single
ca2d736a-9a80-4089-ade6-4a6ae03d3792,Ferro del mestiere,2022-06-17,album
eb63f1fa-c2a4-4bf2-bf33-fe86ac4fe7c2,Leggenda da Bar,2023-12-15,single
492dad5e-6890-4473-9283-f2a19a885b57,Vinyl Days,2022-06-17,album
359cf88c-af20-4787-8a3e-5b257da7d4e2,Cliente su Cliente,2007-11-27,album
7b67c512-592c-42be-ba96-0dd3ea5645c3,Weekend 2017,2017-05-26,single
a9f02164-fad7-41e4-bbdb-49553500caf0,Rock On,2025-03-21,album
c8f051da-3daa-43c4-afc0-13bf6cff44f8,Stallone,2023-03-08,album
4bd65142-f1ed-4888-ae7d-545b2de4ec28,XDVR Reloaded,2015-11-23,album
02265674-3276-49ea-8c2a-cfe34b7dd55c,Profondo rosso,2011-03-08,album
4320cc95-7185-4126-8681-5f8aa89b2d98,Hermes Sound-Effect Ringt1 & Alert Collection Vol.1,2015-09-15,album
69fd40e2-0c75-4dca-a9f9-621f3887ae56,Rap Game: Aggressiva,2019-11-28,single
8ce07804-8e68-4c1b-b907-0c49d0859d17,Dom Reality Sessions 2,2024-04-19,single
4130dfa8-e3dc-47c6-a55b-abcacf56ef53,L'Amore non è un Hobby,2021-10-22,single
b5da0529-b937-4873-9de8-431960f2858e,Na vot e pe semp,2011-09-02,album
c43b8ff4-3f62-4f9d-a0fe-a26d44105581,Live in the Al Mukawama Experiment 3,2007-06-19,album
a29e0d2b-d20c-4092-b2b0-1f40bcf21c42,El Party,2017-06-08,single
8d22dd18-7abc-4526-bad2-6311deaf18b9,17,2020-09-18,album
48640b78-7645-4fa1-a31d-393e8eec2465,FAME,2025-01-31,album
3e1393b5-8af9-4189-b0b4-74b6b4cc5548,Fuori Da Qui,2016-04-22,album
d915572a-d0ef-444a-bc5f-6c34edc9c1d6,Musica Commerciale,2013-01-01,album
1f960b86-95f8-43ac-ba12-8bb164ee7bc7,Bandita,2018-06-29,single
7178c366-058b-4de7-aef7-6c4f1994622c,MMMH,2018-02-23,single
0812280d-3ecc-4e6f-af92-5c80f8b5735a,6 del mattino (feat. Brancar),2019-06-28,single
dc69169f-b481-4b97-810c-b872e678c034,Non sentiamoci più,2018-11-16,single
a79b09d3-e0d9-4af3-956c-b9ee5f87a79e,L'ultimo tango,2015-09-01,album
8397b639-f444-4bde-a5a5-af464a276025,Ubbidirò,2011-05-03,single
265b7ea3-f0cd-4578-a1fd-a2c8829b3f1c,L'ora d'aria,2008-01-11,album
d9cf2a51-32b2-4300-9565-5a26d5b3c152,Heist of The Century,1998-11-17,album
77e357fb-5dec-4edc-870e-2e50cff1d953,Oh My Doll - EP,2017-10-19,single
a9892e81-3824-44ed-8d5f-92f6b41ad695,Que Pasa,2018-04-10,single
17dcb4bd-a945-472f-a3d5-a411435c2b7d,Orologi (prod. Strage e Lazza),2020-03-11,single
af530919-2fd2-4e20-baa0-bca508fff11f,Sulle Nuvole (prod. Low Kidd & Young Miles),2020-01-16,single
df08bcb9-bca3-4ee0-9656-914d7ce4ff32,Struggle,2016-01-29,album
c6588eb5-0902-4f74-9a94-e56d56cad83a,187,2018-01-16,single
b4f34761-d75b-47c2-8bb0-0d57c12cce26,Molly (prod. Strage),2020-04-08,single
dfd58c77-057a-49ae-abc6-fd3ca44c20b7,Le Mie Ultime Parole (feat. Doll Kill),2025-04-25,single
efb07ac0-8c71-4834-a197-ba8c03ed83db,Grand Notorious,2018-05-30,single
72a34428-7c74-42e4-9377-b3d32c5eb6f2,Amore Odio,2022-10-28,single
8bca4d0c-da3a-4508-8f0c-75ce918c7f18,The Million Dollar Backpack,2008-07-22,album
01ba1011-739b-44aa-8f19-999af0c05d8f,100 Giga,2024-11-15,single
e5897dde-f0a1-42d8-a8ba-7b1923c732e7,Opaca,2025-04-11,single
374df4f2-cc42-4d27-b156-c1fe520b091b,G,2025-05-30,single
23b62119-5280-44be-8b7c-a0c9e64e495b,Nena - A COLORS SHOW,2020-09-10,single
4cdfea47-400c-4b29-bec9-606e63eba901,Barrio,2019-12-06,single
14102c90-5e38-4018-89bb-ca672723b73f,Love Is Not Hard To Find (from the Amazon Original Movie Hotel Transylvania: Transformania),2022-01-14,single
aed7f640-9a39-4c1c-a1cf-51f21d4e6897,Mascarade (feat. Lous and The Yakuza),2022-01-28,single
3e875828-5c0b-4b8c-9243-adfde2e1ffeb,KI-KI,2022-05-06,single
c35d6d56-7d0b-4808-81b8-924e31fdd9db,Se Acabó (feat. Mozart La Para),2021-02-05,single
2ebc0204-967b-4d09-9b35-e784a0b217e4,YOU (feat. Damian Marley),2021-08-06,single
9d6369a3-7e44-45d7-b70a-8b17962ccdf7,Instinto,2021-11-19,single
4b76c278-2591-4e0d-9920-72bacd7efb31,Herrera,2023-02-10,single
e7ba9bfc-f59c-4b8d-a870-207a39e2e26e,El Diablo,2020-10-30,single
1a1bd9f7-657f-4255-8024-07fd9860d71e,YA,2021-05-28,single
9e4228fa-269f-489b-accc-d00fa0059386,La Puerta,2023-05-19,single
5f00c093-e938-4018-8a51-9042025a57f1,Memory,2018-05-18,album
15c5dc26-0e8c-4fed-8f38-2cd9cc60f52e,62 Bars,2020-11-16,single
dde7a4c5-5ab9-4dc9-96e0-43cd7df62c30,GARA 7,2023-06-16,album
04d21117-089e-4d62-a391-6f3b6d7ec4bc,Fantastica illusione,2014-03-18,album
8beefa6e-049c-4313-9ffb-f4e1107cef2a,Orgoglio,2012-09-28,album
56059bd2-cd37-49f5-8f9e-e5aac44f9568,Music City Murder Ballad,2022-10-31,single
df18d0ea-a3a9-4d5c-8c48-d7dce5812551,L.U.N.A.,2015-03-24,album
de996e0b-bfdc-40bc-99f0-01f1404812ab,Lasciateci la fantasia,2017-04-21,album
b6f7f6ec-5f76-4b4a-a711-bb974082feca,Vado Via,2024-07-10,single
005fa8b8-83f4-4c82-a1d8-6f9424c3188b,Salvatore Vive,2022-10-27,album
56de0443-d70f-43be-ae6c-f4576b9a5a99,DRAFT,2023-09-15,album
89a94fc8-191a-4bf1-a9ee-d58be0f53594,Intercontinental,2025-02-21,album
132549ec-33de-4462-b756-d5220eefee90,Zero Kills,2014-11-11,album
84567622-b46d-4aca-ae9b-de2945964c46,Hellvisback,2016-02-05,album
82837904-4699-4435-a56f-bf5bd5294a33,Cmonnn (Hit It One Time)(feat. Lay Bankz),2022-03-11,single
c7b68e10-5db3-4a39-b5b6-81e29d6a9354,Inflammable Material,1979,album
0f437633-0de8-40d4-838f-cd96ba543ae1,The Island Chainsaw Massacre,2011-02-01,album
53a314d0-d25b-41bd-822d-1871a74f3847,RADIO SAKURA,2024-03-08,album
a845b64e-2b51-4fb2-845b-ddb2bcd671ef,Radio Gotham,2023-01-20,album
b4c7ea0e-8d65-41d6-b128-08613ce28b3f,radio vega,2025-03-14,album
d8108225-df02-4796-9058-f1dcd520d7bd,Villain,2022-04-14,single
be6276ad-eb90-437c-b109-4c50099a4e97,Geisha,2016-10-14,single
e079a597-92b0-422e-ab81-55c3ebef75f2,GANGSTA LOVE,2021-11-12,single
40d69e2b-704e-4c3a-8d00-98c17f9f27a5,GOODBYE,2020-07-24,single
ea835a39-4a66-4428-8233-7d27aecece73,Il Diavolo Piange,2020-05-01,single
380418fa-f359-4527-91b5-027d57c0cfc4,COMO UN TRUENO,2024-08-30,single
ff4dcf78-9480-46a2-a1fe-fea94e8cbf75,Kitty Kitty,2017-04-07,single
d5f6e125-d1bc-41cf-b31a-8ae37d56d0e9,Get the Fuck Out of My Pool,2016-07-22,single
3722eba7-603f-45da-a0f1-50681ce3837d,"It's Snowing, Motherfucker",2019-12-09,single
7b744ecd-397d-448b-a889-6d9510873d62,Don't Call the Po-Po,2017-07-28,single
e721e1ea-8926-461d-8951-e1669da6fda3,Bundy,2020-04-21,single
55195965-a0cd-4ad2-9693-ec2a6680fea6,Blade of the Ronin (Deluxe Edition),2015-03-03,album
1140b093-42e4-4d10-ba8f-2ce4da8051d3,victoria's secret (feat. Tony Effe),2025-05-30,single
39d37c23-60db-49d0-bb6c-722a1b4a1251,SWOOP!,2019-07-26,single
87941d88-0a71-4eaa-b315-f018b51f2462,Sneakers,2019-11-27,single
6bd43fde-00a2-4856-9854-8f77aa4e9ff0,That's What I'm Talking About,2011-01-18,single
e8654b1b-5e52-4d0a-989a-a9da9c2bee38,Jack Di Fiori,2022-05-13,album
30713a28-d468-4416-af5f-81f7d69e1485,SCUSATE IL RITARDO,2024-09-11,album
0edf0eb6-6471-4fae-a636-9403d8bfb8bd,GIOVANE RONDO,2020-10-16,album
91fc18e3-5d2c-4cb7-8cde-201720f6ded5,Reanimation,2002,album
05098a2d-2fe7-4b25-ba16-e4ab1079de1c,MOVIE (feat. Central Cee),2021-02-26,single
ad8f8963-3666-41d6-8e4a-acccbad9743f,DUBAI,2021-04-23,single
131a5215-8842-41fe-84f1-159c14e56f2b,SHAWTY (feat. Sacky),2021-09-16,single
4e31047c-e048-4d9e-91a8-6a1c4b94b892,Boyka,2022-11-25,single
dd389835-9e9a-41dd-998c-e593849b9a4c,STURDY,2022-04-29,single
0d66028b-54a4-497a-8e71-af05632aed4f,BIRKIN (feat. Rondodasosa),2022-03-25,single
030bfec3-56de-4e1e-a31f-2e7871b15c4d,CHINGA (feat. Simba La Rue),2022-01-21,single
5616fca9-a7d1-4491-92ea-6f599227ef10,Free Samy,2020-01-10,single
27bc36cd-0499-4ca3-b587-efc7c152f5ff,Collaborations,2002-01-01,album
1caca962-275b-479f-9b70-99a8004129a2,Leggenda,2020-04-29,single
d0c9faf1-80c2-4e95-8d7e-872aac7d9e93,TRENCHES BABY,2023-03-10,album
6ae2e0cf-d97c-483c-9d6a-cd868fef6df5,NEW YORK,2023-03-10,single
b45ee3e9-bfc7-4103-9eab-94db7d69e253,MANDANTE,2024-08-30,single
694d1a74-b7e2-47c4-b3a1-af247e9cf5e4,"Revolutionary, Vol. 1",2001-09-14,album
87fa3edf-8808-4ad4-8daf-f89f6caadf14,BABA,2024-12-06,single
bd4b1fc8-9062-4d3c-b0d6-e3809f9c0812,SOLO/ALONE,2021-06-25,single
acbe5f9b-030e-42cb-9435-d877f2ee5ad0,CHIARA,2023-06-07,single
9c7e4b2f-4055-4f81-835f-0f8c8537e313,WE ON EM (feat. NLE Choppa),2023-05-17,single
c644756d-82ee-4c19-af0e-7d2e7ab875c4,BLUE TAPE,2024-04-05,album
cafce677-038b-46bb-8086-9b2d956ad2d7,Face to face 2,2024-01-19,single
c365771d-c6ce-4ad2-80af-7356391b84ff,READY 4 WAR (feat. Artie 5ive),2023-02-02,single
edb73847-97f0-4356-9f2a-f2f8c69d6166,GHETTO,2025-01-07,single
26a7d2a6-361a-4490-9115-9f7835fcbf49,PACK A PUNCH FREESTYLE,2024-02-08,single
dafd05fa-9eed-4dd9-8b34-828bc9be4dce,SSG,2023-11-10,single
c572a872-499c-4765-b1cd-e675937baea5,MOTIVATION 4 THE STREETZ,2023-12-08,album
143ea990-e098-4ae5-afed-63e8da2ddbea,cuando pienso en ti,2025-06-05,compilation
c237c77f-2465-4b6a-a45f-b78598ad46f8,Spotify Singles,2019-04-17,single
5bcf7ac0-1eef-4411-94e6-1958e6e2ba81,PRETTY GANGSTA (feat. Margola),2025-02-14,single
86497a4d-4d54-4dd2-98b9-81a536cbff2e,Caerle,2024-01-19,single
304ba0b1-90cf-4ce8-999f-1781964a20d6,Business Class,2023-03-24,single
a4fa1788-d8ba-40dd-86ca-3162dce58a52,Another One,2024-06-18,single
640de94f-6d90-4c9a-81ab-af168674c815,La Divina Commedia,2023-06-02,album
3f863a9f-079e-4bd7-94c4-acb19a63d1bc,Rock Festival Hits,2025-06-11,compilation
79427200-3c23-44c9-bd39-786f2d960356,Show Me Love,2025-02-07,single
968e2ced-e671-4c42-bdbc-aeffc230ff62,Ei8ht Mile,2020-01-17,album
7adbe6cf-71e6-4290-97ab-ceed9f38c7fb,Potere,2018-06-29,album
9cb5bf7f-25df-4e72-8386-48b37662b548,Rap na Feels,2023-02-24,album
5bceb1c7-f18d-412d-a81b-df0420bc3592,23,2022-02-25,album
fcbf79f2-840a-4079-807b-d24097c972b3,R.O.O.T.S. (Route of Overcoming the Struggle),2009-03-23,album
0098b163-9a00-4a72-8546-691cdf7ed0cf,Famoso,2021-02-12,album
747f2a17-fc4e-4a49-a601-f6e147973d70,Famoso,2021-10-14,album
0457041d-adaf-4f0b-8a1e-9fb053ca4f7f,Dexter,2017-03-10,single
87dc47f2-39b1-4abd-bfe1-2392b9dadfd5,Blunt & Sprite,2016-01-20,single
d7458484-a9b1-4d01-b238-16ca506fc97e,Rockstar (Popstar Edition),2018-11-30,album
6330280b-864b-4b0d-af4d-3dd872d24bef,OGNT,2015-03-03,single
98bfc8a4-c36e-4e5c-a86c-304604946673,Mademoiselle,2019-03-12,single
227a36da-5cbf-4faa-bdba-465da13bd53c,Rockstar (Popstar Edition),2018-12-07,album
3a9d8e96-5d9c-428f-934c-39ad7d02939a,Rockstar (International Version),2018-01-19,album
732ae744-a30c-46e6-aba5-736a8ce0615c,Orange County California,2017-01-13,album
15da3524-7cbc-4618-96c8-761656d88834,Capitán,2023-05-26,single
9d3e0474-db58-4f4d-a303-f7e3ff63d9ee,Hexen,2018-04-09,single
507d728e-9e4a-42c5-9b0d-265d8f2af65a,Entro in pass,2016-09-16,album
70a09ed1-f6c7-4a90-bf46-7e61bbfd46a2,Crack Musica,2016-03-10,album
ddfcc070-a7f0-4425-892a-4309da3f26c4,MIO FRATELLO,2022-10-20,single
af72be6a-be48-402a-bd98-6e9c78c92e9d,Hot Labor Summer 2,2024-09-20,single
b7404a42-d976-4142-89a5-383840d9a48b,ULTIMA CENA,2022-12-23,single
5c8f9e3e-5df1-4cbb-b423-69f92299dc9a,MARTIRE,2024-06-07,album
17bba910-8908-4094-88ce-006a3e2b271f,Machika (Remix),2018-05-31,single
f5aa3ecf-8ecf-43d6-8c89-f3099f75e6ba,MARTIRE,2024-07-19,album
3c90e67c-074c-491a-837e-0dda4df0e86e,Orange,2023-04-06,single
cb0aa214-0ca5-434a-8a88-7ac2eaa4ee48,Mezzanotte,2017-09-22,album
46ec510f-19e2-42ba-a74e-636b48bd85c1,ORCHIdee,2014-05-27,album
f0248aa8-9fcc-40e4-9f64-bccf971f9083,Rose viola,2019-02-06,single
230d6497-53cf-47fd-aa87-f0df2f80429e,Qualcosa è cambiato,2012-12-25,album
20084716-ef3b-432f-9600-4519b764aeec,Il Mondo Gira,2022-12-16,album
5481000f-7668-473b-9167-0eeb5fcd19b4,La rivincita dei buoni,2007-09-15,album
2998cc56-c18a-45ac-a070-f09bb710d5a1,MM Vol. 2,2016-11-11,album
9a438f90-0c89-4653-9ca6-c6ab27654eaf,Scritto Nelle Stelle,2020-04-24,album
0b1fe1ea-b3a0-43ad-96a8-2cf0a9111625,Ego & Alter Ego,2024-06-17,album
12f33bdb-93d2-4aab-9e77-d140b4afa48a,Scritto Nelle Stelle,2020-11-06,album
ba655e24-870d-4034-9763-874e6003865d,Nonostante Tutto,2016-01-22,album
ba160375-0294-4c73-8aac-f4000c0d1798,Criminale emozionale,2018-06-15,single
5d505d7b-d411-4020-be7a-6733630e5587,Musica che non si tocca,2010-11-01,album
9b067598-95b1-4bef-852a-ea3ee0e5cfe8,Rose viola Pt. 2,2019-02-22,single
52433d84-6ffc-45d7-995b-1ffe7d12c92a,E Vissero Feriti E Contenti,2021-03-19,album
24a4a934-c236-428e-bc88-030c33aa9e02,Errare umano,2018-11-14,album
e2945ca5-fcd0-44c0-9cf0-7ddd23be3d29,Persona,2019-10-31,album
dc227f52-0753-4d2e-85a2-be6057d8467f,Una cosetta così,2025-01-10,album
094ab29c-8679-42fa-a025-cb7bf7e1cade,POV,2024-10-25,single
d1794e9f-bc0f-4685-a3ea-1243575baa60,Bonus Track,2024-07-12,single
ed081103-251b-4589-a836-19d6ace1c17e,Per la mia gente / For my people,2012-10-29,album
e441d26d-605d-4e21-8dc1-fb3fc3d0a13a,"wer nicht fühlen will, muss hören",2019-08-30,album
97ec9930-a3e2-4cf3-8207-22370f01f57f,Solo per cambiare il mondo,2012-11-26,album
206007d6-bba7-47e9-a8be-120b25a8daf8,Telepatia (Hoodtrap),2025-05-01,single
33922501-1f49-452e-92c5-f369efaa46dd,Soulvillians,2006-09-09,compilation
6cb66083-2780-4925-8d27-aad0c5a4034f,DOOM,2021-10-29,album
9b260da1-3775-4e33-9333-5a0d0ce33454,Hip Hop M.E.I. 5.1,2011-11-15,compilation
d6e55303-13b4-4ee9-bbd7-ccbb49cf9708,Embrionale - EP,,
986c4cc7-494e-4214-b843-38e6126892d8,FINALMENTE,2023-10-13,album
753d2114-5063-4c34-a741-c3ec8ce05b66,La maggior parte,2020-10-30,album
aa7e26d8-2739-43c1-8060-40fc30c03723,Ligabue [Remastered Version],1990,album
d46e8414-132c-466e-9be7-3187e3e83a54,Mediterraneo,2025-06-06,album
2d1721a3-b9ed-478c-8545-3da1c0e261bf,Peace & Love,2018-05-04,single
c7def855-ad82-4ed6-b410-1e4bc82a67f6,Vola alto,2015-09-23,single
203b9a47-9eed-4e60-a8c3-f94eec9f65cd,Splende,2015-02-12,album
62d7e1c2-d47f-47f9-adc7-5d81524c47c0,Tonica & Dominante,1979-01-01,single
f86cbc43-c526-48a1-b981-7c1deb7e5662,Azoto,2024-10-17,single
8f879090-fa17-40a1-a18b-dc356d5d7a58,Acquario,2019-05-24,album
80f86c6f-fccd-4b9e-81cd-e7c83f46c38e,Suicidol,2015-05-26,album
9d48f4c8-83b6-4848-a5b1-e66594dd3d3b,La mia compilation (Colonna sonora originale della serie TV),2010-01-01,album
3b5c5c14-4e90-4fb7-a7a1-ebfa0865ccb5,Trap Lovers,2019-03-01,album
b7e4c6b0-f07c-4e7e-bee6-6eea2a444d54,Bella Lucio,2015-09-25,compilation
aec34028-3a70-4d4a-ae21-4505681cfec5,"Best Seller Compilation, Vol. 1 & 2",2008-01-08,compilation
c08c9f57-fb0e-486e-a258-16f1d926b291,O Espetáculo do Circo dos Horrores,2006-06-06,album
67824c1f-9786-43ca-b0ad-11568d85087e,Prisoner 709,2017-09-15,album
1bb8f177-ed57-4e60-bc83-b9026d5f7e14,SWEET LIFE,2025-06-15,single
84bbb202-0285-41b6-9bb9-9b650fa5fbe6,Requiem,2017-11-30,album
65cb6ccb-3a5a-4529-9880-59fa351e0246,Vibras para el Día del Padre 2025,2025-06-15,compilation
72125dc8-6301-4319-819a-ba902febb64d,Guerra fra poveri,2006-11-17,album
8a79f3ac-be63-4b84-ba1a-63f407fbce60,decrescendo.,2025-05-22,album
764b9cdc-1fca-41fb-9696-7dfe943bb5b0,10,2023-06-29,album
58cfc8e8-a75c-4690-acf2-8143bd1a2288,Purgatorium,2021-10-28,album
01e15855-9969-4da6-848b-ea32396f4d89,Toast to Our Differences (Deluxe Edition),2019-01-25,album
6a11b0c7-39f3-44c5-9405-e2748450b31e,PAINSTAR (The Mixtape),2025-03-28,album
525e5d72-4387-4b5d-8b7f-e80e036f3293,Domani smetto,2002-03-22,album
f359f3e1-8050-4089-8785-8daf99712253,PROTOMARANZA,2024-05-10,album
789f061d-230d-49f8-bce5-62a62296a6a0,Messa Di Vespiri,1997-02-25,album
624a5cbc-ca3e-4df4-a17d-cb1c29ce9b20,Strade Di Citta,1993-02-25,album
172ef98f-b435-4532-81e9-ebb9bea3bbf8,Italiano medio,2003-11-04,album
df615743-7608-4d7e-a113-ce2fbe246cec,Così Com' è,1996-05-14,album
0c414a6c-1daa-43ab-b0bb-9647cc60ebbe,UN BEL VIAGGIO,2023-02-09,single
e5966304-dd44-4ef5-860f-6452cd17c3f4,Nessuno,1998-05-07,album
077f1a89-5149-41be-a149-f1996fd4661b,CLASSICO,2023-10-27,single
d381ce9e-59f0-482d-a63d-d312f74021fb,BLAH! (x5) (feat. Massimo Pericolo),2024-08-05,single
a1a169da-2be8-4f58-8458-6a23604345fd,Perché Si,1999-12-20,album
e3ff7836-16b9-46dc-8cd9-43981796eb56,Greatest Hits,2000-11-17,compilation
94f7060f-f1e2-421c-b1eb-a328595de5c6,La riconquista del forum (Live),2004-11-12,album
27e366f8-76f3-43c8-ae87-5c1bb45ed30f,FILOSOFIA DEL FUCK-OFF,2023-04-28,single
b86006ce-1159-43e6-9010-b36622b5d524,4 x 4,2000-10-26,album
8a824e68-a430-4ea8-8bfd-7d511e5bc479,Così com'è LEGACY EDITION,2021-11-12,album
80722875-610c-4140-8725-f4b593c08cc5,È Natale (Ma io non ci sto dentro),1993-12-25,single
09455c9a-293d-4e30-b315-6399f7681d28,Così e cosà,1997-01-01,single
634d3425-c523-4926-94de-b3f233ca6586,2030,1996-01-01,single
13001776-50d7-43d5-8e19-9e1d96ac2612,Il funkytarro,1996-01-01,single
89575121-d42d-45a3-a9c4-05fd08378a2c,Neffa E I Messaggeri Della Dopa,1996-01-01,album
6b9af0e3-f66e-4d3d-b7c5-869460ae179b,Chico Pisco,1999-01-01,single
f8ccc7c5-01a8-4341-93f9-b324e2c22a0d,107 Elementi,1998-01-01,album
1d7f527e-3100-4514-b2f1-e440a02a0f5f,Alla Fine Della Notte,2007-06-01,album
1a88daa7-b81d-4726-ac14-ffc31bda670c,"Aggio Perzo 'o Suonno (feat. Coez, prod. TY1)",2021-02-12,single
9e6f09dd-f384-4d3d-b4db-cda4d1815dd3,Arrivi E Partenze,2001-01-01,album
d0cc1f6e-aacb-4b4f-848a-6fdd271df53f,Sognando Contromano,2009-06-01,album
d821fbd9-c13b-4dde-81ee-3af0a66b11c4,Molto calmo,2013-12-11,album
ffffded8-2943-42d1-804b-086aeab78e02,Canerandagio - Parte 1,2025-04-18,album
a0a8c025-9b3a-4d39-8366-0ae43689b606,FoglieMorte (feat. Fabri Fibra),2024-04-12,single
e3f28e41-f6fd-49be-9263-5a824a58b01a,"I Molteplici Mondi Di Giovanni, Il Cantante Neffa",2003-01-01,album
c59c6a4d-e6d5-40ef-88a5-13e76371f187,Resistenza (Edizione speciale),2015,album
eae4eb50-d211-438f-bf8d-8af6322b0d43,Le Dimensioni Del Mio Caos,2008-01-01,album
804cdf97-2237-4b9e-ac4d-376ec6ba0c2c,AmarAmmore,2021-04-02,album
ee173bc9-2578-488d-9753-280a721c2f6e,Le Ore Piccole,2004-03-07,single
33dfea00-9570-45ec-ba1d-09b1fc3f0dd0,Saturno Contro (Original Motion Picture Soundtrack),2007-06-01,album
388f5a4c-b145-4f31-8c5c-0c77c31507c0,Diário de Bordo,2017-02-03,single
8ad2b8b4-7444-43c2-87c0-a691b8ab8f80,Vanagloria,2023-09-29,album
db06b136-e445-4198-bb4b-58239522be69,Busta Flex,1998-02-02,album
f382c337-5667-4109-8aeb-c493c02e325d,La morte dei miracoli,1997,
3513a177-ebd9-4929-8c40-57198d5d44d8,Verba manent,1993,
176d28a7-dccf-4865-b9a5-d5e95a095328,Sanremo 2014,2014-02-27,
b5978639-1a4e-4928-98b6-d1242965b837,Hot Party,1997,
f90043c6-a67c-479a-8fa3-23dfa1c28f51,Ero un autarchico,2003-10-24,
1e1b1e74-9e9c-420b-9f9a-d323eda659b6,Verba manent,1994,
2aed18bf-9f16-4933-8e18-e3e2909361f1,Verba manent,1994-03-07,
b8611c74-d01d-48ac-98ed-3b8379789bd9,,,
54be2999-a7b6-4f4d-a093-22afbb5dec2f,Ero un autarchico,2003-08-16,
cbba249d-1ece-489a-8ddc-1b850469f670,Essere umani,2014-02-20,
8cae756c-4cb0-4970-809e-ada95f5a0018,DePrimoMaggio,2008-02-29,
3b9c44a2-6834-4a32-899d-7c632f51172c,The World According to RZA,2003,
e9409698-b925-4569-8619-42c292ddeeef,DePrimoMaggio,2008,
a705afea-f8c9-42bc-b55a-b05551934754,Rap©ital,2005-07-01,
95f603ef-f1a1-47ff-880d-8127dcae51b5,Zora la vampira,2000,
48785e68-ae7f-4041-8f5e-e476e8421beb,Rap©ital,2001-01-01,
7d8de374-01e6-43d5-b86d-b207d6c56161,,,
17102a40-a3cf-4cac-bfff-b94c106a4248,School Rocks!,2011-09-12,
287de8be-8232-428a-8dbe-c03e23332b31,"Capo Verde terra d’amore Vol. 9 (Canzoni di Cesaria Evora, Teofilo Chantre e Mario Lucio in italiano)",,
e8fc1ac7-447a-4467-b0b3-fd4265f721bf,Mowgli,2018-03-02,album
34afae6c-c2f3-4f6e-ac50-d30db2501924,Wasabi 2.0,2017-05-19,single
3a2f30a7-7b7f-4e97-b13c-9d6a121033ce,Vita Vera Mixtape,2020-06-05,album
6e230465-f573-4596-965b-279561c3b404,Elisir,2019-06-07,single
40702422-00ff-4721-80ca-14a939ac0bee,2020 Freestyle,2021-01-07,single
4ef7f825-3cd2-48ae-8639-57d068e39bb9,Don't Panic,2021-05-05,album
9664b5b0-ee3a-48a4-842f-b545f204c146,La Divina Commedia (Deluxe),2024-05-24,album
4be1e010-5e19-444a-9ef3-ec519a57d660,Il coraggio nei piedi,2014-01-06,album
4cdaf2b6-113f-4b0f-99ee-df08e3ea969a,Sogni di Strada,2018-04-30,album
f58f9914-c915-496c-ae4a-233e001b39a3,I Nomi del Diavolo,2024-03-01,album
a0261929-7e6b-4a4c-851e-a52116817d3d,In LA We Trust,2014-04-08,album
df8ae5dc-601f-480b-bb82-7195b8579de3,Too Clean,2025-06-13,album
f259bfd2-8b17-4b1f-a676-a3cf2952439d,Ecce Homo,2015-04-20,album
3ece335f-685b-4466-b0d9-05a9a04dd5b5,A Brand You Can Trust,2009-07-07,album
d4101ab7-dcdc-49a9-b6bc-49dbe2cccc77,Piangere a 90,2025-05-08,single
f8333d3b-ece4-4460-bdd4-8d2df359d38e,Rattle And Hum,1988-10-10,album
8fc05ea2-4eb0-4236-92c5-e7f6ee365994,Who's It Gonna Be?,2020-09-30,single
16b0355e-ef3a-44aa-8620-91d4b2f86ba7,Dissmantle,2020-10-25,single
cf054794-a21e-4313-9407-6a7ceac5915f,The Unfolding,2018-04-20,album
40e9d580-ff22-4115-8ccd-354451b06cc6,Shady Nate is Mobb Marley,2010-11-23,album
41d43f83-828e-4910-b284-b219979c4396,Exuvia,2021-05-06,album
f6bf5861-4ebe-4501-b45b-f71842835252,Museica,2014-01-01,album
523ec125-8fa7-448b-ac84-e7cf1b0e8087,Verità Supposte,2003-01-01,album
b4226bc7-476e-47d7-8a77-b4841a8faba4,Habemus Capa,2006-01-01,album
a0995a39-9f86-4019-8e17-f10edd446660,Il Sogno Eretico,2011-01-01,album
f1ee5681-f46b-4743-8551-6dd995d2b90c,?!,2000-01-01,album
93ba8f19-deb7-4d57-a4c3-b01fcc561a8f,The Rockers,2016-08-26,album
36fbf10d-aede-4369-a14a-2f27840064f9,Habitat Cielo,2023-03-31,album
b54af4f8-7d56-48c9-a3ff-039f2f345fde,Il Dialogo Sta Nei Dettagli,2024-02-02,album
d4b63e92-2823-4cb1-8fc4-6c990b3cc6bc,Studio Collection,1998,album
54ea3354-9527-47cc-b98a-95444ada0242,Antologia della Cameretta,2017-06-03,album
16b9ecc3-296e-4c67-8c72-da805ea8957a,Per Me,2025-04-09,single
52792cd5-9797-4562-8c40-3601f770365f,post mortem,2025-04-10,album
9ded1713-51d7-4b86-bbf2-0a1861ebde13,Sick Side,2018-01-05,album
13990a88-80c1-4e4f-9fb3-907012200de5,Vengo Dalla Luna,2004-01-01,single
a0458a6a-e3a5-4a80-9398-9adc150d94aa,Nicolás,2022-02-25,album
a562940b-6d42-4ed8-8e46-2c44a1d64843,Bruno Lauzi e il Club Tenco,2008-01-01,album
51de9ad8-1534-4754-878b-8b9ae5dbeb18,Camera a Sud (2018 Remaster),1992-06-15,album
085a419e-7b8d-4dbc-b142-3e0cd5ba2df1,Noord Africano,2025-04-11,single
2b85c0ee-ab2e-48a7-ba55-b911596f7d80,ASTROWORLD,2018-08-03,album
c3ff0417-0e6c-4124-af5b-18b073b22bc1,Il limite valicabile,2015-03-10,album
d74209cf-7721-4767-8f28-dc42ab412110,Ti Sento,2023-10-27,single
7984ccad-bf36-46dd-aff9-9db6d6ac1b21,DI TUTTI,2025-04-01,single
a0c57eb3-0f74-4b90-a6f6-c6777229f485,piango glitter,2025-06-12,compilation
631eb9ed-ed11-48e3-865d-6f40ab834ff6,CHIARA,2024-09-23,single
2f28264a-a8fb-4dc3-800d-ed3a7b8cbd84,64 BARRE DI VERITÀ (Red Bull 64 Bars),2024-09-19,single
a40bc7a0-f2ac-4b3c-a6ec-9bef7e975486,Untouchable,2021-11-26,album
69d245ef-e2fb-48fd-80dd-35a4bd53d22a,ICON,2024-12-09,album
0e7e2549-99fe-4b71-9043-d0e9146915f1,BOSS,2023-03-24,single
e3fa77c6-964e-43ac-861f-136071302264,DAMME 'NA MANO,2025-02-12,single
d226aad8-4948-4cf1-9db2-4869298c26ed,Bassotto,2019-10-24,single
adcf959e-0ffa-4649-bbc3-0ba3e430a3e7,Foto di gruppo,1998-08-01,album
c146e8db-0167-4fd0-a487-c62cad213932,"Street Collection, Vol. 1 (2019 Remastered)",2019-09-27,compilation
e65f7ed6-0b21-42c5-928e-a8aec1c6dfa7,Classe 73,2003-01-01,album
5b7fe61b-a99e-4b69-ac0b-6e53e2e5a7d2,Thank Bax it's Friday,2017-10-06,single
7cc9f1b5-1dce-45ef-9e55-3f0ea221e12c,Mia Maestà,2017-03-31,album
965da8c4-5f60-4b8c-b295-83f0728d162f,Pokoflow,2017-12-15,single
745e092c-aa43-4e50-9918-ff9da27279be,Guarda In Cielo,2013-11-01,album
e03cc620-487c-4a6c-97d7-a905bdd8feb1,L'Ultimo Testimone,2004-01-01,album
8729ad28-230f-4d16-9e9e-71fadae4c182,Tutti a casa,2011-11-01,album
632cab08-c7c1-4e83-b669-57b97a6d8197,Ogni maledetto giorno (Deluxe Edition),2017-09-01,album
391522aa-9cdb-4507-8eaa-c391c78f92d6,Contro gli estimatori,1996-08-01,album
4aea48dd-2e90-4dc4-9068-afa78d42ea2e,Sushi - EP,2007-11-13,single
74e3ca7b-7e5a-445d-a9b2-23615a663f38,Poi dopo cosa?,2018-06-15,single
6d065a85-5cc5-490c-9514-555fc9dc6d17,Stanno tutti bene,2012-02-14,album
94bf6099-cec6-4b4c-b1b5-5e391c99fa08,Background,2002-01-01,album
f8f6f02a-4cf0-479a-bc13-eb21a67e2595,Rapper Italiano,2001-01-01,album
8af2665b-db38-4ac6-a55d-a5b083ea397d,HATE,2005-09-01,album
ab3bf46d-a89c-483c-9f29-5103dd70ba3e,L'uomo senza qualità (Rayden a.k.a Faccia d'Angelo),2012-05-22,album
25952029-9d8f-432d-af64-5841ce94ab0d,Shhh!,2017-03-03,single
c5015729-d2f6-4226-b88e-86384514b14d,I Got Next,1997-05-20,album
9ddc0a2f-f324-4975-a0ca-283225104cdb,Classico,2000-01-01,album
b55ce0f4-a61a-466c-aeed-9a9e14bbdd33,Beni Bilmiyorsun,2014-05-28,single
6392de01-3f57-450a-b7f3-e30684d067ee,Re Senza Trono,1994-01-01,single
56acab12-f07d-46cd-b6e6-a7037f8e0578,Hanno ucciso l'Uomo Ragno (2012),2012-06-12,album
4400e406-4d09-4c99-8838-42efa57ce647,"Machete Mixtape, Vol. 3",2014-09-23,compilation
c6576968-89c1-4c13-a43a-b086f8f65716,2/3 - EP,2020-06-05,single
fa5535a8-1b6e-4985-8a9b-c18ce949a7fc,Dead poets,2016-12-20,album
963a0f73-323b-459f-904a-18401bd3cc6f,Cose dell'Altro Mondo,2012-10-02,album
9b9ec088-a565-46ae-a824-3af8c347a616,Loaded,2009-10-16,album
71ded69c-1c38-4d63-8e0e-69d67a0a5427,MSSNC,2009,album
b3b156ff-9d75-4edd-a02f-f37d7eca935d,Sano Business 2005 Live,2025-05-30,album
a019a624-c817-4178-97c7-f4eafc4929d0,Vivo e Vero,2010-05-04,album
6433c8f9-711b-49b7-87d4-2106a686c633,L'erba cattiva (Gold Edition),2012-11-20,album
436d4817-4393-44cf-85a5-bd272c9e437e,Vieni a prenderci,2013-11-12,single
38e1af09-e396-49a0-8194-ecec1b05ee44,Lungomare Paranoia,2017-01-13,album
249f7a33-6cf8-451a-a11f-917d0eb81b1f,Sons Of Soul,1993-01-01,album
63b79341-0cd1-43f5-a330-cd757f061866,Teoria Del Contrario Mixtape Vol. 2,2023-03-17,album
c2fdae6d-e086-449e-b98c-c4765fccb867,Metrotape Vol1 The Jam Session (Selected By Dj Sice),2007,album
e40aabe7-b5c5-4bc2-95ce-bdbc5e35eaa0,Machete Mixtape Gold Edition,2015-10-30,compilation
b7ec4bf7-a529-465b-aad8-00a4ff4bf88f,Trap Fatta Bene,2024-04-19,album
ce14295d-a2d1-458a-bfaa-77cf17d5cf12,Album,2017-05-26,album
39700a3a-0bd0-4c50-a943-0a9bf91fd8d0,Lunga Vita a Sto,2017-11-24,album
19311f2a-42c1-49d8-b270-0c8e35b93586,Cara Italia,2018-05-02,single
ebac469b-00e0-47d4-b60a-9445555a6cd2,Zingarello,2018-05-25,single
b7e051bd-f2c2-4cbe-9807-07d52edd8608,WALLAH,2021-10-29,single
78b322f6-b8b5-4925-b94e-4dcf2d77aad7,Sensazione ultra,2022-05-20,album
26321811-8f74-4534-ac3f-753c4fb0ea0f,Niente Panico,2024-10-11,single
14e97b66-0568-44d6-bdd0-a1a243563c7b,Turbococco,2019-06-21,single
12f0cfd0-c435-477e-9669-18c1bd6e4d1e,Casa Mia,2024-02-07,single
cbb9d130-144e-482e-9f0e-937e7f21575a,Paprika,2024-05-10,single
e2c366e0-cca4-47fc-93d7-fa1e7968e974,"Chiagne Ancora (feat. LIBERATO, J Lord)",2021-06-22,single
9d15a8fc-fd67-499c-8717-1f3a5d712b99,Hasta la vista (feat. ANNA) [Remix],2020-05-29,single
25382c9a-01ac-4573-88c1-b3a3ae8defcc,I Love You,2019-03-15,single
f992dbab-bad4-4675-90ab-8e49b6e7bd2f,PIZZA KEBAB Vol. 1,2023-12-01,album
13e28ddb-dae6-45fe-8d57-f8a22c1284da,M' Manc (con Geolier & Sfera Ebbasta),2020-06-11,single
dc75e73e-6b44-45f5-b8bf-b7f2e86f02dc,Chill,2025-05-16,single
dc1bf095-8c83-42a4-930a-4d2ec8f047f6,Force & Honneur,2017-03-31,album
d45b51a7-7055-4863-939a-a279a101e64d,Skylab V,2004-12-10,album
eaa8a8bc-9e3c-4558-86cf-09509a6b6ddb,Freestyle N°4 #rue,2018-09-01,single
e3557f41-7ab6-45f5-9517-002580692ebf,G+Jus,2021-01-12,single
75bc1012-cdc7-4ce7-a56d-ebe9921bdc7f,We Love You Tecca,2019-08-30,album
661d7157-93d9-4f32-ad1a-1dfa4177f1b5,2 glops,2024-02-15,single
6b0e5dd3-87b1-4d88-920e-1dab0396faef,CAPOTAVOLA,2019-04-29,album
ba92e65a-52d9-4b95-a08d-f50ded639d94,MiDi Murder EP,2012-10-31,single
cf26069a-6b48-439b-a6f7-ba1b1f007f05,Legmatic,2024-05-10,album
fd1777ba-0ede-4ef6-bd0e-317e0e2fb04c,4: The Rise of the Mosh Mongers,2013-08-01,album
900b63e5-0d8f-49ab-9162-2653edbec1a0,DJUNGLE UNCHAINED,2022-12-16,album
68d91720-21a6-44ac-bdc3-3f837e49efd1,Thee Unknown,2024-09-20,album
2d2abf3c-9f93-46d4-9749-f9b98db53ccc,Booze for Blues,2016-05-25,album
4c339cab-8037-499f-9b83-e9306d65d317,Wanderlust,2015-06-12,single
712697db-9fc6-44e5-afed-fe4e07dd4dab,V,2017-09-01,album
ded23c4d-d567-4337-b238-7fe091a2530a,CLASH AGAIN,2019-10-18,album
ab467426-5531-407d-839b-0212fe8f41fe,SPECIALIST,2020-09-17,single
4062f753-dc5b-493d-b18b-03ec14aab8b5,Joga Bonito (feat. Nerone & Axos),2018-08-03,single
d2c6f3da-b6cd-4348-b92a-57d480ee6c51,Rock Steady,2014-09-02,album
a1c242ab-f563-42b1-963d-dd66375ef7f2,CLASH,2019-02-01,album
7cd81276-afd4-4d01-9ebe-0597f2d88002,HO LA HIT (feat. Massimo Pericolo),2022-04-07,single
5067d26d-0e97-4967-b018-b9a420e8f673,MARI (feat. Giaime) - prod. Andry The Hitmaker,2020-10-09,single
10a8816b-d5f0-42f8-abdf-601e9cb5786e,Era Tutto Un Sogno,2012-11-13,album
7580e427-16bf-4908-8ec1-e317682bc54a,"MAI (feat. Silent Bob) prod. Crookers, Goedi",2021-10-24,single
6a24c920-90a0-4f2d-96a7-89fa829a7af2,BENZINA (feat. Emis Killa) prod. Garelli,2021-03-05,single
3ec132cd-a14e-4050-991b-066036f8063e,090320 - prod. Kanesh,2020-10-02,single
cd1e67b2-6177-4a12-8a6a-fcc58710b700,DOMANI,2021-11-12,single
385e3bdc-abd2-4b01-9f01-30ead35a4078,In volo (RMX),2018-06-08,single
5029ea51-7e99-4095-8812-bce940320934,TERRORIST,2025-01-17,single
8b2c4e17-3d4e-4d0a-b4c9-78835488a2d1,Just Keep Watching (From F1® The Movie),2025-05-30,single
6be3b39b-e817-4193-a567-9fc6de781743,VENDETTA,2008-09-22,album
3aaa4c47-221d-45bf-924f-e863fba28c49,QVC Collection,2018-03-30,album
b92cdd3e-6c69-40f7-a411-9549e245eff3,Generazione Triste,2025-03-14,single
0181483e-adac-421d-8f32-efaa6ac7c83a,Gli alpini e la montagna vol.2,2007-05-01,album
1e7092bd-dd96-41a8-88ab-5d210346da86,There Is No Competition: Death Comes In 3s,2011-12-25,album
a0453277-b028-4c0b-b0cf-3729703df785,Malammore,2016-07-15,album
25f75a3a-083f-4a68-a953-2e27eff311e4,Innamorato,2023-04-13,album
be95d390-8aad-4151-a115-6fff041669b6,Dentro e Fuori,1976,album
62713635-dce8-4f52-93b8-e654fe0c9e41,AL CAPONE,2022-04-22,single
825ca15a-a773-4075-93c1-a54e0770f12f,Meteoriti - Top Rap Italiano,2022-07-08,compilation
ccd2b7f9-0c3d-4b87-aefc-5d68ac8fb39d,#willpower,2013-01-01,album
49cd4ad0-2732-459a-a451-bb8f3cbc7511,Ambitions,2017-01-13,album
6ea802bc-d40d-4267-b257-538b120f5432,WILD,2024-11-22,single
ee68abbd-75f2-4e17-ae5e-af7c04a025bf,Balances & Options,2000,album
dbab9374-ee56-4761-9ffe-eb2e9abdc002,Affetto Illimitato,2023-12-27,album
c34b8a03-ddf6-4938-81d5-a74dadea004e,Zer06-zer08,2010-06-22,album
ef92632c-0015-418b-b4c3-b6544ea721e6,900,2001,album
ccd09b44-5eeb-4650-a3f5-ef3bddb6d201,Amore e Coraggio,2012,album
24e63304-d9f8-49e4-a04a-588f1567f1cf,Santos Ensinos,2024-01-01,album
1dfa54d8-99ad-4127-baac-4cb9fc1e1ccf,SCELTE STUPIDE,2025-05-02,single
438f8021-1104-443d-bafb-ff0daca53571,Drammi,2024-12-13,single
c8d17b22-3f94-4c63-9fb2-fa12c8527897,Stereokilling,2016-12-16,album
8a15fadc-3b42-4f46-b804-7e3301b4b438,Dreaming in Slow Motion,2025-02-21,single
2b79e456-e79f-4183-9e27-b57a1c24b197,Turno notturno,2016-09-26,single
59e2756b-3039-4535-b3f0-757d2c06303b,Sciccherie,2018-12-14,single
f956ca9a-e372-4413-9c87-aaf6cb1d9273,17,2019-06-17,single
a817587a-2b83-4090-9f80-d6a7e562f7e7,MADAME,2021-06-03,album
a707883c-953e-4b60-863b-dd776bd052e1,sentimi,2020-04-24,single
9ba2a1ed-a22f-4164-901a-4af42d27bada,L'Angelo del Male,2024-04-26,album
dbedd71d-700a-4c5f-b066-5f5cbbeaab7e,Anna,2018-09-13,single
987f3eb6-e221-40d0-bf8d-93a4a412b5c6,IL BENE NEL MALE,2023-02-09,single
a3b70177-6ccd-41dd-a8d5-3984eaade348,L'AMORE,2023-03-30,album
5e26470b-7f4d-4e22-a07a-5772bce54204,LA PROMESSA DELL'ANNO,2019-10-04,single
48555682-8adc-4eea-adba-5b103841719a,TU M'AS COMPRIS,2022-01-27,single
c1c98daa-201d-46b7-a7db-1c2bdf42b501,AWW! (Red Bull 64 Bars),2022-04-12,single
66801d6e-2f40-458d-a723-f457c531f5ad,L’Eccezione (from the Amazon Original Series BANG BANG BABY),2022-04-14,single
c517ce8f-6c91-45cb-a070-4641eab1ecf1,La primavera della mia vita (Original Motion Picture Soundtrack),2023-02-20,compilation
39e870a9-95f7-46c5-82e5-50f00709b964,Ping Pong,1997,album
3beb6a88-7590-4dd9-a6c1-dad817596e10,Amore povero,2017-03-17,album
debe6690-a708-48e8-bbf5-f2b27a3366a8,Rockstar: Do zachodu słońca,2020-08-28,album
119c39c0-daa8-4300-b026-391a87ab0dad,"NOI, LORO, GLI ALTRI",2021-11-19,album
da16208d-c3c7-4cf9-a863-5c8e5d43a456,DRAFT,2022-11-07,single
dd7832ef-e8a9-4b3c-bb04-cffd6227a9bd,Bonjour Madame,2023-05-05,single
74a3a3cc-e6cf-4f73-aa29-dda4bf3fe4b2,Madame Dad,2022-10-08,compilation
80d73391-ea0c-4e77-b67d-2b86b185fdac,Fitna,2024-06-21,album
2e7d8d7a-d4eb-4290-aaa2-b6c560f84147,Poco Di Buono 2,2017-01-26,album
6d8e5f99-25a9-4376-b215-b12699fe7a51,DON,2018-01-19,album
16f6b552-e9e0-432d-92c0-dfb0d9c43287,Poco di Buono,2008-03-31,album
bc3fe02c-2df1-40bf-8d48-9ceacfac2b33,Don Vacca Corleone,2019-01-11,album
98bbf41d-7c17-4d8c-a71f-dd709120c7c3,Il diavolo non esiste,2014-03-07,single
1550fbde-2e17-4e8e-bbb1-520acf8dfa3f,54:17,2017-04-24,album
6522b348-7daf-4ca3-946e-c94cbc16752f,Rilassato,2025-03-21,single
67af8325-141c-4a0e-8e67-ef34ea38564a,Missione completa,2018-09-04,single
c8b23dd4-f2c9-4c87-ab24-21c68c403cc9,Bad Reputation,2020-04-10,album
da4f486e-c2ee-4b9d-b1dc-ea2812f2d802,Del Padre Del Figlio,2014-09-23,album
5f3ec63e-9986-4dd8-8929-023c652b0110,20139,2019-08-23,album
730870de-2c2e-437a-a73e-bec7a236f2da,zero punto zero,2017-02-13,single
ecad3b70-24fb-4026-87ba-09603bde94d3,Asmara,2018-04-21,single
8949d113-536d-4130-893d-a7fa666b3645,UNA VITA SOLA,2024-03-22,single
1055851e-4dbb-45f9-a454-dfbdad9b2353,Pazienza,2013-03-19,album
f16bde49-f5ce-42fe-b6fc-3aa765d35112,Via perchè,2017-06-23,single
d87f78f3-01e3-4d59-9a1c-c42ccb60fc5d,Mi ferma nessuno,2019-11-08,single
7e6da18e-9061-487f-87c1-c51b36fd46a7,Barroso,2022-09-23,album
6d059453-599b-4a55-a41e-9d8a9fa34406,No Cap,2021-01-11,single
474963e8-a02c-40f3-b162-1e6ad245e995,Vh,2004-03-11,album
74ab9660-bdad-4056-8dcb-a139101d2b25,Qualche Secondo,2020-12-04,single
9fdb56d3-a677-43bd-8436-0ca08bbf2478,Musica per Sordi,2025-05-16,single
ebc72874-89fe-4c24-99ce-440979d65b33,Tropical Shopping,2021-02-26,single
3b45f918-913f-4f97-acfb-b4279cf8fac5,Tempo Nostro - EP,2021-07-30,single
1464e87c-a613-4b17-8f99-7086b2bc09b0,Jr. Saddam,2021-03-26,single
5888c632-f234-4a99-9e87-20b46fa2b4f8,Full Circle,2019-07-12,album
d53c7896-a462-4261-b9e8-77c51e65f07b,Chi sbaglia paga,2006-10-25,single
a776cfb9-cc88-4a57-8bba-92aac2e0f239,Black Book 2,2016-12-15,album
bea6dfb0-f38d-41f0-8021-23249de8166d,Marionette,2019-10-21,single
b33c20e3-6376-4ea3-8844-ec2fbfe9fd18,indipendentemente preso bene,2023-06-09,single
59d40a19-cdcd-4e27-b4a9-f18ef18fbb57,Pezzi Della Sera,2023-11-17,album
d614c33e-0085-43f5-9768-8532dab00992,Ogni fottuto giorno,2021-05-14,single
4f197663-6bd8-40c5-a245-d719fb45629d,La tana del granchio,2025-02-12,single
ccaa347f-15b4-4414-94ae-a354a7e38fdd,Spazio,2021-02-12,single
41a8b0f2-b7c0-4e4e-8be1-52378ecc2484,Golden Goal,2020-11-18,single
cc2845f0-54d5-4884-b5f6-ccb9f5c2ade8,IDGAF,2020-10-23,single
c6e24cac-6241-4f1f-85c9-b72b35aeb300,Black Heart,2025-05-05,album
93c57a1d-974a-4e7a-8493-9078bb9c0f94,Business,2020-11-13,single
af316e1e-a8af-47f7-ad5f-44e3f144638d,Scatola di Nike,2021-01-29,single
92976b1a-2294-4a59-accf-ce2cd7438be3,Pelleossa,2011-05-24,album
c90374d9-2443-4ff8-92ff-d3628cbb843c,Sporco,2010-05-18,album
ab2f3850-d4f1-4730-a447-ca27e871188b,GRAVEYARD DUPPIES,2024-05-10,album
aa048dc4-9f94-40e6-9436-fd7ac2512fb5,Immagini Ancora,2021-04-23,single
b1609b2c-eae4-4018-a398-874d302c9b43,Reggae Rhythm,2025-06-11,compilation
398df344-1f6e-45f6-87e2-a347d9a9d17c,One Shot,2024-01-09,single
64d27378-3452-48bb-b370-49930ecb285b,Last Bonus Track,2022-02-25,single
699c243c-7c34-4ea8-ae3e-8a07e88d3d25,New Balance,2025-01-24,single
13eddb9c-7c01-452f-b6bb-deb66d6d2e20,1 Less G in the Hood,2015-04-01,album
0aa51975-c2d7-4e03-92a9-4c0416d073b8,Doble Cara,2025-02-21,single
dbfa7b46-ca49-4b40-a430-4cde522a3395,La Patente,2025-06-13,single
6d951323-43f0-4bea-ac41-fc5493cf863b,N 9,2017-02-09,album
96e69f05-ea00-4443-9f82-e482c88b77a6,Get Maad,2012-01-31,album
0ab0e844-d060-4d59-b92b-6d475232ee05,Terzo Capitolo,2025-02-07,single
01efc9e9-51fb-4980-a419-aff13a897518,Voglio farlo con te (feat. Vacca & EXO),2020-04-23,single
bc28a07f-7e8a-43fd-a022-a135e9cb60fa,Il nirvana,2014-09-23,album
3350ee37-f46a-4b14-b39b-4b8e0fd8b0d3,The Main Ingredient,1994-01-01,album
17f0da23-3151-4e91-a30b-fea0e1dfb9dc,ALI,2021-02-19,album
84781bbb-fe0b-49e7-9500-7fbd72604ffb,Best Trap Ita 2024,2024-01-12,compilation
04df6cd0-2ee6-49c5-b52f-8410d196d18e,CRACOVIA PT. 4,2023-08-25,single
74ef504a-5892-4acf-8633-fd5d7739e775,INVISIBILI,2023-09-15,album
47bed9c5-0f20-4908-aa3b-062282395d76,Le vostre madri,2019-11-26,single
c3fd0e7f-3202-4138-8768-19f69b594439,L'imprevisto,2007-06-12,album
973753e4-cdb0-4cbe-97cf-cd31c30be2c7,Northside Melodies,2024-05-31,album
0a946b59-7e10-4e55-9fea-2ffed30f83ba,L'importante,2019-05-07,single
18fd8337-324f-45e0-827c-ed674489018f,Real Talk,2019-07-30,single
03b913f1-33ba-4ae9-a3f5-f4fda9dbeebe,Bella Guido,2018-06-12,single
9b01b666-af47-4350-90a1-38fdf0bc0a77,The Globe,2022-11-03,album
dfcb3b5d-ec0b-4b01-8775-5d7c92287b69,100 rancunes,2021-07-01,album
9f9961fa-5da3-4c47-9ea7-ecd26a3b272c,INTROVERSO EP,2024-03-12,single
d469dbd7-9954-4038-a7d7-95a0149ec354,ALI - ULTIMA NOTTE,2021-09-24,album
6cb21334-696a-474b-bcb9-7ca621d46e99,Guess Who's Back,2022-04-15,single
c9193adc-85ef-4e1c-b3b7-c88a84acb370,C'era una volta,2021-06-24,album
3ed5a3a5-b319-4ee6-9103-2c609cfc5d44,Giorgio Vanni super hits - il meglio del meglio,2014-01-01,album
27b4a835-6f47-47fc-b0ec-9956b17f2079,OCCHI TRISTI,2024-10-18,single
1f416f9c-13de-412d-bed8-3c8efb70fb20,"The Illest, Vol. 2",2019-04-26,album
d95e791a-2926-437d-8a77-712ef296f90d,No Friend,2025-02-28,single
f2422b18-0ea1-4041-a8ff-8f9ef88e2d6c,Le Voyage,2003-01-01,album
ddc4718e-566f-4e46-be5f-401c13207c09,Players Club '25,2025-04-15,single
2f1879cd-739e-4ada-af51-264e3b7b65ad,THIS IS MICONS,2024-04-05,album
544006e2-924c-416f-894f-085d135eb7dc,CANI RANDAGI,2025-04-11,single
8df39938-0957-46b4-b81c-df4736744e5b,SN4,2023-06-16,album
ac0e690e-fbf9-4b15-9b7e-e24cfee8bcdd,64 BARRE IN FACCIA (Red Bull 64 Bars),2024-09-05,single
9ce649d6-a1a4-468a-b8cd-946365a7c908,BOOGIE WOOGIE,2022-06-24,single
fee70e84-034e-4247-952d-64b7520fcda0,OFFLINE (feat. VillaBanks),2023-05-26,single
b4c41a70-7be1-4f29-9ef0-0f2ae079398e,PER SEMPRE (feat. Bresh),2024-09-11,single
25b5b7ec-0b24-42ad-8294-0eed7561bc89,ALI,2021-04-29,album
29048f8f-2eca-421c-8725-c47fe6657e18,Lorenzo 1999 - Capo Horn,1999-06-21,album
4b1ec4e2-e132-4e9d-a9c5-7b6080986660,FIGLI DEI PALAZZI (feat. Néza),2025-05-02,single
05fca0bb-bc3c-4c89-a473-097899d59c1a,"Gelosa (feat. Shiva, Sfera Ebbasta, Guè)",2023-02-24,single
0bb0f2c1-b564-4c31-8bcb-9ada03d2169f,Scatola Nera,2019-09-19,album
03dd5eab-c247-4c19-a7f3-9246cbde303e,Illuminate,2017-04-20,album
75a2688d-b959-4edd-a213-9698304cdd7b,Playlist,2018-11-09,album
a1f59732-68d4-4d8c-922d-40cdec51cedb,Ds Ep.8,2022-06-10,single
a01296f8-c8de-481f-ba58-f77a6deb9dc1,64 BARRE DA CENSURA (Red Bull 64 Bars),2024-05-10,single
0d54f4ff-ac6b-4f55-b5b0-076779325017,"Secondo me, l'amore...",1972,album
6394787b-b63e-48f5-94cc-b98d6b76809c,SDFTR,2025-03-14,single
24596101-9e66-41a8-a606-64110db429fa,Il chihuahua storico non ha senso senza te,2005,album
428f75f4-210e-418f-9efa-2a770e675933,Mary Poppins (La Colonna Sonora Originale del Film),2018-05-18,compilation
2798a191-f238-4911-a552-2997db393271,No stress,2021-08-27,single
84ae9cba-0b68-4078-b7de-7cce014dbc04,SunTzu,2012-03-23,single
4539229d-4cc0-4ce3-a56c-c7a4ef55cce3,XXX,2024-02-09,single
450800e6-cbde-46f5-afd8-40841fca18e5,FRAGILI (Acoustic Version),2024-08-30,single
2e9ac83d-8242-4717-b685-29007f75329c,PAPRIKA,2019-03-29,album
fcd0b176-de1b-4f53-a5f1-0733ec264819,L'ANGELO DALL'OCCHIALE DA SERA: COL CUORE IN GOLA,2016-10-25,album
f2de0196-0312-45b5-9575-73ed491335ad,CHANELINA SOUBRETTE (feat. Disme & Ele A),2024-09-27,single
cf0be2f7-7f34-4f3c-86f6-10cf231bbe91,Misteria,2023-12-01,album
be0d28fd-6e6d-4fc5-abff-53bf51112b05,Levi,2023-04-11,single
ca0d8757-755f-4887-b8a5-ccb08babe819,IL CIELO NON È UN LIMITE,2020-11-12,album
8f3030d0-e7f0-4178-8c5f-7c6952600748,Year of the Dragon - Songs from China,2024-09-27,album
6a428e36-7579-4a28-a1fc-6a5f31de4832,F65,2023-05-05,album
5ea333f8-3807-4ede-ab09-c8ef2a7d6fab,Piove Ancora,2021-11-05,album
1234178d-2f5b-490a-a1b5-8aaed37465e9,Zum Sterben schön - Ein Musical für die Ewigkeit,2013-11-22,album
cf97ada5-a742-4028-9754-a3006d9c17ff,UNA VITA IN CAPSLOCK,2018-04-20,album
256d3228-0fd2-475f-8373-3c047f782dd0,CARPACCIO GHIACCIATO,2017-06-23,single
58abc46c-da8f-4888-b432-fcedb73d398b,CLUB TOPPERIA,2022-05-26,album
bea8fe2c-9d43-4467-9405-c06ebb96696e,LE RAGAZZE DI PORTA VENEZIA - THE MANIFESTO,2019-10-17,single
89d991a9-3e04-49ce-b277-915fae70e70c,On a Cloud,2019-12-27,album
054754d5-568c-4fd2-8d92-1bc5f98b37af,Year Of The Gentleman (Bonus Track Edition),2008-01-01,album
c885b6d5-36c1-46a4-ad02-0ce36ac98150,CONDANNATA A DANZARE (dal film “Il Migliore dei Mondi”),2023-11-14,single
6914dc30-0bd7-4e9f-b8c0-e7bbd3a8e093,.,2025-02-27,album
e61fbf66-d0c9-4a3a-801a-1a8be6d25f6e,13 Months of Sunshine,2025-05-16,album
b191f4ab-9002-41ac-917d-ff9f5df3f7ca,Bacco Tabacco & Venere,2021-05-28,single
956787ef-a603-4116-8b20-1a01b155c3f3,Sangue,2024-03-08,album
90eff5b8-0e2a-44d5-a512-ef4a2e086d82,OMZ,2022-04-16,single
0eea9dca-ede0-4d75-ae24-ad7494e27f70,Bound By Fire,2009-09-26,album
eba1de76-cf06-40d2-ada5-9dcb166bda6b,FINIMONDO,2022-05-05,single
181b5fc3-afbe-4712-b3c4-d0b65ecd85e5,Potere,2019-01-24,album
bd8acb3f-a856-489b-b4b4-08fe302699e3,L1,2012-06-19,album
57a30bef-1c8f-4ba6-a5d0-67d03683f0ae,"Anno Fantastico (feat. Shiva, Tony Boy)",2025-03-21,single
0f12f84c-c335-4964-8221-aa6a4b389311,Potere (Il Giorno Dopo),2019-06-18,album
05273a4c-a49a-4e92-bcab-dcff6f2d6efc,L2,2014-07-01,album
5885e337-d20a-4d68-ae0b-cb5e7805ee0d,Potere (Il Giorno Dopo),2019-06-28,album
965216de-8b5f-4222-8fdb-cfd060aa0aee,Dove Volano Le Aquile Vol. 2,2023-05-10,album
6071f98d-bd40-4e05-b62b-4f6193e52444,Ailleurs,2012-11-05,album
d07507a1-2379-4804-97d3-c0b017fe6fbf,DAMN.,2017-04-14,album
70a776ee-aa91-4bf3-930c-f053b0c50ce9,Strade Smarrite,2008-03-01,album
c584eabb-1751-475a-86cd-13af362a5285,Porta Una Rosa (Red Bull 64 Bars),2023-12-15,single
48b7243a-c279-4cf2-9fcc-d10d84ae544d,2017-2019,2019-10-02,album
1d69554d-f25e-4557-b38c-53b2d428ee7a,Icona,2018-11-16,album
3842aed0-cf3c-449e-9309-859e8fc164e3,Kiss Kiss Bang Bang,2015-09-11,album
ace15262-75ac-4935-870d-8f3ce39e3f6b,Una seria,2013-03-12,album
f8586e35-f4ec-4ef7-86bc-528e9556bd81,Non mi basta più (feat. Chiara Ferragni),2020-06-25,single
601aaa23-9958-4a9c-a16e-9e914cec218e,Donna sulla Luna,2021-06-11,album
4c36709a-5810-4d4f-bca5-639b0a0a8a9d,KIRK,2019-09-27,album
549cbc9c-61ce-46da-930f-94bd068da9a1,Buenos Aires,2020-03-06,single
313c7700-c189-4370-b093-e0cba2750646,Roma - Bangkok (feat. Lali),2017-02-17,single
01d9492e-1455-4ccf-a390-d0bda312521c,Kung Fu Panda 4 (Original Motion Picture Soundtrack),2024-03-08,album
e1cda633-bdc0-4188-a631-83347a50237d,Greatest Hits,1999,compilation
0fc426aa-e355-4fda-8666-05874ec7fc32,Femmina Alfa - EP,2011-10-05,single
315cc873-408c-4aac-b9e3-936f4b670356,TOTEM (Ultimate Edition),2021-06-25,album
b074dc10-e97c-46ee-9cca-ff3ef3fd4eaa,Follia Mediterranea,2025-06-06,single
8d28fba2-58b0-495a-8f1d-46cbd518a475,Kimosabè,2023-09-29,album
d5171359-2fda-401b-8265-61dbca79f44c,M'ama non m'ama,2023-06-16,single
a8312edf-d77d-422b-a786-b7912a0e03fb,Paper Room,2019-11-05,album
eda8f7ad-707c-4f67-8258-b7c0f1efb1c4,Fino al Blackout,2024-04-19,single
05cd8682-e84a-453a-abc8-6d1199a9fb52,Easy Money Baby,2020-01-24,album
0b4bf03f-b969-48c0-a3c5-256c63bc1dbf,Feeling Good: Her Greatest Hits And Remixes,2022-02-11,compilation
eb3d5276-1a1b-4007-b1b2-97201c9cf2a4,TOTEM - Episodio Tre,2021-02-10,single
67f114ab-b287-45d1-9e90-15f1700a3ea3,Connie Francis Sings Second Hand Love & Other Hits,1962-04-10,album
3d9482ef-3d2e-4e9e-860d-2aa3aebd16c9,Tq the Second Coming Domestic Clean With Bonus Tracks Part 2,2008-01-01,album
0470aff3-d703-4a34-9ec5-cc6a7da611fa,X (feat. Maluma & Ozuna) [Remix],2018-06-29,single
c77f355f-1782-4a58-96ec-b870e167c718,6AM,2022-09-15,single
9b2fc779-f0f9-4e00-a0f9-5571d7de5f8b,#Bedtime Baby Lullaby#,2018-03-28,album
6504659e-4812-4a5a-8546-d6a6f7172bc6,Yung Pokro,2019-03-29,album
0fb340c1-8188-47fe-a76a-58c1400bd32e,Solo,2024-01-12,album
c269e7d6-8cc7-4114-82db-7c10cf6a6096,12,2022-09-12,album
33aa96f2-a961-4574-8834-d8482339e067,Locos Valientes (feat. Andrés Dvicio),2017-09-08,single
50e518d5-9f4c-4f52-854b-7b4896d25b31,"Dark Days, Bright Nights",2001-01-01,album
f6df416c-d43a-4335-bc8e-77ff53b5be26,Babylon By Bus,1978-01-01,album
8593a23c-e290-4dc5-a5bd-6e8d7e2b5a54,Roma - Bangkok (feat. Giusy Ferreri) [Spanish Version],2016-02-19,single
958d0cd3-d8d5-4cd3-8c2d-ee477a6a5eb3,Hello World,2024-12-06,album
41be4787-fc75-49da-8411-ac580daaa1fb,Pray 4 Love (Deluxe),2020-08-07,album
e160177a-97d8-4bd3-86df-1598e6efeae6,MONEY DANCE,2019-10-25,single
3bfe0573-b19c-4db7-aeb7-4e9686698987,Variazioni,2017-03-31,album
75794900-951d-4f29-add0-3880a0ab55db,Onda Alta,2024-02-07,single
1091de70-6079-44c0-b350-1346efb8988c,Nostalgia istantanea,2012-06-12,album
dd01e0be-6bf4-469a-b66d-1f5fd829b795,CD' (Bonus Track Version),2011-04-01,album
fe83d2ec-3538-484e-a2dd-e91acae58051,D'Io,2015-02-03,album
b92428e1-d72a-4d03-aa86-5f363e46e66f,Dove Si Balla,2022-02-02,single
1edd570d-3297-4880-aeba-f7e8213bfb5e,Di vizi di forma virtù,2008-06-13,album
42c41ed6-a14d-4a63-af6d-5e0ee62ddda0,Vivere Aiuta A Non Morire,2013-01-01,album
ab4bed8f-e291-4039-8e10-129c592640ef,NEI SOGNI NESSUNO È MONOGAMO,2022-03-03,album
fa370fea-4154-44ff-ac7e-bca5e007da9c,Bir Tawil,2020-12-04,album
95014cb2-2e7c-4886-99ef-8e6f383b8392,Musica Senza Musicisti,2006-04-26,album
ef6b7413-d77c-4ddd-8824-71be6fc87283,L'ottavia,2014-02-12,album
b835f0d2-02ef-4b37-9421-29ebd852ba2f,Ciao America,2024-02-01,album
867b94e8-c01e-4ecc-8e12-8a50c09487bd,NEI SOGNI NESSUNO È MONOGAMO,2022-06-14,album
95f6d33e-fbd8-4381-960d-1133a2d2fa8c,"Nullatenente (feat. Massimo Pericolo, Jake La Furia)",2025-04-03,single
4227c335-ee3c-4294-b688-2fd33930b527,Ciao America,2024-02-02,album
c52aef40-b3e3-4c96-858e-e40ceefc5d78,Pelle D'Oca,2023-05-18,single
0af5c2fa-7cc8-4650-8147-5de3c5a93732,Amico E' ( Inno Dell'amicizia ),1984-01-01,album
2b5c43a0-e5c3-44f6-a19d-5b00a43d0f4f,Muziki,2019-11-28,single
df29608c-8ecc-409b-be43-8482785b499c,RIOT,2020-10-30,album
fa1ab221-1dbe-49d0-bfc8-a1ea8cd76db3,Diari Aperti,2019-05-03,album
027c8a92-b8df-4a5c-a789-60477b9f108e,Buganda Rock,2017-04-24,single
d2015c6e-43fd-4b23-a677-1f9b567f7c02,Hell Taxi,2017-05-03,single
89c97c24-4270-416a-8810-b38ae744d332,Rattopsy,2014-07-01,album
4b059aab-c42c-4e46-b3d6-9c31e7c89314,Dinastía de Caín,2025-05-09,album
b08bb9b0-88cf-49fa-8895-b89e87112bfd,SERVER SIRENA,2019-10-11,single
05f4a984-7809-4b7f-9a31-c68b9ff40c99,NIVELES,2020-09-25,single
f8c7998e-86d0-4d46-a690-5bba1eaf1571,"20 Años de Rabia, 20 Años de Sueños",2013-04-01,album
dfc61bb6-49a3-4903-a4e5-4843dc076abb,Visión,2021-05-07,single
3ebcab32-a1f0-4c18-871f-b4c38ca2d58c,A.M.N (Any Minute Now),2020-09-11,album
050937af-4b16-465f-8639-70a6de783796,Hip Hop Is Dead,2006-01-01,album
807dc01a-0fce-4836-9b80-799f624e3ce8,P Secondigliano (2020 Remaster),2018-07-20,single
c6d6f2b2-e38d-4943-b39d-ac079eebe538,DIO LO SA,2024-06-07,album
513f6303-095e-44b1-a907-6e387c04c38b,IL CORAGGIO DEI BAMBINI - ATTO II,2023-04-07,album
c434d645-40da-4238-823b-9f15b130e7ad,Emanuele,2019-10-10,album
d6517111-a91b-4a93-a709-1fe279015274,Campioni In Italia (Red Bull 64 Bars),2023-11-24,single
16b0ae89-cbe4-4a5d-aeab-764b29518b61,Emanuele (Marchio registrato),2020-07-09,album
11d6868e-8777-470f-85c1-b530830bafff,IL CORAGGIO DEI BAMBINI,2023-01-06,album
a8a7034d-6992-4716-86ef-1b6898deb9a6,DIO LO SA - ATTO II,2024-11-22,album
b36e6f74-9f95-4b72-a505-3dd4126c2eba,MM Vol. 3,2019-02-01,album
60c8dc59-d313-4c9b-878b-f37148c7b5fc,RAP TUTORIAL (64 Bars),2021-05-19,single
bfae2036-3833-44b4-8528-36af09140185,Mexico,2018-10-18,single
a8b45739-3f1d-40f5-91a6-1b145285105d,"Vamos Pa La Banca (feat. Geolier, Samurai Jay & Lele Blade)",2020-02-28,single
24c68d3a-86e3-48e7-b3d8-7728be1729fd,"SARÒ CON TE (feat. MV Killa, Yung Snapp, Lele Blade, Vale Lambo) [Original Soundtrack]",2024-05-03,single
d4581c91-c216-40bc-bc1e-0b71e310c65b,Early American Cajun Music: Classic Recordings From the 1920's,1999-01-19,album
fc759ce8-48eb-4d21-a71a-4fc7f7270085,N'ata vot (Perdono),2023-12-08,single
8648ffc5-0c4d-4af6-ac4a-a82cc24ebf35,Truman,2018-11-16,album
d486d171-540b-498f-9351-5044d8cc5852,Clownstrofobia,2016-01-15,album
35234981-9dae-4f31-a896-0ec75f158639,The Attic,2023-09-01,album
91784b1e-8a62-46fc-a319-a698f55fc526,Balorda nostalgia,2025-02-12,single
b8c5644b-20f8-47b7-abec-89979cbdf602,Allora ciao,2020-01-10,single
3b31e3fa-2b0c-4a8b-b7cf-63b6201f1827,Kamikaze,2018-08-31,album
81e98fe8-5306-46bb-9937-345b07710034,La hit dell'estate,2019-06-18,single
2cd273f2-3341-4027-9c5f-8c55fba30f72,Mirabilansia,2015-04-22,album
34298031-f34d-4a07-83a1-d77653885670,Odio le hit estive,2016-07-01,single
32d51b4c-96d5-416a-9b4a-9f131509bb62,Autostop,2020-06-16,single
68eaf3f1-7e99-43d3-99ca-2ef7bed4e793,Truman (Sanremo Edition),2019-02-08,album
9c5502b8-1725-499b-ba26-d949fb2f7c8b,In un'ora,2021-06-01,single
20b61fdf-cb44-4a63-a8b4-6f2ae5c7c3e7,Diversamente Triste,2023-07-07,album
168d69e5-8c39-43a9-8a7c-f2597205a7a7,Rap Fiction,2019-08-27,single
026b2a29-c85d-4556-bb0c-f6deb7860ec4,Tori seduti (feat. J-AX),2022-07-01,single
b5145cd8-0961-47d0-ba55-39dd7003bfc8,Lunatica,2023-03-10,single
bf7ba64c-cb4e-43ce-a0ff-29553bd39fde,Shades and Echoes,2022-02-04,album
f0566027-68d5-40fc-8a31-c15aa8e1a831,Pendolari,2023-01-13,single
00351fba-66c7-4b00-9a00-f6fa5f484d76,Per Sempre Mai,2023-05-26,single
4a844b5b-cfd4-4218-8afb-d742f37f84e0,Testa o croce,2019-10-04,album
f2374e75-4597-448d-a2b3-a0849fa6557f,This is Reggae 100 Classics,2025-06-11,compilation
cbfdef41-a168-40c5-b785-2caed69452c4,Better Days,2022-01-28,single
66dba5c2-6a95-4b08-9303-707bba7eff40,Ya Ganamos,2017-10-01,single
8a3d5bbc-83d4-483d-9529-10685c534eeb,"Musica da giostra, Vol. 5",2018-02-23,album
a24dd724-eaff-44a9-987f-d1132f036e41,Il Fuoco In Una Stanza,2018-03-02,album
c4819f88-7290-466a-b85c-1f7e230b7851,Mindstate,1998,album
a0d46ffb-43c4-4834-b6f0-755e95cd3a88,Rinascimento,2019-03-06,album
4b10d8ba-75f3-4469-ae8b-23fe8559ecd2,50 Shades of Fuckree,2017-03-31,album
dad13705-2945-4ec6-898a-989dcad9e862,Answers Within,2016-01-02,single
cfa65ae9-bae1-4e70-a838-a97bf230ade6,Light And Shade,2005-09-26,album
87febc52-7a31-4ee1-95fc-2bfd59b0be63,Spot,2024-07-10,single
a84a6dd1-bb40-4148-b1c2-ec9b81775bdb,Mambo Salentino,2019-06-07,single
3d119436-eae3-4a8e-96ff-7b2c2f23af3a,"Shades of Night (Flowing & Calm Sleep Sounds, Sensitive Background Music)",2019-01-04,album
bedc65fd-9a3f-4cc5-b960-e5c916571a94,Bottiglie Vuote (feat. Max Pezzali),2025-04-11,single
52d094f6-2206-47e5-8cf5-ba6722278e54,C'era una Svolta - Monologhi Pop Vol. 2,2022-04-07,album
40b6dc7d-192e-4581-b9dd-cca003d51e92,Combat Rave,2020-05-01,album
44f37cfa-87d9-4783-9ed5-d15aa04d8902,Twist & Shades,2025-05-07,single
62693ca6-f0aa-4cc0-a58e-63816c8b4b57,E No Fit Be Me,2022-11-25,single
52f7618a-f647-4bd4-99cd-4e1519db0342,Бары,2022-08-26,single
0c0125b9-8116-4440-8775-e49c3e09ce3b,Hot In The Shade,1989-01-01,album
74e34135-fe2a-49dc-95f0-123babaf7c78,Supereroe,2018-10-12,album
0bedca21-a695-41e4-9a1b-417b9fe62a65,Linda,2017-10-25,single
88f4d1f1-697d-4916-86db-8c7c41d20cd2,Serio,2018-02-09,single
fff05ed0-06f3-4f01-9f28-24dd99a78510,Terza Stagione,2016-10-14,album
f20dfc68-8fcc-4b65-b327-7a0b4381ad19,L'erba cattiva,2012-02-07,album
abd1514c-97f3-4ab1-b77d-cd222fcbc24f,"Keta Music, Vol. 3",2021-07-23,album
839ea9b3-9663-46c3-8418-aa355847981d,Linda (Reloaded),2018-01-10,single
45f77ea8-e099-476a-ad32-fefafbcc6bb2,Supereroe Bat Edition,2019-06-21,album
76c5c0b2-df3e-4d0e-92a8-6f8edb5f37c7,Keta Music - Volume 2,2015-06-18,album
31fdf185-a9b5-41bc-a743-360f88e32855,Effetto notte,2023-05-19,album
641b95bb-4a39-4cca-9a5c-d70e73a857f2,17 - Dark Edition,2021-02-26,album
8611bed4-3be6-4c99-be47-d9d4972be4fd,Mercurio - 5 Stars Edition,2014-06-10,album
dde715c0-7a29-4b42-a297-da2d595d1048,Mercurio,2013-10-22,album
4aab201b-dd35-43bb-b3e7-5c93959fed44,In auto alle 6:00 (feat. Lazza),2025-05-02,single
8c3b6b29-92f4-4fa8-ac4f-b6010644d65b,Tijuana,2019-05-31,single
6d4d80f5-1601-4bf9-a6ce-79358618810e,Sei Tu (feat. Andrea Piraz),2017-06-30,single
c1c1ed57-0fe5-44bf-bd20-66f79d40072f,PECCATORE,2025-05-23,album
18b3b9e5-1534-464d-9f9b-c1f7b79bccab,Effetto notte (L'alba),2023-11-24,album
554f8325-82c0-4c51-8263-261d1b78a60c,Fuori di qua! (Stories) [2022 Remastered],2004-11-01,album
0739ace3-fbeb-44ec-a19c-029885577f18,Nino Nino,2024-09-13,single
52723ef4-8e7c-4575-9441-340abd6505b2,Andale,2020-06-17,single
9c11aaf8-be47-47c5-916f-cdfc8b6593e7,PLC tape 1,2022-04-22,single
2cab555a-c24f-4712-b552-e34b99be5831,I.L.T.G. (I Love This Game),2015-04-27,single
ad813a2b-af28-45bd-bc62-1d5a235d92e5,BUTTERFLY (feat. Simba La Rue),2024-03-08,single
64b75a3c-c1d5-473c-afc6-45e48487a398,Il peggiore,2011-12-19,album
97352c08-4ce1-47bb-ad8c-aec9041d8885,Vampiri,2013-07-01,single
a2054bf7-60ee-451e-8790-8ef86ae646fc,Che abbia vinto o no (feat. Antonella Lo Coco) - Single,2014-11-25,single
ec45c2da-27a0-48f6-a92c-ea2c60421f35,Lucifero,2022-07-01,single
4db88021-e8b4-4985-a4db-a760cf5c4f4e,#Rossoneri,2015-09-11,single
96169b43-1b79-40c9-846d-185079b13ee6,LA RIVINCITA (feat. Jake La Furia & Emis Killa) – prod. Don Joe,2021-06-03,single
d4932cbd-f748-4057-ab38-6eb7feeb910b,Pop-hoolista,2014-10-14,album
7f1ec465-6082-4e33-82f8-cd970df8dac0,MOOD,2020-08-12,single
c53479bb-c282-4a58-a940-cba38a2cc57e,Il Mondo è Nostro,2021-09-24,single
7a34256a-0c8b-4257-91db-01f938dd4a5b,Roof Top Mixtape 1,2021-12-17,album
744071d5-0647-4ed6-9032-acc03d4819f1,Nayt One,2012-05-07,album
47467ea5-166d-4416-9ac4-b6dab468d7fa,ryoach ! (freestyle killa),2021-12-24,single
1e220e85-9ae9-4045-bda1-cc45313fa261,Sing My Song Vol 16,2014-07-22,album
20b24c4b-1e3e-4e5e-ac69-f383a479de43,Dstruction MIXTAPE (Nuclear Edition),2024-02-15,album
2789e9b5-3eb1-49c3-a059-549847380e3e,Everything Based,2010-07-10,album
342d5a77-dc2f-4241-9798-5ef23636d4c6,Killers,2013-10-14,single
8169dfde-9483-4d06-83bb-755b325d11f0,Dadaismo,2014-01-01,album
db71540e-1fef-4c75-8b9e-e454990f6005,1969 - Achille Idol Rebirth,2020-09-25,album
d1cc350e-db18-4190-95fd-3c117e671e39,DeBÍ TiRAR MáS FOToS,2025-01-05,album
ff55259f-791b-4b0b-9fac-6d4bbc3742f5,RISPETTO,2024-12-20,single
b35c5236-25fe-438e-9324-f9a206483ff4,Duepuntozero,2015-12-16,album
0e9097af-9e62-4365-86b3-d7a4b5535379,Strappati Lungo i Bordi (Music from the Original TV Series “Strappare lungo i bordi”),2021-11-17,album
93add125-9059-4e0b-898f-bd3bc6a80619,Mwaki,2023-11-10,single
bc63d7d0-7cc0-4722-a600-4746aec002ac,Depresso fortunato,2025-05-23,single
87dbdc56-f217-4c2b-a1ac-8849bccdfdfa,"Baby Dance, Vol. 8 (Canzoni per bambini)",2013-06-19,album
799bc29d-9647-452e-a0af-6f77bbf3fdab,Call of the Wild,2019-03-08,album
105e4ce0-e19f-4d2e-8647-b4ba2e0b9984,Comunisti col Rolex,2017-07-11,album
03193545-28c9-4e8e-9167-7a4dbd91e0bc,Italiana,2018-05-04,single
f43708c5-ab88-42ad-a3a1-4d967d4d2d6a,Comunisti col Rolex,2017-01-20,album
a123d232-8077-446a-91e5-8c86cab67eac,Comunisti col Rolex (Multiplatinum Edition),2017-11-24,album
d74b5b91-f245-4993-9cf1-0da8b53212bc,Sconosciuti da una vita,2017-10-27,single
7f4d7f0f-f666-4dac-a25b-7bd6948a6998,Il bello d'esser brutti Multiplatinum Edition,2015-12-04,album
d5beaa06-0c62-43db-81e5-9a75b958871b,Tutto tua madre,2018-09-14,single
971f45bf-956a-4985-bc66-3958b3807aa5,ReAle,2020-01-24,album
d93ebed6-24a2-4f81-852e-e348c2ed054a,Il bello di essere J-AX - 25 anni di successi 1993-2018,2018-05-11,album
91646250-4309-45f3-a548-0a65a43251c2,Salsa,2021-05-21,single
6c1222d0-414c-4a69-8e21-dcf65213b5c0,Timberland Pro,2019-05-13,single
05005ce4-271f-4cd4-95ab-05cf546f9012,Semester Opening – Die besten Party Schlager Hits für jede Studenten Feier 2014 (Dazu feiert man nicht nur auf jeder House Fete sondern auch zum Apres Ski und Karneval 2015 bis 2016),2014-10-01,compilation
85ded78b-7d29-4d81-a96a-b29cd5c44c36,Di sana pianta,2006-10-13,album
c1b5a5ed-d4cf-4635-9bec-d71ac6b06c71,"""Music for a While"" - Relaxing Melodies",2025-06-17,album
ef6db659-21ec-4d6c-98f4-3fa58fb7f5d3,Meglio prima (?),2011-08-30,album
e40d2ac3-4c3e-4342-b7e3-cbd4fa2af7fb,"Soul Jazz Records Presents Boombox: Early Independent Hip Hop, Electro and Disco Rap 1979-82",2016-05-20,compilation
fa780d7f-d400-4ef7-bb49-2cda361beb54,J-Ax & Friends,2016-05-20,album
66632beb-c05a-4a3c-a68b-dfc9cc93d148,SurreAle,2021-08-27,album
098a1d69-4487-4c53-89ed-243e7bd0e3a1,Rap n' Roll,2009-01-22,album
15ee2c24-f201-4865-89e3-567bf2c74288,Sottosegretari alla presidenza della Repubblica del True Metal,2018-05-21,single
e1ea6bb2-fe37-42d0-ab98-cf58ae89274c,Deca Dance,2009-06-11,album
a1c23a0b-0485-467c-a612-2006d9dd9ce5,Meglio Live!,2012-05-08,album
495947eb-4344-450d-8554-d217cde84b37,Pirati urbani,2015-05-12,album
0f0e7702-30c5-4925-8b95-37a759193b72,Bed Bath + Beyond my Breaking Point,2023-02-17,single
3184f7de-3a4a-4dbf-a780-a11b9218c35b,Keep Focused Study Music,2015-04-15,album
409719e0-aef3-48ab-9933-642de6783490,Suddenly in Fashion,2020-06-30,album
7727f46c-2869-4072-9f3c-e4e221a6dc46,Sindrome di Tôret,2017-10-06,album
cfdb4756-f780-485f-bcfa-8cf8f8a0005e,Iodegradabile,2019-10-25,album
ad740e41-1a76-453e-909e-878cc64874c4,Sulla riva del fiume,2025-02-13,album
ba4d39df-8f98-4603-bd13-632942526ffb,"Non è il mio genere, il genere umano",2014-06-24,album
a8a7494f-88e2-409f-b1a7-81692297b838,Grazie ma no grazie,2025-02-12,single
879bf4c4-2495-4b34-9819-ead979d38507,Funk Shui Project,2014-05-01,album
1348c223-7b63-47fb-9a17-f30b0ec9f34e,La depressione è un periodo dell'anno,2020-11-12,single
0368194f-56b0-414f-b623-73c3aba74cac,Pornostalgia,2022-05-05,album
cdc7c21f-8aa5-48ac-a4a9-5956dda0e64f,Faber Nostrum,2019-04-26,album
90711bad-e781-4e45-b744-19006599b97e,L'effetto sbagliato,2018-07-06,single
5ecd3e9a-c548-47d6-a13b-022e779cfccd,Frecciarossa,2023-09-15,single
bc1df9bd-0347-4248-94e3-d4955df07a62,Tutti Manifesti,2019-07-12,album
adbbb7a2-a2b0-43e9-a639-18127f870fa1,Justin (Deluxe Version),2016-04-15,album
6ed9efc6-998f-420e-8592-65aa73e0a5ea,Algoritmo (feat. Shaggy) (with Don Joe),2020-04-30,single
d37e1996-126f-4d03-a825-df07211ad647,100 Campane 100 Canzoni,2008-10-14,album
9ff783e7-e7a9-44a6-b316-25b7ff846eb6,SXM,1994-01-14,album
4aa0db5a-b396-495f-80c8-c08177af3478,NEXT,2025-05-30,single
a53e18c6-1051-4f76-8f4b-016ca7f96858,Mantra,2014-05-23,album
25450027-8cf3-4bc1-ad17-9d4549d6accf,Post Scripta,2011-11-11,album
cf6f89f9-6d6f-4559-b3a6-af606de38619,Sulla riva del fiume,2025-02-27,album
a6ca62ef-916f-411a-a7bc-f777c576a54c,Son of the South,1986-05-01,album
8b187a3b-c9ec-4c9f-a000-8fde8b662fa2,Bloody Mary (feat. PUGNI & Fudasca),2024-07-05,single
b6be5832-1d09-4122-b62b-d93a8c541cc6,Picasso,2023-05-26,single
51016d5a-b16a-4896-8009-fc1f9435cd92,Down the Rabbit Hole,2014-12-02,album
4fdebf84-dc93-4ce5-aa36-b19f5fa6e49f,That's Them,1997-01-01,album
44a5fe5c-b060-49c2-a7ca-019df4c90f14,Elevate,2018-12-28,album
98c57606-7147-452c-b23e-7a32ab41f1ff,Curre curre guagliò,1993-06-12,album
7f04d6e1-aa5d-4d2b-90e5-c0667c861b23,Corto circuito,1998,album
aba313e6-61be-4250-bdf6-d538a202615c,Curre Curre Guagliò 2.0,2014-03-25,album
9845daf4-a442-4864-a60b-23388dbad35a,La vida que vendrà,2000-06-12,album
4ea27898-fffa-4f6a-a31e-44d9aeb798c6,Comanda La Gang,2021-04-02,single
1b93f2be-d6c5-4f4a-ac97-3178ba80cf07,Cerco tiempo,1997-06-12,album
5ff7f334-2168-4984-999a-5722d46f39ea,Na.99.10,2012-06-12,compilation
462fe49d-0366-4bf0-b290-dec9d8693824,Nero Su Bianco,2021-05-25,single
93aac231-3f35-45fa-ae6b-b8d877249308,Na.99.10,2001-01-01,album
49c6592e-6542-4ccb-9ae9-f44120da120c,NO REGULAR MUSIC (Deluxe),2024-07-12,album
b229990a-9f9a-4141-80c3-3cae30bbf4ef,Soundboy,2011-09-20,album
1c7093ce-2e8c-4dd8-a0b1-f3e241c9efbe,Purple Haze,2017-03-17,album
e88f64a9-9572-40c2-821c-2239cf0b5a8f,Facciamo le 9,2016-09-23,single
847859e0-7ad0-4978-aa5b-b43bfcc96e10,"Entics Television, Vol. 3",2014-06-17,album
c83a949e-36b2-4ae5-9c33-4b681eb58fb7,Love & Pride,2025-06-06,compilation
a158d1fc-1391-4456-8c3a-38bfbf4dd32e,I giovani non sanno,2018-02-02,single
40c6f928-0f00-49da-b3d3-367c3777d28c,Piove,2024-10-11,single
67fb20cf-d526-4a87-9471-fae1cf71b556,No Don,2017-07-17,single
bc7de3f3-79bd-438f-8d3a-f22bcc5c8451,Passatempo,2025-05-16,single
1fe328ae-78f9-4d94-9ea7-d3f979ad0fb0,Carpe Diem,2012-11-06,album
800e6416-07c8-40bb-b296-6fa3c2e7bca6,Sirena,2018-06-08,single
42943876-e66b-437e-87c2-69ba2fac534a,Cover,2018-04-06,single
878c50ed-6a07-4abe-ba9c-18305701c08b,Carpe diem,,
3d8c4453-9459-41aa-a862-bc2a8dc5ce5d,Sto bene,2018-11-01,single
c2531757-c8ac-4d11-9e0e-dc179cfa3b62,The Heist,2012-10-09,album
dfb65f8f-18a4-4be3-88f8-10c3e9b67c1a,Authentics,2021-11-05,album
5f6125d9-c4b1-48b3-aa01-891a6ca14d1f,Sole a mezzanotte,2019-02-14,single
fbe8b9a0-b883-44e5-a2d4-9e816e076e18,MUSICA ETERNA,2024-11-29,album
d4a8b22e-4444-4a1b-96d2-db5aaa56c1a7,Ritorno Al Futuro / Back To The Future,2022-05-05,album
e00d6600-81f4-4147-a8c9-23ddb91e3cf9,Wicked Game,2019-02-01,single
702f55fa-993f-4df0-a1f2-e2c28602cb32,Dio Ci Deve Delle Spiegazioni,2009-01-01,album
435fae3c-79e6-40cf-b3b6-615f1133c7f9,DOWN AGAIN (feat. Glocky),2023-11-17,single
bf129a61-0d7b-407f-a77c-948dc51b0106,Pi li Picciotti,2019-09-18,album
596b6a6c-7162-47d2-b8ac-40b883531fa5,"Ganyan ba dapat mag-workout, maem?",2025-06-18,compilation
698101c1-c86c-4b2e-930b-f8a820894655,DRILL SZN,2024-03-15,single
b1013c67-e066-4f1e-88d0-69e4b58f3636,Clandestino,1998-10-06,album
4b85eb04-beff-414d-8474-64458b17f4f7,Emozioni,1970,album
4d38f5d1-7c37-4e71-b44e-557f85d6b312,TIME IS IN YOUR FAVOR,2025-05-25,album
d7f8e1aa-4dd9-4d3d-bef7-94506af78d6f,Il corpo umano VOL. 1,2025-01-30,album
debed0f6-e9ca-43b0-88a0-6ec7c7f08a33,Melomane,2024-12-31,album
c394fff7-8d1b-41b3-82e0-ff63c736be63,England Made Me [25th Anniversary Edition],2023-11-17,album
0fb6c9ac-6249-439a-9c6a-0e5d24d5858b,Free the Universe,2013-04-15,album
04ce2a17-6f1e-4d4f-8094-cee03783236b,MĀYĀ,2024-07-05,album
83976b82-1e6e-40a3-91c1-b51f2722813e,Montagne russe,2020-06-05,album
52024d61-3168-4634-95a1-c93c4fb8dd60,Handmade Cities,2016-08-26,single
69db0406-4744-4fc0-a793-a07f7766c08e,La rabbia non ti basta,2024-02-07,single
7907692f-3140-4e97-8609-96bf4de1b105,Sangue,2024-03-22,album
65061501-0c3e-40a7-baab-5e97af5a9b88,Next Big Thing,2022-04-15,album
8464aa9a-e208-4d06-8bbc-988c3fbca039,San Junipero,2025-04-18,single
853f6e9d-2d8a-4588-9233-92d978c955f8,Bubble Gum (버블검),2025-06-06,single
441c641e-6c94-4909-9c39-7517409de36a,Formato XXL,2021-01-29,single
c31a502d-fb1a-4c2d-aaf0-e6653aabbb8d,IO NON SAREI,2025-06-13,album
2f642fa5-993a-4b1a-a88d-ae97942e0cbf,Ma che Hit,2023-02-24,single
bc73efce-adc1-49d6-86d8-182cc2b8ee56,Così Leggera,2021-10-22,single
a72a316f-d20e-434e-85e0-5c7b6929c1dd,TooMuch,2021-06-25,single
d6f9c99f-c4fa-4844-91cb-daeb2539a6c6,Bloody Mary,2023-09-29,single
40b63cdd-4742-4ffc-ad4b-9bfa1cff7399,Mayday,2020-10-09,single
12bf6188-ce84-4e05-b616-9d98a81e3287,Amsa,2019-11-29,single
65c65bdc-714a-4cd8-ae21-4a45995d0e21,Come Uccidere Un Usignolo,2017-06-02,album
f010fc2b-eb71-4420-ae73-86d128d62ec1,No Hooks,2016-09-21,single
7f272c6f-18e7-44fa-998e-da4014dafc00,68 (Till The End),2019-04-05,album
b39ea185-c0ce-4288-9e68-a619f607ed51,Come Uccidere Un Usignolo (67 Edition),2017-11-03,album
3dc0f81b-cb9d-43da-a967-0f5a31776909,IO NON HO PAURA,2023-05-04,album
33bb467f-b2bc-4995-b32e-06f40653c844,Fenomeno,2016-11-08,single
56b3c6a6-00c5-4a2a-9394-88d1e2454f47,68,2018-09-07,album
915edcf7-badf-4d45-a806-563e8b74ed36,Gemelli,2021-01-19,album
ca5e6016-2ad2-4096-aa8c-3e5db4e2ab57,Tutto bene,2016-09-29,single
bff98921-b436-42da-b476-8126af668f6d,Gemelli (ascendente Milano),2021-05-20,album
75d0e2ab-5f40-4cc5-8d84-a7d83ace7b4c,Venere,2016-09-29,single
c4b2dcea-6a10-4491-873c-27e9f30bf92b,La Pelle Del Puma,2018-02-16,single
3f25d935-5ef0-42db-8d6a-d55488c3eeff,Going Hard 2,2021-09-02,album
bfdc5d2b-0f82-4ad7-a19d-47988e0ce00f,Partizan,2019-06-20,single
648f38ed-762f-4d6f-bd49-c6de3f844d7e,Cos'è l'amore (feat. Franco Califano),2019-09-20,single
6c0c54c9-8474-4679-aaea-b8d3f380b3f9,MILANO SOPRANO,2021-07-09,album
c839ad66-5e6a-40ac-992f-e60e8bfb9cb2,F.A.K.E.,2019-03-15,single
4551837f-ce54-4e2c-802c-356bdc3f12e2,SPACCATO,2020-05-14,single
ba47edbb-7b8b-4cb7-af63-6d04611d71da,DON DADA,2023-04-13,album
d98fc504-48b3-4d89-a00b-f8519565dd58,Ora O Mai Più,2015-05-05,album
e2fd0f86-fc83-466c-8aff-85f70177a9a4,"Hikikomori (feat. Niky Savage, Emis Killa)",2024-11-01,single
e0f1b89b-4b15-40bf-a87a-41ea65406fe5,"Istinto Animale (feat. Guè, Annalisa, Ernia)",2024-05-10,single
e10ecff6-76bd-4a70-ac8d-b9e3b8160e63,Jingle Bell Trap (feat. Boro Boro) [Version I],2019-12-19,single
e549ecdc-e217-4772-9441-139fdba86f77,The Road to Diamond and Platinum,2019-07-05,album
a89aba5c-35a3-45dd-a1ba-90538d0b338b,Sweeping The Nation - Volumes 1 & 2,2006-10-03,album
5d249865-022a-4dbe-8aa8-1a7272822433,True Story,2004-07-15,album
0a12e1e6-5d36-4d65-b93e-0d0a5a545d5a,Colpa Delle Favole,2019-04-05,album
356f6fab-6a38-4e6a-a7c4-b44634820e14,Fragile - Nesliving Vol. 2,2009-11-13,album
fa1aeddf-f73a-45b1-8555-fe799b6d6ae9,Maldito,2017-12-08,single
b5aed038-5dd8-44fe-96e2-2709c72444cf,Home,2004-09-01,album
d686ba1d-d71e-41da-be70-3ee203f14cda,Ego,2003-05-01,album
ad4673b1-acfb-42c8-9dae-fbbe78e4767b,Andrà Tutto Bene,2015-02-12,album
c2a755b9-0f1d-4eb0-a45b-fbfdc228d99f,"Voglio di + (Nesliving, Vol.3)",2013-04-23,album
4ec3995c-82da-4778-bc22-5bb21e2c6f81,Le Verita' Nascoste,2007-01-01,album
83743e36-f1d9-4f79-aab2-6369008b311f,L'Amore E' Qui,2010-01-01,album
5f10cda9-3086-44a7-bb37-7f955dd15bf9,Vengo In Pace,2019-03-22,album
13045c3b-8ac0-47a5-9bb0-756f7a93deca,Immaginazione,2019-05-16,album
56605369-9714-45d5-aa06-e52e91a0197c,Nesliving Vol. 4 - Il seme cattivo,2023-03-10,album
e057e6b4-e61a-4e72-82e7-94dbb8a53f09,Spirito Libero,2008-11-21,compilation
d70c3380-62a1-4172-9ab5-d50a840abefb,Home (Remastered Version),2004,album
d5231110-795b-4fc7-ab4e-b8904ab8538a,ann[ego],2022-12-02,single
37587f7c-c0dd-4aa6-ada3-bdb2868b253e,Trafficante,2022-09-22,single
7da71325-d28d-43af-9c68-3e248df034b6,KETY,2019-10-18,album
2f49cd28-1e2a-427e-953a-52c0d331826d,Nesliving Vol. 1,2009-05-20,album
1a069b14-aae5-4431-badd-a680dc290965,Kill Karma (La Mente E' Un' Arma...),2017-02-10,album
ad533fc3-9e42-415f-9ae3-b0d0e20a999f,Portami al mare,2024-07-12,single
2cf838d2-a85e-4831-8a02-e803511b965c,Viva La Vita,2018-06-08,single
b4205b17-e22d-492c-94ad-19ff2c58d7b3,BATTITO,2025-02-12,single
1e5acf1f-29b4-48d8-8564-d0b5df608a12,Nesli Park,2007-01-01,single
ec5e2e88-a9e1-462c-af94-0a848840ede0,Oceani e tsunami,2025-01-17,single
d9f22118-e91c-48ea-869f-ea3205b20c2d,Non é una bugia,2024-05-03,single
5e97bdbe-3a89-41aa-81d1-0a1200e9fcaf,Guarda come flexo,2017-09-20,single
9c63ec1a-68a8-458a-aa5f-088574b81ab8,Piano Piano Way,2017-12-15,single
432a23ea-d542-4bb9-b2a4-4f1ff4ef845c,Facendo Faccende,2023-05-25,album
566d3b48-adbc-4ee7-a964-683955ee1054,Me lo sento,2017-08-04,single
680c48ef-26ab-42c0-bebc-53be31bc4651,HARDER (feat. Low-Red),2025-01-31,single
2ec48dc2-c0d6-44f0-85e8-48e1fa46c5ea,BlaBlaBla,2022-02-18,single
ca685b90-b233-45a7-8cf4-2c66c52baa20,SKUSKU (feat. Pyrex),2021-07-01,single
46a99637-079d-44ff-8658-0537d2735486,Come se fosse normale,2017-04-07,single
33220471-ecfb-4253-b510-204df5d33d10,Caldo,2020-07-02,album
1c50c644-acb0-45d3-98f4-25368a8388c8,BINGO,2019-02-15,single
8d8e1787-a334-445b-9363-bdd3068602c4,Demone,2021-04-01,single
cbfca514-7a93-4f5b-a9dc-0eb9aa76eeb3,PULL UP,2021-11-11,single
52423ab5-1635-4df2-96a1-a2ddf9bd16a7,GUARDA COME FL3XO,2024-05-17,single
5f90ab2a-1c5a-46fc-ae6d-e84ae8b1b4b9,Il Passo (feat. Samurai Jay),2020-04-23,single
d1604add-9da5-4b62-bcae-077c5eb9026e,Arcobaleno,2019-05-03,single
88b81609-01cb-45be-beb0-0f8782117d85,Esse Type Beat,2025-03-21,single
9ad396b8-a088-4b63-b262-6d6837debb5f,Pochi Pochi,2023-01-26,single
30d90171-81d9-4e6e-9cc8-e334599c743b,PLAYER DEL SECOLO (feat. Guè),2025-04-04,single
a76a481c-e322-41d3-88a6-0251181491c5,MI FAI IMPAZZIRE,2021-06-17,single
33051763-0886-4448-a4a7-5233e1d6f9e3,CUORI SPEZZATI,2024-07-05,single
79d150b3-8a10-431b-a236-f58ba5e61074,Bandito,2022-12-09,single
32f40c98-80e6-42e5-82dd-312bc526f3a1,#SI (feat. Tony Effe),2022-03-25,single
11d3844e-8f05-46a0-b2df-8c5372a66720,Leave The Light On,2004-09-06,album
4f497da4-a320-4a13-b354-7ea9eb817bb6,Vp Drive 1,2024-05-31,album
8974be13-809e-4c96-893a-546525c59248,CONNESSIONI,2024-10-04,single
242c6dac-70c1-4a77-bbb7-662709100717,Lento RMX (with Lola Indigo),2020-06-30,single
7c591631-d123-4113-8c8a-d5b29f7cbee7,Idas e Vindas,2021-08-13,single
1aed8025-628c-4df3-8b7e-3ca9064fabec,Storytelling Therapy,2021-09-29,single
21745e30-b98e-4caa-9e8a-65ac215cf17b,Clapback Freestyle,2021-11-19,single
f5629a00-ee62-4f71-a702-84043c46e353,NIGHTCRAWLERS,2022-10-27,album
8af27c2f-52cc-46c8-aba2-dcfa39ae3042,Focus (feat. Seth Gueko),2023-09-14,single
06b94a50-779e-488b-8aeb-22a1ed40d24b,Minha Missão,2021-01-28,single
ac0abb95-a786-4149-a4ec-fe5c3220e66d,Yo Soy el Primero,2017-03-03,single
213c878c-72a2-4c4e-aebf-dc624ce875d4,Regardez moi,2017-11-24,album
b9e14cc2-90bd-437b-b421-8b1cb3818596,Lungolinea.,2018-06-29,album
5d9547b8-40fb-45e3-9397-0fb1fb8cf548,Banzai (Lato blu),2020-06-26,album
fe244bda-ca3c-4dcc-a0c9-e7d1779ebba4,Banzai (Lato arancio),2021-06-04,album
e04a2cba-2269-4f90-98b3-7118d15b252b,2004,2016-10-21,single
b272ef95-faec-44d1-9ccc-60495efe0177,Banzai,2022-04-25,album
edc1d60f-c7eb-4936-8a09-419841d02f68,Undamento 01,2016-06-28,single
0336704e-1e7c-4949-856b-199f2cd028aa,Storia Breve,2022-06-10,single
6d0e2ce1-92c2-4a39-9161-95ff49fac931,Istantanea,2020-04-07,single
092c35bb-b1f8-4ded-bca5-a48a0020fee0,Chic Nisello,2017-01-25,album
702500d1-0226-4ea7-a9ce-ea3d3f56aba7,Telechronic,2023-05-26,album
294653f7-693d-43fe-ba2b-1b79577e358e,Display,2021-12-12,single
4d1e100c-1d62-456c-a6f2-204a17e9f778,Butterfly Effect,2018-01-26,album
fda2d651-a4c9-4a60-ad82-67a6944bd952,Butterfly Effect 2.0,2018-09-21,album
02eaea67-35b3-4a4e-bf12-49cc8c84131d,Petrichor,2021-02-12,album
60f673f2-efe0-47c4-8c95-6eadd53b5d4f,Carillon,2015-12-18,single
0e3b31e4-3b51-4737-af99-d70048462c87,Pianeta di Miller,2024-03-01,album
afc43df0-01ae-494c-9567-a974b651dfdc,Supereroe,2016-06-27,single
1e41991e-fe01-4b9f-b19c-f6202cd5b37d,Tutto quello che ho,2016-04-29,single
780a07e0-718a-4b44-b4c7-85472a17b041,Ti amo ma,2016-05-07,single
eb51e9dc-b02f-407e-a4a5-fa97c1d6d48e,Take the Rainbow Train,2023-06-30,album
c1208e8a-8983-43f6-b5ef-ed60e1e12f97,DUE ALTALENE,2024-02-07,single
ed1ffd3c-89eb-4983-b92f-c1d7ffb26c87,La somma (feat. Martina Attili),2019-05-17,single
fc3600aa-073b-4dbc-ba6b-01acc4dbc250,Grazie a me,2016-05-07,single
dbe5b935-8089-48d0-8672-157b4a8afc65,LA FINE DEL MONDO,2023-05-12,single
8dedb781-117c-4a29-98b4-d2e91dd8bd3a,UN MILIONE DI NOTTI,2023-10-20,single
bb208b9f-911f-40b9-855d-5646047f2de4,FRAGILE,2022-03-18,album
0f636133-be5e-4f2c-8d37-7c7ce74e4365,ODIO A LA LUNA,2025-03-07,single
9439a54d-441c-42b4-87ff-bda51c9cd576,Songs The Beatles Wrote,2009-07-01,compilation
d85a8e2e-0246-4a18-8302-b5582086c15b,The Way You Do (feat. Valentina Tioli),2016-05-07,single
8626d05e-5d49-4872-a6d2-4197a64fe8cf,SINCERO (feat. Alfa),2022-05-20,single
adfdcceb-cf01-45a0-97f6-ed64a962fda2,FLOW,2023-01-27,album
f974cf0d-1bf1-4e95-9e9e-c124e4140287,First Rain,2025-04-08,album
acb8737b-c40e-4b4b-979a-d49ecfb9978f,Blaze Of Glory,1990-01-01,album
83139695-5c3d-44cb-9ba1-9f9f6cfdc188,Acid Rap,2013-04-30,album
64540943-60d8-49ab-9089-2a9d52c6e5f4,Mr. Typo Track #1,2025-03-03,album
46787f6d-7818-43bc-9768-0233ff8876ad,EP1,2015-12-15,single
8a3bfcd9-702f-4fdd-870c-670f76f510ff,Nightmares That Surface from a Shallow Sleep,2006-01-01,album
7ed4ada9-8393-4b42-b610-ef4de41161a7,The Message,2012-02-24,album
a3bb2989-8ba0-4277-8404-9a3cf0b89b44,Madchild Banned in America EP,2011-02-15,single
c908be1f-8325-415c-b315-37c5d8ed365a,Davide,2018-04-20,album
458bbed4-88ae-40eb-94d7-568019654b7f,Senza Di Me,2018-12-21,single
3121f7a3-ac2e-4d57-8b29-a4f01da8c451,Dire Straits,1978-10-07,album
b7e5a822-acb9-4cd8-917e-ddde5567bfd7,Ragazzi madre (1 Year Anniversary),2017-12-15,album
4676d20c-de1f-46b4-b049-12ebae616e08,QVC8 – Singles,2018-12-28,single
ab1d31a4-a43b-49b8-8845-09f048bd5b10,Gigante Gemitaiz,2024-09-21,single
5cfa1a9e-532d-4826-9d61-834c6beb39aa,QVC 10 - Quello Che Vi Consiglio Vol. 10,2023-12-14,album
ab4b7ef4-ef65-4260-95cb-b61d0dc66c39,QVC9 - QUELLO CHE VI CONSIGLIO VOL. 9,2020-11-06,album
797e3947-1cc8-4050-8165-e3e4450002e5,"Detto, Fatto.",2012-11-30,album
53ce10b0-3dfe-4ae1-b324-79913623fef6,Mercury - Acts 1 & 2,2022-07-01,album
da05fb53-f856-4be5-8eaf-720087a3d47b,Enemy,2018-04-13,album
61731260-6514-4739-a327-fd29783d9ae4,Nocturnal,2012-12-11,album
f851e1b5-e2fe-41ea-804f-38712860eadf,L'Unico Compromesso,2013-05-28,album
8fea1499-b280-4073-ba76-3e74d86ceb99,CVLT - HELLRAISERS,2024-05-17,album
5a4d23cc-4c07-46bd-bdc8-f373123f462a,"Nonostante Tutto (Inediti, Rarità, Live E Remix)",2016-11-04,album
6c1c4509-aab4-46c2-806b-617a854aea61,Autodistruzione,2016-07-04,album
1d341c4b-b29f-450d-910b-b995cc7584ea,Veleno 9,2021-12-17,single
fdafb92c-7ecd-471e-9e6d-e593356c910d,Ghetto Guetta,2013-01-01,single
3dfd8d56-d821-4541-b69c-32d3e9bf0271,Regionali,2021-10-22,single
f4fad0ad-41d9-4ca7-816d-5f7d57f88527,LA PROSSIMA VOLTA (64 Bars),2021-05-05,single
9682059d-04b9-4551-a902-e214bfe8f05b,Planet Pit (Deluxe Version),2011-06-17,album
7eafc0b3-64e0-4bac-8daa-566230c92c8b,DISSING GEMITAIZ,2024-11-08,single
8eb6477e-38a3-4c7f-a8f4-4c5a917f9346,Pose,2024-09-27,single
f4eaed17-a0f0-4274-8d9f-52c71fbb21ab,"Il mio sfogo, Pt. 2 (Re-Edit) Episodio II",2018-07-01,single
74e37327-0d54-42fc-849b-5984f924a37e,Requiem,2015-01-12,album
c6b8036a-03f7-4d4f-9f66-9fb6425ad7af,Cosa resterà degli anni 80,1989-02-07,album
7303317f-34b9-4b7d-90de-f3b340546168,Affare Romano Zero,2014-02-14,album
8ce7fdf9-c879-46eb-ab67-2b9d16f9c6fe,Disconnect,2016-02-26,single
150b1a27-ed41-47a1-a985-f0f3bb46bfeb,"Watch Me (Whip, Nae Nae, Yeet) - Single",2015-03-06,single
edeb894b-cd2f-4a6c-a86a-4d71d3a68fc9,Universal Soldier,2002-01-01,album
a44426b7-249f-4177-a1f2-70e0d585b645,PETER PARKER FREESTYLE,2025-03-19,single
f7182fd5-99b5-4c57-a29d-6afee889e820,Before I Forget,2012-10-26,album
516c4403-8c1c-46b3-a05d-28c355024c66,Summer Workout 2024,2024-08-01,compilation
e5c4fe9d-6973-4b73-a7c2-7d590304fc2c,Kepler (Gold Edition),2014-11-25,album
d3749e66-e92d-4141-b7f8-67bd23d4f87b,Temporale,2017-12-22,album
08e5e186-f72e-48c5-835f-78cfad77f4a1,MM Vol. 4,2021-11-12,album
8bb7ecd8-7c0a-49ae-8308-90a082cfd1ba,Pour l'amour,2018-06-22,album
87ad5265-c514-4879-8c95-a794619cbe74,Bianco/Gospel,2020-07-30,single
d03b9519-f0f9-4261-9134-f0455f7b0282,DE PUTA MADRE 2,2024-10-04,single
b9e0afd1-093c-4772-a529-a5693d63a6b8,Profumo,2019-04-23,single
458409fc-c6ef-4fbd-a2a9-eb085d299d86,Before I Forget,2023-04-28,album
c93f4241-a868-4a90-a68e-23bdd9ff9063,I've Tried Everything But Therapy (Part 1),2023-09-15,album
eb52395a-8ed2-4801-828d-3e6fa9a34e89,Coldharbour Selections Part 29,2012-09-03,compilation
d520140a-39e1-4da4-a09b-e0ef094b0c45,COME SE NULLA FOSSE (feat. Pablo CT1),2022-03-16,single
0b958e4c-e8e8-4978-882e-8fb158c7a4f7,UTOPIA,2023-07-28,album
75e8b335-ccd7-4d1a-9feb-b5e6c0e08bbd,Anxiety,2025-03-05,single
9b68cb63-7e8b-467b-95dc-24db9dfb50e5,Come Dancing with the Kinks (The Best of the Kinks 1977-1986),1986-06-01,compilation
3bfe9f0d-ffec-4db4-8278-17365faab261,Want You,2016-07-22,single
c28a548e-03ca-480a-b13a-a29201d4a514,The Ascent,2013-03-29,album
4d12d950-80e2-43e9-be58-5ed4b7f9f276,BlackJack,2010-02-21,album
70192b49-33a4-430c-87a4-d9d047e87e63,FDTCK - Red Bull Posse,2024-07-26,single
5a94d9cc-dc31-4faf-bb92-89ab683dad17,Nuovo Nuovo,2007-02-16,album
dfcd0007-cc8f-4de3-865d-2baae3c7e40a,BV2,2015-03-06,album
c6872ba5-237a-40a9-a22f-8982accb2d20,ELO,2020-05-21,album
678c18fc-639d-4fb2-b25f-b5e3a86bfa00,Kanaglia,2018-07-06,album
e0afdbe0-e699-4d0c-95ba-0b17b255bac0,ELO OVERTIME,2021-03-19,album
fa65bae5-e4a0-4f61-8814-8e0eafb8f7fa,Drip,2019-05-31,single
87e4d64c-3e1c-4299-a40e-963e8639d196,GOBLIN,2024-11-08,album
cab7a032-8c06-42c9-97df-326369dad5fb,Dio perdona io no,2019-10-25,album
8aedd208-6c71-468a-afbc-6f1f6a7e997c,JANNIK SIPPER,2024-12-19,single
9f65f6ae-077b-461d-b497-83a024701811,Candy (feat. Snappy Jit),2016-06-24,single
70b19fae-5592-4447-b01a-5671ca0a0f60,Ambara$,2016-04-08,album
70be5875-b320-425a-99ad-30e526b00c2c,Battiti,2022-06-09,single
9e17ebc8-1d40-4440-9c9c-0bf901b1a2d6,Prova del 9 (feat. Tony Boy),2023-12-08,single
89654f24-4d9e-4c7d-ad40-e2e9b43e4f6b,Mr. Komparema,2023-11-10,single
685435c5-6a16-49d3-8868-6c3f61788df5,BLA o CAP (feat. Low-Red),2025-06-06,single
bbacf81d-5310-40ac-8538-c08723a86b36,T'as vu,2007-05-28,album
7737027c-8812-48fa-b67e-31a3fb0926bd,Giorni Nel Blocco,2022-09-08,single
37273f51-8fbb-4fa9-be27-99c218caf93e,Stále Sme To My,2020-12-14,album
8eb0a7e6-ca6a-4e82-b67a-267127140e99,Junkie Spiderman,2024-03-14,single
bab181f9-b929-4fb0-91e1-1aa069da51ce,Toto D'favela,2024-01-03,single
c74e3894-7733-404f-8b90-f7a9b9362fe1,Che io ci aiuti,2020-07-24,album
8ddaddae-9d3e-4425-be39-b49f1e31ddbb,Down On The Beat,2023-08-24,single
a25480f1-60d0-4d79-9a0f-d5e0e47cd2ad,EMO BOY,2023-08-25,single
6a282704-2bd2-4d2a-9bb5-79e0cc389061,Trap de calle,2025-06-06,compilation
cf52428e-ad0f-414f-9e48-d8e6d71d6d96,The View,2017-07-21,single
c9469c48-5c27-4281-9284-43a2d25ce7a5,SERENATA,2025-05-30,single
71e74e28-d2a5-4364-9ae1-4259ac24883f,Duet (Deluxe Edition),2014-10-14,compilation
3cd4ba84-fefb-4a49-8963-e250a7f08d90,North of Loreto,2019-05-24,album
f5ccb4b6-7d80-42d0-9ff1-9f1d2cf434a3,This Is Elodie,2020-05-12,album
66fbb443-e8f8-4bf8-b7c4-dcb936ac092b,FORBIDDEN MEMORIES,2025-01-03,album
cd8ebc31-38c4-4db8-bc8d-474e0ad839c1,Dedalo (remake),2019-12-02,album
d534a0ef-3270-4ac6-888b-ff86ad916991,LONEWOLF,2024-05-30,album
431a7a69-d53e-450a-b814-568e13773ef1,Stonehenge,2023-05-12,single
f7705d0a-a50b-49f4-9f17-a097785d4ee5,Il tempo cura,2024-08-23,single
6852cb62-c2bf-407f-90ec-294e86d8d1b2,Umile (Deluxe),2023-10-20,album
f41d4379-da20-4893-ae1b-86eb5aa9451a,Umile,2023-07-07,album
651222e8-f186-46c3-9f0f-7a490cb0e0fa,Wet (feat. Glocky),2025-01-24,single
45329e24-8b34-4305-8b34-49baf2d9b633,SEMPRE PIÙ UP,2025-04-04,single
f3e7f20a-7302-4ef3-b96a-1e088a9084fe,Routine,2019-12-06,single
0e76540a-2829-48d4-a417-3e9ff37987db,Mademoiselle,2025-02-14,single
3f85dda8-3fec-4255-b20a-bc192d4dbc92,Everybody Loves Ice Prince,2011-10-09,album
c871e820-561a-4195-810f-f80a0ec833ca,Non C'è Futuro,2019-06-07,single
dd025325-42b5-47bb-a1ac-451a165798a3,Emozioni,2022-04-15,single
36c14184-c880-4070-8961-06cdf2a46f9f,Going Hard,2020-10-16,album
460f6acf-cd43-4135-b64c-8f56d9b795a2,The Leaks,2015-05-26,album
ca69c57e-aa09-4d96-9518-2fc2127cac08,Suite,2019-03-22,single
5895b411-6631-44ab-b14a-5b8b9af1742e,Quarto di Bue,2023-05-11,album
a83e7d98-44ab-4a91-b02c-bdf55b5beb95,Bieber Fever,2024-05-30,album
86755436-c8db-404e-8805-75e76225319f,Fratello,2019-10-25,single
423d7f8a-5074-4845-8c82-0042ce115570,1999,2020-02-21,single
5e4334b6-3045-4289-8d3e-507c2d5e69b7,EP 5/6 (feat. Tony Boy),2024-04-05,single
efccd10e-440a-495d-8e16-3957e52aab6c,Tony Parenti and His Downtown Boys and His New Orleans Quartet,1999,album
d90620c7-d690-42b9-82fc-6c681bc0ff35,NELLA TRAPPOLA (Red Bull 64 Bars),2025-06-06,single
0275e12d-b004-47d0-9b72-f55e9330775d,MANDEM,2021-10-15,single
72828e14-3f7f-4f6d-814f-4c3ae862d40f,Senza Invito,2022-05-13,single
b0099a33-9d88-4c1c-8cdb-065d20a295f9,LAX,2008-01-01,album
a960d77e-0db6-4259-80ac-23bd3ebb3fd9,Rock’n’roll,2023-10-31,single
1e89314f-9a01-4c54-b727-ca82b542d7bb,The World Is Yours 2,2022-05-25,album
c562ea7d-3235-4c4a-9495-1ef77f164a43,Shawty Rxk Too 2,2021-12-11,album
3e974974-0e07-4364-b6d6-0259d6f3afb4,Vincere Adesso,2022-06-17,single
90c445d4-0ba9-4ee1-8404-9f53ddcf8cf5,UGK (Underground Kingz),2007-08-07,album
eeecd9d9-2bb4-4878-93f9-12575cf0d457,Plata o Plomo,2017-11-17,single
80439817-7ae9-47eb-8f24-dd2d31435ac0,Champagne,2020-01-15,single
0dfe77df-0b6b-4bff-94ef-c6b43671d3e0,Still Taking Risks,2021-05-07,album
d5a3926a-c4de-454d-bf6a-de90346c35bc,Glocky vs Kiddo,2024-11-06,album
dce5fe36-7189-4477-ba6f-69d7c1663b7b,Dangerously In Love,2003-03-10,album
7670f257-c7a9-4a58-aade-84dd7b4f560b,Futuro,2018-12-21,single
848112a8-d5b9-493b-a600-e0a29ccfd683,Gin & Cassettes,2021-09-17,album
27ed5ed7-e16c-4c30-bf7c-7d01eecec5fb,Lontano,2018-09-21,single
80a7044e-1275-4c43-892e-a8ed08c9a6ff,Detroit 2 (Deluxe),2022-09-19,album
72de61dd-fcab-4a46-8691-79811c56a11d,Tasche Piene,2022-02-25,single
ba2ca5b4-f33e-4f36-add6-9c9e4d47e0cb,YANG,2020-10-16,album
b699dd8a-53fb-4d02-8bcb-3e35923e3b5b,Crazy Boy 222,2023-02-22,single
fd4d20ed-f1f3-4dfb-8b8e-77ee2a25602f,Mixtape Messiah 3,2007-07-18,album
23435942-0879-41eb-b3f6-e94e70e148f9,Rolling 200 Deep,2023-11-03,single
bb4cadf8-3736-4b99-85f1-7c9756ae10d7,Due Cose,2023-11-09,single
6ddc747c-dd99-479f-8426-ff1083413387,Baby Face Killa,2012-09-25,album
0742c544-ac2b-4f6a-a91b-4de51caa9cdd,We Are Young Money,2009-01-01,album
b7b43e1b-9c25-40aa-b853-9090dae81ba2,Bigger Bag,2022-10-21,single
362ee9a8-c066-473c-a976-31371f788579,Crescent City Jewels,2024-08-30,album
5fb15bd2-31a8-4a2e-9756-aa75689aeb21,Street Casted,2023-05-19,single
a69ddcdb-76ff-41fd-9f1c-2c28eadc1310,Street Boy,2022-08-05,single
47a4cc3c-a106-45ab-8688-c02ee5d61672,Skinny,2023-04-05,single
f9920afd-adef-4309-8666-8614a8bffa83,Senza respiro,2007-03-02,album
ca82e9e3-a9ca-477d-b7b4-f1759029ed83,Predators,2020-05-22,single
ca10bb02-f842-4d08-a233-3a759dfc408b,CARAS VEMOS (Remix),2020-06-26,single
e5289352-6688-498d-8f18-e9a60f3ab3a9,"stories, dreams, inspirations: for my boy",2024-04-12,album
47a00f9c-40fb-433a-b50b-3698b9f6e0ef,Comuni Mortali,2025-04-18,album
0e7c6883-93a6-4d07-9067-feb928bc88b9,Amore vero,2006,album
0b7e9fb1-d23d-4061-89e7-9eea5a3fcaeb,Si fa presto a dire... Brusco,2003-09-01,album
a5025fc5-f443-4887-babd-58308ea64034,Mi accendo (feat. Gemitaiz) - prod. Frenetik&Orang3,2021-02-12,single
32ee575a-2ba3-4b58-b3f7-ea35e410f5c7,Fino All'Alba,2011-06-14,album
f38af3a8-f411-4ac8-836a-6dd9b5368d9c,Quattroemezzo,2009-06-04,album
055e300a-042d-4359-b3f4-ab3ec82d9532,All In (Compilation),2017-04-14,compilation
7173a33e-307d-4a32-a23d-35442925a0b8,Mappamondo,2021-06-11,album
00aba067-9217-4d04-a163-c00b9486ca62,Tutto apposto,2013-05-28,album
e4f841ca-1bbd-4110-ba1f-c547a621c77f,Kilimanjaro (ft. Ensi),2022-03-04,single
d419d9da-ea97-4ef7-b311-6403ce69e908,"Nun te resisto - Brusco, Tormento, 1Drop",2022-07-29,single
9978195b-32fe-4b87-96f6-c4c6af523925,Monster,2013-04-09,album
cba7dac2-8e11-4862-b4d8-19aa25959b82,Localz Only,2015-06-01,album
937adf64-56c9-4714-93c8-31a0c7b96f87,B.B.C. Project,2011-03-28,single
e00ea0d8-0208-47ee-ad80-b23c6c904e9b,Monster Reloaded,2014-10-28,album
025dd223-f41f-4ce3-afae-ea8ca53597b2,VIRUS,2022-01-14,album
af58a769-a67d-47fc-8067-93c124cff265,"Strafatti: The Mixtape, Vol. 4",2022-06-24,album
b83beba4-4400-4e30-96f9-561f0dd4a069,VIRUS,2023-04-28,album
8041e3aa-22e7-45f3-bdf4-86f60f68e202,Volare,2022-05-18,album
580a0346-da20-453a-9800-546b4b772435,Ministero dell'Inferno,2008-03-13,compilation
ad9378b0-fc11-4adf-9b11-13059162f5e6,Guardami adesso (Prod. Sine),2021-05-28,single
af641e9f-7860-42bc-a67b-fcbb8e677d11,GRAN TORINO (Red Bull 64 Bars),2024-02-02,single
693bb330-2c76-4fea-a6ca-f11e823da0a2,Desde Rusia Con Amor,2012-01-01,album
96561d43-c2f2-44f5-bd9e-b960bfcb09b8,1 Life 2 Live,2015-10-15,album
eb329f50-8a6e-4101-bb7a-83571ac79ddb,CVLT,2023-11-03,album
fb34fddd-388e-4e05-852d-189ce9a16898,INNOCENTE (Deluxe Edition),2023-10-13,album
ed3f06e7-bdf2-4205-bf97-1a3a44834cf6,Quello Che La Gente Non Vuole,2009-05-05,album
82b1caaf-e314-4459-a909-9c36bae769e3,Pura Vita,2008-08-12,album
d7a8c435-6a5b-4d24-a0e0-205d61fedda8,Musica per ciechi muti e sordi,2010,album
2152fe04-c9e9-4ff8-b3ff-01058aadc3b9,Mixtape Messiah 5,2008-11-23,album
caefb3b4-4a22-4538-8be1-8e114458e7a9,Die Hard,2013-07-19,album
60400dba-4a33-4101-ab47-a4c0b261491d,I Piu' Corrotti,2010-06-21,album
032f4238-71d5-43af-9779-b8cc13d2b6fc,Lotta medievale,2013-07-16,album
7579ef0a-4344-4f41-9af4-5599fe22e65a,Ho Fatto Tardi,2020-07-03,album
6412623d-a759-44b3-909d-3d5197e4915c,Jack uccide,2016-03-18,album
a516cbf8-d993-475e-8fed-00ea1def9e45,Sedicinoni,2024-04-19,album
e2d25c8b-5cc3-4c9b-88f7-5cf80cc014cb,26.2,2022-01-16,single
3beeb68d-0379-4c3a-9870-e4e43dd63579,"When the Smoke Clears: Sixty 6, Sixty 1",2000-06-13,album
6e52eefe-933a-4aae-945c-b145f4e89b79,Su le mani x l'hip hop italiano,2011-01-01,compilation
1d657647-5ba0-43d9-8934-d07c80b3d443,Politicali Correct,2021-06-01,album
0660378a-8621-4c77-b2f9-391233b65aea,Human Animal,2006-09-26,album
31c48996-8aa4-48cd-af86-6c2df7f54cba,EP 6/6 (feat. Jack The Smoker),2024-10-18,single
8cf64655-a8ef-4061-b2ca-f32b9e99d02f,F.D.P.,2012-10-17,album
b2cfb766-c2db-4e29-9a31-42d9942d2e7e,Solitario,2018-06-26,album
c5ac0152-bcab-4bec-b310-d5613747e9b2,Empatia,2012-05-14,album
23583e14-becb-4642-b86a-6d0ea78382a7,Hip Hop Motel,2006,compilation
0a7192a2-4391-4921-91d8-b44761faf289,Monday To Friday Hip Hop,2017-02-07,compilation
de1dcb21-fe08-48a4-814b-58e6c8703711,R-Esistenza,2019-11-22,album
e30a1e7c-9bbe-42b5-96b6-875313e41441,Tale e Quale,2012-12-20,album
653b76b7-a4ef-4e50-a060-b1f83563866f,Total Devastation,1993-12-07,album
25463329-435f-46e7-b7cf-a746ca3f60fc,"Tristemente Noto, Vol. 2",2011-12-01,album
43cd6b41-c4ef-4952-acfc-4629a03b10d0,I.N.R.I.,2011-09-11,album
3c91f784-69c5-469d-8477-41836436b834,Faccio un casino,2017-05-05,album
d75b4356-8f89-4ad9-9b70-886938f7fcf6,Niente che non va,2015-09-04,album
dea6589f-e4e0-4def-9c27-d1c22f23b196,Lovebars,2023-09-08,album
a9e02ca1-99d3-4d38-b063-9f190e64bfa5,Status,2015-02-10,album
b26f1558-5124-49b9-893c-25fede906a9a,È sempre bello,2019-03-29,album
db581712-d763-4c94-837e-53e07ba75def,Non erano fiori,2013-06-11,album
ee2963b8-fa63-4af3-80cb-1e888325a742,From the Rooftop,2016-12-02,album
fb911858-531f-4e0e-aad3-40224c933e0f,Mal di te,2025-01-17,single
1be97e5b-a95d-4011-bbb0-6941e1b1a673,piccoli problemi,2023-12-15,album
984ca939-f3af-46dd-8df6-7a323729a216,Ti manca l’aria,2025-04-04,single
410e9f87-38d7-4cc7-958a-0d04ec9a50b0,Fino Al Collo,2012-03-27,album
330b5939-0a34-48ae-8622-ee2a75d390de,1998,2025-06-13,album
6cfbf316-4e1c-4d4b-9bf4-6282f493ee35,LOYALTY,2021-12-10,album
1294ac2d-8b3a-48e3-9816-820fd84b273d,Senza mani,2012-09-24,single
ae704b4e-6f8d-44ac-b16e-ea7ca3aa5b6e,Spotify Singles,2020-01-09,single
5ef22242-2dc9-470d-9c1f-2509eb1bff28,From The Rooftop 2,2022-10-14,album
3a1bb805-2bcd-412e-87f5-20609761838e,Torcida,2024-05-10,single
9fa22b5d-10d4-4e05-94e7-a44038d0dde9,SEXY RAVE (feat. Baby Gang),2025-04-11,single
119b0cc7-3d22-469a-b870-3453e3fb251a,TU CON CHI FAI L'AMORE,2025-02-12,single
1fcfb3ed-4d7d-47a0-a546-31e08c0bcd3b,Sorry Mamy,2019-10-21,single
5f502c03-784a-40e7-9b59-6eb8b2acfdce,Dentro e fuori,2015-06-02,album
8436ab2f-25f8-4ee6-bbfe-0aba0e5a3b66,Gata Only,2024-02-02,single
9e7d4cb9-29c6-442a-a2f9-617267aa33ab,Faccio un casino (TJ Unicorno Remix),2017-12-27,single
88db4773-6733-49d5-9b67-3b889c52b1cc,Non Ci Sto,2019-08-29,single
b8d5e06e-01e9-43aa-b28e-781d50f26a1f,"KRIMINAL (feat. Guè, Gemitaiz & Samurai Jay)",2020-04-09,single
8245a89b-bbb1-4660-a737-ce08bbff4b77,"La Mia Parola (feat. Guè, Joshua, Tormento)",2025-02-12,single
d2c9740a-815d-4d4f-b643-7472c2463e93,"Hope (feat. Izi, Joshua)",2024-10-03,single
61f33fae-be56-4499-ba6c-9b603322580d,Cuore,2022-06-23,single
04190ee5-690b-4595-a242-94682151b4dc,"Spirito Libero (feat. Guè, Joshua, Tormento)",2025-05-07,single
44e9b714-3686-48e2-8cb6-839a58c09936,Swan Songs (Collector’s Edition),2011-01-01,album
1222a05d-532d-459d-895d-c6b47d5e542a,Pimper's Paradise (feat. Tommy Dali),2020-04-14,single
7f80a0d8-6f71-4541-9213-a9e456f60263,TAXI DRIVER,2021-11-30,album
3c288e08-b202-439b-922f-074c1eff8b9b,The Second Feeling,2008,album
f76c8306-36b7-4d0c-a995-0bec7197ce60,Mate y Espíritu,2016-01-22,album
071c3a02-2feb-4be9-b5af-45ff70a065b8,Apogeo,2016-01-12,compilation
182fc928-3236-48ad-b44e-57ab178ad7c5,Llena Mi Vida,2019-01-18,single
a2773399-103d-4281-8841-a46b580ba2f6,RAP ITALIANO 2010-2020 HITS Vol.1,2022-10-11,compilation
c9a83707-0753-4dcd-ab6a-8d03af79ebbd,Golpes de Realidad,2021-09-17,album
0e99168a-7abd-46f0-b3f7-6fb27f3511fc,Back Home,2018-02-02,album
52a95a87-a117-4ca7-8651-aaeb6181d0b3,Doppelganger,2015-09-11,album
9fda107d-6d4f-44ac-900b-527980bf69d1,Into the Blues,2007-04-13,album
2b707303-c109-46bd-b1f0-aeac38a63b2b,Saviour Machine,2004-01-01,album
2ed78c4f-5d0c-4842-a0bd-5c6ef262c65e,Soldi in Nero (feat. Sfera Ebbasta),2019-11-28,single
a35ab887-f78b-48ce-8d21-01c7175b3c91,Hangman,2018-02-28,single
feb4f922-a3f4-4af4-85f8-9f4552b599e9,Into the Enchanted Chamber,2005-01-01,album
af962ff7-adcc-41b0-8108-cf5164935692,For Honor,2017-02-28,single
9839d0f2-1b49-436f-8d2c-cca1487fc62e,Greatest Hits,1998-01-01,compilation
ede67094-1bc3-408d-9c77-d3698e96d4e3,Good Vibes,2019-10-18,album
57f73c08-facb-4994-a83a-4b136c4cea3e,It's A Beautiful Thing,1999-01-07,album
ed33d1eb-f64b-407f-8d8d-a21954dce0c8,The Madman's Return,1992-01-01,album
f729f531-5bb1-4ad5-9c66-081b0e1f19a6,POLAROID,2023-01-13,single
c313ad9c-0134-4906-82bc-86c8b0af8314,"Rap Game, Vol. 2 (The Takeover) [Frank White Presents the Streets Headbangerz]",2014,compilation
96d3c1a5-e9b0-4d48-a961-91bb841691de,Genesis,2017-08-02,album
d1791b59-ef64-4022-96bb-97118798c4ec,EAULDIE,2023-05-20,single
c4b9de44-7aab-4a64-bae4-1e6cd5c96554,Babywoman,1995-03-21,album
29636697-3095-4f34-95ea-cc63e61fc296,Tales of a Madman,2019-08-23,album
52ec1734-da34-4fdc-8639-c9991ddb8814,Happy (Instrumental Version),2022-06-17,album
70cadc32-68cd-4377-9566-dbfac96b685b,Scusate per il sangue,2014-09-04,album
35d15526-540e-4816-ab33-761ce8d09563,Lovesick,2022-12-02,album
c06095ac-83cd-4877-a02c-8d2415591413,Madman,2022-10-21,single
5e94e25f-e5d3-4860-9620-37156d4d528c,Ironman,1996,album
6d39ec75-6cf5-4d32-bb1b-ebdc3b8e4be8,Centrum,2013-06-05,album
44139536-8b3c-4de8-9b57-f557a1bd19b3,"Tales from the Dale, Ch. 1",2019-02-11,album
9cbf84ca-e25a-46c3-8dc1-7413f2ed08cc,"The Legalizers: Legalize or Die, Vol. 1",2016-04-15,album
3d86df5f-e513-4986-8f51-6b7299854d55,Paninaro 2.0,2018-09-21,album
b29c6b94-e81f-4413-86ab-bd534c7e7f25,"Madman With 2 Chopps, Pt. 2",2015-10-04,album
2c867e11-1f75-4d1a-92f0-ada18de57761,LAVA FREESTYLE,2022-06-09,single
bb02b274-55d4-491c-9e13-8c269774bd36,Plus de temps à perdre,2025-05-16,album
221802a2-1366-4b33-a4c9-4588b090c90e,The Top Gun: Lex Lakaiser,2022-11-11,album
3b6f64e8-b532-46e3-973a-d842db01a899,"The Unforgiven, Vol. 1",1999,album
cebe1247-f948-43de-91ab-6320ea87506c,Bob Dylan's Greenwich Village,2011-06-06,compilation
c94b07c4-2a3e-4bd2-9f68-cf487a1d1aaa,INSANO,2024-01-12,album
9f9f4706-e06c-42b5-81b5-294dcbe2776d,Equality (Instrumental Mix),2014-11-24,single
2c374900-d63b-46f1-8575-8b96a4bbff3b,Nonostante Tutto (feat. Elisa),2025-04-10,single
6f57a1aa-879d-4bf8-bdab-24da52e2ddc6,Madman 2,2025-05-25,album
8c9a660b-36f8-4811-953c-243cffc40ae9,Doubelievengod,1995,album
ca019b5d-1d5c-4dc6-b8c5-4616c202058c,Scenario (Remixes),1991-09-22,album
3199a81d-f9f0-4c26-ada4-c87473c2072f,La Volta Giusta – Red Bull Posse,2025-04-18,single
5ea0a2fb-7994-48c1-bd26-ca88201743f6,Top,2013,album
aad12fee-b6cd-4826-b89f-6f5fe0127645,Possibili Scenari,2017-11-24,album
8fde9165-72ca-4581-b116-c37127cb433b,Il Coraggio Impossibile,2013-03-05,album
05cc6724-f9d4-4377-b12d-12ad31068e3a,Dragonborn,2018-11-16,album
6f585e63-7ccd-4f41-86e4-1faa36664a86,MI PIACE,2024-09-27,album
f27f9311-4695-45db-b360-27fd20667f7b,Bataklık,2020-04-14,album
d86bdd7c-723f-4486-a84c-174a9cb758cb,Footprints,2021-07-09,single
7f9b0ff2-429d-415a-9a18-2924f6be775c,The Black Lodge,2015-06-30,album
8a1e6107-7186-43dc-9140-d9ea5bd0e1f2,Upalite za mnom sveće MAC 2023,2023-02-01,single
a4e74622-790d-4fe4-aeb7-a4b674910f2b,La Bella e la Bestia (Unplugged Version),2015-07-08,single
983b40e0-4f51-441f-8387-2a86a623e976,Ragazzi madre,2016-11-11,album
e43cdb98-45b3-476f-9f0f-68ef63c59685,Dio c'è (Deluxe Version),2015-05-26,album
97851fd5-4d7e-42df-911b-ac81ba1a1c28,Achille Idol Immortale,2014-12-17,album
cfc34002-c8ef-4e0a-bfb9-317d2d125513,Incoscienti Giovani,2025-02-12,single
30cbde3b-3ea1-480f-9dd5-db28072161cd,1990,2020-07-24,album
2bba13e8-4451-4cc9-b934-1e2fb7155d7e,1920 - Achille Lauro & The Untouchable Band,2020-12-04,album
f58cd62a-0eda-4268-9dff-b6b2dc6c217a,1990,2019-10-24,single
0d4c866e-b372-4c98-89f9-db513000258b,Amore Disperato,2024-09-20,single
c5a45850-24d7-41ff-8fb2-d9c96ebb2f22,1990 (Deluxe Version),2020-07-24,album
ef8214dc-efd2-4a66-bd52-a67556c803e7,LAURO (Deluxe Version),2021-04-16,album
80cb2530-4dbf-4f09-b65b-c93ebb49e7eb,Young Crazy,2015-04-28,single
ec3735f7-f1c5-4b4d-9c3c-1847e0fcb3fb,LAURO,2021-04-16,album
5e089949-19a3-4fc7-aa5b-c3fab2ef16cf,Canzoni per la decrescita felice,2025-03-14,album
06e35b00-d49b-46fe-a1a7-d9d7b65c5672,Fragole,2023-05-12,single
203c6b9a-1086-48d2-8e12-900b1610445d,Banda Kawasaki,2024-06-28,single
c579f68c-91d4-4029-b08b-e03f6f7f8530,SOLO NOI,2021-02-19,single
c2fb7272-8c1f-4bf6-a856-1bd5e91d8d34,STRIPPER,2022-03-04,single
fda4c96e-f775-4a01-a24f-f6b892ed96b4,DOMENICA,2022-02-02,single
1bb8a49d-5fd5-4a01-8719-577678b02bb9,Genesi,2013-01-01,compilation
89ba4919-5d4a-4c33-9075-e4bae6df7ba1,Ultimo Piano,2024-06-07,single
fc97d4a8-07fd-414c-a4fa-2d1c338ebfe7,Nuovi Incubi,2021-09-21,album
2d674f06-fac6-4f3d-9ccb-d641acc35f3e,LAURO - Achille Idol Superstar,2022-02-11,album
f5616bc4-f1fb-4967-a0e1-f8f6ebbafb64,Stupidi Ragazzi,2023-11-03,single
ec5dffb3-ceb7-4d00-ba11-338e5306d3b2,Ice Climbers,2020-09-30,album
c04ad342-fdbc-4466-8e7d-469e66d7685d,Che Sarà,2022-11-25,single
3ab058a0-0b26-46cf-a346-e8d5f877bc23,LOCKED IN,2024-09-26,album
0b4dbb3d-f15c-45ce-b6fc-a82fa1210b3a,FEBBRE DELL'ORO (feat. Ele A),2025-03-19,single
56c22c02-b29a-427f-b243-b9dd5a25a9e2,Bianco Natale,2014-01-13,single
a802578b-7dd3-48ea-b832-8d1f38adea46,Ascensore per l'inferno (feat. Coez) [Radio Edit],2017-01-27,single
6d391f8f-663d-4526-85d1-d31de85ee997,"Banda Kawasaki Rmx (feat. Zatla, Ryuk zc, Fandy, Commando, Yambo)",2024-06-26,single
e0ecdaac-14ae-4732-89cb-39488b795c7f,apnea da un po'.,2025-04-24,single
61454c75-7c28-41ce-8c16-6288e893288a,Dasein Sollen,2016-10-13,album
db32f79d-eefa-422d-81d0-444efc622ff0,Io In Terra,2017-09-08,album
cb10a15c-0c06-4745-80df-6f39dafc5cf6,Ossigeno - EP,2018-07-13,single
ebf85f6a-56d5-4947-883b-e688522b48b9,Dove Gli Occhi Non Arrivano,2019-03-22,album
e2921379-c37a-44a0-ab5b-f083de9604f5,Rossetto (Intro),2017-03-16,single
714bca9b-c21f-4652-a900-82afa0e37bca,Liam Gallagher,2017-11-30,single
34a3c5af-3a81-4004-8c97-c1ed39417093,Non Ho Mai Avuto La Mia Età,2018-10-04,single
66800f76-5368-4fb6-8022-58fb9f4c12be,Aeroplanini di Carta,2016-07-14,single
acb0098b-4e08-46de-a718-9124ca04b9a2,il ritmo delle cose.,2025-02-12,single
6bc55fdd-25c0-4be7-85a0-fc1b90024174,TAXI DRIVER,2022-02-24,album
4116f0a1-4de5-491a-b936-1cf00eaa4d8d,"odio, quindi sono.",2024-12-05,single
89c66d56-a88f-4e2c-86dc-f836f9204d2e,thisisme then: the best of common,2007-11-27,compilation
3e228a19-ee85-42fc-85d5-1ed78c09a69c,SENTIMENTI,2025-06-06,album
e62ca175-1b09-4bb6-b489-610018d4d2ff,TAXI DRIVER (MTV Unplugged),2021-09-23,album
23a04b2d-0ccb-4773-9f10-8d1ec942a794,Come non detto (feat. Ghemon),2012-07-20,single
5232da57-0e22-40c4-81c7-2f46a370a354,TAXI DRIVER,2022-06-16,album
d20fb06f-b592-4842-ae1d-066066962e1c,Sole a catinelle - EP,2013-10-31,single
73255e24-48c9-498a-a5a7-7a513f697dc2,20 Exitos Originales,2007-03-13,compilation
d35c8e4d-bfd6-4ad0-925b-a3f76778d882,Lo Spirito Che Suona,2018-10-26,album
d57edceb-5eef-4b98-8660-20d365f76b3a,Buona Pace,2010-05-25,album
7f7aa2cb-2eb7-416b-83d3-0b71098f4db4,Heavy Metal,2004,album
f00317be-522a-4df7-a47a-5932e6732c1f,Nuovo Nuovo,2007-02-26,album
53376954-1f29-4e3c-b110-03f15f620be5,Fuoco Sacro,2024-03-15,album
01eb91e6-4c29-471f-b186-de5ee1e23814,Sotto assedio,1999-05-21,album
dcd27f11-8fba-46b5-9231-70628a32c83f,Pallottole Sull’Amore (feat. Fabri Fibra),2024-03-01,single
e9ee3a32-49e6-4ba8-bca5-3e121ee47eee,Rock' N' Roll,2002,album
26544b9c-1f61-427b-8715-da356c6ec497,Meme K Ultra,2022-03-25,album
34172cb9-1b7f-4f7f-af81-762b64f88a97,Il tappeto dava un tono all'ambiente,2006-07-15,album
6aacd17a-3b5f-4b65-9d8f-18f751035d79,DJ Fede Presenta Tutti Dentro... Di Nuovo,2013-05-28,album
03a1153d-3b69-4137-a4c6-ccad6e74c988,Fin da bambino,2012-07-03,album
46f0ea8c-140b-4204-a95f-f965146d2efb,Fuoco Sacro (feat. Colle Der Fomento),2024-01-01,single
6a4e310c-c350-4f48-951e-7c8c629b59bf,Naturale,2004-01-01,album
598fbb0d-86f9-40ac-b35d-030692238572,Parkour (Lato A),2021-10-15,album
b02b33eb-3945-4a1c-9e82-b4b6fb5da63f,Resta Vivo,2022-05-27,single
ea7c9b44-5f72-4d04-a4fa-dd61ea3a607b,Touché,2023-11-07,single
50f6a0c3-5654-487f-9179-b7f9416b4799,Edgar Allan Flow,2024-06-02,album
f7c3f85b-298b-46d1-bbd0-e09a70a180b1,DJ Screw and Screwed Up Click Presents: Screwed For Life,1998-01-01,album
7671ece8-af1b-4888-8300-88c7110a5443,La miglior vendetta,2018-11-23,single
2bc97bef-97ba-48bb-a9ac-d4e319e18701,OUTSIDER,2023-10-10,album
9171fa29-4892-4d28-8b67-f8d236f81a3f,Segunda Temporada,2021-06-04,album
f144daf7-196c-4d28-959c-c6c532fcdde3,From Dark to Light,2020-11-01,album
78eb9386-976c-4de9-8b6f-e50d99a645cf,CRIMI,2022-05-17,album
c94f5d22-9703-4677-a559-2239e988d938,Bipopular,2018-04-27,album
418e4682-ed88-4bc5-ad20-3a4d52626aac,Ain't No Half-Steppin',2018-05-12,album
51180b9f-5772-434f-8fe9-ae56cee61a99,Italiano,2022-05-05,single
11d89692-a0fc-410a-9d01-fb62e279c9cb,ESCI DAL TUNNEL,2024-10-18,album
fcceeb07-c889-4f5e-ae79-cc235b0e3948,PACIETĪBAS MĒRLENTE VOL. 2 : MEŠKO KAPRIČO,2018-11-11,album
d2ef8685-eeaa-4447-8664-6e2690907926,PrettyBoy - EP,2017-06-05,single
a8ea7461-f547-47de-80c6-1b99407c73c3,Young Siddhartha,2017-05-18,single
50ede320-2466-4e33-9c71-2373bab9ddf0,A Time 2 Kill,2012-04-06,album
2ee94345-a9b5-4bb7-99ec-08fc8fac51eb,La légende de Johnny Niuuum,2012-03-16,album
5d87c6f9-8e88-4e4a-9fd9-7faa5aeec4ea,1998,2023-11-24,album
600d809f-6ffa-497d-8ef4-3937d58f7086,NO FAKE LOVE,2025-03-15,single
0ed4674e-baff-4903-ab3c-ec22a3ece311,DELINQUENTE,2021-08-27,album
24541f77-b5a7-43f8-a2d0-4d44ceec4030,May 24th,2019-01-03,single
c14a0ed9-4d21-4a5f-951a-db246ed6199f,Supercar Gattiger (Main Theme),2017-10-04,single
086a3dd5-76a0-46d6-a651-023b8b9e7ab8,ALBV,2023-03-24,single
c91b0c9a-9b52-4c35-8627-7b12db73d1cb,Cookie Monsta,2017-05-18,single
bc4d80e2-120c-4f7e-a035-bce060f28169,YIN,2019-10-04,single
35ff56ca-f2d6-49c9-99d6-347a790234d5,?,2018-03-16,album
21cf743f-759e-4ab3-bf33-f5108c485771,Rozzi,2019-09-11,single
31476a61-67c1-440a-a3e7-ce28ce40c6e0,WE DON'T TRUST YOU,2024-03-22,album
ed90498c-1b8a-494d-a0d5-912863e86eed,Genesis EP,2016-03-04,single
02ba5d9e-9f2b-4281-bd36-5cbb59c6c740,American Gangster,2007-11-06,album
204db536-5c7c-4167-a857-6edb0f138bb3,Me & My Brother,2003-09-16,album
e4b29d65-4f35-4799-b5f5-af579cf301df,The Next Rap God 2,2021-11-24,single
7b5709db-37c5-4f8e-8189-c9fa22543312,Sete,2025-04-29,single
62f212b3-d1e7-478c-9143-9d0c9f3bfc3e,From Here On Out,2020-12-18,album
f3a939c5-4650-4a05-9787-2a96bc36f4e9,Centerfold Sickness,2025-02-18,album
0bb8e5c6-0a7c-4d66-a8d4-abf251d7bb29,Ma 6-t va crack-er (Bande originale du film),1997-01-01,compilation
fc9e0d70-eab2-41b9-8247-49bf9c9c9c90,<3,2022-12-11,single
d371ac0d-73f4-4bf8-8747-5daf22d8a3ae,"Nothing But... Fuego for the Terrace, Vol. 24",2024-09-27,compilation
80f5e48b-83e6-488a-a14f-5611ceb17bc1,Eu Nem Gosto Tanto Assim de Trap,2020-06-25,album
d6d98355-07df-4552-a1f6-128bb7b55ee5,Giovani Wannabe,2022-05-27,single
7d0aa4eb-82b1-4ee1-bffc-14a5803261a4,Money Maker Reloaded,2012-12-21,album
9e4421be-59ae-47f6-8881-df02be072922,93 'til Infinity,1993-02-13,album
051d2ebd-cf92-428d-bb94-4a451666cdd8,Desierto,2021-04-23,album
aecb35e4-b5b7-4941-bd2d-75ef3c16f944,Late Night,2021-12-12,single
bc3e1018-c4d1-49a2-8602-2af22ef43659,KINTSUGI,2024-05-10,album
469a80be-d3aa-44e0-8d6a-5ce82a17b4b4,Omnipotenz in D-Moll,2008-01-31,album
43c5c520-d685-412b-bfff-99adb0a1a280,V per Ventidue,2025-05-09,album
e2abcc58-cdd4-4325-b39a-72b55c6d4dc7,Aeternum,2025-02-07,album
43cf5ba0-2474-4e44-b4e6-84d8c75417fe,La Differenza,2019-11-15,album
8f595aa7-6bd7-48b6-94c8-cb7d03a95b27,KINTSUGI,2024-09-26,single
ed0e5159-6fcc-41ad-ab31-77ff65e135d7,Act 1,2020-07-07,album
83c8a90d-e9b9-4dae-8f36-809f6ef1dbbb,Mozart: Don Giovanni,1997-01-01,album
1a1e220f-0b5d-4227-8921-28e8eb573c27,Revolution,2025-02-04,single
70971932-5501-490d-a3a6-f1fa4075b8ef,Puccini: Gianni Schicchi,2015-03-18,album
9c6fce9f-49ae-410e-b5a7-baaee7472d37,S.U.N.S.H.I.N.E.,2015-07-16,single
a4db3c87-1485-48ff-aa59-2fe753b607dc,XENOVERSO,2022-04-14,album
9a011a4f-65be-4369-afa9-23a54c921db6,Silenzio,2013-05-07,album
50c396b9-f5c8-4e94-ae8e-b172b98d4743,La morte di rinquore (14/2/08),2016-07-15,single
d99a251c-954f-48d8-af70-2413437f960a,Non esistono,2014-03-18,single
5522ed0b-ea20-4f2e-8290-599172d93fd8,Luce (Tramonti A Nord Est) (feat. La rappresentante di lista),2020-02-05,single
93cfe839-f448-40f1-9ab1-83e9bced3c1a,Seguime / Remind 2006,2016-06-10,album
e2aad011-1f54-4fb8-8093-a0844637f65f,Elettrico,2011-04-15,album
f5682763-6f21-4a1c-9b64-37bfa32336d1,Tengo il respiro,2015,single
596285e3-90f7-42a3-9435-086cac93e0b3,Acustico,2010-01-01,album
76c6a5e0-edc5-434b-9f35-994f2297f7d4,Never Die,2023-12-15,album
b36fa108-c4da-4432-a368-2aab941cb167,Razza Aliena,2020-05-24,single
434a04ac-4faf-4b17-9a5c-a5fe1ce040ff,Il Cuore e la Fame (DIECI - Ten Year Anniversary),2023-10-27,album
51c863ef-59a1-484e-bb15-cbe21875ff33,Dei nuovi animali,2011-10-24,album
251c3228-ded2-4c54-b7a0-57fbea404bda,PEZZO DI FIGA,2020-06-10,single
0d9958af-77ce-4457-a0c5-5fd0883f93a6,Niente di buono,2020-08-05,single
eef23d24-22f2-4663-94e6-8de889ec662d,California Roll,2018-11-30,single
c9cbbbd9-9348-4fdc-be04-56e06571e51b,Il Cielo Della Vergine,1994-12-01,album
b3ebbf53-dbb4-4770-9a16-c251d19eeb76,Chocolate Starfish And The Hot Dog Flavored Water,2000-10-17,album
20cebb13-5169-4f53-a720-d76a718e21d1,Hera,2021-11-25,single
b184b5cf-5516-4037-83dc-cc51d394019d,Made In Italy,2004-01-01,album
e019c23a-4dbe-46da-a21c-29f7fbca39e2,MY LANE,2024-03-01,album
7df44155-9fbe-468d-b71a-5f7ab36a2a19,Just Joshin,2023-01-01,single
cb381a32-7db0-4604-afac-305ec9fa6d47,Bollicine (Remastered),1983,album
709dc893-3e3d-4171-8b7d-11760db7b7ff,Hocus pocus,2010-01-17,album
f121e017-a0fa-4e15-947c-31a0f51ec320,The Dark Album,2016-10-31,album
b607b746-2c62-40e9-9acc-179632e38ae6,Twins,2017-06-23,album
09acd16e-aacc-4732-8139-4767eb9ebad8,DARK BOYS CLUB,2020-09-04,album
9fa47d96-00bf-49fc-8857-a5d65b8fc964,Succo Di Zenzero,2016-05-19,album
fb14c246-a4ba-4161-a8ff-1b2c54ddb40c,Hyper Sanremo,2025-02-04,single
bb6d12ce-fc2d-473e-acad-18f86c92daac,La Mia Vita Rap,2018-12-25,album
c9603fc7-faa8-4ae8-a694-f8b26771a745,Trap Lovers (Reloaded),2019-05-24,album
64418083-ba8f-4ccc-bfc3-5df6bfc5423b,Black Mask,2017-12-11,single
82180f2d-2502-4c4d-95cb-4ee075c08a15,Fiumi,2017-12-30,album
6f13124c-1f85-4e54-934a-1c4f96090b5d,La trap come il PIL,2022-01-07,single
8e7330c7-3ca4-4b69-b3a9-1ebee169d95f,"Dobrá Duše, Srdce ze Zlata",2019-12-06,album
d8502406-9341-4ac8-8129-22723c45dbfe,TARANTINO (Personal 64 Bars),2025-02-07,single
c85c4990-18ec-486c-8bcc-fd3e97bb3d6c,THE NOIR SIDE,2025-05-31,album
e5260416-a84a-442b-9495-c74bea03d881,Scienza Doppia H,1998,album
0b071a73-a93b-4f28-9a04-1a871462b0ff,Anima E Ghiaccio,2012-02-01,album
6e9882f8-e052-4a32-8d38-64b45ba388c9,Adversus,2018-11-16,album
8e0c4af3-7365-4f19-bec3-6669379fc83a,Odio Pieno,1997,album
91d40b1f-7475-46cc-bc6e-fe5c6565ca67,Incompatibile (Hip Hop selection),2002-01-01,compilation
38d5faa9-8b9d-4c0b-a51a-46091e135c45,Bentornati nel paese dei mostri,2003,album
54e8ae52-ff34-4b63-8643-1131192df217,Originali,2021-06-03,album
8c10248e-281e-4a3c-b990-8d9e6beedcd1,Sotto effetto stono,1997-03-10,album
54ba59e0-1a4b-4564-a2fb-91711227dc0c,La mia coccinella,1994-11-13,single
fe095ff0-1a96-4433-801f-35d7be24845e,Sotto lo stesso effetto,1999-01-21,album
b581f0fc-fae2-43f4-98c8-45e009e28b04,Originali,2022-03-31,album
4a6d0121-03c5-463e-b200-a4e53a554bf3,Playlist: Sottotono,2016-11-25,compilation
d10cfb6c-26ab-4f72-9e8f-2bc524e93abf,Pensando a te Rap Italiano Game Over,2022-02-11,compilation
9913a2b9-be66-4611-9488-25aa37bad88e,Originali,2021-09-17,album
f5ff9a18-00b4-49a3-8633-49ec6062b7be,CUORICINI,2025-02-12,single
ff0fd9f8-0294-40ce-a276-59a4509da71b,Ciao Ciao,2022-02-02,single
4e294c23-6d17-486c-8c47-4bffe9134d07,La Cura,2021-12-03,album
d5ef3d51-b3eb-4f6a-b7a6-4427bbe7acd1,Vendesi Sottotono,2003,
15263858-2cf7-4b75-bb9d-534431113211,Goleador (Gold Edition),2019-07-19,album
4ae0e0b1-7eb2-4790-a2dd-0a89c366b745,"The Illest, Vol. 3",2023-01-27,album
3f8a56bc-9219-45e5-832d-c72e8a683e54,SFIGA,2022-06-17,single
0a1e94aa-b263-4b5f-9e7f-9ea62ff50e77,Diamanti e fango,2019-11-15,album
7580b234-9a8d-4956-9119-39a21aa6afb2,Io Grido,2011-05-03,album
812b2dad-9d4d-48f0-80f8-183e962614d7,Segnali di fumo,2017-05-03,album
3ccc4c63-f489-40f8-9fa4-cac87ae550a4,Elder's Advice,2024-11-13,single
4dbd7bfd-c4a0-40b4-bec2-6201d005b61b,ABC,2021-12-16,single
edbfd0d3-cc6b-40f5-9b71-9a4cf525bf54,Piccolo principe,2024-01-26,album
9c4d15e1-0c35-4e3b-8e7b-e73622282467,PRIMA FILA,2022-10-14,album
b9c02b89-f09d-49a8-b3f4-dfd7237ed6b8,Jenny e la bambola,1974-07-27,album
071d6fb7-6d39-40f7-9b62-684eff6ccf7e,Don't Worry (Best of 2005-2020),2020-12-10,compilation
450f958e-243d-4ddd-b845-7efe7c4cae08,Ajo,2023-07-25,single
9e435d34-5986-4a27-8458-9fabafe76a83,Luna Lovers,2023-10-06,album
71027873-8348-4bcf-acdf-456d63f5a06f,Vicarium,2023-04-14,album
6c24400e-4da7-4743-9c8f-e84fc38d7d3b,DAJE ANDRE!!!,2024-12-12,single
783c6d58-e1ee-4848-91e7-802179b592de,Anna Pepe,2022-05-27,single
0c1261c2-6859-4092-a0e0-02d2bb6468e1,The Muppet Cypher,2023-02-12,single
8c604c75-5271-4a14-941a-90eb907015a6,Lovesexy,1988-05-10,album
153cea79-28c2-433d-8472-3da0f638b563,Birds In The Trap Sing McKnight,2016-09-16,album
e475a778-671a-4ef8-9294-c631f387ee72,sneakz,2024-10-30,single
939c00e8-1507-45cc-b0cf-65d7eab255bf,Ho Visto Anche Degli Zingari Felici,2007-03-14,album
d008f243-587a-4493-a905-a9904e0d3dc2,BALAKLUB - what up,2021-11-18,single
dac0cd9f-3834-408a-9b91-ecb3b3473b03,LISTA 47,2022-06-16,album
db602933-bf26-45cf-be15-15bc803b1d18,Mafia Slime 2,2025-01-17,album
d249fdd3-1bfb-41da-96f4-ccc867b93b82,Tip Tap,2024-11-29,single
2354d37e-96bd-48ec-8884-d0f4e7514a03,Gesù Bambino,2022-10-07,album
ce73913b-407e-458d-8ef9-f5a4abf6dcbf,DEMON THALES,2024-02-29,album
7ae4a5fc-3fa1-48fa-9380-e7f32b46897c,Terrorista,2020-08-03,single
bd235b6d-1ab9-4718-b92b-1e2686bf7f12,Per non Morire Mai,2020-03-31,single
d28b8254-b98d-4b61-9e66-f0dd658d6648,BIGTEAM BIGDREAM,2025-05-04,single
428d9796-5f7c-4178-b521-08ca3eafa8ac,Capra Records Toaster and Dj's Vol. 1,2023-01-25,compilation
17d46c56-40f8-4caf-bf87-12abb1db6dd5,Genkidama,2017-07-25,album
6f9017ab-5926-425d-81a5-ece0b5eca040,Triste,2019-05-17,album
72d19436-2219-4701-a40c-66330c728f96,Ubriaco (per davvero),2020-08-06,single
543cedfd-9543-4c9b-a4be-aaa7ad2d27eb,Me ne batto r'belin,2020-07-09,single
bdbc0738-e2d8-4d72-9843-af049ec0e2ec,Ragazzi popolari,2020-07-23,single
58380e55-7dbb-4ecf-80e8-9104f56c12bf,Nella Pancia Della Balena (con The Kolors),2020-05-29,single
e38d3a8f-29a4-4cd9-939a-f4e2ca1210e3,Canzoni Popolari,2021-02-12,single
f30170a1-139b-43b4-b6f6-145f33694ea4,Zanzare (feat. Jacopo Et),2020-08-20,single
53dc4871-4c8d-44e2-bcd4-037c66adbf09,Légende Ed. Diamond,2022-11-25,album
6f5dc84d-1bf3-4759-97ca-60d2c800eed3,SPIETATO,2023-05-26,single
5c94861e-c7bc-46a1-9b18-6edd2b700712,"COUNCIL ESTATE, VOL. 2",2023-07-07,single
6d3b004d-a038-4dcb-a271-314dd04b4c72,Pezzi,2017-12-08,album
34323416-8af7-47a5-91e4-02a71f6b34e6,LA CARA DEL MOVIMIENTO,2025-04-04,album
a75e4668-f5d3-4f8c-8069-09d5d2070cdc,Il giorno dopo (Gli Indimenticabili),1973,album
8a72667e-0821-425a-acb3-059b020a7eea,FOMO,2025-06-13,album
ba4ac1ea-5b68-4549-a8fd-5ccaedba7ef5,Scusate,2020-04-30,album
c45ba76e-f2bb-41ac-8144-76de32785b93,Fruit Joint,2018-07-20,album
b7a6a109-cb62-4bba-9aa8-bec285c562cb,Scusate se esistiamo,2020-05-29,album
4a8846c9-110b-41c7-af4d-6260dc07578e,The Waiter,2017-05-19,album
548b7e61-0f1d-4d92-b7a6-ecba3dc2f708,Teoria Del Contrario Mixtape Vol. 3,2025-01-31,album
6bc4b480-78fe-404b-8299-ab36a1fd6aa7,Fruit Joint + Gusto,2019-01-18,album
adc79ab2-bd78-4b41-a64b-05d883ae9696,GTA VI (feat. Mattak & Madman) – Prod. Kanesh,2025-01-17,single
4239a601-e190-4250-bf17-15831ac18b00,ANNO ZERO,2021-07-02,single
c11d2cbf-c072-4d56-811a-207b7b724128,Latte Freestyle,2017-07-14,single
062a8569-9e0f-4868-8589-396550d5db04,Teoria Del Contrario,2016-10-15,album
c61da314-082b-49b7-a9f7-39f9eed16f40,Ultimo piano,2023-12-15,album
6b242b21-6fe0-4acb-8ffa-616d6ae2d667,LUNA NERA,2021-09-24,single
17b54c28-2a42-47ea-aeec-881224609920,FACCE VERE (feat. nayt),2022-03-15,single
3eeba239-82ef-403c-92fe-af46ddf8eb54,FAIV,2022-06-03,album
cfa48072-3830-4034-a963-75905325b7df,Fantino Freestyle,2017-04-06,single
589654ef-f1c8-4d7a-bdf8-dcc8b73cf99b,Bluetooth Freestyle,2017-04-06,single
f947baf7-c49f-4bf3-8393-bcb8a46baae4,SANDRO TONALI,2022-04-29,single
d4b24079-5caf-40b3-9f87-975b328df08f,Ultimo Piano B,2024-07-12,album
b7b3c3b1-b02e-4a45-9451-36c4289363ca,00,2024-04-03,single
8e5c48eb-d022-4672-8143-c1fd56336866,Playlist Live,2019-12-06,album
9e0e9314-cd57-4272-aa1e-82c86176d469,Hellvisback Platinum,2016-11-25,album
6e8dc948-026e-4b93-94a0-0501f438411d,Pippat,2022-05-31,single
4e66ba73-fdda-4169-b217-b7a161fc2d1b,Midnite (Deluxe Version),2013-04-02,album
1bcbe80d-b492-4892-afcd-ee149dfe1ba9,FLOP,2021-10-01,album
7456fa9a-0f1d-47ca-9ea5-544d6b6807ef,Estate dimmerda,2017-07-21,single
f26a9c4e-e4d4-490f-9955-193a4d76a0b3,Death USB,2012-06-30,album
3446917e-95bd-498c-ac71-5d3189ab1e24,S.A.L.M.O. Documentary,2014-06-17,album
d4064b05-7ee2-4e1a-8fef-e61eff3c5709,Rap Italiano Game Over Spring 2024,2024-11-03,compilation
41bff808-7746-4c9c-8038-c893352321c2,Salmos 999,2024-01-01,single
9770d832-322a-4e26-bd5b-b89628426c14,I've Tried Everything But Therapy (Part 2),2025-01-24,album
9c51e563-ac27-435a-add1-44dc2368f9b1,In Un Solo Attimo,2018-02-01,album
014f8978-815b-4f4d-91b2-1327218f512e,A TE E FAMIGLIA,2023-12-29,single
8ae9317a-68cb-45a3-adb5-7513bb73aa9e,Earth Hotel,2014-10-17,album
54cefd89-c70a-4b0d-8ff9-d1a2f06ad5f8,Daniel 2.21,2023-07-24,single
b88b6cd4-e2f2-4c44-8acb-395be6daa8f3,VAMONOS!!!,2023-11-30,single
8b2390f9-d7b5-4b6c-9f4f-0ac51ce8ea02,Salmo Unplugged,2023-05-29,album
720ac3eb-ee55-4caf-9544-605e7c236d14,Converse Com Deus,2018-06-06,album
7b5e6cfa-7dc0-4e68-b5a7-d150ec557187,Stay Real (Veramente Però),2022-12-23,single
9c14f3e2-ea85-4461-b908-7596bc048296,GarbAge Evilution,2021-02-12,album
cd8b311f-926d-4f9f-955d-319b20d921cc,Mare Nero,2017-06-06,album
69999995-e63a-422e-873b-b9e607daa220,Live Herald,2007-01-01,album
618e6f4c-bea8-49c1-a771-7940dba0ce43,Lehár: Die lustige Witwe,1994-01-01,album
dccfbe29-78c5-4358-840a-263e72025371,FLUSSI D'INCOSCIENZA,2020-08-21,album
1c4a8e19-dee0-4dd5-a761-d4bc93c124f5,X.O. Experience,2001-05-25,album
e9a89e61-11b4-48da-91d8-1792eeadb6f9,BLO II,2020-11-27,album
2871c27a-6d22-454e-8830-f5474e6e3e0e,Parrandero,2013-09-18,album
e1bdda18-a806-4b3a-b956-a39509acc2c4,Snake Tongue,2024-07-25,single
36d643d6-4c71-4c90-a4bd-3afc93c2a703,Free Blank Shots,2010-02-07,album
417306bc-b73b-4686-bea1-b1eef5220836,i am the one here,2024-09-20,single
b64faae5-d839-49fa-a5af-0a4d7f278837,The Island Chainsaw Massacre (The Ultimate Reloaded),2014,album
ef08e2b4-db9b-479c-a2e0-1a3d5871726c,PENSIERI SCOMODI (feat. Tony Boy),2025-05-23,single
6a143fa8-1914-4565-b7f4-23a8b5339edf,Janvier,2021-05-05,single
12e43ca2-1524-4cdb-8834-d0a1ec4d6ef9,La Evolucion Musical,2010-11-16,album
da38270b-84df-4d96-98a1-267cb934ffa0,Maria Antonietta / Torno Domani,2017-03-21,single
9b85ec6d-b117-4acb-aa2a-93cabb807702,Brava,2019-04-19,album
b93e4dcd-010b-4434-aba1-592b2e2fb013,Amica Pusher,2017-06-06,single
e57846fb-91dd-4c56-b7e8-36bf273af6be,Torno Domani - EP,2017-11-03,single
e141bdd7-e66c-436c-95ba-f9ff43b125c3,Rendez-vous,2020-03-05,single
91292b7a-d0da-48ad-9bf1-165bb2052b99,Lama d'argento,2022-06-23,single
9bef7ea4-1b0d-4693-b939-79862efe96c1,Fata Morgana (RMX),2020-04-22,single
cb4804fd-86f2-481d-b8fb-df4754e5474f,Tutto bene,2023-06-01,single
19212823-aaca-40dc-a8e6-cc79c9fd9ad5,Spezza cuori,2025-01-03,single
91d00bbb-7688-4eff-a202-eb5eb08d1909,The Smash Records Story Vol 2,2000-01-01,compilation
908bb700-2fc5-49c9-8558-e9c7a8dc18e8,Maria Antonietta (Re-Edit),2018-03-21,single
7a5cf168-f96d-4497-9a7c-8981d180ccfc,Acqua su marte,2019-03-29,single
b90cf717-3008-48dc-936e-f1f3c63d0b37,Fredda,2017-07-14,single
a6b7ab05-261d-41e4-bc4b-4003d1500baf,Per quel che ne so,2019-11-22,single
6dd6631b-6e1f-49ce-9aa6-2f5d1f920a3c,Il mio diario (Giorno),2006-01-01,album
6cf01b15-57dd-44da-a19d-4df450237843,2 Gocce di vodka,2019-07-26,single
6f569c54-1e3d-44a4-8251-f4ab45a4c58d,Alibi,2007-06-29,album
4ad92b23-6914-4222-b4f3-670621e33599,Il mio diario (Notte),2006-01-01,album
55a26463-254c-4264-b197-1076f237198b,Non è finita qui,2021-02-26,single
3c653d28-05ac-4d30-80a3-8f65c8326b75,Corri,2022-02-25,single
4fe7e4d5-9408-4400-bd3a-a1e5762bb8fa,Alibi+bonus track,2007-06-29,album
f075248a-dd5a-4dde-b00f-325f8753b0aa,Vieni qua,2025-04-18,single
01df71bb-a710-4354-8ee5-0011ff878b70,"Estate 2019 (Raccolta canzoni estive, canzoni da spiaggia, musica del momento giugno luglio agosto)",2019-06-07,album
b22284a5-d654-4531-92d2-b323538d1907,E' complicato,2021-01-26,single
5ad81e5f-4bce-45c4-b758-8bbed06d57d3,PRIMA DEL PRIMA,2025-02-07,album
18f2d9e6-91b0-4380-b5bc-0b0241df399d,The Flowering of Love - Beautiful Arias and Sacred Songs of the Baroque,2000-01-01,compilation
027f1111-5aaf-43cf-becb-1fc5ef335cfa,Misantropo a senso unico,2000-10-13,album
f027ab21-f43b-46da-9eaa-4f8c390dc649,Qui è selvaggio,2011-01-01,album
28e2822a-d98f-4707-860a-f9af87751631,Psicotropa,2021-03-05,single
63d16a65-0105-4edc-ba05-caf2656df959,C U ☉ R E,2024-11-27,album
3baf836e-86cb-4e9d-9d70-52bd941f8186,Tormentoni,2013-07-08,compilation
00de9f68-c6d4-4bf1-83aa-e11d2a4e1e4e,Disco X,2023-06-09,album
d27e1b1b-a0d0-4c31-b4a6-e101c2dee5b1,B-Lady,2009-11-20,album
e77aedd0-55ea-4cb2-837e-8e498487b81b,Karmadillo (feat. Caneda & Tormento),2017-06-23,single
c5fed16c-a189-4c4d-b645-72b7ec76cb18,Alieno,2024-12-06,single
4bf8709e-05a2-4398-b6c1-8468aaa0146b,Danger,2013-07-16,album
614a0538-980d-4db2-b258-1fc2f15d80e0,GarbAge,2020-03-06,album
bdf4acf8-3c86-4782-b897-7ff5d05a4da1,No Comment,2018-01-12,album
6d657ea0-9be4-488a-8e3f-0b94ac260bfc,Suicidol Post Mortem,2016-06-03,album
6a0c70bc-248b-4e9c-a379-f7dbeaa1f912,Lucifero (prod. Yazee),2018-10-24,single
246d801c-93d1-412b-8c7f-f04e6b0dc058,Rotten 2,2024-12-06,single
7c814aaf-2140-4d6c-839c-99ee49fef914,Magic boulevard,2019-12-12,album
580fbb67-5a4f-45da-ab89-352ff8d755d2,Per un paio di dollari,2024-10-25,single
5fce2abb-6b27-481d-b03f-74b10e17f185,Scappa,2025-04-11,single
7c16681c-f0f6-4e58-9dbe-c85ee0d474b4,2.7.0,2020-09-03,album
dfd8685b-8d8c-420e-ab2e-4d062df62719,Accepted Eclectic,2001-03-06,album
be8f833a-75ac-4c0c-99f9-05a8214f6229,LOVE,2018-09-21,album
d8a597da-ea65-41d1-b114-6c4bc4f2c252,Auto Blu,2020-03-26,single
d8cc7175-232f-4908-9c24-c548c74794da,Mon Fre (feat. Emis Killa),2019-07-19,single
39f5e0f1-01db-42e8-8bd5-37f33e467bea,Bossoli,2019-09-05,single
1ee6ec86-6981-4883-aa74-a56ba543aa00,Routine EP,2020-01-31,album
79b5c2bb-0400-43ec-b721-22f3e3c4103a,Angels & Demons,2024-12-19,single
40f077e2-e304-459a-ac34-90439e2d595e,Syrup,2023-09-14,single
5fd4e1d3-41ba-4c9c-901b-018880e76987,Milano Demons,2022-11-25,album
47fe9bc5-0c1e-4d6a-9998-921f76840409,Solo,2018-03-26,album
e39bf5d8-7350-4b2b-aaa5-7c4e1c12b07a,Dolce vita,2021-06-11,album
07e52780-92d0-4e39-ae58-8eda8c052b1c,Non sto più in zona,2019-10-03,single
3583ac01-c40b-49ce-98a0-3e8b17ea2710,Motta Shiva Ketta Shiva (Original Motion Picture Soundtrack),2017-05-02,album
c8b0b7b4-8c36-419b-8d57-654916868a3e,Dark Love EP,2022-06-24,album
62135d4a-0790-4579-bf19-ca8abd4926e4,MILANO TESTAROSSA (feat. Guè),2024-07-19,single
7e1418e2-6a25-43aa-ad06-9a1fb123dee0,Aston Martin (feat. Headie One),2021-12-17,single
4409b0a7-de54-4095-8d53-8c4023e5bbb9,Take 1,2020-07-09,single
65a114dc-b5b5-48d7-82e3-c671bd71df75,Radar,2019-01-18,single
6412e8dc-e7e7-484b-b9a6-2fedc930f59c,Schiena,2013-01-01,album
5d0947b9-f5fd-4286-a431-ec9395ead17a,Tempo anima,2017-01-27,album
2c901134-5852-486e-ad77-7ca18bcab7de,3/2 - EP,2020-03-06,single
e07c3adc-3afe-4dd4-9385-bc0fa64f14e7,Take 3,2021-11-19,single
bd4a3e2b-30c6-458a-8955-88b857e79a76,My Vinyl Weighs a Ton,1999,album
1873598e-0bfa-40dc-b69c-257396358a86,Jackson-SHIVA,2025-03-19,single
2989c60d-89d2-4502-a770-267f761abca0,"EVERYDAY (feat. Shiva, ANNA, Geolier)",2023-10-13,single
3f86f5b7-834b-4d31-9843-493d88521e87,Spirito,2017-05-04,single
cda9a928-c02d-4deb-a6d2-f6ad8e6166c1,LUCIFERO,2024-09-13,single
f3b3d44c-66e0-4a0e-a099-5f62b0795728,432 Blessing Time,2016-08-02,album
990a313d-4722-4ee2-afb4-ace195bbe7dd,ORION,2019-04-19,album
22349a21-4860-45ea-af5a-df89a5eb21f7,Giuramenti,2022-05-06,album
20540045-4629-42ab-9d73-61289ddcdb96,In Piazza,2020-06-17,single
5455f4bd-3f55-4e39-b5ac-d38cdfde323b,Luce in strada,2017-05-05,single
a3f5901f-a24d-4b45-b399-27f687c79f2e,Gangsta Grillz: Mvrda Gvng,2023-05-19,album
539944d7-7117-4acd-9f51-f1b91a14f0ed,Maha Shivaratri 2021: Sai Young Adults Open,2021-03-11,album
36641933-587a-44c3-a3a1-ba6c619ec2f6,Pull Up,2024-09-11,single
dd027cc5-35a7-4bcf-81bc-5f10156756b9,Eterno (En Vivo),2025-02-01,album
95d465a7-21ab-4bde-942c-0ad91b72ff78,Galassie,2024-05-17,single
b8d31475-29fd-41af-8bec-6a398abf1fa6,Rap de Shiva,2021-06-13,single
bf5446dd-9c37-4042-9bbe-850f10e2d597,Tetsuo & Youth,2015-01-20,album
47fb9319-698b-426d-a5ba-4b3b44b73cfa,Creature 3D,2014-08-16,compilation
26791e0a-6362-4681-8e41-2c9b7dd5f17c,Fade Away,2014-08-30,single
39fd5517-266d-413b-aae6-09956fba7f3b,Northside Dep,2022-07-12,album
3327da2e-a29b-4fd7-8694-0260da38f669,Prima di partire,2003-05-23,album
cc30a8ed-bca3-414d-b670-f8406e39c16c,PALABREO DEL FUTURO,2024-08-23,album
8f93d648-4b6d-4b35-a74e-ba31af1e23ce,Suit Kale Me,2019-07-25,album
872dcf8a-2533-49d3-9c65-442421c0d678,Guai,2019-03-28,single
40f20576-9676-4dc2-9ce9-81b5b8694eea,Seven,2018-02-19,single
9f152591-70d0-407b-abf3-6238c85ef279,Unpodi (Remix),2016-04-27,single
5bac1447-80bd-474a-a2ce-2030fcadca53,Banditi,2018-03-14,single
66ef239c-6745-40f3-858a-4b8fd8bab257,Mozart Nella Giungla,2016-02-17,album
11ecb907-15e8-4117-a971-2c0b2c6f8f80,La dolce vita,2014-05-30,album
0eef7dc3-0385-4199-ac1a-7a086029a4d9,Funambola,2007,album
2a4fff2c-fe28-4a8a-a943-91e575389cfb,Nato nell'acqua,2012-02-17,album
5a7a9eae-2af1-4c77-b77a-51145fe4c9a8,Zoe,2016-11-21,single
210da0b5-3e2c-4544-84d0-afc817512c23,Il cacciatore di draghi,2013-09-10,single
9aa58c42-a0f3-470c-a4d2-ee774109f811,70 x 70,2010-01-01,compilation
8463a04a-7658-44ff-9546-ea0c6cce8c28,Nevada,2020-02-28,album
692c2db4-71bf-428b-89d6-500d638bb1e4,Diamanti,2017-06-07,single
651df8ff-1b31-4b8c-9fb4-1b06641b8a43,Napoli,2018-06-02,single
53a3a5a7-ae22-4cd5-a6d8-f9623f1a50fe,Piccola tigre,2018-08-03,single
30407a79-2e16-4ac3-b674-e1674b4017c7,Miami,2017-12-15,single
fe5ce877-c1c2-4efd-9336-2047b30a093b,Titoli di coda:,2022-11-11,single
f3a0b975-bc46-4b5e-823e-bf0609257cd9,ASPETTANDO LA BELLA VITA,2023-07-20,album
d1b5b654-aef2-47b7-b2df-59f52fbadded,Il piccolo principe,2012-09-01,album
f3ff3aca-8a11-4d67-adb9-08a338186739,Vado al mare,2024-02-14,single
c89a0bde-0434-4874-b781-b6a981efe052,Xmatteo,2025-03-28,single
fe894fbf-69fa-438d-9675-8d9e3cdde708,Quando la canzone finisce spara!,2018-11-05,single
5839051c-28cf-4786-a52c-e6d196b33dd1,Porno,2019-03-27,single
ebb59ffa-f178-47ef-85f7-15215b1de804,BLACK,2024-11-15,single
275d7d75-908d-447c-bf1e-f3783d43f284,CANADA,2025-04-15,single
b24626dd-f8fb-4f50-9fd3-b3b4b0cc6500,Metamorfosi,2021-03-05,album
c3b51697-f492-4ada-a4f5-9f15f693c589,Algebra,2018-12-30,single
5976ab40-519f-49df-a0c4-15e5c8d882f9,Giovani per sempre,2019-02-08,album
1a6cda9d-2b27-4798-a0f5-4ce6b8d0426f,Freddo,2018-02-09,single
1ea7369b-f547-4ee8-b81e-88aeea06f39b,ALICE,2023-11-24,single
8e550522-5989-474b-a3fe-f0292bd6b4d8,Patlamaya Devam,2020-10-02,single
4d9b4861-3924-4c5c-b410-29cffb548d6f,"Crookers mixtape: Quello dopo, quello prima",2018-02-23,album
11edb165-078f-47ff-a69f-f6dcacab0b66,MILLENNIUM BUG,2020-06-11,album
cc9453df-0565-4b27-a952-01e0768a0419,Lethal Injection,1993-12-07,album
4c2c043d-db92-4096-8384-82a525184bb8,Legend,2021-12-21,album
2ba8e0a5-9039-41da-9668-1dd51d88fb79,Cresciuto Tra i Lupi,2021-05-18,single
c659f393-5ad9-4ad1-b780-67972bf25863,Piegature,2019-06-27,single
1263afbf-3d4c-4827-92d7-8e71f87a970c,Love Sex American Express,2018-06-02,single
c01f761a-b1ff-46e5-afe6-6149df0cd265,TOCCA IL CIELO,2025-04-03,album
57aadf45-a050-4b8e-997f-5c1551ae8c15,Eden1,2018-09-21,single
d4d79a9b-5df4-406e-a625-8087e4ff3bd7,Belli E Dannati,2018-01-22,single
3a3642e0-bf75-4bca-9c43-77fafca9270e,Larepubblica,2020-11-10,single
5fa02e61-f99e-43d1-8604-6c81e14f800e,Rimsky-Korsakov: Scheherezade,1999-02-01,album
bdc7d1a2-cb8b-45d5-b658-234b4946a34a,Veleno 8,2019-09-27,single
94ccf64b-b6f1-4819-b863-0647e9df905b,Da Qui in Poi Ci Sono I Draghi,2023-04-21,single
2e5aa246-68ab-4db9-ad50-53e611db17ab,Nelle teste degli altri,2023-03-30,album
61cc866e-4bb5-4c65-bcdb-b24e00a485e6,Maschio,2025-05-08,single
d129702b-d1fb-4844-aba2-2887354147d7,La Canzone Di Arianna,2019-12-08,single
fc36cad7-9b84-4c8a-a0dc-a75d414c39fd,No Rmx,2021-06-19,single
db04af40-40bd-4c91-b0af-1937eb6d8e60,A LORENZZA,2024-11-13,album
bd600f7c-72af-4b80-a739-2f05feb1d074,Volevo essere un duro,2025-03-20,album
825a1b73-77db-4aa9-95a2-e3131388277e,Poesie per gli zarri,2020-04-10,single
5389ba86-8c24-44c5-9218-5ae4d55c0dd2,Fou,2016-12-16,single
7b8ceb41-1cfd-4315-9ea9-916bdb7e7ccc,Hsl,2004-06-10,album
9a004ea7-32b3-4be1-875c-9e4a52106fb7,Rent förbannat,2012-10-01,album
aab3f402-510e-4d30-be5a-d27b138177ba,Pesadilla Antes De Navidad (Banda Sonora Original),1993-01-01,compilation
c6955dcc-4bce-4bfb-ac35-4f7e66385cb0,Maradona,2013-05-03,single
cde4d251-889a-4001-aa32-799893b7d4fc,LiL Ape with Friend's Mix Tape,2023-11-04,album
78a9ae41-e93a-4b1f-a7c0-51d6db9d0ac1,Atlantide,2024-11-01,single
07f0b7e8-2b26-403b-b261-65a562516fd5,The North Atlantic Jazz Connection,2012-07-20,album
44266284-6f28-4d72-8e97-52248bce8f03,1995,2024-06-21,single
978aca92-b49d-4ef8-9a25-dd66cca66066,Estaba Escrito,2010-04-06,album
f0266f71-b275-4827-8e61-34966051ed3c,Morandi,2025-01-31,single
4e61a829-8752-4101-8dbe-a13017da4b22,No More Baby,2023-01-13,single
7926fc8e-7399-4b6c-898e-e77cee032670,Oceania (Colonna Sonora Originale),2016-12-16,compilation
bbb3573d-a05b-4730-bae7-c1d77eff0bd0,Sub Zero,2018-02-28,single
14811de6-2b7b-46fa-93c0-01dbec454555,Tropicana,2018-12-02,single
692a83c6-21b5-4f69-ba8d-f6fc67ba18c5,12 Lunas,2025-06-01,album
74000641-2d08-4701-a074-94d3e43b39f8,Skonnessi Unplugged 1977-2006,2007-03-13,compilation
d14b8526-0f2f-42b7-b4f9-b695f17c39ab,Moment Of Truth,1998-03-31,album
ac690359-27fa-4112-8633-b528f853d726,L'albero delle noci,2025-02-12,single
2fefbe26-1455-4515-a3af-357339e4099b,Gratta & Vinci,2016-07-13,single
08a70203-e759-4a0b-b37c-91ab799b1e62,Jump,2024-03-29,single
58cf8e99-c762-44ea-9ce0-6eafedab4baa,Altri Angeli,2024-04-19,single
c4ec31ba-7dd0-489e-9539-831a9b72c6f4,BIANCA (feat. Kid Yugi),2025-01-24,single
e139d763-814a-49b9-ba34-5b1ccec6a467,Romanzo Twitter,2019-12-15,single
b9b3086c-e1bd-43ce-8583-6eb1165f9499,Volo,2019-02-27,single
49aa0807-201e-4092-9245-2bcb9316a7bc,METALLO E CARNE,2025-05-02,album
2fe582db-fc00-4522-b6fc-86b8be47615e,SWAGTATO,2024-09-20,single
fca0321d-9c08-4458-a8da-6059521e0527,El carnevaal de Schignan (De Best version),2024-10-16,single
05721b7e-6a39-4323-a540-846b1d6520ce,Ladro di Te,2023-09-15,single
c449a64f-e1d4-49f9-8849-fb3a076fac39,Nostalgia della luce,2017-10-09,single
7a7c93f4-3f9a-4c40-ba30-9fdd1b99de09,Poverty's Paradise (25th Anniversary - Remastered),1995,album
fc937815-1c7e-4517-8b0f-5d456ecbc421,AstroBoy,2023-07-28,single
d6a46798-0d3e-434d-9811-875f817a365d,Zebneda,2023-10-27,single
620ad83b-6460-4367-bdef-4ceee61d77fb,Panda,2024-01-19,single
26e736d5-7780-4f65-afef-bc303736f647,Sex & Aliens,2022-12-21,album
a29470de-97d6-443b-a843-bb60c2b1ace5,ASTRO,2024-10-04,album
0308fa40-48c5-45da-9db4-e683f82a2af9,DJ Fede presenta: Torino Roma andata e ritorno,2017-05-05,album
63096699-2668-46f2-ac7d-de2e887765c3,Dream for sunset,2024-12-01,album
03d8f69d-7e11-471f-8b50-495b29d2eeff,Roby Esce A Maggio,2024-01-12,single
237060a0-bc59-4a94-8bee-8cced296531c,'Más allá de la Luna' (música de la película de Netflix),2020-10-23,compilation
bb7f2f4b-fb54-4476-8cd0-595279d9710f,Body (Remix) [feat. Capo Plaza & Rondodasosa],2021-05-04,single
9927f2e8-edae-496c-af6c-d7fca112d67e,Madneda,2018-10-12,single
51e4a76d-6628-460b-a596-b272bc64a599,Tekila,2019-04-27,single
83d99948-2cb4-41b8-8e46-0922675a70e2,Dentro Alla Scatola (Mondo Marcio Vs Finley),2006-01-01,single
7c0c30bf-09ec-4239-9df7-c83b380371e7,Mondo Marcio (2022 Remastered),2004-05-01,album
952a1fce-f5fd-46ec-a4aa-c2f572225de5,La Freschezza Del Marcio,2016-03-11,album
de989068-9066-4d0b-9514-3cf155ca3c28,Solo Un Uomo,2006-01-01,album
edc1ed6a-3b26-43c0-bfe3-774c2a23bfae,Generazione X,2007-01-01,album
0329e626-7ba4-4ff0-9b71-518507ac5266,UOMO!,2019-03-08,album
3e6d87d9-f650-4d3a-8062-86a2b940449a,Cose dell'altro Mondo Marcio (Special Edition),2013-06-25,album
4f2fc928-89d2-4f88-9652-4892cfe315b1,My Beautiful Bloody Break Up - Full Circle,2021-04-09,album
66b8b4b4-7e19-4000-bdf4-6585e345781c,Adderall Pack,2020-05-22,single
32ebf298-0ee0-47f0-8a0b-c039c14ac0c9,Nella Bocca Della Tigre,2014-01-01,album
888fdba5-515b-4c5a-bc21-6371ecb00075,Animale in gabbia,2010-01-29,album
af462a13-b397-4bae-b3cf-d5009605969a,In cosa credi,2008-07-11,album
d7fe0329-bbf8-48be-8f19-dfa3085a7185,Magico (RMX),2023-10-31,single
5cdced1e-5b8f-4baf-8c42-592dad3dd6a5,OH GOD,2019-11-22,single
2226f4a5-8833-4281-99bb-372f259df9bb,CREDO,2025-04-25,album
ec192e5c-9d19-4a2f-aac1-07acf2c8ca66,What Do You Think About the Car?,2017-04-13,album
bd330a6a-0956-4363-8709-a4ee33b8ec93,Città del Fumo PT.2 (feat. Vale Pain),2024-10-18,single
9cc75b5b-00cc-4146-b716-3c583134e9f8,Che Aria Tira (Album),2013-03-26,album
5474318c-e2fb-4c32-98c5-c8532d8cebdc,Magico,2022-10-07,album
90febb1f-0390-4ef5-aa62-ef7c361f946d,Kerosene (feat. Tokyo),2024-11-29,single
8d9635c0-76a5-4408-a742-8e5f1cec8f5a,Fuori di qua! (2022 Remastered),2004-11-01,album
d7aafa11-0339-4097-98b1-6587fe97dacc,Il mondo nuovo,2005,album
359d4507-0849-4fd6-a213-6a15c54fec8d,Gotham,2015-07-14,single
efd1ff6d-a3be-4d13-8571-871b25f9e1bd,VETRI NERI,2023-05-19,single
c5528212-4e7d-4059-ab2a-c0ad4faa4d1c,"Latin Passion 1: Cumbias, Merengues y Paseitos",2014-10-28,compilation
9d60f05c-8f1c-4594-9986-2f15a6a6df9b,Marracash - 10 Anni Dopo (Inediti e Rarità),2018-06-22,album
1b8d4bdd-5afc-4d45-af3b-eab00803eec7,Musica da Serial Killer,2011-01-25,album
c1d10352-6ce2-4803-89dc-245174925858,My Time,2024-02-16,single
e11b3d21-b28d-49fe-93f1-184d72b34170,3OK,2024-08-16,album
55b45aa9-f57c-47a3-a01c-1aeb75ec0b3b,Chimera,2024-02-16,single
b30f7891-a22d-471d-97fb-a738473e2311,Pronta Consegna,2024-07-12,single
eaf83c0c-f6f5-48c5-a4e2-b3bb6599bb82,GIFTED,2023-11-10,album
32387d4b-b8fb-4778-9fa3-150c612d4bb5,Verso Libertalia,2021-05-28,album
9f3525cf-42b9-42a6-8c7c-027ba63cce58,Cieli Paralleli,2022-05-20,single
fab84338-acbb-4645-8c92-b9bf5f4c8475,Leviatano,2025-01-10,single
b3920a61-5ac2-4701-b833-2131c89a29ab,MURAGLIA,2021-02-07,album
c12e70e5-ebf2-4a30-9794-e4b27c187428,Uebe,2019-09-13,album
5be981e1-e53b-4e9b-abf8-e2552573d6db,Hanglover,2017-09-15,album
34eb51ed-a94b-4dda-b188-52fe679ecc54,Lettera al Successo,2014-06-10,album
fcef1966-8513-4988-81c7-7c2bda25128d,BoyFred,2015-10-02,album
b52f803f-8d30-466b-82dd-ce57cd140dc4,Unico,2021-07-02,album
f9a14c3e-7b57-44d0-9633-1b42c85e71cc,MMH (feat. Rose Villain),2024-10-18,single
ef2c27bc-d6b6-4e21-a65d-22b968b88a28,Cd Dos Meninos,2019-05-21,album
cb77bbfb-9274-4f7f-9de8-2c27316e8125,BARRIO LAMBADA,2025-05-23,single
3fff612f-5acc-4063-a3f4-fa738e6bed87,Unico,2021-07-16,album
6860cc97-94d6-4821-830a-5a79029b3b6e,IL CIELO NON CI VUOLE,2024-02-07,single
f6ad2e97-bc4f-47a1-b106-412b8843c042,Extasi,2022-06-17,single
7c071926-9954-42d4-af98-cad9e8e84dc2,NOTTE CATTIVA,2024-06-07,single
41afc9f0-a5df-43b0-831d-2d577900f4d4,ROMANCE,2022-04-01,single
1d38ceaa-7ff3-48cc-ba57-bb7a61f84583,PASSIONE,2024-07-19,single
ad6db3cc-6eb2-42a5-bd28-a923979692bd,MELODIA CRIMINAL,2023-07-07,single
c358f075-aef1-451c-90fa-b03310cde093,Adrenalina,2023-03-31,single
701726d9-391d-4bcc-8db8-26a2bfe343de,Tik Tok trends 2024,2024-08-03,compilation
9d24ffd6-1fbc-45fb-938b-3421ad16e7cf,Maliciosa (From the Netflix Rap Show “Nuova Scena”),2024-02-27,single
a70799d1-77ae-41cd-994f-3d0356093879,DI CAPRIO (feat. Niky Savage),2024-09-13,single
ed1cbd76-490e-4e4d-8e97-0840911513b7,Sig. Brainwash - L'arte di accontentare,2013-03-05,album
ca8f622d-7fd8-43d8-85d3-070bbbc60280,SEXY SHOP,2024-05-31,single
68d88904-628c-4e86-8510-f91c3160112c,Che cazzo ridi (feat. Tedua & Trippie Redd),2019-01-04,single
10644361-c334-4820-a38e-113d232aeccf,Paranoia Airlines,2019-01-25,album
296f6656-d019-4de1-9a3a-68a150a936ef,DISUMANO,2021-11-26,album
f316ba20-a536-4e72-8762-141cda2c30bd,ALLUCINAZIONE COLLETTIVA,2024-09-21,single
b9b5f5d1-2ae0-41af-8114-cf34e702043a,MILLE – feat. Orietta Berti,2021-06-11,single
701f857f-8dd2-4a01-87cd-17da1a01e946,PROBLEMI CON TUTTI (GIUDA),2020-05-15,single
e1144337-d061-4081-aa5e-deb6d8304819,BIMBI PER STRADA (CHILDREN),2020-06-11,single
1f8d2d59-971e-4dcd-9d10-f4424e2669b8,LA DOLCE VITA,2022-06-03,single
ba3ae913-ef87-455e-a692-f909fd542973,Penisola che non c'è,2013-06-18,album
4e12f5e9-0d41-4102-a4a6-c2ec7ed4089b,MEGLIO DEL CINEMA,2021-09-24,single
910ebf83-a955-456d-af29-41c876debf78,Pop-Hoolista Cosodipinto Edition,2015-10-09,album
139b790e-cd57-4c77-a715-5b5325505103,BELLA STRONZA,2025-02-15,single
94ff9fa7-d798-47fd-b068-c5e061461120,DISCO PARADISE,2023-05-25,single
e19d4c37-206f-4bca-84d9-647da9c58a04,Diecimila lire,2016-03-15,album
17409f9f-61e7-4086-aa89-b6adc9dab3b6,Il mio primo disco da venduto,2013-06-18,album
2bd2beaa-2203-402b-a0bc-785ae9f45df9,VIOLA – with Salmo,2022-10-14,single
14e5ae2c-517c-4536-acfa-a685ba56a6f9,Copia Copia Copia,2024-12-13,single
c11eb82e-c335-4f51-a80d-94334ec8808c,ROSALÍA,2024-05-29,single
19947b2f-a1f5-43ae-8292-0425a1d7368e,CRISI DI STATO,2022-12-09,single
b67d3c2b-81df-435a-b314-1ae9097af979,Sig. Brainwash - L'arte di accontentare Diamond Edition,2013-11-25,album
5b4e2fea-aa96-4eb4-ba1b-b72ac3d9e055,Non cantiamo mika,2015-06-01,album
774a83e5-3b7a-40e9-8eaa-9f293afea7fd,Carte Blanche,2019-07-25,album
133f5677-7a66-4d21-b79a-c6bd0caa4d3c,Cattive Compagnie,2019-12-24,album
e0dd339c-e33f-428f-acd7-a3390c81dd01,Lucio Dalla,1979,album
2d9d1971-cf2c-492f-be39-3d58891a0a0c,Walkin' Bank Roll,2007-10-30,album
ac8a25ec-e044-4d96-adf2-9a51c92e5f0e,The Real,2021-05-25,album
2677d68a-d013-4f8a-8244-0ebd1304c43a,Vangelo II Luka,2021-01-14,album
f53992cb-6cfa-465b-ad75-c47efc043eea,Hot Fuss,2004,album
9ae5a981-6cee-44a9-9ba2-f488970f29f4,Punk,2018-11-30,album
1adfa130-8108-4c02-9c90-626f9ddb64dd,Esse Erre (SR),2021-06-10,single
d22fbe0a-9860-4e5b-9080-7ecfaf84a6a0,Persona,2020-03-27,album
e6bff3a3-0376-4eb9-8ee3-c18d47f5a86b,"Status (Inediti, Rarità & Live)",2016-01-22,album
2e5a9564-2c4f-46e0-95de-f15471deeaea,King Del Rap,2011-01-01,album
ba673256-a4c9-41e6-b490-426b2026abcc,Roccia Music 2,2011-10-01,album
ff213554-1198-434f-9ec0-39b51cf1993b,Fino A Qui Tutto Bene,2010-01-01,album
5b2f3c43-e8f0-4cd9-894b-c511ca14345c,"NOI, LORO, GLI ALTRI (Deluxe)",2022-12-09,album
992af105-0dc6-458a-9ac8-2ad880811531,LA BANALITÀ DEL MALE (End credit song “Qui non è Hollywood”),2024-11-06,single
3022ea7e-80ec-4a2e-a60c-351325683c23,La Tipa Del Tipo,2013-01-01,single
13a503f8-bbbe-4c7a-ab74-57086b879bc0,Monument,2018-12-07,album
5828c5c3-fabc-4785-bb65-6087a86b72b1,Che Ne Sanno I 2000 (feat. Danti),2016-07-01,single
