DateKey,Year,Month,Day,Season
1bcfb68b-317f-42c6-84d2-bb0931405dfe,2021,4,2,Spring
f06fa6c7-a57d-41d8-bcbf-0bab0fcec9ff,2020,3,6,Winter
1bf9b344-5fd5-4037-978e-7616a5a2a182,2021,2,19,Winter
720e78ff-c4ab-4f42-b640-fc725ef999e9,2019,3,8,Winter
4ae638d3-77fc-4cb1-9e2f-66ff270ed6a8,2020,5,29,Spring
6c5fc8f2-6ca9-4852-9643-1a8360755468,2020,5,21,Spring
1b819011-2845-4c30-89d7-1b055c2f423d,2020,4,17,Spring
2e62f983-ec82-45a5-8a13-d55da30e037b,2023,2,8,Winter
b9a33273-128a-4ebd-a078-6358b62af253,2022,6,3,Spring
44a067c8-c6b6-4396-9575-d469070a8762,2019,6,7,Spring
851e359b-1650-4ab6-b139-d43b243afe73,2019,2,7,Winter
ca4c126f-5031-49d2-b03d-a798e3fae9ed,2019,4,16,Spring
6e9a1f2d-3222-4732-91ea-d5c81aec51e4,2020,3,13,Winter
bbe6dbfe-393f-400b-affc-99fed2e38350,2019,9,20,Summer
b4296af4-2d1b-44ae-83f7-7eec020ce169,2019,1,14,Winter
f16ba17f-8279-4cfa-829b-cd46c7e7ce9c,2025,5,16,Spring
ecb02306-744e-4f79-a011-bcc063cdf569,2018,6,15,Spring
7acf1217-e6e2-48a6-8fc1-1a08d0235d47,2019,7,10,Summer
dc128261-b1e5-433e-9e26-2ef388ee3e23,2020,1,17,Winter
cc47fe5d-7b56-4b4e-9a06-cfdf08631eaf,2020,1,1,Winter
5ad55467-6f9d-4c2e-8d68-5ec55a01b2c8,2023,5,19,Spring
8cdc0094-55e2-4b92-aecb-bc329daedc21,2019,12,30,Winter
0d1013a1-e35c-435d-a377-4d7b17d5405a,2024,6,21,Summer
1a2cb0a0-c329-42d4-afef-122c3504edc0,2020,12,25,Winter
4d2af1fc-ebd2-4260-befb-63fd0f992f29,2022,11,4,Unknown
2e4f3b83-93d2-4d1b-8f40-b51c5124d630,2019,8,13,Summer
18262c06-52d4-4731-80a4-a02698103626,2020,4,7,Spring
25621108-5e8b-4b11-abb5-d20c78579b7f,2024,3,1,Winter
46de4cd8-fc71-4134-bb2c-373536953953,2018,12,20,Autumn
5fa7eeab-70ca-47ab-81ce-ad4c04b0d8f5,2018,12,5,Autumn
cf8edcde-1287-4f1e-bafb-ea96aa61a657,2018,11,12,Unknown
3d02361f-d44f-4cc4-b621-79bd3e3820d0,2020,1,24,Winter
3b9cdce9-5852-4885-af0d-7fab5232d6b6,2020,6,10,Spring
39b73adb-3833-4324-91dc-1af2b9478f0d,2015,11,17,Unknown
d7ba7b97-7f1d-45b6-8586-f94e4d461d89,2015,9,7,Summer
7c81660e-2f2e-45d5-8974-6bfc2d512017,2025,5,2,Spring
43e50bfa-59d2-4e04-97a1-b3a306c18b13,2015,11,26,Unknown
d7afecf0-53d2-42c0-a3e8-1a0233d6fddb,2015,11,22,Unknown
2fb6842f-1ff4-4b4e-8c62-b0fa2951c30d,2015,11,2,Unknown
e4cc1890-6ecc-4ac1-97ef-e5d555631103,2016,1,27,Winter
3c187ec4-51c3-4b3e-b597-c1b83fa7f403,2025,5,22,Spring
36e90897-4e3c-4131-be60-95e8ab8d265b,2015,11,29,Unknown
88c8170d-f9d3-4320-959b-a4f81270e9b5,2025,5,5,Spring
2035398b-a434-4d3c-8d60-833d1f1857a7,2018,12,11,Autumn
12064a77-3ec9-482c-a7e8-6effa6058363,2018,3,6,Winter
d4a77d53-e37f-4908-a365-6d30db87e359,2019,5,24,Spring
617ff5a4-8f1e-46d0-9412-be17c875ef5d,2021,5,28,Spring
c70c952c-8dc7-4a83-b087-98d0b8c4f39d,2016,10,24,Unknown
d82fab6b-c882-48ba-834f-5f515e9bba42,2019,2,13,Winter
402d3dbf-eb77-41dd-96a9-771225be2fbc,2018,2,14,Winter
e378e35c-88e7-4692-b498-2824571dd886,2021,10,22,Unknown
f6dbb294-8ed1-4e1b-a15d-e724f5ef5952,2017,10,13,Unknown
4f11bd46-ac47-41fe-b502-c14cd3d05e4b,2024,5,10,Spring
c1728d66-0248-4da0-9144-e5229a933eb3,2019,10,2,Unknown
08f2e740-7004-4c9d-96b0-016414410d4a,2018,6,7,Spring
a1e5e44b-9767-443f-a0ae-e37d1c53db06,2018,6,22,Summer
6a05bdb5-556f-4842-b7b1-7afb8fbfaa2c,2018,4,23,Spring
ced10f3d-ebc5-485a-a7b6-c7373967e2ce,2017,3,13,Winter
fff85393-d1a2-4b7b-8f54-f8b88dd7ec68,2019,1,10,Winter
23653678-d019-4f0e-9a11-c3cc350921b0,2021,4,30,Spring
e7998080-942d-4960-928b-dbac4d934ccf,2020,11,12,Unknown
4b19106b-1f9e-452e-98b3-a8040159f20d,2019,12,13,Autumn
0162141b-b8bf-47f4-98a5-20bd02950a94,2020,7,24,Summer
1a2cf08b-58a2-44cd-ab79-fa870aa6489a,2024,6,14,Spring
d98035b7-22b5-44f5-b869-d7e7963174ab,2021,9,10,Summer
327d1d83-1eaa-4a98-bb05-c3f6874a1a46,2022,6,24,Summer
d70e1ef3-dfdc-4a03-9879-299230dbf684,2020,3,15,Winter
c2f073e3-7a79-49b8-ab0a-c0e72d3eacde,2024,2,23,Winter
8949e8c8-fa13-4313-b0cf-c5d3b5bea435,2020,6,24,Summer
fb47fd2f-9dc3-4413-8530-ce642763d6c2,2015,11,13,Unknown
2961cbeb-f8ad-4227-a691-a5f14bd428be,2019,12,2,Autumn
50656a25-13e7-44c9-a983-c7de25f5836b,2025,2,7,Winter
53fbb88d-b6a6-409a-a8f6-e705b4448fc7,2024,4,5,Spring
cffed62f-ccbe-460c-ab4e-8f86d8a2e1e7,2020,5,7,Spring
75614117-d8ea-4b9a-ab9b-954448d99761,2025,4,4,Spring
1f25b73a-3551-4514-a1f1-2e8e9277d107,2023,7,28,Summer
17b63124-de1f-4da8-8386-f0a35d1f8da2,2024,10,18,Unknown
de2a07c7-9ad3-46b4-812c-7699392a98b5,2017,9,10,Summer
343a5209-8a47-45d8-adad-d83a1bf6c951,2025,5,9,Spring
0ae84b99-be93-44ed-853b-b0f12587b253,2024,3,6,Winter
6a18108a-0b5c-44a2-9559-c8b77ba221b2,2019,3,19,Winter
69d78c78-5646-46bc-87af-458e13880cea,2020,7,16,Summer
b717d0a4-8381-432e-bab3-f1dff7ece237,2023,9,29,Autumn
e6e6da69-dede-454f-8820-30a96ebabd45,2023,5,12,Spring
d80fea08-7b4d-407d-a8e0-0680538e0a22,2018,4,26,Spring
7c6398a4-d8bf-4ab8-a4cd-fc71a13a38bd,2019,10,11,Unknown
7ca7983f-9cfd-4595-8286-58ba7d88622d,2021,5,14,Spring
b3bc0d50-c2f9-458d-9cca-1307457250de,2021,4,22,Spring
8c09be24-7d90-4952-bb11-00a3a60c6af8,2024,2,7,Winter
f594c59e-8ae0-4813-9ff8-044a9433fddd,2019,11,29,Unknown
10dfdfb1-56ab-4a18-b682-be4b6f6c13c5,2018,3,8,Winter
fa3dd1c6-83a0-43b9-9f37-6c26b3860f82,2025,5,30,Spring
47f60ab0-856f-4210-b9e0-b7ebc2c96f7e,2024,2,16,Winter
8561a692-d5dc-4e54-a223-97aec2eaee0b,2017,10,14,Unknown
ec365f88-1ad9-40ce-a446-65f5dfdf6cb1,2018,10,8,Unknown
c8e403ed-c771-4073-a3c0-42de8fa80217,2021,4,19,Spring
94621270-5424-4203-8339-7fe788ea47b0,2021,9,1,Summer
ae61750c-15c8-4265-8d26-da8292c26284,2019,1,17,Winter
36c5f7f7-1224-4b86-aec5-2279e066dd6f,2022,3,4,Winter
7f922c2a-aa00-44e1-b5b1-1c156a641894,2022,3,25,Spring
a5c63043-68a2-444a-927c-4a8688b3e51b,2022,1,31,Winter
477fc819-d2c3-440f-93da-2552e8f68bf6,2023,2,24,Winter
3a3f7d7d-8b5b-46a1-9bdd-81f7bdcf4c5b,2022,6,10,Spring
b2ef45a6-e68e-4c0b-bbc6-8cb5bffc74c5,2022,11,28,Unknown
e04b6ba0-d8cc-4b66-b001-052f18b08711,2019,11,20,Unknown
c29bab0e-f563-49d3-b4e5-2dec38441f19,2017,1,1,Winter
685976a4-2593-47ee-a928-ea8bce88ddb1,2020,5,19,Spring
4124628c-cad8-4c89-9d8b-d0d7062d83ba,2020,3,14,Winter
289b1d5a-fa09-4a2b-9a1f-d86bc7cdaafa,2022,10,7,Unknown
f73fd856-9e7a-4f24-b2cf-51d35cbe20c3,2016,8,9,Summer
a76df4cd-c776-4efe-9e5a-371c649f96dc,2022,7,27,Summer
b938459b-ed21-40b8-820c-461aa301b564,2016,9,16,Summer
dcae9f66-f813-4836-bd36-4a91d3a3e43d,2019,4,29,Spring
7e133302-5504-43e2-9c11-994fadf8b425,2019,4,10,Spring
bdadbf38-7201-4481-9f1e-cab26af0c7bc,2021,12,25,Winter
0181b2cf-f8cc-46b7-a88c-61ba3f26a736,2019,3,23,Spring
24986433-9963-4332-a8c9-405fc6058bdc,2019,11,8,Unknown
a22acccf-6d87-42ac-b7b6-a53258f38413,2018,11,30,Unknown
2caf8cf0-b999-46c4-b60e-01d5c76ed004,2019,11,15,Unknown
96fff3e9-2421-4e4a-b6cc-499add11c802,2020,7,31,Summer
7076daa3-035a-4fc8-8d33-c45e2dde4f27,2019,5,3,Spring
4604e498-8ab3-4ca4-8466-43fe50ef93be,2018,6,8,Spring
36a03831-9b76-47ab-a9f9-a6b1b60fa6b6,2017,9,26,Autumn
9750332c-752e-4d37-8c5f-57282921cc8b,2022,7,15,Summer
37f73aab-685f-463d-82ac-da462ed92edd,2022,9,30,Autumn
2dcf8314-99af-4c30-81ba-346e99556ed8,2024,12,13,Autumn
c08ae7cb-ce2d-4511-96b0-5f899558c4ae,2023,3,17,Winter
aac5f502-c54d-4ea9-b899-ce4b2d89f15d,2018,5,17,Spring
37e1a657-b666-48b6-b7b8-720a65283782,2022,9,23,Autumn
bafd123b-34cb-40f1-aca4-06ab1fb915b9,2017,10,1,Unknown
1af53a2d-c94b-4470-958c-3f95ad33e3fc,2019,1,1,Winter
507a922a-b9b1-44b9-8080-b75cc12c80e1,2020,4,23,Spring
e15d03cc-48e0-4f03-ae55-1e3d4304573b,2023,12,15,Autumn
53fc8790-43a1-48d5-8f3c-a03f7b5cd6f3,2020,3,20,Winter
984c6fb4-263b-44a8-a9e4-029eff7d9d75,2023,9,7,Summer
615ebc4a-084e-4d0d-89fd-84bd9c219026,2019,12,7,Autumn
f5450546-6adc-4a0a-bedd-44008de290f9,2020,9,8,Summer
4cfb93d6-a0fc-4965-b880-ac8e477b4c2f,2023,10,31,Unknown
18e735f7-74b2-4bf6-96f4-76f580583cd3,2021,4,4,Spring
772e2815-3a33-47c8-b296-c1b2da8dd51f,2023,7,3,Summer
8a4e3058-49c2-4172-9fbc-7cc5b357f292,2018,1,1,Winter
6e6672f0-d757-49b0-a8c0-30254dbcfe3e,2016,12,24,Winter
fa50e5a6-9b54-4c71-8138-ae000f34c404,2018,10,31,Unknown
d3ba175d-ccba-4db1-b563-b4b72f5412ca,2020,10,31,Unknown
6151eeed-00cb-421e-bb8f-41836d40a137,2019,7,11,Summer
3b64efff-4ba5-4378-aedd-bbc401e5e38f,2020,10,3,Unknown
182a37a8-b13b-4651-92dc-2bed59d5ea52,2018,4,1,Spring
1733dfe4-c3fa-4b26-81eb-40ef93201173,2020,9,19,Summer
4fdb8f90-7590-4b1a-bf08-c3a9ffee2031,2016,11,17,Unknown
58b505ba-351a-44dd-a131-2505608a027a,2021,2,18,Winter
91473353-d66e-491e-8e33-ccde60283920,2019,5,30,Spring
c6fa63a9-f4f2-4d99-8eef-6629af1ab2b6,2021,1,9,Winter
d84fec56-3288-46da-b5e7-339cf456ef8d,2016,12,13,Autumn
ef9af068-ce8a-4ac7-969d-f9c43bb664d5,2015,7,25,Summer
a6b306f0-eb2e-456d-a60b-0254ab3aa38e,2018,4,11,Spring
6ad9e6ba-ae8a-4850-aaed-14c99f6ba995,2018,7,1,Summer
50f54c71-eff6-4f04-baab-358a064fc622,2020,11,26,Unknown
e8c7e01f-945e-421b-92a0-229d2f09528a,2020,9,16,Summer
3a373202-3cc5-4e4b-b46a-81223ffe237d,2020,11,9,Unknown
25fdd851-1a62-4b23-ac3b-e39e1d1d5bd0,2017,5,2,Spring
ea2fd7d8-b532-41b4-a5f8-110c12f0b7ed,2017,10,31,Unknown
dcc6e854-4d09-470c-8f4c-24778c7d72cf,2017,1,23,Winter
0cc928a5-e78e-447b-b58e-e45fcfee76c2,2020,10,22,Unknown
877342bc-ecd4-4f21-a058-d9287c9f6faa,2016,9,2,Summer
1caf5ae3-9520-453b-9ad6-93d981cd4982,2022,4,8,Spring
468750ed-b6dd-4729-9441-03dfe93a6e95,2020,10,21,Unknown
3cc815d8-52ea-4bf4-8164-93bf21da0d4f,2024,3,26,Spring
2d23b3ba-8810-4d95-a70f-e1aab7e3c072,2017,3,11,Winter
467c3d5a-1285-4a1a-8c36-c2ece98e2caa,2022,1,1,Winter
59d4ff08-404b-4fe4-82eb-a1746c7e5fba,2023,11,4,Unknown
04319fc2-99ee-4b0a-824a-03ad8314078a,2018,6,14,Spring
8034ccdb-2a79-406b-81c5-96346ff6d421,2025,1,1,Winter
d9231adf-3f0e-4505-9094-e339c59c65cf,2022,11,30,Unknown
76082812-3e3e-4777-b83f-b364722ad377,2023,9,1,Summer
adfaed5b-9fd6-42c8-b9e6-b5f94d0352f4,2023,5,5,Spring
5c0c8cc2-df64-46d6-8d9e-3f1ff442fda0,2024,7,5,Summer
183830aa-09b8-42b0-a8d7-e2ae65731719,2022,9,9,Summer
9fa6c8a8-6d8c-42dd-97df-c25b187bc38d,2022,9,5,Summer
b171102a-1650-4139-a09e-f8ba6b41f650,2024,9,20,Summer
c9d46718-6d90-4577-baac-c0ac902af92d,2019,3,1,Winter
d1d91a9b-927c-43b4-afbd-09453fd40856,2024,2,27,Winter
a446370f-7149-481a-a228-e59ec09fb4fa,2017,4,7,Spring
50ad20c5-3a52-415e-91c2-393335461128,2020,7,17,Summer
faba51a8-9362-4061-9f9a-f819edb65d7d,2019,9,27,Autumn
9cf5b0fa-584c-4086-a9a0-208d20a29ca2,2024,9,13,Summer
a63c1863-4cd6-4682-ad56-190fd166c4ef,2019,10,4,Unknown
b811c6f3-6d2b-4314-ab87-7e5f1cad809e,2017,4,4,Spring
5c837215-d70c-41dd-9c80-06d22b8dbcda,2017,4,14,Spring
2768c8e7-2233-414d-9b01-8db93f631798,2019,2,21,Winter
a029721f-f8ca-4a0c-8068-2d6a04ee2efa,2018,7,13,Summer
a0e73c87-850c-416e-ac39-5c7270f07cfd,2016,12,12,Autumn
4cf3e5be-94c4-49fb-8446-8823c668d4b4,2022,3,9,Winter
39912d8f-3779-49ec-920e-c41605d1d23c,2017,10,20,Unknown
b093f5bf-c396-48d9-9e1d-89e9221c1cad,2020,7,1,Summer
06c5d67f-63ee-4a0f-98e4-499497499220,2017,2,27,Winter
5f9bfefa-f934-41d5-b9b9-de8bc3b8c3ed,2019,2,12,Winter
adcebe1d-1440-42d2-9467-ef9ad5aec7df,2016,8,16,Summer
d4b83bed-4348-49a4-8317-300e41e7a7fb,2018,3,21,Spring
9e778689-3c2b-44b5-94bc-046aa998eb31,2024,11,27,Unknown
8b271fac-2ff5-4aa2-9f39-0783355a8171,2023,3,31,Spring
de7828ea-eadd-49af-a20a-f1656d93787c,2022,12,16,Autumn
cf8eb25f-2892-4866-a7b6-f08c6a2a91e4,2017,1,30,Winter
74560413-68a3-44f7-89c7-8d71a5ed52ef,2014,12,29,Winter
f7819b92-bd1a-4766-ae44-86f7ca02ddc2,2017,8,8,Summer
a5e3612e-3104-4b5c-b775-6c36094302a2,2016,12,5,Autumn
430340dd-353f-46a2-9cc4-dfd7cd73c915,2016,7,25,Summer
8781c411-77e5-464b-9ad3-05ec40c285ac,2016,12,30,Winter
61725257-809b-4d30-957e-0a56213dc3a5,2022,5,27,Spring
3bde70ab-cc6d-4c27-96dc-3eb8d8802bf2,2017,2,16,Winter
fbd9dffb-f33b-4c98-b6ce-5e4e298de468,2023,4,17,Spring
035bab6b-bdd3-45d9-bcf7-2af99fb7d96a,2020,4,21,Spring
dc2755eb-2800-4a82-a793-28c4d2452c12,2021,10,19,Unknown
9ea7e0fb-63b4-49e9-98d0-91732344c0ba,2022,5,5,Spring
589ce3f0-7037-4470-8544-17746f8a5f63,2016,11,25,Unknown
4307ee65-05e0-4978-a043-a262802d90c7,2017,10,12,Unknown
326309e8-a2d3-485d-a3aa-ef3c15092a31,2019,12,25,Winter
a2c19bfa-326f-4427-8167-7b9861a1d22e,2017,12,18,Autumn
3d25d105-11ae-4be3-a096-af7bb82c7c1b,2020,11,25,Unknown
5ba5f27b-78d9-4966-9ada-88116ac48506,2021,12,31,Winter
8ea484b2-36f0-4b7d-89a7-87ee5efa2444,2012,4,29,Spring
e0230e44-3757-4b41-8c70-657f7fbf9f05,2013,7,12,Summer
25ff69bf-0072-4cf3-8222-c80e9b156b58,2012,11,5,Unknown
44c43a55-13d7-48ff-8906-54d9feea3305,2020,10,12,Unknown
66539b4e-e319-459b-a828-dda425fd4be0,2012,10,28,Unknown
6594e25b-88b5-4c2f-b2b4-f3ea77b2c9be,2012,6,17,Spring
9d49d1a3-d2ec-4bf7-b871-e06729daab32,2017,3,31,Spring
1f455194-bdd8-4654-af0e-d075065cf7c6,2012,1,20,Winter
74bc0681-f5bb-41be-9935-7020d7410eed,2020,3,28,Spring
5ee9d0d4-92d6-4deb-a89f-4e18a545803b,2020,4,6,Spring
5f070709-cc72-4852-b39c-159c714ba537,2025,6,6,Spring
83c71616-ed5f-4398-9c6f-12a96fc4329d,2012,8,27,Summer
e069214a-9c09-4d38-8f83-f05cd473436d,2012,1,1,Winter
2376dc76-8850-4a5a-982d-0a3b80e841bd,2015,1,19,Winter
5c26ddda-f973-40ce-96b6-f73a46bd8fb4,2017,4,28,Spring
af2f4180-c898-43af-b01b-6c14a3c2ca2b,2017,5,19,Spring
202c4edb-055b-480c-8b6d-d36cf4e3cae0,2019,6,14,Spring
5de63e13-0825-4ad3-8f30-e7b9765eb9fc,2020,7,10,Summer
941363fb-344f-4066-bdd5-a1c22b8a3fd2,2017,11,20,Unknown
1ca9197e-63a5-4daf-8d77-490ba3508b1b,2018,5,25,Spring
7c780697-d01c-4c79-8d6d-aa9b884fc6e3,2013,9,17,Summer
6529bdfa-8c32-4f1b-a848-bac49c396104,2017,3,17,Winter
9222b5f5-c851-4f27-9bb4-7015d72887e2,2021,3,26,Spring
3efe2e27-94ac-422c-899f-c8e665cae2d6,2021,2,26,Winter
24d4e463-bd84-47f5-bc79-afc033c120de,2023,6,2,Spring
6241d806-8ecb-4719-b2e4-c13467ada7c7,2018,4,27,Spring
4e3f21fe-3b76-4c43-a6a2-d713404084d1,2020,7,2,Summer
e8a5ad8a-885d-4162-95bf-e3487aba14bf,2019,2,8,Winter
9bc573fd-649e-4db4-9a94-de0d1873c005,2016,2,22,Winter
8f497827-d30d-44ee-8044-07d436a3a857,2023,5,4,Spring
d8659d6f-cde3-4366-9166-d30ebb9610a3,2020,12,11,Autumn
84c171fc-0a6f-4f9c-8e37-f8d71466497c,2019,5,17,Spring
01c2a6a3-684e-488e-a095-5318f6397a96,2025,5,23,Spring
1ecf9e4d-a1f4-41a9-8fa3-d9aacf603126,2020,4,30,Spring
b30c8388-7e07-4503-820e-7c4ca0b66789,2023,6,6,Spring
1edb57c0-e2c1-4308-b318-9a4490d8b20f,2013,9,21,Summer
b7740ab5-00a1-47cc-9650-8f4d7a5c8688,2015,1,27,Winter
c3510d21-f946-4304-bd6d-6df06931fdcc,2017,3,9,Winter
03ce51ea-99e7-4e34-a6d1-2eeb9e972332,2021,5,12,Spring
6ddaa1e8-c076-49a2-b35b-c5f499790d92,2024,4,19,Spring
e783ab3e-04c6-49e5-ad3f-f0c6f506b6ff,2022,6,30,Summer
2492e5b7-d18d-4805-9812-56b60632fe3a,2013,5,13,Spring
485955d8-42da-429f-9390-4fccd377c627,2023,11,22,Unknown
a182a8fa-7707-48b2-b362-f91541e5bbae,2016,3,3,Winter
74c9eb8d-4e3b-483f-bd1f-cd75d2e1ce37,2025,4,18,Spring
12da1182-fb9a-4394-a750-d68c9a618ea0,2017,10,3,Unknown
62c577f1-9be3-4daa-8447-adb2bda0c492,2016,11,14,Unknown
2a9707db-a6b2-4904-a0fe-caac5252e34b,2022,1,14,Winter
9ed6572c-372a-4d7e-94a5-529de9e7a7c6,2025,5,29,Spring
9a4de202-ba6d-477f-9b97-4a31b18414d7,2018,10,16,Unknown
bb4e9c8e-2c68-4731-87b5-3f142f763d78,2010,10,12,Unknown
b7461fbe-05d2-4705-aa08-755f0f4c549c,2006,6,28,Summer
7f8abcd7-2327-43da-9fcd-89a8bfb0fd16,2008,1,1,Winter
0b28f274-36a8-4dba-8c5b-f4293dcc049a,2004,1,1,Winter
0a6718a8-4848-427b-bbeb-1a5fc8381a1a,2017,9,27,Autumn
300b8024-42f3-42a8-8508-95da2b530f05,2008,4,15,Spring
c18dad7e-91ae-4531-9ce1-1e88a0b37b9f,2017,9,21,Summer
61a1ebc6-70b2-4890-8ea8-92f4a7f7930e,2011,7,16,Summer
1fdfa219-f16c-4856-befd-20d5adc7959c,2017,9,29,Autumn
905e5115-3061-45ee-b483-32ebde7ea09d,2020,8,15,Summer
bc997872-c0a7-4016-addd-fc2f6ba89b06,2013,12,21,Winter
23316ac9-442c-4894-8888-b62d15fb0b73,2012,6,19,Spring
a564c556-8634-4477-b439-849ccbd12a18,2015,7,2,Summer
2fe0fd9d-7675-48cf-ab9d-6c6ff3103fc1,2017,5,26,Spring
dbf357ac-2d29-4099-a34f-4995b8c22c6c,2012,5,11,Spring
99987302-1832-4e0d-aac5-97d4581839d7,2015,9,25,Autumn
0370eaa4-314a-4d77-b4ee-423689811716,2016,12,3,Autumn
8fadf4dc-18cd-43ee-aeac-99383c3cb049,2008,3,15,Winter
8d1588ae-cce9-4e9b-9583-3e297bead6c2,2024,9,17,Summer
645e7555-9db1-41d1-81e8-31a6273d09cd,2024,5,17,Spring
d64be1c2-0dc6-40ea-b993-ab918fa253dd,2023,4,21,Spring
693a5980-5982-4203-8411-1468664b60da,2023,2,9,Winter
080966f4-1cde-4f35-b357-020e30f0137d,2023,7,14,Summer
c613863d-6333-4f53-876f-3429166dc2d1,2025,1,24,Winter
30afd025-899b-4ff6-ac25-cf20481fca0c,2025,3,7,Winter
edb41c85-bf7b-45e5-944b-59e601751a1e,2024,1,25,Winter
bcd5f902-257d-466e-a57a-96b7b6a11ae9,2023,11,10,Unknown
81b64b9b-2cd6-48df-85a3-fd9427d9430f,2022,2,16,Winter
35c828e6-db2d-4889-bb08-38f7b5a7f619,2024,7,17,Summer
cfb03ae1-8a20-4b06-a509-ce2b810391e5,2022,6,17,Spring
be22ddfd-09d1-411f-8a11-ea2ee8927a5a,2021,12,15,Autumn
82445bc7-33b5-4b1c-bc1b-3833c8465cac,2017,6,30,Summer
527b4aad-2392-4ced-95c3-24f81e5360bc,2020,6,26,Summer
bae4762c-12f0-4888-b51d-dfa9e0089ab8,2013,6,4,Spring
fcf94ce1-849f-428c-9dea-cdf1291db007,2021,4,9,Spring
73dbdbe6-2406-46da-8d52-7a68969a02d4,2015,6,23,Summer
ae5c1ebb-620f-4133-ba6c-368950cb7549,2023,1,13,Winter
c5500706-dda9-4bd7-b8e0-cf86c20f19bb,2018,9,14,Summer
e3a5bc08-aff4-4a69-bffe-d2e16d6647d8,2011,6,10,Spring
ba02b1ae-218f-4db8-b33e-017d51f16d08,2021,12,10,Autumn
11cd7a5c-f02f-4cec-b2c4-3ed2f0c517e2,2015,11,25,Unknown
ecdc8d58-ed1c-4d84-b058-07a3c87230c7,2018,9,7,Summer
e6b611e4-4097-420f-aaaa-363e77a39bdc,2017,9,22,Summer
5e03a2a4-66cb-4149-a3f7-69047241fb39,2017,4,21,Spring
850b0700-b8b8-49a5-ba78-ff18b8c9ff68,2025,1,10,Winter
698b1129-006d-4ee4-b4f1-dd61f4326821,2019,6,5,Spring
1beb58a9-b5b2-4390-9686-fee6c0e4c155,2020,6,11,Spring
00580336-2b2f-4c3b-a70c-f3829d22037b,2015,5,5,Spring
793ec01c-aff5-4609-ae4d-54b52705ea91,2013,4,23,Spring
b84f3d5a-b02d-4eac-a2b2-888b6aa51e95,2020,12,16,Autumn
f4199055-5049-4157-85de-d4a215209d9f,2017,6,2,Spring
5fa51c53-8852-4d00-9a91-4e69b4799817,2015,5,26,Spring
6bef2268-c656-46ff-9dfa-af8d15ac6b06,2019,6,21,Summer
33f75b8a-1240-44f7-adfc-c3913ecbed2f,2011,6,14,Spring
600bcce8-0af3-4356-9f4d-6b473dcac17d,2015,6,16,Spring
3c52ba78-4690-4519-b794-df3e294ea024,2021,4,28,Spring
21268ff0-d072-449c-872a-1f72db7164f4,2015,7,23,Summer
1589c9e7-969f-42d5-9094-aa23d1405456,2011,5,20,Spring
177a58d5-fa6d-439c-be0c-3bdf6f8bef68,2018,11,29,Unknown
90f412b2-a5a4-4c90-a5d0-b392c8c0408a,2015,11,27,Unknown
ea47f300-d72b-4c41-a22a-72dd94b542d9,2006,1,1,Winter
12e257db-715f-4bcd-9cce-9a4469e4c2c7,2013,4,5,Spring
a7810593-b28b-497d-a1a7-652b2960c0c4,2020,11,27,Unknown
708def46-bcab-4422-81aa-8839132b0ced,2018,6,1,Spring
b85c2e9e-686b-4bed-b46d-2feb9dd8a0d8,2018,4,6,Spring
751f53eb-952b-4169-a380-3085cfaaeb09,2018,2,16,Winter
116ebfb2-8dc1-4a55-ab8f-43f90e5faa5a,2009,10,11,Unknown
e346baef-bfa2-4668-9e81-6fb634014691,2009,1,1,Winter
d93460ae-9c33-44b1-90e3-3e3573c7cc8e,2018,11,22,Unknown
863d8ba2-4eed-4763-a8dd-1a4e7f7aa50a,2005,4,11,Spring
b0431513-1fe1-45cf-ace7-3d926088345c,2013,5,10,Spring
f328de75-e9ec-4e2c-bce1-0984edcac1af,2013,11,26,Unknown
b5e20803-b794-4169-bd59-519bd308116d,2019,5,14,Spring
e6f65543-b177-40dc-9df5-c56324d54d8a,2017,12,15,Autumn
203fdc97-854b-41c1-86d3-84904bfb4dfe,2025,5,21,Spring
d0f837b8-20a6-47c3-88c3-c59fed216ccd,2010,11,15,Unknown
508c5dce-9886-4063-80fd-5747bb1310d6,2015,11,6,Unknown
f0aa1ef5-6ec6-4e54-9453-f13b36c6a600,2013,10,30,Unknown
07dd35c6-481c-4922-ac38-46fe21297cb0,2015,1,1,Winter
31be28ca-78b5-4041-8c57-4a9031d394a9,2008,10,9,Unknown
95341977-d253-4fd2-bed8-a41eb300eb89,2004,4,30,Spring
714a2877-e6e2-40e5-8d1c-1988893009ef,2018,2,23,Winter
39c11daf-d347-4024-bf99-52572ce846a2,2012,3,20,Winter
dc65248a-c044-4c1a-98fd-5ab3d4c7ebb8,2005,1,1,Winter
51d23b6d-2555-4223-b94b-ebfa5199d33c,1999,1,1,Winter
da8fd81b-d837-4e1f-a15f-35e436b62660,2017,4,5,Spring
ba2cdfe3-8b7e-44de-ad1e-e1b1b17ec337,2024,2,26,Winter
e8ced3b3-36a4-4f80-9927-457196d5a3b8,2013,11,18,Unknown
43613d03-3dbb-4309-8f37-1eafae0498b4,2017,11,12,Unknown
2d22f1ab-02d4-4e3f-92f8-3837ef84258f,2017,2,24,Winter
e2312516-d63a-4a7f-9aa1-01634556f30f,2017,3,24,Spring
b41776b8-564b-42e4-bf81-3d7ff37abb32,2018,2,1,Winter
d0068df9-c229-4e55-bafe-beeb77f8aa06,2020,7,3,Summer
d0dfe2c4-a88a-4d15-8cf8-ae040bbd54a7,2012,11,26,Unknown
b75b4808-f1c6-4b13-8097-de34ffff0c77,2015,4,1,Spring
9e0d6ad0-3ece-49d4-8669-1545cd5940ff,2014,6,9,Spring
ae07c24d-76a9-41fc-984c-4b9f5925446e,2020,11,6,Unknown
6c29191e-f3e3-44c5-937e-29699729c77f,2020,10,23,Unknown
7e34c53b-83f3-4455-8d0c-aa34b96a3350,2020,8,28,Summer
96e452ea-b333-4a16-81aa-60de278314f6,2017,9,8,Summer
81b6f0aa-0ee7-44ad-bce3-9e47fe489d56,2018,8,17,Summer
ceb20d2c-1bb4-4aff-a980-d5253f9b819b,2020,9,11,Summer
1381639d-872b-4ba0-9a0b-7ccc4be57ef1,2023,6,9,Spring
f419ecfc-0be9-44bd-90df-cf808490f5b3,2023,10,27,Unknown
ee5389d1-c173-4ca9-a979-9270421511a2,2023,7,7,Summer
de6b23ab-9d8e-45f1-bc81-4c400067406f,2023,4,7,Spring
c390869d-ad3e-41dc-9a34-fc0e615457ea,2023,9,8,Summer
1d467e06-74e3-4ab1-8789-61f99b01c83e,2018,5,11,Spring
259f3c7f-643f-47ed-9111-0fe46706679e,2023,12,1,Autumn
81eb6b39-0152-43df-896d-9874b1b7700e,2023,8,4,Summer
82d82240-bb4d-4561-a501-d6b8e1c9ad65,2024,8,16,Summer
f7d8b5aa-b2eb-46c0-a972-875df28e7408,2024,10,25,Unknown
62de4479-836b-40ea-abed-932848d46c3a,2018,10,24,Unknown
e705cb9c-1b2d-4d5c-9ba8-ddf985a51bc9,2020,1,10,Winter
bae2d71c-1136-4378-81f1-0af5d028cdc3,2019,8,30,Summer
1971845b-61dc-475d-8869-b1f500d6940b,2016,12,9,Autumn
8d425044-2697-4c63-8519-50208b1f8e38,2020,10,7,Unknown
1f449887-053d-4659-a35a-b85dac0428f2,2018,4,13,Spring
959173c3-4bcf-4b5a-88f2-173443c03b47,2017,6,9,Spring
2cedaa03-1b5f-4ebb-bc5c-ba4724fd70f0,2023,7,21,Summer
4b041b9e-411b-4676-8270-51345084ccfd,2021,12,3,Autumn
2a397d73-4eea-48ce-a740-e0eaeb2ffaf5,2023,3,10,Winter
cdc59ee7-9086-4f07-8ead-5adde232bcb0,2023,5,26,Spring
28a0e685-a62d-4732-9681-e3ae542149eb,2017,10,18,Unknown
e61c0454-4ab4-44a8-9722-470a7745fa96,2017,3,16,Winter
dd2d95be-9c4a-4f53-ae8a-0303aa783067,2018,4,20,Spring
cb2e86f3-e959-4183-a8bb-e837c5a4965b,2016,8,18,Summer
ab897756-947f-4a94-967b-f7962d4fef9f,2017,6,14,Spring
52bdf2a0-03be-4bcf-bd45-e727cbbea326,2021,1,8,Winter
f5fdafa7-c0d4-4c0c-a2b9-22f4f96ea652,2017,2,10,Winter
b898a9af-36d7-4003-a208-9a1342616b0d,2021,1,22,Winter
de2c7975-0cd1-40c5-9070-1f47fb9cce19,2016,11,24,Unknown
80db1a5f-4050-499b-a0d6-3a9903545a3d,2024,5,3,Spring
ddea1cac-5a83-4ac3-ba33-faa903f8a541,2019,6,20,Spring
daad294c-0256-44e0-9275-c9031c32645d,2016,10,3,Unknown
2d1285e2-0564-436e-9edd-9b97968bc2e2,2016,12,1,Autumn
c85f2a17-be94-4d18-9f4c-403b4eb2274d,2024,11,15,Unknown
7785247e-84b7-4a13-abca-3c10122e0423,2016,5,13,Spring
96e9f2c0-4e25-4768-b448-fee6990a1211,2023,10,13,Unknown
82159c6f-41b2-4181-b79c-68acc652a646,2018,11,23,Unknown
50567346-845b-4cc2-a5f8-dc39b2cc17e1,2024,3,8,Winter
70ab0ec0-3853-45f6-8e72-21bbe6207eee,2015,12,18,Autumn
ef4c0bda-2a80-42db-99af-e77e69bb61cf,2016,6,10,Spring
cd9cfded-9d2c-423a-8914-5ddef895f698,2021,4,16,Spring
149c1cdd-d30c-4dbd-992c-a0f5b8b4386b,2019,11,22,Unknown
69040536-6d68-4f0d-8e38-ff51f7957994,2021,6,18,Spring
54e5649a-87bd-4493-94a6-a5ba2001a46a,2025,6,13,Spring
c66f1f7a-9c8a-4a19-8265-1b048b671b88,2022,5,13,Spring
29ea6d37-a0cd-4cd6-95d9-534f48ca4c0c,2014,2,14,Winter
7ca8fcb3-3279-442e-8a81-aeb32dcdb400,2013,2,26,Winter
b05a526d-34bc-450b-be19-f15b13f72a76,2014,5,22,Spring
b01b91e4-2c29-4604-b307-36451816749a,2019,10,14,Unknown
125969fd-4e08-49c4-957c-fb2c3451f78a,2015,7,15,Summer
e6d75c0a-d586-4219-9b35-01cbacfb3738,2017,8,30,Summer
31fc6b38-0f37-4498-a717-6549962ad4ff,2020,3,27,Spring
4239ecc9-4565-4387-8642-520b9f92a6a2,2021,1,19,Winter
72bd8c8d-658d-482c-9175-95de126d67de,2016,6,1,Spring
36aba926-bc5a-4b3a-b26f-6f7769f95d27,2020,12,2,Autumn
2440a3e8-5191-4e49-bbf6-5cc44b72013e,2020,3,19,Winter
712a49ef-5aed-435b-9804-9819cdf13b4a,2019,1,22,Winter
6d74e0fe-6053-455c-8b26-5d4e476a9e67,2019,4,12,Spring
0864dd96-4680-47fb-a947-c04f7e9dec1a,2018,8,14,Summer
0a7afb79-98c8-4d2f-86ec-98d61f9f0e17,2018,4,3,Spring
0e57e71d-74fd-4af6-9a2e-4aea7e6c9942,2017,11,29,Unknown
16c2ecbf-5a32-44d6-91a6-50c8a8d2b6d2,2018,4,30,Spring
d1baa617-0798-4134-9425-e2f75c7ed9e1,2017,9,6,Summer
f6617116-529b-48fd-9160-7a4fbf13b14f,2019,10,22,Unknown
063df90b-266d-4e08-ac89-6495238aa1fe,2023,11,29,Unknown
6ee151da-e9c5-4f0e-b148-ec49d2c28be7,2017,12,6,Autumn
67042a1e-a81d-4118-a5de-8080c4938863,2017,3,15,Winter
99ee3e50-dbc8-49d7-b118-ee3432b835d6,2019,3,4,Winter
3b63384c-a63b-460d-81ca-2e45a4a14050,2022,7,22,Summer
4aece417-feed-4743-b615-f4e38796015e,2022,5,9,Spring
f14a86c2-225f-47a5-b9da-c64f0b2b7716,2024,11,29,Unknown
99d49773-d060-4853-a66f-5c7d972a9867,2017,5,4,Spring
738359c1-3119-41df-8c37-af79d65a54e4,2017,6,13,Spring
aa5abe4c-c26f-4e12-b056-23f86678314f,2017,7,10,Summer
b511f387-a3da-4a45-99c5-a3fa9f000ca2,2017,4,10,Spring
a087ee54-4eff-4c57-bbcc-a74636446997,2023,5,8,Spring
c5da6f4c-7861-41d4-85d0-0e913dbef978,2024,4,26,Spring
155b11af-ee39-4959-8829-ff08e7bab3a9,2017,4,20,Spring
bef15101-9be0-4112-a34b-33c8c2ba1996,2017,7,4,Summer
406b94e3-38cc-4a23-8d7c-90131653c69f,2024,6,19,Spring
b3025d11-46a0-4649-aa09-5ae533083794,2024,4,12,Spring
beb57e62-238a-4961-a346-2c04d4051b1b,2014,6,18,Spring
621970d2-b50c-4ba8-a489-e5765e574562,2017,5,29,Spring
af0824e8-6a31-4efa-b8f5-f862df789af9,2016,8,8,Summer
c1a0bdaa-8a9a-44e3-ba38-f17edf185e06,2016,9,27,Autumn
a401fa5f-1f0f-410e-a879-578e2490f2bf,2017,12,22,Winter
61456631-5546-44f0-8290-8db6b1e95a20,2016,7,11,Summer
79d830d1-3f47-4c66-9f55-7c80c5f688e6,2019,6,3,Spring
6154e6f8-fd85-4d6e-8684-70c1466e8e28,2017,11,14,Unknown
bbf9e892-ba54-4990-8784-08b1f63fff65,2018,9,16,Summer
357534aa-72ac-4de6-a1e1-401f8a6dc83d,2018,9,21,Summer
b1b1ab78-77c6-40fe-93ad-3adcf2743a11,2018,9,28,Autumn
ec29709d-1c77-4add-b1f3-665ecdadc6be,2018,6,13,Spring
b4bfb781-e7b0-4ffe-82c0-379203d77eed,2016,5,11,Spring
fc378deb-4f96-4307-8f8c-da657aa709c4,2017,1,10,Winter
2d8388fa-a233-4901-834f-a41cb0d0032e,2019,5,10,Spring
6e1b12f2-b1ea-44d4-9b5d-f91733a57fea,2018,12,21,Winter
205e0340-1af8-4dad-9cf2-468d040031e8,2017,5,1,Spring
53b4e3de-ec07-49a6-b6b3-2bdf3f5edaa2,2018,8,21,Summer
e4faa7ee-ac1b-4e30-97a5-1ef953b638ec,2021,1,29,Winter
1e926122-3c7b-4084-920a-d9e2775275e2,2020,5,8,Spring
d0d20bd3-dcd6-4294-b6d4-8d8c74edc042,2017,3,7,Winter
d588d8d5-c159-4dbd-84c0-0bbe172213bc,2021,6,11,Spring
0ed3f2d5-ab0d-4054-bd93-14111258b816,2021,10,15,Unknown
35a59b8d-c525-4503-85ee-a8ad992f52b3,2018,1,15,Winter
22c57035-2a37-491d-81c3-ca9a9367316f,2024,1,12,Winter
00bbb345-63fd-496d-ab70-2662921ce2bf,2025,2,21,Winter
98f45d63-b20b-4f16-862e-89fd9a50b6ce,2022,7,1,Summer
0ed9cb2e-f017-499c-b573-8b967ab78490,2024,4,3,Spring
f17e82c0-c43b-45c5-9410-a1c57147f660,2016,3,24,Spring
9f0615b6-48c8-4956-8271-255f1a10f429,2020,11,17,Unknown
f62325aa-1e83-4157-a7d9-a7c07e716758,2023,4,24,Spring
12ad355a-98e8-41cf-8031-d8dfb10ddf73,2020,11,24,Unknown
0f8d985a-38de-4dda-800c-7935273072ce,2023,4,4,Spring
49e882cc-4734-4119-9160-6144228a5b9a,2019,2,6,Winter
6eedd97e-aac8-4d41-947b-c7ce8f4cfdf4,2022,2,2,Winter
9c037c6b-05d5-4427-be0e-0514a78a87b3,2020,1,16,Winter
8049a951-53e6-47c5-85db-3e7fd2893a1f,2020,5,15,Spring
0ac3534d-03e8-4076-bb16-8c806c57946f,2021,2,3,Winter
62005876-a97f-45c1-829b-265bc1813aa0,2018,8,31,Summer
aba61f87-429c-4fb0-b623-336973a52fdb,2019,2,22,Winter
a620f07a-01de-4ef6-aa74-bb93c8e23211,2021,4,21,Spring
b03abd41-e8f4-4f7f-9d8a-fe25bc889955,2023,11,3,Unknown
d3ccef41-efd4-4fbb-b612-891ce5b47afc,2016,1,22,Winter
4c8f8091-a3f3-4780-80a1-002559fad3b0,2017,7,14,Summer
f2c6b883-4f7f-461e-97cb-4315d36831bf,2020,4,8,Spring
13b13e8a-93aa-4ca8-8852-f2332b95c75e,2020,10,9,Unknown
659c2ebd-22ec-4856-ac6c-7c364b21e73c,2021,1,1,Winter
dcffdd96-ccdb-45ca-9a6b-4530b61bf267,2020,4,13,Spring
ff512b32-c487-482c-8c85-8149e235782b,2021,4,20,Spring
f7969e68-9d64-425d-8a97-661e3ea6640b,2015,3,27,Spring
dfa4e592-93e3-40ea-8da2-14b99dd7668f,2020,10,30,Unknown
66b862f5-7554-43b7-a068-161cac3168cd,2002,1,1,Winter
c662275f-0db0-4d57-9577-bfb9f3e35498,2007,1,26,Winter
3969a442-33e6-458a-8116-468800b9320a,1998,1,1,Winter
d04ca6d5-9aa4-4c84-b9d4-0d5a990c2b8f,2020,10,29,Unknown
44a1188e-88fe-4a59-bf8a-236fc9bad765,2000,1,1,Winter
dd4182c8-9fc0-4d60-88a2-db9f9c7595d8,2012,3,19,Winter
c23e45f3-b2d5-4911-8ad7-fc6e351ce5f5,2016,12,2,Autumn
01acfe5b-6fbe-4da6-97ff-54341d154fa8,2021,10,27,Unknown
444f21d6-e7bc-4a7e-9674-540dfa4d9427,1997,1,1,Winter
fcea01c6-82b1-4f99-8f40-1e67b47caae1,2012,4,10,Spring
913cc35b-52f3-410a-8d7f-b282fe9b7aa8,2007,1,1,Winter
4d3d7599-5f70-48b8-9821-808550479a82,2021,9,28,Autumn
ed752ec8-845d-4a2d-ae26-d76739e700ab,2018,7,20,Summer
f93db27d-cf8e-4750-a26e-1f4acde26f0b,2018,10,5,Unknown
b3f26519-5274-407d-9e16-5a271dee4b00,2018,12,12,Autumn
ed45632b-dc22-4f9c-bd55-3e1af3f7f754,2020,5,22,Spring
dae8a40a-7b52-4422-9e3f-f506ec96f614,2019,1,11,Winter
b425ed12-fabd-4d63-8432-d082c88c844e,2020,1,31,Winter
44345ab6-0bb3-4857-89ec-41f5b95fe1ea,2022,12,23,Winter
cdd4a032-d32d-4e37-a19b-f6152eb39c34,2021,2,5,Winter
adc27b29-0442-4991-bfe8-5f9eac3071fa,2023,2,16,Winter
edef4899-dd84-4037-9922-7e58a2f4befd,2024,1,26,Winter
04cecec8-b49c-44bc-af6c-16fdbbefa326,2024,7,12,Summer
c76cceb8-1ca5-4ad6-a717-652033f4d03b,2022,10,24,Unknown
5b9adc20-eb98-4b5c-a6c2-406969425fb1,2017,9,7,Summer
87fdeca2-a087-493a-8a95-82110980f18f,2014,1,17,Winter
1c5b5c37-f370-456b-8556-b6f99163eb8b,2019,12,4,Autumn
8718c454-3326-4a35-85e5-6bc60323902e,2015,4,28,Spring
63504803-b9c4-4b45-b708-f702b2d99f41,2017,3,10,Winter
90dc3906-ca85-45c7-b2c5-1c2f68868d4f,2019,3,15,Winter
7be2a527-55dc-4c72-a26c-5701ea125cd7,2017,3,3,Winter
ffa75fc4-c0b9-4b7a-8bb3-b522083fa89a,2016,2,11,Winter
27effba6-14c3-410b-aeb3-3b9bae54f7ed,2019,4,19,Spring
bb6fba61-2152-49c8-9b14-64f6591d99fe,2013,5,3,Spring
d1be576f-c49d-420e-820b-09d5a7870cd8,2010,6,6,Spring
451c2909-ae2a-4f35-a79c-4a1673233a73,2022,4,29,Spring
b695eb1c-689f-4e8e-a632-9c997befdb77,2011,12,19,Autumn
2ba5b360-48da-4977-84e1-134b60df0130,2014,4,28,Spring
e101f988-24e3-4470-802a-13bfb3340aa7,2017,2,7,Winter
d717e77f-1a5f-48f6-94e8-89e4edb9b375,2013,5,28,Spring
e90c490d-ae5d-425f-911f-5589a83f2066,2015,1,7,Winter
0d8295bd-ace0-499a-9f49-7a374eb8a5a4,2013,5,21,Spring
920b0c78-3b8d-4206-8f59-c44feefb6a42,2006,4,29,Spring
62baedc0-fa63-42a0-b6c6-cdd5275a9f2a,2015,7,27,Summer
2d9b84d7-8da9-4d45-ba35-4d9a4c378569,2020,12,21,Winter
5a4801a8-2b7e-4c8a-8bce-fc03f55db365,2013,1,1,Winter
42dce6d7-0e56-4af4-9fcf-e389c1e14c60,2011,1,1,Winter
d425f8d7-ddc1-4014-ae01-2466f6837d32,2025,3,28,Spring
cba3adfc-31a5-418e-acb8-6501742f9fd6,2013,9,3,Summer
a6715f76-bd5b-44f1-9025-37912a25e60f,2021,5,21,Spring
cec17cf8-492d-48d9-b9dd-1361a05208ae,2015,5,28,Spring
98454076-5c5b-4ae0-accb-23762f010e6f,2019,10,21,Unknown
8e8ac7eb-9bab-43de-8097-0a4af4c08793,2018,4,10,Spring
ac22c078-8764-4ce8-b023-a9c01d39a09a,2003,1,1,Winter
21fa05da-f433-4ec9-8374-a7fe57ac1e68,2016,2,19,Winter
27138f07-b2d4-4dc2-a2f5-d88777c427d4,2022,5,20,Spring
7c0a050c-616b-4f2b-9457-8e784af28dfa,2007,5,18,Spring
6033e4f4-ad5d-4515-b262-1e665d9d5f0d,2003,4,23,Spring
c333c6eb-b808-4070-84ce-914eb82b41d0,2010,10,5,Unknown
31ab42ff-fed1-4720-8291-b86970abe3ed,2014,9,9,Summer
6ee8d380-feb5-42e0-a9dc-db88d538640e,2009,6,5,Spring
41f495c4-8da3-4b11-8ef8-606cf30d86c5,2012,6,5,Spring
d9030be0-882e-4eca-93f8-8830e98fd91e,2006,3,15,Winter
e6196c47-e9fb-4a3e-99de-6e87f3aa4baa,2012,5,22,Spring
c8f19e44-be88-45d6-af30-a950b8660172,2014,7,30,Summer
d285f3ef-9973-4e7f-8114-bf621b36fafb,2010,9,6,Summer
5f963dfd-bfc2-4516-badb-15d55fd22f09,2010,10,3,Unknown
5b42b6fe-802b-4bb2-a82b-4dd5bbcd292d,2010,7,8,Summer
43a955b7-8e0c-435d-9e9a-b19f56969b0b,2014,6,2,Spring
716bc8cc-3cca-48ba-8787-880140027bcf,2012,5,6,Spring
d9d6cc01-1a6b-47ac-af36-4aef241618bb,2012,11,22,Unknown
bc16d7d8-6ca5-4065-88c8-ea7f1b2a4763,2012,4,24,Spring
59f90c2b-c473-4153-aea3-cb82f5eea264,2009,5,5,Spring
f2adf49e-eb1e-4b8e-afe7-a82eb1d799c9,2007,5,17,Spring
4d7add11-9ab3-4240-a96f-1e94d8a038f0,2012,11,27,Unknown
e3913c51-32e6-45af-af50-c992e0f192da,2011,3,23,Spring
0d267e12-189c-4627-9df1-b4626e5e3ebd,2013,7,24,Summer
6cc572a3-d43e-45cd-9eae-2c3f05ec25b8,2011,3,5,Winter
58cb6fbd-9a67-4ea7-900d-7b890e7e96ab,2011,3,16,Winter
e6083c79-236f-4932-bb2f-48e3e21afe38,2011,3,9,Winter
05f2efaa-9f34-4186-9df4-c298188bbb58,1995,1,1,Winter
6e3062d2-3f09-4b85-b2f7-7214b7cbf4ed,1998,6,20,Spring
03a07e0d-8e1a-47f8-9f40-b9a99a23bb2d,1998,7,20,Summer
ad22deb5-5f4f-4399-ab05-d4d0847fc2f2,1995,7,7,Summer
6f32b922-8080-41a2-96e4-9373e6f550fb,2019,3,3,Winter
9e9d912a-b7ab-463f-93db-55448b83eb87,2020,2,21,Winter
cce1e5b2-0396-43bf-a4a0-19197aeb65e3,2019,8,2,Summer
733c6e8e-8526-47b8-925c-940be78bcf89,2004,9,1,Summer
b46cf972-a278-4959-b03b-149fc41b4aac,2010,7,27,Summer
2f0d806b-9b7e-4379-bd34-ab2fe963b5c5,2015,4,7,Spring
2ab6eda1-d1d3-4dbb-84c5-276131cb5cca,2022,3,18,Winter
58205ae3-0d60-4bda-afbd-a8d5cba28889,2004,8,27,Summer
108a1b36-a128-4ab8-9009-13ed964bf838,2014,3,24,Spring
6c90b565-0db3-489b-9736-0577b69ca148,2014,4,30,Spring
f4788abd-69b7-483a-a5cb-3487712295c4,2002,2,1,Winter
145c1fc2-7915-4a6c-8011-e05a79b87d46,2010,9,7,Summer
2ddf48f2-9f7c-46f8-a0a4-38ebe22604b2,2013,2,5,Winter
616bef6e-d6ce-4235-858d-17b8578c98ca,2006,5,26,Spring
ec4d87f8-b3b1-4b3b-a475-a34df9b5f181,2006,6,6,Spring
92c5e5d2-fed3-4fd6-80b1-c81650a2b85c,2017,11,13,Unknown
b6a97ce6-9f49-4108-8859-b2a367c1bbce,2007,10,26,Unknown
f100e166-499a-4cb5-a6cb-37380c30f8a2,2007,11,9,Unknown
3d7eb88c-2631-4272-bb91-5f9306f119d4,2011,4,22,Spring
db9da5a3-79b8-4805-98c4-e5d0c6149213,2019,10,25,Unknown
f89653d7-d485-4c1d-bb7f-a1f5ef8525bf,2016,9,6,Summer
cdef098d-bbe3-43d6-b3bb-498af512cc87,2016,5,26,Spring
caef9fe0-7da2-48c1-901c-d00bdd44beb7,2012,12,12,Autumn
b9b6773f-852f-4208-9783-0568acc32782,2022,3,14,Winter
350f031a-266c-4dcb-a777-d6052b1680e0,2017,11,17,Unknown
cdb48cb5-395b-445a-b0e2-f11914795b07,2009,3,20,Winter
ce49a35e-98bb-434c-ab7c-391a980d2417,2017,6,23,Summer
7ca575ec-7cc0-402c-a214-e98cb1aa73b2,2012,10,30,Unknown
e067726e-91ca-4954-b77d-b38cd9d7b846,2009,4,10,Spring
f64b2456-6574-477a-a980-d4bfbd6f93bd,2006,12,1,Autumn
c549d8e4-08f1-4ece-87a3-f392efdeb752,2010,7,20,Summer
aed45cdc-cd57-42ee-a336-7184b305f86d,2016,6,13,Spring
6419755b-c995-44c8-8b12-382145a82109,2010,9,10,Summer
17c5468f-0883-418c-ad6a-adf4f75457ed,2013,2,2,Winter
63bceefc-7bde-4943-bb68-56477a29baea,2011,3,18,Winter
58beb725-b75f-4396-9b62-59ef9de15844,2008,5,9,Spring
9ec74fb4-3466-4028-88e6-faad4f0f9edf,2007,10,5,Unknown
d9d13d92-5980-42d6-a2e6-3f42b7e08375,2024,11,22,Unknown
2f83a699-0ed1-4f9f-b486-1e532ef71775,2013,3,29,Spring
b4fd447f-f1ad-4569-8002-5c7a55ad5d21,2011,2,22,Winter
428341d4-2cc9-425b-a6ad-634376cbc33e,2010,5,4,Spring
2a04d0b9-0858-4228-83ca-60fee3268d15,2013,2,22,Winter
e6fd53d6-3589-4dcf-b9aa-550ed442c237,2025,5,13,Spring
0c23ae43-66fa-4f62-8489-049079bb47f9,2017,12,17,Autumn
033b94d2-44c2-4eaf-8fb4-51d1d28f22e2,2018,5,28,Spring
fc06316f-37ef-47d8-93b4-18fc9d3fff9d,2012,6,29,Summer
d7e03ac4-777a-4b84-9eda-fd1c959ad7fb,2006,2,1,Winter
9cb529b9-5775-401d-8300-5f2ca0c0ff81,2020,3,18,Winter
bab804dc-ea7a-456f-8c31-1e341e0840e0,2010,1,1,Winter
533e3c99-67dc-4f0f-9e51-08c84edb52bd,2006,9,16,Summer
f446158f-caee-4acf-ab59-fdfb0f0b7080,2013,1,25,Winter
9bebeb08-f591-4710-baec-ec8c2bf182e9,2010,12,24,Winter
bf4230a0-fe5d-4fdc-9d71-a1017b953844,2025,4,11,Spring
1e593816-1dd3-4ebc-9f0c-96f22e9b51fe,2016,1,1,Winter
338d3837-2dac-4c9f-b58d-d1eb05a16f8c,2020,1,14,Winter
de6c6165-3311-4c9f-a895-0e3500426dc3,2015,10,23,Unknown
708bcaeb-4d0d-49fc-820f-27b76fbfa7e7,2011,12,17,Autumn
20917229-c879-42c4-98b1-30667f198f8b,2013,9,27,Autumn
25e91058-a605-40b6-bde5-ba37bba6d998,2021,11,5,Unknown
c15c1eee-ddb9-43d8-9918-2b51e28e7743,2014,2,17,Winter
90c76d2c-4a3f-47b2-afb9-5378bb86a24e,2013,6,25,Summer
ec2c2729-b829-4f79-9fff-9aea45b48cf2,2019,4,18,Spring
6f7695d1-8a01-4d8f-89c1-de05f2f1f189,2019,3,29,Spring
26dedf16-b06d-4e0b-9aff-e484674bb9d1,2014,3,25,Spring
003a7854-471b-43cd-bb04-99ed6567cd85,2017,11,21,Unknown
4b2e84d2-5da2-4aaa-97db-a87ef24b9b6e,2020,8,14,Summer
465a6903-d4d1-43d2-ac48-1f7e32dbf802,2014,11,4,Unknown
beede1b3-6363-4639-8949-2d0678167c72,2015,9,4,Summer
6e01ee52-387c-4418-ace8-0ef89ebe76e7,2017,10,9,Unknown
b729adc5-4a68-409c-b5fc-0d81e6465ce5,2021,6,4,Spring
55b32abe-c1fc-4a2c-853f-2ceea0e60fec,2020,6,3,Spring
4aa6ccde-cfa6-4b3e-8fa4-e9ee8f848f7b,2016,5,4,Spring
024663e7-168c-4caf-8010-96efaf3ec90a,2025,4,25,Spring
4cbaf053-be9f-4453-8c88-540ffddb2db7,2016,3,4,Winter
e679cad0-95a7-4a1a-b2ad-f2b3309be60d,2021,9,24,Autumn
090cca1b-03d7-4837-b48c-c7045997b1c5,2014,10,15,Unknown
b44383d4-1ea4-4cb1-a08c-4f9fbc05ceaa,2021,11,1,Unknown
49d3fbfd-9b66-4174-b538-b8bc525adf6e,2016,2,10,Winter
d7c50340-16c4-4516-a13b-a1561d6897c2,2015,10,9,Unknown
3f20390b-da9e-46ae-a740-03dbcc978535,2025,2,12,Winter
132207bb-af76-47a7-aee8-5ae6c8cea4ec,2013,3,23,Spring
27277122-eab5-4f27-a9ca-a03353024e6f,2023,9,28,Autumn
3324a7e0-72c4-497b-92d2-66ec7cc73dd4,2024,7,26,Summer
07d95c7f-9e8d-4e67-b6af-b810ec2d5125,2016,11,28,Unknown
4796f7f7-b48e-49e8-8b42-927acbacbea6,2012,9,4,Summer
5a0f6e9c-c90a-4af3-9ff3-6a5d11342982,2012,11,20,Unknown
b8abf816-bad7-40c3-a137-502a8d346c03,2022,12,30,Winter
b0745ba8-561f-4125-bb91-0d2720ce78b3,2021,11,27,Unknown
d231c7a8-c640-44ba-8aca-db68c1ee4553,2022,7,29,Summer
b9f4b9bd-087b-40dc-a740-b292a1064784,2009,9,9,Summer
be7bc9c1-3134-4943-9dbd-4d12c7e5dfd1,2005,1,27,Winter
1cdb624d-cf4a-4f52-8182-6a56c8640868,2014,3,19,Winter
f4b651a2-8dd7-428a-82b3-00ebeb60aa3b,2016,11,4,Unknown
4fa440ee-a364-4217-b863-2eaf798e67ad,2008,7,28,Summer
b8d8c486-daa7-42cb-b158-d31f2a933f4f,2014,4,14,Spring
6a96f7ae-1cff-43db-a42a-58c8707f5b94,2014,4,8,Spring
6e050d25-c1f0-4402-acf7-06ace1e44616,2016,9,15,Summer
a57a797a-7e08-4edb-bb96-ab101cf6393e,2014,4,22,Spring
a7c297ce-be92-4e8f-9837-8da9be6e738b,2012,2,29,Winter
fd8df0e3-643e-4823-84ad-a8fef69de0d3,2012,2,6,Winter
8b377db9-7cdd-4bec-8ca3-2d22915f2d20,2022,12,2,Autumn
5227bac2-2dcf-46f4-ac44-36bce576d028,2019,11,11,Unknown
328329c7-f279-45d1-8302-1c6c615b8667,2022,11,11,Unknown
7822c424-8709-42fe-ae7e-9d967d3f0766,2022,6,23,Summer
2c2a763a-ecd4-4381-8c4b-6b9cb70efa1c,2001,1,1,Winter
35775743-bf9f-421a-8cfb-d972d59a3e84,2012,1,29,Winter
251f8640-5488-4aa9-8a10-9a234558d19f,2005,10,19,Unknown
2e2b3090-c27d-4fbf-83ef-cfc2335dc2c8,2021,1,15,Winter
44bbcf0d-0faa-462c-b355-58026573d9a9,2016,12,25,Winter
2e9d6997-6fa3-408c-bba4-26747670aba4,2007,2,16,Winter
6861f6e7-f425-4c8c-a832-a8b700b5ad40,2023,7,5,Summer
1e0b13e6-d37c-4357-9cde-4e99a0646b69,2022,11,25,Unknown
9db86920-ed80-4967-9e89-6a5c153e7720,2021,10,8,Unknown
b386e6f9-5103-4a53-928c-1582e2cf30f5,2012,1,26,Winter
9b6fcf62-180e-4682-891a-0b0a0001e61e,2021,11,12,Unknown
72a03bab-99fe-43ec-95b4-05442b5d24fc,2007,11,20,Unknown
87c05de9-f330-43f6-a542-b17d807190ba,2011,4,16,Spring
4f555f20-3360-4154-b69b-a4c1e0371386,2012,11,9,Unknown
42985b3a-3427-4711-9003-e9040976d068,2012,12,4,Autumn
8d4fec76-981f-479b-bb8b-3cb5441971a3,2005,12,1,Autumn
bbc720ea-4004-47aa-a2b8-83acb9982309,2009,7,18,Summer
96d3d7cc-5a12-4732-b9c4-cf10bf4ffd78,2013,11,5,Unknown
245b9564-5478-4a47-a016-427f407d6a95,2007,2,20,Winter
33a2b3a7-82c2-48cb-a422-9bd3dc8e14c2,2014,2,13,Winter
4fcaa7ec-1b5f-47ec-8bc5-f84600c3e23a,2024,6,7,Spring
42d5b904-e7fd-4da9-9ba0-eb0ec24d9e5e,2014,1,1,Winter
c5e61d67-1d7f-4e9d-bef2-297315a907a9,2018,10,30,Unknown
84a0f073-a241-48ee-92d8-808e87ecaaeb,2012,7,31,Summer
4b546eac-aa3f-4a03-a6dc-ee9830cec6fc,2013,7,30,Summer
cabe4610-9818-4238-8060-4aee09a9171d,2021,3,23,Spring
4ceb04d1-5190-416f-9d06-14e3d5c047aa,2010,3,19,Winter
8c8717b9-b068-418a-8271-6fb46e9b3f97,2018,7,25,Summer
d5056945-e92f-439d-acb7-68df76d7730c,2014,12,18,Autumn
1508f529-6d0a-425a-9da9-f0a90bdc723a,2018,2,9,Winter
3869e04e-97b9-430a-9d7a-0ae3e6cfd10a,2020,1,28,Winter
a6b97cc5-727c-41f0-88eb-452e8884ae4e,2019,11,28,Unknown
f21d3bde-154c-470a-a7e4-83300c72759b,2020,6,1,Spring
cd3f5efd-4bc5-49df-a6ea-030ee86ae427,2007,6,19,Spring
f48d2046-5282-45bf-a7c1-d055cf27cd9a,2017,6,8,Spring
ab49bd1e-4ef4-447d-8c63-1b75d8f2291a,2020,9,18,Summer
3e2d361a-50fb-4216-9a99-610905d626bb,2016,4,12,Spring
fb0bc608-01cf-4a1f-ba9c-da1ddae39aa6,2013,10,15,Unknown
61e17700-726e-4d17-b435-4e42ffc97b65,2025,1,31,Winter
1b49bd88-7db0-4862-b269-9d31d887a12f,2016,4,22,Spring
4f6b6119-9049-4198-aebe-6e3157eb8e35,2025,1,27,Winter
2f4426cb-6997-431d-9cdd-edfb66e9ec35,2013,10,29,Unknown
fa931547-d12b-4602-a09e-a7eec1db3b1f,2016,3,8,Winter
95b6df67-3778-4a03-8bc7-c08dbf8243ff,2018,6,29,Summer
b605bf23-16ed-47b8-a65e-b88547e06758,2016,3,18,Winter
4d5638ee-17b2-4fef-8472-ab157022c706,2014,10,29,Unknown
87a46883-3840-46cc-8e33-07e1c835ebfb,2015,10,29,Unknown
303283b2-d7f6-4611-ba6e-2a6cd27d5087,2016,4,1,Spring
2e35eafc-66d1-4f95-94bf-aa8456ade0a1,2019,6,28,Summer
aeb6abe2-dd39-4a1a-8959-6403ac764436,2018,11,16,Unknown
69b25739-41e7-41cc-aca0-c1bed76f5ffb,2017,10,19,Unknown
62c00bc9-fbb2-4747-b8b4-e8141fdf943b,2020,3,11,Winter
ce3c3dcc-f4a5-4717-9217-1e6143bca320,2016,1,29,Winter
6d92715c-49f4-46f4-a723-dd70cef3bcb5,2018,1,16,Winter
9c082893-2402-41c5-8bf5-e0a8ac08cb0a,2020,7,14,Summer
43fe14eb-090a-4cc8-8db4-fb6add2d9604,2022,10,28,Unknown
6dc01848-874e-472d-b2b6-5e93d16c69bb,2020,4,10,Spring
820a19ca-5df0-438f-8f3e-61400b1673c4,2019,12,6,Autumn
42a6edda-0a00-4f01-9453-563b8584a135,2022,1,28,Winter
e3d95077-edfa-471b-8fba-e871de9dc336,2022,5,6,Spring
62c02478-2901-4307-85c4-1788af700452,2021,8,6,Summer
df7dfe97-42ff-4212-9d51-5420e4d97f7f,2021,11,19,Unknown
fb4107d8-27ee-461e-a227-fda22a47e5bd,2023,2,10,Winter
781964d7-0ee2-48c6-9128-272eb5486309,2018,1,24,Winter
43f5a3cf-0535-4452-b06a-34635501a3ba,2018,5,18,Spring
72fb7ba3-ca57-46b2-8233-f46b173f169c,2018,3,23,Spring
43f5161d-7bbc-4c4e-9436-491b28b61018,2019,2,26,Winter
fe7f83bb-9d51-4083-bd80-71a3829f0d2a,2023,6,16,Spring
7078404e-e114-4107-8eb3-215ce902416a,2014,3,18,Winter
4ca79568-0cef-4048-9cc1-7e5dd1dce862,2015,9,10,Summer
597a5bde-2190-4bab-b2c2-d31c83699e52,2012,9,28,Autumn
efa6c111-ad59-4050-b1ce-8bc6f2309b87,2018,3,5,Winter
afc76e26-7461-4ee4-90e6-cc6d43a58fb2,2017,8,6,Summer
be1a0115-1986-4d06-8367-5834735f1140,2015,12,24,Winter
674211a2-84e2-4ce2-9888-3c133a51de19,2012,8,28,Summer
82ea4113-196a-4afb-ae23-6aff04c3178b,2010,11,18,Unknown
c217508e-6644-4296-bb42-7f1ce4e779db,2007,10,12,Unknown
190aafa0-8fd4-457d-a9b4-6396d9fd1d68,2011,2,10,Winter
dfd88037-625c-4452-904b-52871b42b418,2016,2,27,Winter
f857d4b1-0d1d-444a-84fe-0fd936d97893,2011,11,24,Unknown
49693d84-0b26-4c2c-8cd1-af3719e737ec,2023,1,20,Winter
a27c4f3f-0769-463b-a69b-2a0ccbc8f1f5,2025,3,14,Winter
f2c16698-27b8-4a9a-b333-3a96634fde78,2021,7,2,Summer
41339c30-bf7a-4e6f-a302-3bb49ec2a114,2023,10,6,Unknown
501e154d-1151-47a2-a95e-d8daf9dbca6c,2023,1,11,Winter
bf8a0475-6dc7-46cd-8573-c21203ab3187,2018,9,4,Summer
2777ddde-2e05-4e60-8199-f19d87bbf32f,2016,10,11,Unknown
e1f6f4ad-67f6-4dc0-8f0f-3cbab3e4e125,2020,5,1,Spring
0e34c4e6-ee7b-4f23-9aa7-9004fb43de0c,2024,8,29,Summer
105cf5af-3aad-44d8-92d4-8dcefbed9bdd,2016,7,19,Summer
ecbf6c8c-dc8a-45c9-9970-0b43ed37ceab,2018,11,27,Unknown
8eecef56-77bd-49ec-8612-eeda7de5e826,2017,7,28,Summer
30d1a167-b7d4-420e-97b5-630912166767,2023,2,20,Winter
b61099f8-23cd-449e-ac61-ada22c41ec21,2020,4,25,Spring
0fff3ce3-fd33-4dce-b61d-2c9c7df56267,2019,7,26,Summer
395fa0e7-7840-4b99-bbdf-b6450acfd2a3,2019,11,27,Unknown
85409e36-3e60-4643-b8c6-062193b05967,2020,12,8,Autumn
978cb67c-1e6d-4c65-b446-f1f2d8f8ff94,2025,2,14,Winter
8767ec20-163f-4ba2-a382-1a2624646591,2020,10,16,Unknown
a169eba0-f0d0-4897-8283-67251a543e79,2020,5,20,Spring
8e57ff3f-ed1d-4978-9ae2-31ff87832c95,2021,4,23,Spring
26363284-7540-4a49-b3d0-2ed79db5eda2,2021,9,16,Summer
74ffdc70-ea47-4f9e-9116-8de3448117f0,2022,1,21,Winter
1d64e959-3ddd-43bd-8fd7-8e4c2e5a2ab2,2021,10,29,Unknown
5b7800df-dcd7-4111-900b-def3a9fe498b,2020,4,29,Spring
e2725ec8-b390-49f1-a15e-5d82af3f15b1,2024,8,30,Summer
561cac6a-1aaf-4a44-81e2-d0e6bf82144b,2024,12,5,Autumn
09f009d6-2f91-466c-b834-3bf5686316d8,2021,6,25,Summer
1e765a98-18ad-420d-9ca9-5c1a15626356,2024,1,29,Winter
9cc5ab09-4127-44cf-9b3a-a7c5ee3b0a98,2023,6,7,Spring
6e0faefe-5f16-4072-b572-8116b0de8147,2023,5,17,Spring
155904b9-9c98-43f7-8741-0c68b9dab0f7,2024,3,28,Spring
8cc94c35-da2a-4fdb-95af-9323dfadd093,2024,1,19,Winter
ac826c46-d289-4b86-abea-09517f2b5ee1,2023,2,2,Winter
973a4b49-0d73-4dfb-b7fa-d796569e9bb6,2025,1,7,Winter
8bae3f58-f80a-4a52-996c-111797c9ba5d,2024,2,8,Winter
cef6562e-321f-4be4-9da8-40e97fbc36fc,2023,6,30,Summer
a45ec219-a27e-473a-bd7d-860577e9bf57,2024,3,22,Spring
2673b3ec-162f-4b3f-8b5c-2eef96b6e830,2021,6,8,Spring
3e89e396-974a-4769-9e2e-1c5c3b132d14,2024,6,15,Spring
2e806664-72c6-4ab0-8ec4-ee3d69db1a41,2024,4,2,Spring
39e3ea67-39d3-4338-9fac-58ecdd08e3a9,2024,6,18,Spring
8518f7bd-2204-47f0-8936-fa0501d7cd07,2021,2,10,Winter
76c73ccd-3777-4c62-8961-c0b272b82f22,2022,4,23,Spring
249b0523-92dc-4fe5-83c1-6566fc4a6b2b,2021,5,24,Spring
210f89fb-c203-4758-9fb5-f9beaef32e15,2018,1,19,Winter
22659d64-dec4-4f9a-a87e-ea4c835778a0,2016,9,9,Summer
37ce2f49-bcea-4c10-9a0a-6754f25e9e0b,2020,11,20,Unknown
88855669-612c-4529-af67-19390db0eb44,2016,9,1,Summer
15ae6954-c857-48cb-bb98-6f6575818cf2,2020,10,28,Unknown
d2517798-0d9a-4d76-8e54-46fe1cb83a61,2023,11,17,Unknown
058f08eb-d93a-47b5-b61a-a71a7c584d9e,2015,10,20,Unknown
7e459679-3f1c-4835-949a-65211bc7af85,2015,11,23,Unknown
773787e6-6249-410c-8615-f68694d9156e,2015,3,17,Winter
8ff77aea-db9a-4fa9-80d0-a6ebfbcdecd3,2015,2,3,Winter
0ca2bbff-9bf9-442d-a5bc-20d9b8df9f6a,2015,6,9,Spring
8e4f0c5f-97f3-4218-92cd-d39d1e429997,2016,1,20,Winter
09ac4238-f978-416d-a80e-8b7698594bd3,2015,6,11,Spring
084c51df-2cb5-43dc-a1e2-bd0e53017337,2021,2,12,Winter
78ab7902-3b87-4bec-85f1-e217021e4270,2015,3,3,Winter
3ff9168c-5d34-4cc1-b47a-32abbc59fc35,2019,3,12,Winter
f1e96ba9-ebe9-4923-9585-c7cce9872865,2014,11,20,Unknown
df2d0951-9be9-4b0c-b610-ab28ae894d58,2018,12,7,Autumn
df793ebb-0854-4025-a575-d4dc5cd565b4,2011,12,4,Autumn
66040512-8293-42fd-aefa-2890c338f19a,2014,12,23,Winter
7f76df78-aefb-47fd-a81a-26d86ca8a39d,2013,9,15,Summer
3c2e990e-d70f-47a4-840b-678907e0dbeb,2020,12,18,Autumn
0904ff5a-8834-4762-97dd-85b903d6223f,2011,8,17,Summer
7065b88d-4e37-4ad1-b0af-e1b7a46127d0,2014,5,20,Spring
af66fb3a-d213-4ec4-be6e-09f9a2d32cb9,2012,1,25,Winter
880d0622-49f3-499c-941d-a1ec765cab6c,2014,5,27,Spring
5d866f58-723b-4929-8c8d-db8d3547ecdb,2013,12,11,Autumn
3c7fca75-546c-43dc-9097-7e4ed74c1366,2007,11,15,Unknown
34ea92e8-ed99-4ae2-97f6-322dc77f6df7,2018,2,15,Winter
df9ad726-3cbd-49ac-8ffc-aebd7f1aab68,2014,1,27,Winter
ebd57483-da85-4448-83ee-09a7ed2376c6,2012,4,11,Spring
47fd2392-d274-430c-821d-aead08301411,2020,2,18,Winter
1a4aedd8-9e64-40e1-862f-dc74be3a7ab2,2010,2,1,Winter
f5b0dc89-6e5c-4e58-a1c4-676d39c68349,2020,4,24,Spring
10f7f150-c621-449e-8902-13d110a96c8d,2013,12,13,Autumn
0a4f519b-a8aa-4e67-8bfc-887ebafe9dd5,2012,3,5,Winter
467e4f12-4720-4a46-838a-7bb804d5919e,2021,3,3,Winter
e7918bf8-6831-4a96-8413-4db4ab0e360d,2012,12,16,Autumn
5cb29d74-4489-406b-9541-171add1ccd5d,2010,4,23,Spring
4994a338-1652-4517-9c91-5529610c5a22,2021,3,19,Winter
002837dc-e29b-47e2-b37d-9bc1197e397a,2021,3,18,Winter
c8cdf732-017e-4041-8189-f487ae9657ed,2017,7,18,Summer
5d052422-510a-4783-9cfb-de5afcdfe8b7,2007,2,18,Winter
5473da1e-5f94-4740-b12a-18d11f33b7c3,2012,8,23,Summer
44047a88-dad7-4ccc-9197-30bb74f38ba2,2015,9,23,Autumn
c583fe35-1fd5-4c54-9d32-488dfadf2ac8,2009,4,1,Spring
72b23d92-f772-4304-972b-bc47ad08c55f,2007,10,15,Unknown
43bee826-16a1-435c-9b17-560702f36745,2008,1,8,Winter
726df841-bfd2-4010-b1d7-56ef66448baf,2007,2,11,Winter
7f5d429e-5a89-4180-861e-3f48cd85ea7a,2013,12,1,Autumn
48259b93-1a64-4596-8670-497482b3eef1,2007,1,18,Winter
eabb17db-b764-49dc-8b8b-7dabbcc6c804,2002,3,28,Spring
e9482f91-a429-40e1-b4c2-dbd51382eccd,1994,2,25,Winter
07816664-f37e-46cd-9baa-e495d3b1543c,1993,2,25,Winter
6f67dc5e-a5d6-4326-a622-45909debb802,2002,4,2,Spring
290c9930-5e3f-4c87-9cd0-cad094e97634,1996,5,14,Spring
3d1f7dab-b593-4e13-8223-f36fde93ed37,2003,11,14,Unknown
25f43a5e-a356-4907-8173-cd28ab5176a7,1996,1,1,Winter
4447699b-06f7-4686-aacd-8f17439d324c,2002,3,29,Spring
af6e64a8-4e62-45be-812e-44cd5d8fdd8c,1998,4,20,Spring
44152ad4-07e9-4952-913b-19b4777dcffe,1992,7,12,Summer
2c1d8383-319e-4254-a808-f3d416fac20e,1993,1,1,Winter
dd965a17-21d2-46ee-905e-5fe9dc8860d3,1998,5,7,Spring
27d2270b-e3d8-4d59-961d-bfe1474d80e2,2002,3,22,Spring
3dd16c9f-2bac-4e1b-b5b3-cca55086ba60,2024,8,5,Summer
4728d39b-5eaf-402e-a011-68cd6be69394,1998,5,14,Spring
a4a83331-31d7-400a-a641-1da4825853ce,1999,12,17,Autumn
444529ff-09ac-4e5a-bf57-bf7d32c2e1f0,1999,12,3,Autumn
4b195bc1-30f5-4e1b-b654-07b6f38525a7,2000,12,7,Autumn
177e3dea-9a9c-452c-8e76-57420a3fde2e,2004,11,12,Unknown
9e99e05e-2e3d-4352-8e90-e69dc4517092,1994,1,1,Winter
895a35e6-5209-4633-8f31-7c67e02c6943,2023,12,8,Autumn
9d325afd-d825-4a0c-b690-0271429c8ef5,2023,4,28,Spring
839abb95-202f-4831-9e7a-3f84c5e05a79,2003,10,14,Unknown
32eec8f6-a62d-4dc7-81cf-3b8c6cccac97,2000,11,17,Unknown
f9999a4a-e95f-4d8c-b050-fc4fabd75b74,2003,11,7,Unknown
6b1ae1a4-60c7-4295-a1f6-09b4a83b2449,1993,12,25,Winter
1ba186ec-5fe8-4355-a2e1-d6fa7b1e38e3,1998,4,23,Spring
7679513d-3b99-4d14-a668-cd182f37ff6d,2001,4,6,Spring
cd5ce408-1f2b-4579-b59a-fb815ae2bf8c,2009,5,22,Spring
2ccb64e9-e644-45c3-8586-018e155a0c79,1996,3,14,Winter
7d4468a9-eb1b-4cda-9bc8-7fc461fbe981,2006,6,20,Spring
da3ac445-3217-4441-9986-78e22af8ca69,2003,5,23,Spring
a46227f3-66a2-4c2d-b8b2-e05c94b2c42b,2015,6,5,Spring
1c52e583-1411-4863-a041-9d8778689337,2013,6,18,Spring
3ec5ba1a-30ef-42d7-92c3-2807cccdfc32,2013,5,24,Spring
d2178a5c-f271-4164-b1d8-e7654b935da2,2013,1,11,Winter
ea3639a4-5019-48d0-ae5e-98df55b2c6a7,2009,6,19,Spring
0948db4c-dc57-452e-9eef-d4f2648d96dd,2001,5,11,Spring
b7bc44aa-e818-4af1-9827-dad58c4284e5,2003,10,3,Unknown
d0adba74-bd3a-46bd-a18c-210362522df7,2006,6,9,Spring
fb8bb13b-0eef-4d4f-9abf-5303e1b76f77,2021,3,2,Winter
68673e61-54df-4ca7-a7b9-b113f846901c,2009,6,18,Spring
b6c1e005-2c0d-4787-9459-477f8e67248d,1997,6,1,Spring
f2908bdd-98eb-48c1-a85c-f2ac1442dbf8,1993,2,1,Winter
f31dd30f-3dbc-49f3-b1bd-f2820360775b,2014,2,27,Winter
5be33ab2-88fd-495f-bdcb-36c6eb00c99b,2003,10,24,Unknown
808b88bd-2037-4455-9d06-fbd8bd17db6c,1994,3,7,Winter
314cc0e7-86ee-4c28-b195-5c8352ee8514,2003,8,16,Summer
91231199-8c24-46e9-a098-4b1bc0b3a751,2014,2,20,Winter
484651db-d8ba-4c20-bcfc-6af6052d43e7,2008,2,29,Winter
d6c93293-0196-47bd-9a6c-4a46fe20d590,2003,4,28,Spring
d716f61a-a424-46e2-b6b5-35ac31f42cbf,2005,7,1,Summer
3ed87448-f8c9-46bc-8779-70636303ee28,2020,6,7,Spring
afbb1035-3017-4f9b-9917-9081c9abf28b,2011,9,12,Summer
43663ae3-206f-4346-b6ee-b5d2c8d8f896,2018,3,2,Winter
3ecfa2da-60e4-40dc-aa38-0aa03c6bfcec,2016,1,4,Winter
edc0b668-fb2d-4be2-9bab-49222e9a058e,2016,5,2,Spring
bdc29e66-9da2-4f41-9ad4-9d502c16188e,2020,6,5,Spring
d34e8e93-a7e0-43c5-829e-5eaafb58ca5f,2016,6,30,Summer
919d45fa-2ae6-4e8a-b8ca-4e4277a3cb98,2016,1,25,Winter
51545026-5b0d-4d0e-83cd-ed4cfa3d342c,2017,1,13,Winter
311decfe-a451-4be3-b8b7-c027f9d7c294,2020,6,12,Spring
473baee7-15fc-4c3a-b980-0f0d4b6ee866,2022,12,6,Autumn
b35034f1-89ed-495d-a83b-be11f750ad55,2018,2,2,Winter
36ade7c5-320e-4f40-9105-8ea4e2db91b5,2016,5,19,Spring
f43b4e98-3bdc-4088-8a58-ce9bec20941f,2023,5,30,Spring
b39100ec-1566-4236-a519-cb6ed7babf68,2020,1,2,Winter
3ae86746-3a5e-4e41-bb4d-b4b56bb64ce7,2015,10,15,Unknown
c513a888-7a58-46b4-bb65-0f7749eee540,2024,5,24,Spring
836baaf0-347a-47f1-8e97-6c07ba5ccbc9,2018,3,7,Winter
3991ea94-a021-46b3-9e32-441b2b2be539,2016,1,3,Winter
dca0a778-cb75-4329-992e-1ddefb606a99,2021,5,4,Spring
f1ef2def-609f-474c-85c9-21912807b02c,2013,12,2,Autumn
873ea6b6-37cc-4a59-8d9c-10d974140397,2023,11,28,Unknown
0fb800f4-ec2c-4918-91a7-9abff8a1cff4,2015,8,6,Summer
a6d3f20b-26f9-4b9d-95e9-1ff9e9b892cb,2013,10,26,Unknown
08a47029-a8d7-487a-ae0d-56bcc4cbec72,2016,3,9,Winter
aaba6070-890e-40bb-885e-dfb64450ad77,2013,3,10,Winter
62b278c0-b16c-4362-918f-30ff501cd0e3,2010,10,18,Unknown
12b18193-705c-4870-ad64-d29721a76f54,2018,12,2,Autumn
c7bc2e2d-7cc2-4b08-bd6e-d0f9529cbbce,2013,7,1,Summer
f82c68e7-e8f2-44b7-a683-d9ddf055c7f7,2019,7,6,Summer
6010d53a-1d1c-4675-84ff-86e3753d0616,2022,8,24,Summer
c6431cd2-bdd6-496e-8571-938840ed5e35,2019,10,20,Unknown
1246e936-6dbc-4270-860b-52190dbea1f6,2025,1,19,Winter
aa8ea8c9-282a-46bb-8bf8-7023f385efaa,2017,9,15,Summer
48070f08-3dbf-4471-8809-caef992c63fe,2021,5,7,Spring
42972042-661c-49e7-bb64-8d7cfb1a9df5,2021,3,31,Spring
83992eef-78ce-473d-a8f3-adb3929a859c,2003,6,13,Spring
9c2899c2-1d51-4f15-86dc-07e3697584b7,2008,4,11,Spring
f4ceb6c3-08c0-4c79-ab5b-60480f5baeef,2006,2,24,Winter
8230f8db-6483-4a36-a7fd-cd20ba3b53eb,2011,3,1,Winter
e1427dab-79c2-4a29-9edd-ca5731afe33e,2014,3,4,Winter
1106d788-4544-490c-94bf-de453ca2f568,2003,5,22,Spring
c3a534e9-2342-4708-bba0-d099ef6807ac,2006,3,24,Spring
839d32ae-55a3-435f-8d44-1a652c9acac2,2014,3,21,Spring
e6634fe2-1b86-4b1d-a949-7b98795bc71d,2000,5,26,Spring
f929526e-7d15-4181-88be-56dda642b6a4,2012,10,25,Unknown
3e075b3a-6e07-4dfe-8099-49a1624aec5c,2003,10,16,Unknown
36e82fc9-5ccb-4340-b084-c007e1c0a16c,2005,10,28,Unknown
ec8a6bc8-65b2-43ad-a093-53630e00365b,2009,10,22,Unknown
7b68cc15-c74c-4210-97fd-08c24c84fe0e,2024,9,19,Summer
0d8b90ca-6a7f-4ac2-8377-6440f7e62f5d,2024,3,15,Winter
2a36339e-59ae-4d02-8b91-c580718aec97,2023,3,24,Spring
1fff3a0f-cdf9-4021-90ee-0203f2dbe666,2024,12,10,Autumn
b6dfd689-d818-49d2-bb6b-6cfc8d51e965,2021,10,20,Unknown
2140d044-1355-4df0-9107-7b46871c52d6,2024,5,22,Spring
cc4e762f-7c2b-4995-8d84-e0a9896aedb7,2019,10,24,Unknown
fef12b6d-1743-4318-b857-976c6631a4d8,2021,11,26,Unknown
2dd8cc6e-9a21-4a6a-bea8-0becb17114ec,2021,9,3,Summer
aa75a739-8391-4f83-93f9-2a2b8d38b796,1998,7,1,Summer
055273a3-74cd-487a-bdeb-6e9ae113d571,2017,3,21,Spring
1ce275b2-92fc-490c-a882-e8b18a39fbb6,2013,6,10,Spring
98b53073-3dbb-41c9-ab34-4471af7557dd,2010,11,30,Unknown
ed23339f-d124-4c04-bdbd-e0297e5bc6f3,2004,11,19,Unknown
ed7af38b-c2bf-4ff0-8796-223800c35c0a,2011,12,18,Autumn
c3e3ba4e-6958-454a-aee9-9b6088a44ca8,2016,12,15,Autumn
f99baaea-8e2d-49b3-82af-55c435f532c2,2007,11,13,Unknown
17919e43-6671-4baf-9575-a0272091a5f5,2012,2,14,Winter
f1bde4d8-9943-44ac-b8c3-48a899c3e455,2009,11,4,Unknown
ffbef34a-a58c-4537-aa48-8501a06f741f,1992,1,1,Winter
d3ced20f-b649-4050-9872-ab4fc33647c2,2017,9,1,Summer
d40a91c9-de07-415e-9c02-cc0637ad4401,2015,7,1,Summer
cdb6ad4b-0eba-4cc0-8c34-9f54ffcd9706,2018,12,6,Autumn
a424c730-cf45-4c96-84bb-1690ed57addc,1996,8,1,Summer
121ecb0f-4c4b-4898-9bfd-c0e28eda22a3,2011,12,20,Autumn
e3e671d7-0cb9-4c31-b95a-9edd25fa1834,2013,6,11,Spring
6aa079b2-fe66-4cc9-97f0-d188f00b10fd,2011,12,11,Autumn
d9d268f4-b020-497c-a5cc-6c138cfb80a9,2012,2,16,Winter
58d47204-cbe4-4b47-86ea-572c3b4424a2,2016,6,29,Summer
a7747168-015f-4853-a114-d9cb4ea2bb48,2004,7,9,Summer
56a765d2-fdfc-444d-84bb-415587e77af6,2010,11,1,Unknown
8227155b-b1d5-4b50-88f8-8619d316cd28,2010,11,9,Unknown
1d5635c5-9a1f-4841-ba88-857423d5dd84,2006,11,9,Unknown
8c28b718-d290-4962-b0e0-d3f9f71f8d21,2016,10,14,Unknown
843737df-25fa-4c42-b5b4-151fb4068ee8,2016,5,10,Spring
6a54ad64-d20b-4ee7-9757-b551c87d0d3d,2016,2,29,Winter
cafb33be-5f26-47bc-949a-f76740ccf394,2017,5,12,Spring
3caec4de-db53-4c90-8d69-f68e340a7b7b,2018,1,26,Winter
956aa74e-efa1-49bf-b0b6-7be1c4151e36,2017,2,3,Winter
293d1141-6513-4137-af27-aa0ae03249f0,2015,12,15,Autumn
4197a348-afe4-4c6a-b342-29e28f6bb708,2015,4,14,Spring
d867ec2b-8231-4cc1-bca7-2c39fd171925,2015,10,12,Unknown
d83079ef-dfd2-4521-a920-9e7de6e4d3f5,2020,2,20,Winter
e4fde781-adc5-443a-81cc-e34f9be1ed54,2014,4,9,Spring
5bb6b915-a572-4cdd-8fcc-59dd39e53535,2016,1,26,Winter
7119fbd1-0a2d-448f-ba82-f22c82a62e8d,2015,2,9,Winter
9599785f-5b76-4287-a62d-d4508d037cad,2024,10,11,Unknown
82e9934c-6a08-4306-9775-8b7f85e2d088,2015,7,13,Summer
bb042bd2-6902-4620-9f41-c4fbd8ebc2e1,2021,6,22,Summer
b0b5ec76-ca36-44ae-93ad-c2571c14985b,2020,11,13,Unknown
c4949384-df52-416a-8349-aba018c99d89,2017,11,24,Unknown
ec82dcec-26f5-4c2c-aad5-f4ee5759607f,2019,4,15,Spring
13ed3b58-902d-4ed5-96fc-1f24ec08b61b,2022,4,15,Spring
f0c894bf-b31f-42f2-9765-375258b0fdd0,2015,11,12,Unknown
219b38d1-7e8b-41bf-92d6-c5db84ae876c,2022,5,17,Spring
d9127a59-12c2-439f-9d3a-c6aa95abf80a,2017,1,18,Winter
301b43ef-083b-486c-84ab-0a5731b9e7a7,2015,12,19,Autumn
a1fc068f-2651-4be0-9460-7e9e378a8721,2017,1,31,Winter
3742ff93-984a-4532-9cf4-4dac63f1bdd6,2016,7,27,Summer
9feaf6c8-b872-43a8-82e3-79a8a691ffe0,2014,3,31,Spring
37c9a94e-257e-4265-abb9-0e09721536e7,2019,3,18,Winter
4d4a4dea-0f5c-4ee4-83ac-166c39eb5912,2013,5,20,Spring
47ba8af7-c537-4562-b707-e362b183243b,2013,6,1,Spring
c66ca719-a921-4854-87f8-b87945e0be71,2020,3,16,Winter
9e1d41b3-dbb3-4fb9-9dc1-5c675a7d2d40,2018,9,1,Summer
188288ac-56b8-46e1-8c0a-806a3a12ac90,2020,9,17,Summer
47808f81-108f-4d42-95c0-f34b6cba15ba,2018,8,3,Summer
87f6b662-f21a-4509-81e8-95aca6f30994,2019,10,18,Unknown
aee38cd4-0001-4502-9292-b0cbfdab7df8,2014,9,2,Summer
c31a8f22-03c7-4394-be61-bf2f2d36d10f,2019,2,1,Winter
f4b9f195-ee86-455b-b3a8-52f742473942,2022,4,7,Spring
3d6e9a92-47b4-4473-a474-08f0d2fa5c7f,2019,1,25,Winter
541380f7-e062-48b5-b7c5-71d72a82078d,2019,1,7,Winter
210ea2da-0b9a-4653-8b3f-01175bcc0877,2012,11,13,Unknown
ef0a58ef-5780-483c-9e85-b665c117f3bc,2021,10,24,Unknown
3790a59d-74df-4dbc-aa93-a9a549c17139,2019,10,1,Unknown
59b652dc-6fe6-40bd-9e4e-86b4511e9355,2021,3,5,Winter
a244af86-0a6e-4f01-9a2d-12852d09b8a7,2012,12,28,Winter
280a56ba-c9a6-46d4-a27d-cb8ff0b6588d,2020,10,2,Unknown
901049cf-743f-423e-9caa-415876ea0881,2012,5,21,Spring
cd6508d3-2733-44b5-a0be-e7fc6cffed31,2019,1,21,Winter
9795d93f-7679-47af-ac41-76b0a3a7793c,2009,6,7,Spring
76ad877e-4ce1-4ac0-a755-ccdabd1a689e,2014,7,1,Summer
fa1d3242-e37d-41db-86de-54973a222abc,2010,5,22,Spring
9cee28a0-ff50-4f21-99c3-c7fe9ac96c70,2015,10,1,Unknown
b6216310-6aa6-4139-83d3-9990aa0000cd,2008,4,12,Spring
2f4a1cc4-413e-43fe-8281-5c5458dec253,2008,3,1,Winter
085bcd15-fe85-406c-8c2d-1b89b06019a3,2012,5,23,Spring
18384286-b91c-495d-aaef-ea448cce06aa,2015,10,10,Unknown
e7406803-ccfb-470a-bdaf-641a5479809d,2010,6,7,Spring
63f22040-8c49-451d-96bb-c84995c934f9,2013,11,24,Unknown
40f0fcd4-467d-435d-ac3d-bc45e1d70bb6,2019,10,8,Unknown
4d7cace4-3e1f-418a-a8be-958f0aed6d58,2022,3,21,Spring
5b977b20-5db4-4839-9f8b-567f84b6ea68,2020,12,15,Autumn
060bb7be-353f-4002-92ad-7242b30971c0,2009,1,26,Winter
ce7376ed-7985-4857-8099-225e0dcd455f,2010,5,20,Spring
861b6171-415a-4db0-ae32-035e7e0947f4,2022,4,4,Spring
3048dc1b-70df-4181-9c06-4c6a1a37e296,2020,3,17,Winter
6c50ff65-e960-457f-9775-6ecdd59903fe,2016,7,21,Summer
26977873-a581-4a71-924c-0c88dbb673ed,2018,12,14,Autumn
c71169b9-73ce-4771-b6c3-d82290d65ae3,2019,6,17,Spring
f9798d7a-5060-4a32-9cca-ce3d14416b38,2020,2,28,Winter
64130dc9-d29e-4d38-b893-591f8df31b55,2018,9,13,Summer
1ddf964d-a474-4403-aca0-79279c4b8f0b,2019,5,28,Spring
11739e9e-fdd4-4263-9241-5bf34b31ff91,2022,7,18,Summer
ab3c5fb0-7bcb-4534-ba05-37f97553defa,2018,9,19,Summer
52adc0eb-3592-4820-8151-11f11ed59831,2019,4,1,Spring
fdaf6df5-52be-4068-93c5-dd4b6ab7579f,2019,8,10,Summer
3151618d-c96f-4433-aad2-5f1df17dbf1d,2020,1,5,Winter
18725e06-5f16-47f5-8778-c763f369f7f1,2021,4,6,Spring
4ed49fea-6b25-4a56-99d3-91a8f777ee4b,2016,8,29,Summer
002e6d0a-834f-44a2-adf3-197764acfedc,2018,1,18,Winter
eb1d8569-65cd-428a-87dd-e079ac64c7f8,2014,4,3,Spring
a14984ef-8ff8-417d-9a25-999eb902213b,2008,10,31,Unknown
c41c0a6b-1f82-456c-93ca-fa0525266b00,2018,1,3,Winter
7c1ec30b-a204-4a30-a2ae-150d5ddb50be,2017,12,13,Autumn
008b7d48-5627-4827-9a6c-1d52366265a5,2014,3,7,Winter
cb6e88ab-fca3-4d31-a762-a0e44c5bf40f,2007,6,29,Summer
01fdd03f-504e-419d-956a-ff8977be7323,2017,4,19,Spring
e23919b5-8926-455a-82bc-12fed5881497,2019,1,9,Winter
4e7a56fd-4cf1-411d-b58f-eb93f47b8a78,2018,11,6,Unknown
0e04f74a-5801-4700-b649-59b95de44cff,2014,5,19,Spring
aed4cdda-1966-45c0-bc8f-9c3a775826cd,2014,4,24,Spring
c6875bce-c2ec-40be-8838-76dfe326350f,2018,11,14,Unknown
63f05c46-e8ea-4080-93ff-ced11b91eb38,2016,6,20,Spring
969fc501-055c-441f-8ede-2f17962ec450,2019,7,30,Summer
e4066a98-5be1-4dde-9a3d-e3ee0a4cf971,2017,1,9,Winter
08bc64c6-7242-415a-bfa5-e5f67fb9a949,2017,4,3,Spring
9df4758e-41c3-442b-ab89-97610b40a956,2019,7,9,Summer
4561cd81-1af1-458e-82ee-9fd3e8d34332,2018,4,24,Spring
cfc16b8a-4f44-41a0-8d2a-bb8e2c0513e7,2013,3,19,Winter
2e06e1ee-b22d-4f03-a5d0-a0b69068f559,2017,4,24,Spring
d9c909dd-ab01-450a-afd3-a00fc61097b7,2015,9,11,Summer
089534ba-f1fa-4a1c-acb5-7df5a90dd0ef,2015,9,18,Summer
27eb7734-8fee-4b3e-9be0-edc676a41c3b,2016,6,27,Summer
7465ff32-ad5c-4abf-8098-124432730df2,2016,10,10,Unknown
c65e501a-003a-4d9d-bfe8-490b309f1de0,2020,2,14,Winter
46755900-5fba-4e04-9614-adf3cde54e78,2017,1,26,Winter
8cf44717-1286-4589-8638-0ab8844d5684,2020,3,24,Spring
db93649d-40b1-47a1-91f8-308549755d56,2017,1,2,Winter
a44a7abb-1391-400e-8554-09fbe1ab9628,2016,7,4,Summer
8a4d3495-5523-4bc6-a4fb-3b740e328460,2021,3,12,Winter
cc9b2877-216e-47de-83a3-4a8904cca45c,2016,9,22,Summer
05e10519-b05c-41f5-af85-e67b935f5e88,2021,1,11,Winter
cb4f60c1-e9c0-4766-9303-f3a0145ebd18,2016,5,16,Spring
1c1b2db3-02da-4c61-8ad8-2f41730c9cdd,2013,3,15,Winter
de8f8952-117d-419f-822b-90909b1d0045,2016,9,19,Summer
07e9c013-8ea0-408e-9890-cdcc95cbb06b,2019,8,9,Summer
f441501c-2888-4384-9b6b-8e5ffd3229ed,2019,8,23,Summer
930d72de-3cae-4f03-a65c-b2a64a004a01,2004,5,1,Spring
ab1cfd93-8f90-451b-b4f4-c6ebf03fbe69,2019,6,25,Summer
b9d8bf46-9cb4-4ebc-90be-3849abcd75b6,2020,12,4,Autumn
f79f08ae-d5ff-45dd-b0dc-798616bbb925,2016,3,30,Spring
547b9711-0471-4a4c-8b86-229b01d1e98e,2021,2,23,Winter
fa29c64a-efe2-442f-be68-e239a504bc13,2021,7,29,Summer
23791fe5-0842-42b5-9a77-640259cd5721,2010,9,3,Summer
addd0ecc-45e3-4110-af0c-be17ffaf9018,2016,8,1,Summer
4c2c17bd-fdfd-4d8a-8513-8647ab5b257b,2006,1,30,Winter
972fbbf0-04d8-46c5-896b-b076674fe8a4,2016,12,27,Winter
a0e966ec-edf3-4e2d-bf4b-2ead697d54b2,2016,10,17,Unknown
9c685a60-98f9-4570-ba40-d2368887b5a5,2020,11,15,Unknown
727a6d1e-1303-41c9-a588-4a4d23f9adec,2009,11,1,Unknown
b2198bba-fa26-42a9-951a-ef7ef2e4115c,2021,7,30,Summer
2ab05f68-da92-4264-8af1-dc33d6e2b7f5,2011,5,24,Spring
0ae986fe-4f07-4ddc-bc4e-d0f1db957ef3,2021,6,30,Summer
6c6ac2a5-eb00-43b0-9329-261eb97c1d3d,2010,5,11,Spring
fb955c95-d4f8-46e6-a4d1-292646bb80ea,2010,5,18,Spring
703572b8-f348-4ae8-8290-05b4ff0453b9,2014,4,17,Spring
d78cd559-2d44-4d9e-8b08-bfd5b095ed59,2009,12,15,Autumn
e325120b-a99e-48a7-ba0d-cd8e9f8deca6,2008,2,28,Winter
993e922e-df8d-45bf-8278-1dd92c55b312,2009,10,4,Unknown
6819f2ab-c9f1-4db5-841c-c7d38e75912e,2021,5,3,Spring
562b482a-7996-49c3-89de-4cdb6867e5a9,2007,6,2,Spring
273f8239-2926-4166-b6c7-75ec361e8320,2015,3,16,Winter
f223311e-a7f0-4331-b2cd-2ae1c5d1920f,2025,3,21,Spring
d4555b38-e819-477e-8b6d-6b37c1c9f635,2024,1,9,Winter
e364a12a-f281-46d1-bc6c-3071a56f1c47,2012,1,12,Winter
f7352404-7d4c-4855-bce5-eb63e6fc707a,2021,7,12,Summer
9b4f0ffd-83ee-4fa5-9b5f-ee165cc6d625,2015,10,16,Unknown
560e0145-cf4c-4ca8-bfe5-90bd09b98b4c,2014,5,8,Spring
9db03665-3927-4356-9124-aefab581538b,2009,7,12,Summer
382788cc-e710-4594-bc89-4227f98ec0e2,2009,7,15,Summer
75ff74e1-f3db-4250-b53b-cfcfa1e1dfa7,2011,11,28,Unknown
2a1d5451-c2b9-4426-8c74-e86aade6aa64,2010,12,13,Autumn
46e07555-0cc1-42e3-8883-1bc048e67dcc,2020,3,1,Winter
2e5a767d-cac0-4e39-8435-7150af0f4189,2019,9,3,Summer
3abcf979-f6b2-4866-8803-fced0afe5604,2023,8,25,Summer
06e0af1a-78cc-44a3-ab43-2be8be15d4b8,2020,6,18,Spring
67342d27-b104-4888-89a1-c4234404f829,2017,12,1,Autumn
719e67e3-af38-4abb-b593-8d0e500f2611,2019,11,26,Unknown
6f152620-f74d-492c-ae24-ef7f067f9319,2021,1,20,Winter
c74a8c05-10bb-420e-9580-75f88ce368f3,2018,2,20,Winter
d2666bbb-f317-45d4-b36f-2462f3ac8624,2018,4,17,Spring
f5dc60b4-73db-44f0-8104-1f4eb64dca99,2019,5,7,Spring
7fca9306-b792-46bc-9794-064cbd5baf2c,2019,8,26,Summer
650fd7ae-be62-4c06-ac6e-9954a0f1d10b,2017,1,3,Winter
89953de4-1248-4d77-9f9b-7c5d37edc4d9,2018,6,11,Spring
03a79729-fde4-4bb5-8938-3df8e14d26cb,2019,8,1,Summer
cc344f95-824d-4b82-bc40-b4028454ef2f,2018,2,6,Winter
51d934b0-874d-408b-9252-5c3158cbc8f2,2023,9,15,Summer
a1dec580-c233-4864-af8a-5a0e71256c33,2019,7,18,Summer
5d3ac25c-ac9d-44f3-a3b6-625afeea759d,2020,2,3,Winter
26f52e43-350e-4d8e-9054-527b7cc8870f,2020,2,10,Winter
058d5480-b796-4ffd-a72e-d814f23abbdd,2017,1,19,Winter
e7ad0c6c-6784-47d3-94de-82745d8c7b0e,2022,1,29,Winter
b0c1f02a-246a-4793-b813-fc67b9102675,2021,8,24,Summer
683cafc5-ff65-4d27-a0d2-c62fd0827fa9,2020,2,19,Winter
944776fc-127a-42d9-858d-f77729ed46a3,2023,7,4,Summer
125dd015-334a-4c57-bb73-996f107c333a,2023,10,22,Unknown
42c6ab45-05bf-418a-8c4d-3c2300dfe1a8,2015,12,10,Autumn
d90ee3ed-b225-45d4-abab-a0d8514ff9d3,2016,12,19,Autumn
3e1a8d96-13d0-461f-ad70-1e3704f4adff,2021,4,29,Spring
7c92d9bd-7f27-4816-8aa4-722dc77db802,2018,1,27,Winter
6b13e57f-6d21-4965-bc18-92d9797d0336,2023,5,16,Spring
f9a6036a-395e-4d1e-84de-60fe92068165,2020,3,21,Spring
b1d041e5-82b5-4865-8d32-f458e87c16ff,2016,12,16,Autumn
4795d214-7945-4c60-a80a-49cddb0dc37b,2023,1,29,Winter
6be1c225-1e28-420d-ae26-36a9864363ba,2023,6,14,Spring
33aed03b-72c1-4f84-ba80-f5966f85f933,2015,10,19,Unknown
276a8dc3-5341-4daf-91d6-c7526d8b9873,2013,10,2,Unknown
58badd65-c1c8-44d0-b5cd-a00ee5ce35bb,2017,6,16,Spring
63ababf7-15df-4464-b746-5ecc6ee36e87,2015,3,9,Winter
04c330f3-c0d2-4f56-b96d-2a683067db5c,2016,10,25,Unknown
f9ae4706-42ee-44c3-ad91-91963cf6d639,2015,12,9,Autumn
74dbf10e-9330-47ba-a3dd-330187cb8229,2016,2,9,Winter
9315e843-b216-49a6-bd9e-ea51e13afa0c,2016,2,1,Winter
2cdd0af5-33a8-4aa6-93ed-c4b96212f99a,2025,1,17,Winter
ad79de29-8b19-4031-b8b0-a9c6c88a8871,2025,2,28,Winter
ff5242e1-571b-4ac2-894f-c9a15915c26b,2023,11,14,Unknown
0115258a-e62c-47d3-b97f-83c4a22471cd,2025,1,16,Winter
47541664-da83-46fd-9110-e832b4cdd8c1,2022,12,13,Autumn
33d6a507-ca0b-41c7-8174-e58032355b79,2018,1,22,Winter
99c5e194-470f-499f-94fe-bacfe6d28eae,2017,7,31,Summer
e31164dd-55a7-408c-a4f1-67e04e1499d2,2016,7,15,Summer
bae47e91-1ddc-4c67-be20-388756b6e8b6,2016,6,8,Spring
f458bff4-47ec-4d12-93e5-84a9573f2b9d,2018,6,21,Summer
d4b996dc-51f9-42f5-8fba-eb2621d7e9f2,2019,1,18,Winter
9974884d-76ac-4fe6-a32c-a19b19d94b53,2022,4,1,Spring
b6053a07-30bd-4eb4-9140-ad9cd3cb2b0d,2019,6,18,Spring
b45d47ea-314a-460c-8198-df2d906c71d3,2016,6,21,Summer
1e757dd5-efec-4fe0-a4d8-81d97ab140cd,2025,4,23,Spring
01dc9333-56ed-4e38-9a21-77e2a6419725,2015,2,2,Winter
632d10a1-b44f-4a34-9714-8961b2784a81,2016,5,31,Spring
b7e38559-9b1d-4cdc-a27c-1e90e9956efa,2015,6,19,Spring
d678b31d-8a35-4345-8020-04255e401b6d,2020,5,9,Spring
4fb59c00-d396-4073-b8de-e38635f286bd,2025,3,26,Spring
ff8536ca-6e33-4b00-8567-5b92ac28842b,2013,10,18,Unknown
6930300d-d376-4de6-889b-be823eb8c653,2013,9,20,Summer
47a241d5-71f7-4854-88ca-1643859095e5,2022,10,21,Unknown
c35225e7-d753-4ec2-b1fe-044aaa57cf25,2023,5,10,Spring
c308ffaa-9cec-48e8-b3f5-af0ffab11275,2023,12,12,Autumn
39990caa-aac5-48e1-8a32-f6c688d3e410,2010,9,13,Summer
7974136e-49d3-430f-bda3-1829510f9208,2023,10,7,Unknown
98a00c8a-4344-4d34-aca0-ff5baea4139d,2017,6,15,Spring
0d73c0c5-ab37-4f51-8df5-27c4f2b9de56,2015,7,7,Summer
9bfe1024-98fc-4fce-b214-1cf790385e15,2013,4,12,Spring
a3047daa-c9c2-40ae-9ddb-7850a4df7ecc,2020,6,25,Summer
309d9924-b501-47b0-91d1-5adf8f3a581e,2019,5,31,Spring
594ec0d6-52c2-437b-bf25-852ab78e4c0f,2018,10,26,Unknown
6c6a539b-f791-455e-8520-8bcd9bb297a4,2012,12,3,Autumn
98940d46-ced2-4759-8672-befac5368096,2017,2,17,Winter
255c4b4e-6b20-4d4f-8988-7ee1d655c632,2015,6,8,Spring
f8025323-1d5c-47f2-aedf-c0c0a47cb40c,2011,9,23,Autumn
ac1c0a17-bca8-4e3c-b3ae-0eb6091b78e9,2016,4,28,Spring
560b2846-3975-4fe5-b4ee-141a5895cb1e,2013,3,12,Winter
ab7203a4-1c99-46d5-9b23-2715140f9da4,2012,5,31,Spring
7170def4-6d4d-4d92-b9d6-d413f454013a,2008,10,16,Unknown
8c9edf99-b2a3-4ffb-818e-d0c5ca1e46c1,2012,9,23,Autumn
40c93d1d-1d21-4f02-aa4d-55bafa82d460,2010,1,30,Winter
7db15a19-9de2-44de-9a53-70b9e7882777,2020,11,10,Unknown
5e4dae39-200c-4798-b137-1d65321bf7ca,2012,6,15,Spring
2b2f4b6c-0fac-4876-98ef-905701c5e6ce,2010,6,2,Spring
b60a3055-c322-4725-b32f-3cc86d1af5e7,2022,2,1,Winter
2c0b09dd-5a37-477f-a879-8c04aa17ebe1,2008,6,13,Spring
8925f3b6-ea56-4ed2-85b6-c952984f2084,2013,7,17,Summer
7ae2c557-1272-4443-914c-de0c32b4ecef,2014,12,12,Autumn
68c8f8da-78cb-4232-8946-fd0f2fe85a20,2017,1,27,Winter
5526b809-caf3-4ee7-8477-5dcd9cbd3bb2,2013,4,30,Spring
2e9a3f2b-20bd-4f5f-8804-17978562607a,2010,10,8,Unknown
9193f94f-330e-41cf-b14b-cf4066c54694,2015,1,23,Winter
5aea9ea5-8ffc-47ca-a876-cfd15f09b002,2022,2,5,Winter
63e4151f-0c76-4eea-8e9a-fdbd96b98458,2006,4,1,Spring
8428bc46-b57d-47a0-ba84-13a5c43c3a3a,2014,12,2,Autumn
ad6960e4-50a5-40e0-9c71-5559a2bbad8c,2024,2,2,Winter
10aac7dd-c196-47d1-acd8-9482fb95dd86,2020,5,12,Spring
532e33f7-6008-46a4-a357-c18da216302d,2024,2,1,Winter
a7fbcd38-fd47-4e79-82ec-98542f6dbe58,2006,4,26,Spring
feb51ca1-1f79-47a6-910c-fe28203ebdfb,2020,6,9,Spring
a3df6fd3-5e41-4fee-8b6c-9c6189219098,2013,2,28,Winter
88048153-4c74-497a-ba69-c07d70ecf862,2022,6,15,Spring
fc122ed4-a576-4b05-b54c-26113bba768f,2011,10,8,Unknown
f53e2103-c3ec-4704-8555-07a4deb5501f,2013,4,16,Spring
66558cde-05f7-45fa-afea-a5a4460b6892,2011,4,1,Spring
19c56c4e-be18-42d4-b6d7-c68f02a35f70,2013,3,26,Spring
0115ab5f-3cec-4767-9956-99536af92de5,2014,11,18,Unknown
d6deb1ef-e265-4e58-a403-efdafe96246c,2012,10,17,Unknown
34c84338-b4b5-4807-ae8b-4d74af9415cb,2017,5,24,Spring
f54b8e70-e2b5-4fef-8e38-14dab92bfec9,2011,3,19,Winter
3afb244b-d8a8-4668-a156-745c641d576c,2014,5,26,Spring
fb662e4a-ebcb-484d-b717-229a479c0305,2011,1,29,Winter
43b68a26-b2b5-4f36-a67c-11af37876c1c,2011,9,20,Summer
5597cefb-9470-4a8f-bc07-75e03b3612fe,2011,9,22,Summer
05c515d5-1aba-4a19-87fd-52c5983bac0a,2010,10,25,Unknown
a132419b-58e0-43c1-9660-6fcacd1028eb,2012,3,9,Winter
a52dfd4f-335e-40ad-a57e-b8c0f9050cad,2018,4,19,Spring
2b37b45c-80ee-434e-aeb0-a112990c61a3,2023,9,13,Summer
c78a8c23-09af-4fcb-b85d-e828894887d5,2023,1,6,Winter
41ddb4ab-188d-4519-a057-c9808b5f9898,2024,12,6,Autumn
451ed122-eab4-46be-9f9e-75e66047f0ec,2019,3,22,Spring
89cfd78b-6b3b-45cb-a4d0-e2e86a467424,2018,7,30,Summer
531977e3-3f21-496d-a013-6ef3f445e002,2021,5,20,Spring
3f92cf29-0845-4a42-9222-365f75a8206d,2022,11,18,Unknown
ecb4de77-5bb1-4598-84d7-7e60a65447eb,2018,6,5,Spring
8304f855-878c-4fb7-b86c-b70b8ff3a63b,2024,2,10,Winter
ed71d901-1057-482e-a5d8-b20a7d446eac,2024,11,20,Unknown
c37859e6-0a28-4693-aa75-4007539e725c,2018,10,18,Unknown
f511c275-688a-413a-bb6a-3cd02b4bf36d,2019,12,21,Winter
e79ec945-d560-458b-b27c-09a7d62e1122,2024,2,9,Winter
5672742b-464e-442d-898a-c6f1d0d8e9b4,2020,7,15,Summer
3502386e-0a43-42d8-9cc4-0a0d2effed8c,2020,11,5,Unknown
28961525-7ecc-4333-a96b-cfc6ac47a324,2016,1,15,Winter
293fc813-ec1b-4b7b-8619-50616221a62b,2017,4,6,Spring
bdcb82ed-7274-440b-99fa-4e3642ef5563,2015,12,22,Winter
96ad9014-cfd9-4d2f-bf0d-6783ce19a77a,2018,10,23,Unknown
a424d0a8-2d1e-41aa-839b-eb5d51fdf0f2,2015,3,25,Spring
8807dbe9-c60b-4e78-800a-74d0db971eca,2017,6,5,Spring
5dcc31bb-0602-4484-8223-a91617945629,2016,6,15,Spring
d20df546-837f-4611-9029-68f070924828,2020,6,16,Spring
635ce4ea-a792-416b-a37f-d5a2153c4848,2018,1,4,Winter
b9fff4c2-409e-4411-a6b5-abdf856e53b6,2021,6,1,Spring
d0d727dd-ce3e-465a-bd31-a2a1ffb3ecab,2017,10,2,Unknown
3d662d00-37af-45fb-bd4b-f242fb9bed26,2017,2,2,Winter
ee9ea051-5a3b-4cbc-bbbd-f150e41a7175,2017,12,24,Winter
754b1c31-02ca-4f54-a1b2-3e44bab54589,2014,12,10,Autumn
6cbffd35-a32d-4675-83ba-5c41a5d21047,2018,5,31,Spring
2000c509-f99c-4694-9622-0c06169711d9,2015,3,4,Winter
041df597-c747-48b6-bc4d-51f43fdb5666,2013,9,22,Summer
6dfd5fb5-4452-4280-90cb-49056704d25b,2017,11,1,Unknown
22aaad6a-eaa4-4f7c-8198-b6a91f6d7be8,2017,2,15,Winter
c6695106-ef81-4742-aca3-7cfe500a4a21,2017,5,25,Spring
fd725766-fdb4-47bd-b34f-e6224afd6d70,2016,10,21,Unknown
c6a628d2-9b43-40d7-af3e-29e7503b02f6,2019,6,13,Spring
9b06ff16-e6fe-4349-bbbf-729fe6845e83,2018,2,27,Winter
c13bad72-e860-4acd-bdae-7868d5eb7b4f,2017,4,15,Spring
ad92d540-5a67-4e1b-9fa7-af03d4478895,2017,1,22,Winter
4e591b4c-bdcd-4192-ad19-765291bf5741,2016,1,2,Winter
c76a822b-ae24-4d60-813b-cf0779666c5a,2018,7,16,Summer
a95f1264-ea52-4412-b9e7-f310bdbae1f2,2015,10,14,Unknown
f232524a-fce8-4ee9-9529-7fe8755da710,2021,7,1,Summer
202e3e5c-4e58-4b3b-b220-dcd7194d9c4a,2016,11,9,Unknown
736200d9-8af2-4387-aea3-0130b70abc1d,2016,2,8,Winter
7090b3a4-6130-481e-bc89-cbbdd2520b13,2017,1,29,Winter
2d55bb64-2a9b-4e45-8ca7-4ada09b803b5,2015,6,3,Spring
016b1841-f272-40d7-a697-9c7e485b0c41,2020,1,15,Winter
1aab1749-625e-45b5-a21a-13927e20aadf,2022,8,26,Summer
5ca37a2a-88f5-4779-8e2f-c40cbd73e979,2024,4,11,Spring
a036b919-f4f9-4779-b1f1-0eb17798a7c8,2017,10,25,Unknown
db624769-18fd-488c-acb3-85accdacb918,2012,11,6,Unknown
ab72669a-2302-4b13-8808-eb1bf5f6d80f,2021,7,23,Summer
94439b30-425b-467e-8e09-9e48eea0265c,2018,10,12,Unknown
00e762f0-cb26-4826-917f-13a70d0b5f20,2018,1,10,Winter
10b92390-08b8-4c7a-a6c1-fd9fd2ea1c40,2016,9,26,Autumn
e89c576f-0bd6-4961-b6bb-2a006552efe6,2015,6,18,Spring
5d80c4a1-642f-4eb9-862e-e197dfa008f1,2012,1,24,Winter
86fbb6f4-5153-4622-a392-ac838ae67b69,2014,5,28,Spring
cb2ae6b8-d1f4-4f13-a80d-61c954121e53,2016,10,6,Unknown
0ad58df2-7f3b-404a-ad81-591c5ab79507,2016,6,6,Spring
5cdc1ae0-829f-4b8b-9c49-05b1fa2678d0,2013,10,22,Unknown
db1aaaba-01ec-46c0-803b-506e6f7b695a,2013,10,21,Unknown
ee860257-496f-40c5-b68c-bff637d154d0,2016,5,20,Spring
6d41a7cf-fdb7-4965-9026-5352f513ae72,2013,10,8,Unknown
034e616d-29a0-4f13-a9db-ffb6f2a1b0f9,2010,10,11,Unknown
33988f6d-474a-4391-85b9-87613bf98282,2013,12,9,Autumn
b1b5e128-cd6a-455c-b6fd-570055735fdf,2014,6,10,Spring
6adb2b71-6f38-409c-ae55-dc08292f0071,2025,2,4,Winter
1318025a-968e-4f2b-b519-462a1c2e0b9a,2009,12,17,Autumn
d74af414-5268-4829-9be6-b465ef8b21e0,2012,6,30,Summer
7873b691-321d-48b2-a431-bcc6c5865786,2023,11,24,Unknown
66162be8-f44e-4293-8b2b-0f44fca7d262,2011,7,26,Summer
226a4fa1-7e67-4385-8273-c37f4b6398b4,2020,6,17,Spring
72d8e25f-51bd-4e9e-9542-3a232e0b8bca,2011,12,31,Winter
dd5dddc1-3685-43ba-a907-b9a4729c837c,2015,5,18,Spring
e2db00d0-a368-4cc9-86bd-c55a138de1bd,2010,10,14,Unknown
e0fd31fd-80e4-4542-8aa5-260117e7305b,2011,12,12,Autumn
2e139933-0d09-4222-b458-24985e7de6bb,2012,1,6,Winter
582cc073-286b-4511-9caa-8ec8aa59e8c7,2013,7,13,Summer
835385f3-fe87-4d1e-aa62-500a9c403090,2013,9,11,Summer
d0e229ee-c052-4587-97f9-41cced7065a7,2021,7,21,Summer
502ca1ba-b2f6-4cd5-894a-4e2bac7c70e6,2011,12,5,Autumn
97837806-1fb7-47c0-828a-7969a811021c,2014,12,4,Autumn
0685ae34-5b95-4fc9-99a0-5015028a78ec,2020,3,12,Winter
0a0b24cf-5fff-4f71-b754-1eea88b4e7c8,2011,11,21,Unknown
8847979d-7319-4641-ae06-54d292a76e7a,2011,11,29,Unknown
9c19809d-9188-4fa9-898f-e90bfce4632e,2011,4,2,Spring
e7f4295c-419f-4545-9177-e2adaec38001,2021,6,2,Spring
58cf9b0e-97b3-4c46-a81a-e9458d12b1b6,2010,5,16,Spring
d02c2824-c72f-4803-bb97-22b7c749a02a,2009,7,30,Summer
0b325009-b9dc-4ce7-81b5-ba2e9c66ab3f,2013,10,16,Unknown
bfb673ea-2860-47d4-8efb-4fdf30fab2a7,2022,8,19,Summer
0cf91182-ed88-4c21-b7d7-6278b61fb63a,2014,3,1,Winter
a00837d9-a665-4547-b498-9bf4dc103847,2015,3,23,Spring
37ff58c0-e19f-4c11-9077-b72b5744c42a,2014,7,23,Summer
c5be3885-68e6-466a-b8da-9ccbb405370a,2013,8,12,Summer
37ff66bb-d34b-49ed-84ef-783634f5b821,2013,10,28,Unknown
4f3938c9-e208-423e-a4dd-93c0448a26fd,2015,3,31,Spring
8127e745-fdc8-469a-9a1f-751830ff1cc4,2018,5,4,Spring
db6fbab8-8cf6-4bf2-b728-ef337788800c,2016,11,18,Unknown
798a4856-f245-4ff5-a648-65c84912d3a7,2016,5,6,Spring
ebd3937a-ddbb-4324-8e7d-1219ab125151,2017,10,27,Unknown
21828c34-ce04-4ea3-8f73-821bc1a64307,2015,4,24,Spring
11d68f4c-d8dd-4c30-b2d8-17378e576c02,2017,1,20,Winter
842b3754-c538-4109-a3ae-10d256ef1907,2015,2,20,Winter
0e27bcf0-2e24-4dc1-a027-5fae3f40fe97,2009,6,12,Spring
67419a62-cbf3-41d9-b7cc-9dc80298ec2b,2006,9,8,Summer
0112b642-2dbd-4ab5-8047-8fdde69b08f1,2019,5,13,Spring
399a3dec-9cd0-46dc-beab-b3f739c54c3e,2006,11,24,Unknown
70c8f636-1c7a-4698-b9a6-e7d634553753,2006,10,13,Unknown
3ea34635-02dd-46af-8009-afc70dc3bc5f,2011,8,26,Summer
dc9e1fca-b971-40f0-af5a-3cfec3dd4752,2011,8,30,Summer
a1d6fc74-7c93-439f-a529-8635567b6dc3,2014,12,5,Autumn
508926d3-74fc-4a6a-9c72-0257a801d4f2,2009,1,23,Winter
0f5dd29b-79e9-4dda-a0ad-3956b3155d55,2021,8,27,Summer
ae09db6e-25c1-42a1-a671-82e9dbb09c8a,2007,6,15,Spring
40b43496-adb0-464c-8db2-a58451833ad7,2008,12,19,Autumn
0a7acee6-e542-46f9-af70-a45ba6424041,2023,3,23,Spring
8bf2e1dd-3dfd-466f-8c33-3731db117831,2012,4,20,Spring
7d0f1bdf-568d-4d7c-8473-d9ff70ddbe7b,2008,11,28,Unknown
2eed4b86-acf2-4f26-b6b2-55127f5a6466,2014,1,20,Winter
a04a026b-850e-4c2c-8766-5e50bdd22ef7,2015,12,4,Autumn
829e783a-b025-47b6-b76b-f97a5fab0f5d,2017,10,6,Unknown
978d420a-524e-4c60-b38a-32a0e14d4933,2021,3,4,Winter
731649c2-8265-4132-9102-d899a22506d9,2014,6,24,Summer
e9ecfe0d-a1ae-4953-8743-6d12add1cb1e,2019,9,25,Autumn
d3154f05-3a60-45f4-94c7-44affc3b68ca,2024,4,25,Spring
42f7ef1a-8d3c-4fee-8d4b-598eedb77af3,2014,5,6,Spring
89327a9f-1a1f-443c-bfa7-d59da55d21f1,2013,10,1,Unknown
4b57e489-99ce-46e8-8975-cb286e94a17f,2019,4,26,Spring
58a65a97-8885-4155-bffd-f118e8c68b0d,2018,7,6,Summer
f702dbc2-0fff-431e-8246-512b088e065e,2015,4,30,Spring
5d3eb2f0-3a51-4775-9eb7-6d81a89ace28,2022,4,22,Spring
35c30709-8a57-4458-9329-68ed1a702762,2012,1,31,Winter
f5c3b09f-0434-474e-8e2d-ff9a77058bb3,2011,12,26,Winter
e8e13cf5-aa60-4e49-a969-eb249306d18e,2015,2,7,Winter
fa783b2f-daab-4a2b-847c-93f95946e37e,2025,2,1,Winter
1d483291-1426-43ff-9c1a-528ab3b14de6,2025,5,28,Spring
428cce15-1aee-4f41-b21e-672590417a95,1993,6,12,Spring
fa5bf211-c93e-489b-a390-c82226d0f256,2011,10,18,Unknown
bbcf3d62-21b2-4939-8253-0992c12a694c,2000,5,4,Spring
bc39dc81-6d46-43b7-9abc-4c09e57fee76,2021,5,25,Spring
d973d7ab-f175-47f6-b2f4-993c8cbf8e51,2011,11,3,Unknown
5f129c59-40fe-49b9-b110-8493e3255db8,2011,7,20,Summer
d697b164-6afa-4b94-8e03-334f784f2f83,2016,9,23,Autumn
a3fb6441-6c8a-4e11-931a-9ae2fe67e024,2014,6,17,Spring
60f7e367-ec16-4494-abbd-8ff30dcce690,2011,8,12,Summer
ac6f7e52-f26a-4070-aedc-0cbbabf6baf1,2011,4,29,Spring
2d7f3802-f3a6-4e19-b195-09e02e994444,2011,6,13,Spring
d7ece124-5b84-4a82-8129-301ecccf9b45,2014,5,30,Spring
f683bdc8-e8d4-4102-b422-f6937d5a3760,2018,10,27,Unknown
65730e18-8220-4ee8-a333-337d164e31d9,2014,6,16,Spring
28828667-e996-4b74-8e08-6c33dde53c51,2011,3,17,Winter
86e70b2e-9901-4fa9-be5a-046c79c5bef6,2020,12,9,Autumn
f34dc596-845c-47c9-8c6e-77e252e94979,2020,6,19,Spring
bf1afd3b-84bf-438e-8a9c-d00be02ed314,2016,9,21,Summer
dc25b8b0-5b28-4b48-9856-8337ab160698,2019,4,5,Spring
95ce5d16-9764-4e1a-bc0c-8b7bbeed9cb1,2017,11,3,Unknown
5a705293-a570-49c6-a3fd-a29ac6bbee53,2016,11,8,Unknown
c4be45a1-e4ed-4cf4-a35b-2b325beac93a,2017,2,28,Winter
f7bc2f88-c159-480b-a0af-5d2424445d47,2016,3,22,Spring
5a7ec55f-8e96-4b88-a14f-aefb9b4e14df,2019,3,27,Spring
e1ee514f-026d-4771-aca1-6c943fcb5973,2017,4,11,Spring
2d9ac9e1-4f13-49e1-a1ab-10845309ac90,2016,6,24,Summer
bd72c63e-f6e8-4245-b897-ea701e350baf,2022,9,26,Autumn
146a0da8-d131-445e-abe6-d7ebb1fac91d,2018,5,21,Spring
82fb3cad-cf99-41f5-8522-beef787a3e5a,2016,6,7,Spring
4ae57cb5-9d46-415f-895e-7279b35c36d4,2019,4,20,Spring
9dce6843-cb46-4abb-9529-f0aab55db85a,2025,4,7,Spring
1bc7edf5-660c-4068-bb6d-01ea1b6ae62e,2021,7,9,Summer
cb9141bb-352b-4ece-8b13-a4e4faf36a25,2020,5,14,Spring
5cb33a14-eb21-4cba-bc55-5eca384259a4,2021,6,9,Spring
67c1380f-0175-4344-aecb-d53fa64997da,2023,4,13,Spring
0191a5a6-e024-4fae-85bc-5a410998fab9,2011,10,13,Unknown
f1c6a794-e560-4eb9-8054-1e622923988a,2024,11,1,Unknown
e61317b3-c650-4aa1-800b-504d872da55a,2011,5,14,Spring
cc8454e9-0837-421f-8456-09187c7bc2b2,2023,3,9,Winter
d9a769f8-87dd-44f4-be32-b8bcd219faf5,2019,12,19,Autumn
f63b3cc7-ef8e-4642-af00-b275842de762,2011,7,14,Summer
13930a91-b69e-4f37-bda6-df0eb260d483,2003,9,1,Summer
3507e4af-db48-482b-8eb4-e52f21833cc4,2009,11,19,Unknown
86a45121-fa8f-4e61-a4db-37163f2f6861,2017,12,8,Autumn
16353eb0-4955-4900-9e02-34309292bb70,2014,11,28,Unknown
f12cab8b-3c3f-4285-8609-44bf619ab046,2007,3,30,Spring
bf3d6ec7-05ad-4f66-9b31-a1de074cf7a6,2010,9,28,Autumn
096b4e98-8a28-4d17-ae91-37c73d2f4876,2015,2,10,Winter
57716953-7be6-455f-a20b-437714d99634,2007,1,19,Winter
3d1c4b05-c133-4131-ba20-3ea25dd79c78,2015,4,3,Spring
8e538697-d49d-489e-ba5e-8c357b45ef47,2022,1,7,Winter
e486dfae-beec-477f-914c-bf82bf1e4f6a,2008,11,30,Unknown
97a92579-1a21-4d5e-ba28-29afde34b8f6,2009,11,13,Unknown
a8ffcc41-4b52-46e8-90c9-06cfb811b3ab,2022,2,25,Winter
c36c5640-311c-4e16-959c-bae84231e9ab,2007,2,23,Winter
2503fc9b-0bf5-495d-863e-8c67011f5ccc,2010,6,4,Spring
a77bb833-71b7-46d8-b4d4-523e6d82fd8c,2015,2,12,Winter
897eecae-976c-412f-82de-a2ab43596471,2009,5,20,Spring
7a0e085e-cae0-4951-8a94-bc39a9020d20,2010,8,30,Summer
f9ed6815-e93e-441c-a82f-e48c1814c69c,2009,5,16,Spring
5da4e479-08dc-4dd7-901e-66dbec762593,2019,9,12,Summer
2c5d0298-7849-4341-9a8d-9011598b321e,2022,2,18,Winter
feaae337-23f2-472b-860d-3de116331829,2019,2,15,Winter
444988a2-958d-48a8-9b71-ebfc93ec95b3,2021,11,11,Unknown
1eccd9a6-d920-4bcb-9290-f8abac43e4df,2025,3,20,Winter
9fe4b015-a16f-4d13-af8c-a0dc04fc116b,2023,1,26,Winter
40c76a79-5d8e-4005-8049-88583b7e5d9e,2017,5,22,Spring
4212a38e-c1c2-42a9-8aa3-fe7757be959c,2022,12,9,Autumn
58c6ba17-b1a4-49ab-a3c5-132d9820f045,2019,9,13,Summer
1c94920b-f74a-4245-bf2d-ceb3a8d1d09f,2024,10,4,Unknown
e7ef9695-9051-4360-b849-e4a33aae3038,2019,7,25,Summer
8c0b2971-d746-4a80-b179-6a46c5489a62,2021,10,5,Unknown
cacdcc81-e69f-47f0-9dea-0aa84cd27422,2019,3,30,Spring
85212570-c6d3-4b55-81c6-d349c2f812cd,2023,12,30,Winter
e390652e-d5a9-4dfd-a1f9-1295f727541b,2017,5,6,Spring
d6d56127-f26e-485f-b4a5-0392255b3f6a,2018,5,2,Spring
394604a9-70e9-491d-b26e-969822b084a2,2017,7,21,Summer
19c75c25-bd21-4d2c-8233-25d0e24eede6,2017,3,14,Winter
cfafe8ea-83b0-4444-990a-5e45ffa7f8b4,2017,9,19,Summer
4c0b8681-8541-4552-a02b-7698c0264984,2018,6,20,Spring
87d8805d-1147-40ef-bab6-c53ecaa47414,2016,3,21,Spring
a810f967-34a1-46bf-995b-ecc3c26eae62,2020,4,16,Spring
a211d7cd-6f78-4eb0-a1b0-8e807ccfc085,2017,8,11,Summer
fa57adfb-5d37-4eba-997f-dbbe0c9d2f4f,2020,3,5,Winter
2972d922-b05e-4220-861e-6c009d7efdbe,2020,12,10,Autumn
d6317891-2b5d-420b-8723-abb4b34ade6a,2016,6,23,Summer
98787d87-6f5f-4a6d-a591-10a4ebf5a097,2017,6,6,Spring
a7b63bb5-dc2f-414b-a8e3-8c7f13bb0e87,2017,11,6,Unknown
905ae5b8-8001-44af-b62b-0894933b93a3,2017,7,11,Summer
7aa65f42-3ca0-4064-a407-f472e3967f93,2021,4,7,Spring
98ce8146-b03e-49ae-af80-8ec7c6d12416,2020,4,27,Spring
ecc06158-1598-449d-93c3-a13932248ed7,2012,3,23,Spring
7847e7a7-bcfe-42a1-a471-6e0354457bc1,2020,3,22,Spring
e1268ffd-d910-412e-822a-d3acdf3becbe,2025,6,20,Spring
bb127921-45ba-4d81-9493-32f3cd06974f,2018,1,5,Winter
b23b47b6-88f4-4d77-b940-3a9e3acc9799,2016,6,2,Spring
4ccbc769-ffdc-4759-800f-7f87cc5505ab,2017,6,20,Spring
833e1c00-d3ce-4da1-829f-c81cfdcafc52,2015,8,23,Summer
2b25d9b0-baac-49fb-9a75-acde572197fd,2015,5,12,Spring
e4ca07a1-a7d2-4dc5-a51a-9711ffefaaa4,2014,10,1,Unknown
3386a745-71ae-423e-8873-40de9c01159c,2023,10,20,Unknown
9cd039cd-820f-45b3-b3eb-21630138d768,2025,3,6,Winter
3db1378e-2ac5-4683-a2f1-d2cd069c97e1,2016,1,18,Winter
4641309b-596e-4ee0-aa6a-a679f31596e4,2018,12,28,Winter
d4b59538-0f9f-432c-8a0b-24b69bfa3427,2014,5,24,Spring
fb33e8d7-43ba-4538-9598-69deb391c866,2012,7,13,Summer
066448dd-f55a-4d5a-847c-531b3db28d7c,2017,7,20,Summer
3174b269-5e4c-40cd-b7ef-ccbf8e0d6612,2012,11,30,Unknown
4269ee86-8a3e-43e8-ba4a-e147e05d260e,2009,10,16,Unknown
981f4e80-0a04-4774-872a-43eebc6a70f9,2014,12,30,Winter
e116316b-1177-403b-9cb1-ee8d9cb8d107,2014,5,13,Spring
99406a05-cbbf-4b42-80fc-bb471bffa605,2015,12,20,Autumn
f02edcb1-b34d-49fd-b9b0-2827928b52e0,2015,11,20,Unknown
d2835f8a-bd75-4415-87e8-be6d9bac0bc3,2011,10,15,Unknown
1839b56f-2d34-4701-a34e-0c1c9ec69e59,2015,12,17,Autumn
7ca04866-9252-464d-8506-68d98a348f38,2011,5,28,Spring
c2d26df6-7768-4cef-97e8-471a1937ff60,2014,8,6,Summer
cdcf98cd-9f3c-43f8-9d8a-d7c683725e15,2014,4,4,Spring
ad1d1048-0ad7-4fba-bd15-fd7a6b60101b,2010,11,16,Unknown
50404862-f942-4389-9fe0-615b24f77dbb,2010,10,22,Unknown
c97267cf-bb39-4253-8283-b9a2ca075f6c,2012,6,10,Spring
5ee9877f-9476-49e9-930c-e9a2d1a2de89,2018,11,2,Unknown
759b0e2f-09a9-4342-9c2b-65b6a3b18541,2015,11,19,Unknown
1d78f5c2-064d-4fee-8e3a-269d05b07455,2021,5,6,Spring
b20e2047-e98c-4de0-ab8e-3ed6eeedcd02,2012,7,12,Summer
8b14a967-9d68-4599-8291-2b2e94a441be,2016,10,28,Unknown
0272c34c-72b0-4dc5-98ca-93bdcc9d143a,2021,5,15,Spring
45be32ca-76a6-4857-94b7-d7c9a350027b,2011,2,24,Winter
8308bfb5-9297-4a4a-93cf-e66089ec4881,2013,1,28,Winter
1c488001-21b1-42ae-b13b-59e246606eac,2010,1,29,Winter
f4cee6be-037e-420d-8cdc-b792ccd00e5a,2020,7,28,Summer
f1f3a90b-f7df-4849-8a09-b5fe068ec7f4,2017,5,5,Spring
454c391f-3155-47c2-bdf1-eb78380be8a0,2019,6,19,Spring
2b4af5cd-4e27-4f88-bba4-18626607cc19,2022,5,30,Spring
0bcae74c-429a-4100-9af8-3e153c2d3577,2011,2,19,Winter
375c3beb-9273-4460-a5c1-f5ea45b7fb2e,2010,6,12,Spring
00449461-6593-4fa5-a0d8-d9a499e71286,2020,4,3,Spring
9609dea1-aeb7-484f-aa8b-8a28560bc1a0,2010,2,21,Winter
43bee49a-89d3-47cd-a76b-5bcf71efc91b,2020,6,23,Summer
e2c3e2bf-6a44-430b-a203-a0dc406e1add,2007,7,25,Summer
3b10b8fb-3b2d-4bd0-96db-47d082193a0f,2011,5,21,Spring
d0ea4ee4-5421-4839-bd54-be14ceab66c7,2018,3,16,Winter
7fe702ed-f82c-4de7-ae1a-8a94252aa9b5,2017,9,12,Summer
7cbf4446-60e3-498a-85ed-dbd1b809570c,2018,7,2,Summer
315e4596-d73b-4e77-9590-0115d203f509,2017,8,7,Summer
f1fcca74-044d-48ad-ba37-8e0fdbf40441,2024,11,8,Unknown
66dc73b9-9d82-472c-8271-3da50dc1d088,2017,1,8,Winter
b4f00d4d-0157-44d7-9d16-bd8d09121b46,2015,12,13,Autumn
b811df2e-9c8f-4c47-8712-abb1270af11e,2016,12,26,Winter
e53bdda5-d0b2-4f3f-8644-f7e982d9b9d5,2021,3,21,Spring
66e294cc-339e-4855-826c-64747817a044,2017,6,11,Spring
8bdc443f-b4c3-4ff2-8ee1-fce2bbe6ba24,2024,12,19,Autumn
911202a1-5648-4cf2-be85-f5fcbc401a69,2024,1,30,Winter
b6d7596c-9949-4228-a656-3a3f7f60ad97,2017,5,15,Spring
a7d60def-4af0-4b4e-a266-a0545f2ec698,2016,11,7,Unknown
d55e54f4-37ce-4e5b-9ecd-dde563a92384,2016,10,27,Unknown
cab7458c-a58c-4d15-91ea-635ae6f6da11,2024,3,14,Winter
6d21fccb-d859-46e5-a0d2-c0fb9e781eb7,2015,7,12,Summer
bbe1eb74-ef2c-4eff-a41f-32bdc26e50b9,2016,2,2,Winter
805d53c6-133a-4995-bd0f-c18bd5521e2c,2025,2,16,Winter
5b28b9a3-45d2-4762-b804-c429b34482d5,2024,5,16,Spring
5eb6cdf3-e3c4-499a-8bd1-eabc49c86e3a,2012,7,6,Summer
19b8c0d3-ae50-4c5f-a522-5dc519b5b037,2023,1,1,Winter
41700ad2-939f-4fa3-9ba9-da78d5c651bd,2015,5,6,Spring
f05e01a1-87d9-4813-a632-e3530e804392,2015,6,6,Spring
233b7de2-6bcc-41bd-8c84-7b9ba054160e,2024,8,23,Summer
704e6272-f7bb-485c-87b5-3cd557a7da7e,2021,12,21,Winter
daf61f46-34b6-468e-87d7-23627b78da92,2024,5,31,Spring
4aebd305-bd1b-4cb2-8acf-771b57bd0c7d,2022,5,25,Spring
11c80245-098f-4215-b95d-04238d739a8f,2021,9,2,Summer
ec47e434-0267-4e41-b3c6-9c05b0a05805,2023,12,22,Winter
f7af97e9-dc25-4cca-9391-f5099e5633b5,2024,9,27,Autumn
6d714587-0669-46c1-b1a2-e067d2991c5f,2022,8,22,Summer
150d5c61-ddb8-4fee-a679-9e8afb2fa209,2022,10,6,Unknown
45272125-ff41-4567-80dd-abfb95466d5e,2022,9,21,Summer
e7ace7bc-36b3-4db9-9eec-a19545f56703,2023,5,2,Spring
0317718c-6232-4d95-a93b-a2bde92a2fb3,2021,1,25,Winter
ea0f9c8e-5c4e-407a-8555-7fa3c779e8fc,2020,11,3,Unknown
a925ad97-34e8-452d-a017-c46d09d3cb96,2022,4,27,Spring
db1c34fa-3740-41ec-8052-6d44ff268945,2021,3,15,Winter
6bb584e1-71d7-4e91-8476-da451160e7b3,2022,12,24,Winter
0b8ca893-2e7c-41fc-8dec-b3085a49300a,2022,8,2,Summer
74316b5c-6cce-4d4c-af0a-fe3f64519cba,2018,7,27,Summer
44f4f3e3-1f05-4fb0-924d-364f5e0a51d2,2021,3,24,Spring
81009d83-843a-4d1b-8b58-f9ee99e97f9f,2020,1,8,Winter
e1fb7507-e3b1-4cc6-ba1c-f4a10667c655,2015,10,2,Unknown
ab11e057-0c06-4857-a3f1-fe1db21ade27,2013,4,9,Spring
bbfbed52-22d5-4bf4-a64d-e07904946a05,2015,6,1,Spring
a6a4ff63-4664-4c20-8d8f-387010063e4d,2018,3,30,Spring
7e20d88a-3d1e-484d-84c1-d9572f85538f,2005,8,6,Summer
fab751c3-0ad5-4193-b7aa-1a96a0676ae1,2005,7,22,Summer
d3d80437-558d-494e-9371-e7093054d95e,2007,3,9,Winter
247c455e-1a71-4c29-a456-bc134033a899,2011,3,27,Spring
5c384591-cf26-4ef1-89c2-8c83f3b192be,2014,10,27,Unknown
fb57ebf1-2e85-4dea-805d-fe79c3f5c022,2008,3,2,Winter
4ea0041a-79e2-4103-a745-b3a19e9742fe,2009,5,1,Spring
9bd8486e-1d1b-4953-a804-2baca4ac3f55,2008,3,13,Winter
9e7ff2bc-1be1-448f-a48c-3488b15cabfb,2023,3,27,Spring
c40a506f-1516-45a4-8e4b-448ab20472f3,2006,8,6,Summer
17ac31b7-b464-4975-803f-b273494678aa,2008,2,1,Winter
0db732bd-930f-4ce2-a9f3-6b2f4e5a64da,2009,11,18,Unknown
9b320663-aad6-4766-b331-e7ab5fa78115,2016,3,10,Winter
9544e75e-f25e-4ab0-bac0-082a867576ee,2016,2,26,Winter
93452fbd-716a-4354-a617-259e397d2b06,2022,11,24,Unknown
7f07e404-40d8-4105-9c16-2d5b4fd90f9c,2009,10,10,Unknown
8b6189e5-bba7-4f83-b089-d98b99e36b23,2013,5,30,Spring
b005f362-2ac8-4cde-aea9-1d909c948001,2012,7,17,Summer
0b6c640f-79d3-424d-9a68-04b659515de7,2012,7,18,Summer
ddede191-80fc-4ed5-8e36-5d813f6773e9,2009,9,23,Autumn
cb80786f-8e95-4cab-b15d-8203c9691245,2013,5,31,Spring
4f37272b-da9b-40c3-9d0e-035fc19f7040,2017,4,18,Spring
b9ab5586-cd9a-45a6-a3c0-70ff778007b0,2009,12,4,Autumn
0cdb6d79-39eb-4c49-bc33-59bfb85cbe11,2011,11,25,Unknown
7684369c-958b-4a33-8ae7-64d4aeb30507,2009,10,15,Unknown
d8b36159-a2fd-4a03-a6c5-f8755824590c,2016,11,2,Unknown
cb53e7d4-d231-40e2-b31b-54ea30b876e3,2013,3,11,Winter
a99dd34b-68eb-4924-a255-f406c42e2c57,2021,10,6,Unknown
0ad431ab-9c3d-4ce1-9c32-4053d0681078,2016,6,28,Summer
e40008da-be3a-459e-87a5-70ca6d87381a,2012,12,17,Autumn
da4f489d-adcd-4cb4-9110-110d6c0ca3ac,2015,8,28,Summer
12b0b3c2-33a9-429a-aa6d-b6637c65d9da,2011,6,20,Spring
1f30c5ac-ea3a-4999-916f-2826fcae412f,2021,9,23,Autumn
d773353e-d56e-4fa4-b334-737f27c47a89,2012,9,24,Autumn
4d1945ec-7f60-432f-9738-82dbca0bc2f1,2020,1,9,Winter
1be1b11c-cd1d-40b2-b975-0e93a52ca831,2016,3,17,Winter
fad7ec3a-8971-41af-9a09-2964beb2659d,2022,5,18,Spring
fd2ee246-1a5d-4017-ba8e-20362125b856,2022,10,14,Unknown
ab353d89-0296-4bf9-b0f3-6c3b81260b30,2016,1,13,Winter
e0ee8b58-7ee4-4966-a07a-393a81dc88fe,2011,11,11,Unknown
6d587467-ab2a-4de6-ad06-c2c661863450,2021,11,15,Unknown
ff67a02e-3229-43c2-a6b1-ba7befe05a54,2017,12,27,Winter
83e77c40-f88e-44d0-b0f5-831d99158361,2025,5,8,Spring
accac6be-f9cd-4fc3-bd62-fc443f536487,2010,5,31,Spring
096419ad-d00b-4f90-b3be-5e18e55dfd4f,2020,4,15,Spring
163de5d4-84e8-493e-b09b-c09795e608e0,2025,2,19,Winter
9dad76ce-c23b-4878-995a-8cdbffcb5314,2015,12,1,Autumn
19931d14-80d0-4783-8c17-ab1ca9286b0f,2016,1,21,Winter
1e06838a-e8e3-41a5-8599-b4a233dad0a4,2002,1,17,Winter
afd22b0a-a732-4815-acef-7a07e18c3f3f,2016,10,26,Unknown
60ef287f-9d1a-4a40-8ca0-4f2b7c6985e9,2010,10,10,Unknown
09972192-972a-44b1-a652-f6f4e6198139,2013,6,27,Summer
59594f16-caf3-4f7c-a786-876b5ec31318,2013,6,28,Summer
8ba66cfc-e7c8-4d9b-945e-0bb840b9881a,2015,3,11,Winter
e7cb9fd9-b72c-45d7-ba8f-708341c5e135,2011,12,27,Winter
6eb28b76-5267-40b8-bcda-1316d3682446,2018,12,31,Winter
ddc8e264-1985-4f33-8745-097cbb8c3ce2,2016,12,31,Winter
b5ab1f7c-ddde-491a-b934-e075449580fc,2010,9,23,Autumn
c716cb6f-c30f-40a7-997d-640e5751ea32,2008,11,27,Unknown
16266daa-b1e3-43a4-8ed4-224a76f575b6,2013,1,6,Winter
bd942c0e-1716-4e17-a1df-70980e854b9c,2022,6,8,Spring
a4ab124c-a1d7-4d0f-b626-2e55d1c9386a,2015,4,17,Spring
63a0adda-dc8a-44ce-82a3-36885b829d5b,2009,12,1,Autumn
263ade04-fd11-42a6-b108-3ddbd77c9880,2015,12,31,Winter
f74a731b-8ad2-47f7-acd3-3921a75a2adb,2011,7,15,Summer
8e9c43df-912c-4a3a-88da-54602b70c203,2015,1,22,Winter
deae7996-1a02-4ddb-a4bd-0e84c2bb1418,2007,5,6,Spring
04e2f735-19f7-4827-940e-7341542a21e1,2015,10,30,Unknown
9b5a4a4e-d450-4051-9e41-4b85df67fd5f,2025,4,9,Spring
82714cf3-fb3d-40ec-a10a-bc4c5b475a65,2012,3,21,Spring
111f0f2e-b9b8-4197-9f58-97b74a82a632,2024,10,16,Unknown
907ddafc-36ec-4c1d-90bd-e61b1114aacc,2020,4,1,Spring
27d03306-1f85-4398-b45b-4739814a422c,2007,10,14,Unknown
9401838e-a655-4680-a94f-c461a02eed8e,2013,5,29,Spring
232e4ae2-e5ed-4ea8-be42-5775bbd7bb37,2016,11,11,Unknown
5504b176-616f-4491-9a5a-39bbe899f05f,2016,10,12,Unknown
a8a6160a-e2bc-4ed0-a7b5-78534e9d9b36,2016,5,30,Spring
b15ca7b3-5266-4332-86c8-d641dc3b3723,2015,11,5,Unknown
848b72da-d088-43b4-a18b-f2fd26b22a85,2016,7,13,Summer
a733ea32-b2e3-48fb-b444-107879a55089,2020,2,4,Winter
3f66fabd-3301-49fe-bef5-ec6855d69368,2015,12,7,Autumn
0da1d193-3d09-487e-ab85-b7e64ba59136,2016,4,21,Spring
d3d73996-8618-4413-8fa0-a07f35c94fc7,2015,5,25,Spring
10285dc2-a11d-4e39-957d-f9fa0b1fd680,2015,5,1,Spring
4b230f06-c2fb-4d52-b4cf-2d0262c56bdd,2015,5,22,Spring
ce63fe4b-68d8-4436-bb65-4e23aea4050f,2014,2,26,Winter
4d8929a6-7a24-4991-88c3-40755f3f57a1,2012,4,21,Spring
ecba6adf-df02-42b9-9c47-dece24cd974c,2014,1,6,Winter
222795d1-f71a-468e-9303-7e466e5b797a,2012,4,1,Spring
9c928d10-9c9a-49b1-956b-f99449ab42b0,2012,9,17,Summer
6b60e1a3-ea46-4ab7-b4e3-644ac788736e,2024,6,28,Summer
d5089ada-9aac-49d7-9556-abe3aad3e5b8,2012,4,14,Spring
d3c269d0-906d-48bf-a979-a7eb85aadd4c,2014,2,28,Winter
18adfbec-7ec5-46c4-af51-fc44cc884194,2015,3,19,Winter
97a3fe75-f509-4290-91d8-c09c253683b8,2012,4,19,Spring
2f6f8505-7336-429a-be62-5b4575c1fade,2011,11,17,Unknown
11de9d8c-fd29-4aa9-868e-97b7cf13bf05,2016,7,18,Summer
fe21d98e-ed65-4d24-b5b9-9e9903bb79ff,2014,1,24,Winter
eb8f9310-79fb-49e7-a329-a50c8ee824b2,2013,4,3,Spring
5591ff4f-9f2d-446f-a864-05a787483304,2012,10,9,Unknown
c4808057-2cf1-4588-94bd-7d570a03debe,2013,2,13,Winter
b4b1da16-8918-4ccc-8a7f-b52985cde6fe,2014,8,7,Summer
b3abe274-4be9-4ec4-aea6-94377e280de5,2022,2,11,Winter
fa88b796-bd5b-4f8f-bb8b-45eb11ab4106,2012,4,22,Spring
0a8ab0fd-15cc-45dc-97fd-33e82bd2f549,2012,4,15,Spring
a1c107e7-dc69-413b-8bb1-a732bb33a952,2020,9,25,Autumn
06b4a87b-32f1-494e-a312-480cf15a6396,2012,5,17,Spring
f7b84223-6987-4f22-8351-bf1c181ac27b,2024,7,10,Summer
d5ecc8a8-033e-4427-bbba-d58bdc21c878,2017,6,7,Spring
9ac6d0b2-61ff-4176-bb4f-fb75405dc11b,2016,7,14,Summer
72b0c9bd-d58d-4080-8cbc-b81cdd1bd046,2017,8,25,Summer
07d9753b-44cf-403d-a4c7-3e1a4176bc48,2016,10,13,Unknown
56e70783-b7a1-40b0-8f59-f2e764f34969,2016,3,15,Winter
1f5a512f-4a41-440b-a00e-6f86f6ef1e9d,2021,4,14,Spring
61fafb53-48ea-4fce-96e4-de97720ce9fa,2017,11,30,Unknown
f5b039ad-70b2-442d-b571-0c6309c76b05,2018,10,4,Unknown
0e23c4be-cb00-4ae3-a671-37f075efd698,2025,5,15,Spring
64db513b-1e22-476a-aa71-d9773904407c,2021,12,1,Autumn
8adfe95f-aebf-409a-abca-c1aaaebfd990,2014,10,6,Unknown
2f2cb1f8-a87e-4a1a-9918-be060701c2fc,2015,1,21,Winter
2a4b4499-0b8e-4ea7-b540-c525becb539d,2014,11,24,Unknown
6172a5b5-f6e8-40d0-9f23-f5b015234815,2015,2,13,Winter
eb2a1b03-d983-4d24-9146-a013660c0625,2019,2,20,Winter
c42a98e0-71aa-411c-8a9a-9f791470d513,2014,3,14,Winter
56058ddb-877d-46e9-a6dc-e3a8ea100010,2022,1,27,Winter
e32e8f02-3e9d-4f1a-9e44-9dbc3f48fe46,2025,6,5,Spring
843ae410-f72a-4d48-aefa-ecbe4ef9cc56,2010,10,15,Unknown
acc911af-8521-4759-bc6c-b3e24cdd4c35,2009,2,4,Winter
3857aaa9-50c1-4bca-bdea-a4a7495ce7f3,2004,4,14,Spring
0bae9c3d-c1e8-485a-b7a3-f40981a18396,2018,9,26,Autumn
e2802652-5f18-4d9f-8285-7e7456a5dbea,2004,2,5,Winter
1ae207f5-1fa0-429c-b89d-049ee82cf032,2024,1,1,Winter
c3aa703d-2365-4183-bc90-7ac9b8727fec,2010,5,24,Spring
6994141d-81c6-4764-881e-484fd63d4c1d,2010,5,7,Spring
dfadb0a4-169e-4b71-b2cf-094c61e1d3c9,2016,9,13,Summer
9f0241aa-81ac-4591-9aac-eb973db8c512,2017,6,26,Summer
380af862-92fd-41d4-80ad-4b3963fe2db7,2017,3,6,Winter
888075eb-5bca-4e8f-98c9-f7325084d633,2016,11,15,Unknown
33338832-d6b6-4616-899f-ab9daa0def68,2017,2,1,Winter
8e697520-0591-48c2-963b-cee45362bf0e,2016,11,29,Unknown
13ec1edd-3328-45c3-8c7e-1b997cf9c44c,2016,11,1,Unknown
e2da45d0-ddb2-4c52-9182-bb212e40ddea,2016,6,26,Summer
f7e7f357-c0f5-4fb6-aa68-6e686cf631b0,2023,10,18,Unknown
1048b060-4fda-472c-aefa-e4075859eb33,2015,7,16,Summer
27a27c58-817f-47bb-81f5-1adc32cf7590,2020,2,5,Winter
08fc2c1b-c70e-4924-9436-445984f55d16,2012,10,16,Unknown
51bc5e85-1d86-43f9-b96a-338cc5d35ef7,2016,7,17,Summer
c778f909-abd0-4e0e-b79a-d1ddf2d925c1,2011,11,22,Unknown
a4b3dcf4-d182-404f-85e8-46a0c3e4f967,2015,7,28,Summer
3ae44d89-2587-48bb-b8b8-ffc320c04ad0,2020,2,6,Winter
5faa9307-4c1f-4458-99ce-0e409b947e74,2011,4,15,Spring
9027c181-054c-44cc-b8f6-f7c6fc95e9aa,2016,4,7,Spring
7f246d30-6f42-46fb-b952-6061c77ebaeb,2020,5,25,Spring
22e0ce33-bc46-4abd-82a6-c6b93ed2999d,2014,7,25,Summer
078a0b68-8a44-4a96-8534-94b1e353319d,2015,5,14,Spring
931f9702-ede0-4f7d-8c06-ee20725b2157,2005,8,1,Summer
d72ec33f-8df4-44a4-a8cb-a06685c2b99b,2020,3,26,Spring
afccee3f-e5aa-4ae3-a019-a80a7a5c0387,2022,6,2,Spring
36c6d21b-1e7e-4874-b13f-dfdd86ec183d,2015,9,1,Summer
275fae2f-0acf-462a-86ce-92243617ecf9,2013,2,7,Winter
a0e393d6-dbfa-4e36-9626-c174b9f9c6cf,2010,10,27,Unknown
73a4ecdd-007f-4f01-a885-5fa1ad2ae782,2011,10,28,Unknown
397efb57-9729-43ee-9159-6170f1df30e1,2014,11,12,Unknown
2e7abb5d-cd1b-4853-b260-867b631fec01,2010,12,28,Winter
74f7ec91-9870-4577-98e6-81b700422877,2015,10,6,Unknown
9a415af4-f2ce-4eee-9909-6dc4151adb3e,2016,10,31,Unknown
fd87e0fb-b674-403d-bf81-6aa868b8efbd,2016,10,19,Unknown
3d2e8ae3-bbc1-4aa7-a0e3-1f4285fef4d5,2017,3,28,Spring
00c1dccc-18f1-4a57-abf7-ce2af374ee5d,2016,10,4,Unknown
3ba6cf9d-58fb-4c9c-a5f4-45d724ced5a9,2015,5,30,Spring
f38de9a2-a97a-4267-b9b0-391e6bdca9b4,2015,9,19,Summer
94e381b5-6660-4299-94d8-0e9a60d66443,2015,3,10,Winter
91ce8d86-966e-4501-93bf-e80c58fc6df2,2014,11,11,Unknown
af5c1f58-196b-416c-a712-e7f3784b2c7c,2015,3,26,Spring
c06ea7a1-b5bf-4c1b-b9e4-645aee30b76f,2016,1,14,Winter
13430c03-002a-40a8-bb1d-c1ebf200662c,2020,9,4,Summer
806f7e32-7917-4d9d-9229-7599ba4ddb23,2014,9,7,Summer
89be1d53-0d2b-4e4a-95b1-b8194a01c912,2014,6,30,Summer
934635dd-62f1-4439-9e3a-25ed6ce41be5,2015,1,16,Winter
a6dd8730-4df8-4ada-b2da-11d9ef23d2da,2015,10,22,Unknown
cff81cdb-22f8-42e1-8a1c-ac8501c8a40d,2015,2,6,Winter
4698698f-c0c0-4b34-9431-f048b92e2032,2007,2,7,Winter
e6df96d9-61e5-4089-ace8-6b642129730e,2013,6,21,Summer
ad6c450a-dfa4-4c0b-9631-568e64d57cce,1996,2,1,Winter
44799d97-8dde-4d96-a4cc-0602c3b1be31,2007,1,22,Winter
d677187b-bf78-4759-885d-9fdc23c9a0bd,2008,11,24,Unknown
8d4d1dff-649d-4b81-8c7c-577b9ed3560a,1996,3,10,Winter
964a7b51-8619-4ea5-ae78-785af5941e15,1999,1,21,Winter
74cdb976-2bfe-4e17-bcca-af7c91605fab,2021,6,6,Spring
a38351ba-0dda-447e-8d5d-6648dcfd3609,2021,9,17,Summer
6a57dc0e-6e7f-44d5-890d-62e26ad62436,2016,8,5,Summer
8a8ecc15-4de7-4365-a5b8-a38570f674a6,2011,4,12,Spring
d1d260b4-c9e4-4e89-9c06-e11653b2bbe4,2017,2,14,Winter
84095776-d0f6-459f-a986-d4ec6af92e07,2021,12,16,Autumn
5b5751c5-6f65-4ce6-a170-5c31a2feae86,2011,9,9,Summer
e418787f-75ea-4a5c-917c-0d430224f5d2,2014,6,15,Spring
65f2788d-0da3-44ec-b881-ed5324e1122a,2019,12,10,Autumn
2737ec77-e64a-4937-85b8-90a6fb2a0da5,2021,7,16,Summer
bbd3ce8e-1c72-470c-b5e1-1b74f46ab367,2023,12,23,Winter
fbf5d4ee-5be3-449c-8f0d-8c01a49d02b7,2020,10,1,Unknown
3f8ff2c4-01ab-4d30-8d86-ddef76e1b6bc,2021,7,8,Summer
fd436ff8-b774-4fb4-8b6a-9c2d30ff4b8c,2019,3,17,Winter
cddf1a30-2b99-47b3-8ff8-37a5559806db,2023,2,5,Winter
346a5f4f-5d3f-4e17-accc-d2244d20300e,2023,1,25,Winter
5757a16d-e7a9-4935-92a7-db8f8f1603a0,2023,7,23,Summer
6748fff1-a3b7-49b6-87fc-0a8bd2c2e9b7,2022,10,25,Unknown
1dad3ce0-84f3-4fdb-9040-23ffa2893e14,2020,8,2,Summer
fbceba6b-76e3-4ec4-8316-fc9ea740f139,2023,6,10,Spring
48ba470f-5d45-4eae-9d3a-686829304f81,2023,5,22,Spring
e81a2e2d-8d2d-47b4-980a-a1b0cc7a1c86,2020,3,31,Spring
d988f1f5-0331-471f-8a37-99ea9aec2506,2023,12,25,Winter
f236ccac-0d74-493a-9956-e4489e2c5576,2022,1,18,Winter
f7f3836a-5e04-476d-afb6-dbabd9fd654a,2016,11,22,Unknown
65b28ffb-e6e8-4bd3-ae2f-ce174dfdc18e,2016,8,23,Summer
26ebca93-22d2-44fe-b0a3-1f4cc64617a3,2016,7,12,Summer
b4f1249c-0e24-4ff0-b9fd-cd82f76e43d2,2016,7,26,Summer
ffe9b016-fb9f-45f8-ac3e-1902c668e693,2016,9,20,Summer
ae5ecc52-baab-4bc6-815a-fd1659afb617,2020,7,9,Summer
932ae322-5d3f-4a57-8145-d0003a7efd82,2018,3,14,Winter
a5492634-c0ae-4add-81bb-4f93fa3af135,2020,8,6,Summer
4559abb2-faa1-4c8e-929e-2b7200c1eef8,2020,8,21,Summer
16248079-61d5-4780-a43f-474d57acc468,2012,2,10,Winter
2b80f569-6b51-4eaa-811d-e2b67ed9cf86,2021,5,1,Spring
50aa4ae3-e0ea-4594-86db-ea0906ccf2bd,2012,2,11,Winter
9d81029f-87fe-455f-877e-f03435881605,2021,8,15,Summer
068490dd-99fc-4043-8db1-91fc3dcb622b,2017,4,27,Spring
bcadb5e0-e5bd-471a-946a-46e11d167787,2017,12,21,Winter
e08f5578-2915-44bf-a8b8-cb98331773db,2018,12,18,Autumn
bb8b6bd7-f2ee-4d8a-ad1f-6988b7b36b3d,2019,1,4,Winter
1b5f1b2f-000f-410f-af53-21aac8061eac,2016,5,1,Spring
32d6da61-a0d4-48f9-b409-52a50337f980,2022,3,15,Winter
94d10dca-1a6b-4b53-b236-3856cb09d294,2015,12,28,Winter
df184913-eb73-4574-9ba9-1e125222290d,2022,5,11,Spring
2daf9ac2-bb74-4d4d-a7fb-4fd651ecf112,2016,2,3,Winter
0d598215-1326-48ae-94bd-1fb534166d57,2016,5,23,Spring
61f584e8-0cb6-437f-8497-b52371dc4c87,2018,7,11,Summer
aa87d5c1-ef58-4a8a-b8f8-d114e81d66c7,2017,1,12,Winter
1b218db3-4eb7-423d-9f74-63528d56cb7a,2016,10,15,Unknown
fcfcee76-fb1f-4498-bdc7-84fcb9e16a3f,2022,9,2,Summer
247bb4db-c73e-46ff-aa3c-bafd153dd02b,2014,10,26,Unknown
cb2431a3-a98e-45d6-8c1e-11a16d433603,2020,5,23,Spring
561f7b04-b550-405f-9ecf-bc4ca093a38b,2018,11,9,Unknown
d0b0a169-85f1-4226-a2bd-fe48cf3e3a63,2013,12,24,Winter
edbb9ac1-667b-4f92-8488-ef7e0099d3d2,2016,2,5,Winter
6c9cb2f2-569b-457d-acaf-25a30637ef0a,2013,4,2,Spring
c1359ee3-9fb9-459e-986d-d6241e5a7938,2011,2,1,Winter
333871fa-d04e-4994-806b-550b09d84bd5,2021,10,1,Unknown
1988fadb-53b3-41b5-bad2-a52cc5c7de87,2016,11,10,Unknown
120f323f-c236-45ac-b6f2-5f3433eee80a,2013,3,21,Spring
1922efef-41ac-4fcc-a712-212865eed9cb,2025,4,28,Spring
7039b7fc-d251-442d-ae9d-f09d108cd119,2012,2,15,Winter
ad53af62-c4fd-4b69-a096-b706b17e6e31,2012,2,23,Winter
6bd3bda7-91b7-4d42-93b6-55f1a452ceb3,2014,6,5,Spring
277087d4-3fb8-4c4a-ad78-f9f199bacd1c,2023,6,26,Summer
6825fdf0-0fb9-4f06-9738-9202a5714f9d,2023,7,6,Summer
128388b8-7b26-42bf-93c6-7e44ac818a37,2023,12,29,Winter
d3251074-02da-4977-ae6c-3cf70b08563e,2022,10,3,Unknown
e0303ccd-f5da-4add-9edb-b90895708bbc,2017,11,15,Unknown
2a562a35-5423-4294-a97a-de405f86aa34,2007,12,21,Winter
337ca107-2861-4a97-8255-c741ca08102a,2018,12,19,Autumn
7242e7bd-2cb9-440d-98bf-f233b8bc3eb3,2020,3,23,Spring
910cfe02-32f9-4dc6-a0d8-8e65d30a22fe,2016,8,25,Summer
c93e8a7a-9c29-48e3-9e00-38116d4e3357,2017,2,20,Winter
dbcf52a3-3fb8-4867-b0c7-252019b6b20c,2018,11,28,Unknown
19318988-4cb1-47c4-88d4-31568ef28914,2023,6,1,Spring
0d546eea-91e2-4292-a093-4cd5f1b36e31,2025,1,3,Winter
d2c88a76-a975-48f2-a6e5-a6c92680bb43,2022,6,13,Spring
8d5b6a8a-bcb8-48e6-8257-4144bc9e6104,2015,6,2,Spring
c81780d4-0563-4068-93ad-1c091de7a76e,2006,1,27,Winter
8f250b3e-ef5b-40cd-a151-f13821d238c2,2011,12,21,Winter
8536e8cb-9116-4cb5-953f-922e80884988,2005,4,19,Spring
60690f91-604e-4917-8f17-005e5cde0f06,2022,2,13,Winter
a17bb7e5-0434-4eb4-b008-607103bab8ea,2013,7,16,Summer
ed62da3a-4ec6-4d5b-8f2c-6f94b38c3c30,2015,4,21,Spring
35ae4a17-67bf-4252-95d4-8acc7dbf17b1,2018,1,8,Winter
b42a6213-f9cf-433a-9a10-e607884c9b26,2018,1,12,Winter
55387dcc-3932-4947-8df1-edc865b75174,2017,12,4,Autumn
9628d12b-a92a-4234-9674-5aaf7ba4bf39,2016,5,27,Spring
dd707a56-28a2-446e-a17b-09befb610b93,2018,10,22,Unknown
9a71b29b-d8c8-4607-913e-c5c7aadc4cc9,2016,5,24,Spring
b601834a-e36e-4d54-8bef-7a0d6644cdbe,2016,5,12,Spring
613f00aa-acd0-46c4-9d8d-16aef3a086e2,2020,12,22,Winter
0632e2e4-1336-4925-a77a-22e07fddde21,2023,3,3,Winter
b5d91414-057f-42fd-bd21-1fd1bf4cee27,2013,8,5,Summer
c5d2e76d-5a55-43ab-bb31-afe39a51c5b9,2020,3,10,Winter
c8bd5cbd-01fc-41ee-91e4-317faa9a4734,2023,4,14,Spring
f03eef6a-47c7-4f34-b905-d811cc30f90d,2023,4,19,Spring
002cdad7-7cdc-4fa8-891c-a176eab9fe02,2024,9,6,Summer
d258694e-bfa7-4c0b-b112-a53e990bd834,2024,8,28,Summer
5f04a030-9d52-4f29-918f-357554b99f88,2019,7,19,Summer
d8ab6f84-50f4-4e6d-9186-7255b3402a5e,2019,9,5,Summer
a89f6743-f926-4818-a691-25f9a715e735,2023,9,14,Summer
7f48173a-5a97-493c-9017-95a087dc5708,2020,1,23,Winter
042b66e0-5b7f-41a8-917d-ffaa6b82af11,2018,3,26,Spring
5f455b7b-4556-40b7-980a-dd9c9b5c9779,2021,6,17,Spring
ccf8071c-d39d-4c4d-a9eb-2a3fbfbc69a6,2019,10,3,Unknown
526bfa11-985a-4ef0-9249-a0f7149820fc,2018,2,19,Winter
0c8ec6b6-b87c-4b96-b905-081e35928937,2022,6,1,Spring
33956dec-dd45-4adc-9c9a-cbfd24234053,2023,4,5,Spring
313758e9-80d9-42fc-9cee-a678a727e858,2021,12,17,Autumn
c6e490eb-8ac1-4e4e-9d76-8bec6c0e6fa6,2019,7,8,Summer
31a38f47-336f-4c88-a66c-5e905b646eb1,2019,7,23,Summer
17a0bdc5-c8c7-4c43-9004-db05664b687b,2024,12,18,Autumn
9cd977d4-7958-4204-860d-9e08028ffcc1,2019,3,28,Spring
ea3ddcab-3ff2-473e-a52e-058879359d24,2018,10,1,Unknown
29074fba-c3a5-4378-aa8d-98426d0675bc,2018,11,21,Unknown
aa57fcb2-7b10-46f0-902d-81e4303e1e9a,2021,5,13,Spring
2192bc33-a610-469c-a21a-b2067a712846,2022,9,27,Autumn
fcddaf07-037e-4a80-a0e3-6c18148259ca,2022,11,9,Unknown
8e2a9b03-5b65-43d3-a522-8cf5e3086b96,2024,12,17,Autumn
eaca773e-daac-4de0-b06a-814f243b1352,2017,8,1,Summer
b8ebba78-cfb8-4556-a0a5-c1ae39ac9e12,2020,4,20,Spring
b19b8c40-915f-46da-a466-a4dbfdb5a07b,2022,5,12,Spring
59e0bdca-3b9e-4b26-af9a-b0aa2684a4ad,2022,9,28,Autumn
19158b9a-0600-4f3c-82e6-d54058958840,2017,1,24,Winter
7e8b77c0-0980-42be-86c4-ce1340b10163,2022,8,4,Summer
75e2180b-1c48-4504-a07a-1659adad0f1d,2022,4,28,Spring
9ffbdcf5-8c68-4217-b716-c1b00d5c18c1,2023,9,26,Autumn
b06ca90e-75cd-49da-bbfd-8a6456343178,2019,12,20,Autumn
c06a2275-d690-4cc2-a8f8-7119037aac4c,2016,6,22,Summer
db40eaeb-a5f2-49c3-a39c-188d77e78214,2019,10,5,Unknown
8b80fcd7-fc5c-42a5-9d46-0c65cee63733,2017,7,27,Summer
13ec0b67-e823-45f1-8ed3-d88659b95805,2015,2,25,Winter
953c64e8-558a-4154-8679-6058fc608717,2016,2,17,Winter
e0c3a109-b7a6-4909-8281-77aba37c114b,2012,12,1,Autumn
67bc74bb-019a-4dbc-9800-515ef4681319,2016,12,6,Autumn
957357bd-2efd-408d-9e17-7fdbefc2b5ca,2009,4,17,Spring
18c42a06-cd1b-4156-8d4a-b8386b38abc2,2013,9,9,Summer
60049508-0f3c-41fe-b39d-3484b4388fcd,2012,9,1,Summer
b375c7aa-85d4-48df-b09f-f1cf0a9893cc,2012,12,6,Autumn
7969867b-7955-411f-a7a1-27bd999fa2a4,2012,12,11,Autumn
fc4b6dbc-01ce-4b34-acb1-88c726a57102,2011,8,9,Summer
cd178807-c0f0-4de8-9b20-44e44f9b91a4,2010,12,6,Autumn
55739d5d-fc9c-46ab-a171-353bf02cc30a,2013,12,10,Autumn
786a8675-90b0-4fff-a526-27ad924b8f8d,2010,2,22,Winter
f0acb828-cf2b-4421-b182-bc44741d3681,2012,1,17,Winter
706c2fa4-2087-437f-9acd-37914c908142,2017,12,5,Autumn
2c48b79a-23f5-4798-97d3-a23c3f91f572,2011,9,5,Summer
ced15408-262e-4475-908d-260c492dc2e4,2013,10,25,Unknown
76081280-c0a1-45f8-b3fd-0a3c4df85116,2013,7,22,Summer
8814aaae-59e8-41fe-ac5a-e3b6ab5fdcd9,2014,4,29,Spring
fddb7025-2c95-4913-b85a-0804f8356ce4,2012,7,5,Summer
3a2ddac2-f294-47be-bba6-7fe8885c30ca,2018,11,5,Unknown
7d6b0dc8-cdcf-44c0-8a9a-72d8a1e07e40,2019,3,26,Spring
731265e6-81b8-465b-8982-f4bb2d9b65ec,2013,1,24,Winter
3050312b-018c-4379-95b0-e46fc49c1a55,2013,7,23,Summer
c51b86b8-341d-473d-85c2-d2630b40a994,2011,11,14,Unknown
0e649961-ea74-428c-9eb1-a1eadba50f7a,2013,2,4,Winter
3acd05ee-0e38-452e-9361-518e17ad92f7,2012,2,21,Winter
792238a0-cbca-40cd-b2a4-06c37af87426,2012,12,10,Autumn
9d03dba1-f76f-452d-810c-0498b5458ef1,2018,12,30,Winter
4729b9d5-aa97-4513-86a1-6e2aae94a1f9,2012,2,24,Winter
ea396b72-d055-4db6-bd5d-a5bd4f461ec4,2006,9,15,Summer
7052c26a-994d-45af-9ec8-48f39a2352c3,2012,2,8,Winter
1030968a-d0e2-4371-8ec2-050c42fa271e,2021,5,18,Spring
b397e8b5-fca2-49c6-9cdf-6fd43b5a981a,2019,6,26,Summer
6794083d-74c6-409a-9371-5f6fd91fea21,2023,4,20,Spring
584bd8b7-926b-4f8b-b069-d247d753b4d2,2006,8,22,Summer
a4744698-259a-4fb6-ace3-4b0806312fdb,2019,12,15,Autumn
88a38d56-4067-46df-a468-7d4320abcee4,2021,6,19,Spring
8df4c667-354d-4b2f-b74b-38bc8e1a37eb,2009,9,20,Summer
eb5fd1a2-384e-4cb1-88fa-fcbde59ddd81,2024,11,21,Unknown
d8fbd490-5225-425b-817d-fce9f3423808,2019,12,12,Autumn
f3b7580e-5a5e-499a-9ef4-7b91ec39473a,2015,12,29,Winter
550804ad-11ce-4124-b7fa-e68e1dc89626,2012,3,30,Spring
b5744e39-a1ec-4459-bc3c-53fe372c4eac,2024,4,18,Spring
58da2f34-2bd2-4060-91cf-6519cea7fde0,2012,10,29,Unknown
600e280e-e471-4f55-8f37-b6a8311253ef,2017,10,16,Unknown
b2ca3d94-7b70-406a-99ba-0f47e33cc108,2023,10,26,Unknown
c1718f3b-8af2-4a16-bb85-1f570220086e,2011,2,13,Winter
67d61e64-888d-4358-8e3f-deb51ba8353f,2013,12,3,Autumn
c0490efd-4cf4-4201-8e11-a74d6e98e98b,2012,5,7,Spring
3b306eac-fafc-4b00-948b-d33443069f5f,2019,4,27,Spring
d21b5857-349c-4a2a-a7a5-a30eaea7f235,2004,5,19,Spring
a797f64b-ea42-4925-a89a-70128f14247a,2016,3,11,Winter
2756f032-8e2a-4e79-bfc7-c0bf4ebe28b5,2007,6,22,Summer
861ca08c-5c3a-47d3-8a22-7c94fe6014e6,2004,11,1,Unknown
d0c6772c-8373-4c29-b7eb-4a2622ca2ddf,2021,2,15,Winter
a1ed6207-5860-4cca-86b8-11e9256c1a16,2012,8,31,Summer
87e9c374-89ef-41d1-a93b-a123443bb1d3,2014,4,15,Spring
c2bc6c91-a071-4b57-b56d-a21c7d310f7b,2016,2,12,Winter
3275235b-6b9d-42fd-9594-9a763fbf1e21,2012,10,2,Unknown
f863bed0-079a-4713-9875-fb8e65bb83bf,2018,12,13,Autumn
7b013792-5b70-4359-9b4e-a27c76700965,2011,8,13,Summer
e497ab5a-b897-4cb0-9bb8-91f252f88791,2008,7,11,Summer
761ef666-a49a-4d66-bc67-0ed149767fd7,2007,4,14,Spring
8c0d8146-0af2-43e4-b10d-49ca2f102ecb,2014,3,11,Winter
aa6f3265-d8ef-4c91-b0ff-d58ae643285e,2016,7,2,Summer
fe227f7d-dcfc-4a95-8aec-193879ae896b,2006,7,21,Summer
d2cbc8db-d61a-4984-85bb-2bc676bb3f42,2022,6,16,Spring
359dbdba-bacb-451b-a9f4-83abadac0fea,2010,1,27,Winter
b0cdfb7f-0194-494c-aaab-cd6fc041d3d3,2013,11,12,Unknown
085b4020-a595-45d9-b649-e671c78140c6,2016,7,1,Summer
3540b5af-ae58-4f0b-9b36-369c0d32eb2c,2015,7,14,Summer
3b484dc9-b4d2-4bba-bafe-5b19a12af75c,2010,11,25,Unknown
c959ad00-257d-41a8-a6c7-bc0b3a0f36a8,2009,12,13,Autumn
44bae54e-99c5-42d3-9a45-9458b574bc1d,2011,1,4,Winter
09db2b73-7894-4ad7-8b64-6df0c67adb7f,2011,1,17,Winter
f396d747-d5b7-47a8-b4a2-3506df1cbdeb,2013,1,18,Winter
c2938f43-e278-453c-be57-e3d979b93a28,2011,1,25,Winter
37428ccd-ff7e-4341-b931-91fe97672b24,2012,12,24,Winter
a1fbd61c-a445-4c1d-ae9c-8e661324753f,2008,8,30,Summer
bbf3536d-a2e7-4d54-995e-48a8bc129538,2012,4,13,Spring
d5b9c4ea-4e80-4c26-8972-70cac4b2e47b,2010,6,1,Spring
fa011a1e-1f44-4739-9ad1-2cfc70608f9e,2010,5,14,Spring
8c4c964d-dd22-43cc-b87d-fba2cbe171f3,2009,4,7,Spring
a789dc22-c88f-4e61-b585-3e1da737465d,2006,9,18,Summer
85399952-b6e6-458c-aa39-4f9f4af1640c,2020,11,11,Unknown
ea564450-0dce-4219-b5db-141c646867fd,2013,4,26,Spring
36209f73-b07e-4ba7-929a-1ad5808834a0,2009,10,24,Unknown
0801bf87-5c55-4cd8-ac74-5f4ceadeeaa9,2007,7,7,Summer
4acdb337-c672-4010-85f8-2b1272a2dcfd,2011,12,13,Autumn
97950992-db17-48fa-aa76-9ce5d6410163,2010,2,2,Winter
b5623df6-0335-4556-bce7-7220c1fa6388,2014,3,5,Winter
da71daa3-7e66-479b-8d80-75c37bf8cd5a,2010,6,14,Spring
bb1b3e62-dcfa-4d03-94c6-5a9abdbd6fcf,2013,3,27,Spring
60d25ff4-13df-4236-b13f-b162179da052,2005,4,1,Spring
a06fc364-daad-484c-9eaa-d9f352185b57,2019,6,4,Spring
ec507591-0979-45ba-870a-e8520586e6ef,2015,3,24,Spring
136af3e0-3dee-4d7e-a65e-6fb62e77c9ef,2015,4,15,Spring
be009d19-aa5c-416f-93e1-724e32cc39b0,2015,5,3,Spring
aeeb348f-4646-4a15-8162-d4fa243bf29c,2017,6,12,Spring
ff2f65cb-dd72-4517-808c-b11322735470,2017,9,5,Summer
d1249c5c-d937-4979-90dc-dbb154940f96,2017,7,25,Summer
5ac9cfe6-845e-41d7-a015-1784e542f7da,2015,3,5,Winter
f1846517-0b88-4470-b265-d0886a1c7096,2024,7,19,Summer
cb4ed377-f830-437f-aab9-52329f69630c,2012,5,4,Spring
197660b5-c9ba-4c3e-b31f-ad1b8fff14f7,2015,9,15,Summer
0d5f1dfd-1eb6-4950-be95-b2158cf62143,2013,6,17,Spring
63274454-4560-49a9-be90-b7329558fac2,2013,3,5,Winter
3f68d62b-13dd-4015-adfe-4adaabef43ca,2024,9,18,Summer
1a4ae275-e181-49dc-a443-55dfd4b44549,2021,5,26,Spring
c3c94aef-a270-4d90-8e6c-f56cbfd5deca,2024,9,21,Summer
8ee8b01b-56db-4548-ae10-152e1da98e7d,2012,9,21,Summer
b57099cf-c847-48b9-b7e4-70ef8b7224d3,2011,2,5,Winter
b4b7a898-98fd-4eb5-b955-bcb40165d445,2014,9,30,Autumn
515bd5b7-0bf4-46ca-ae60-6104e852f8ae,2021,11,2,Unknown
13e5689f-8c95-4e7e-b9c8-2c6038bb516c,2025,2,15,Winter
87f54572-cfb7-49d9-a666-1b9d723bab88,2014,9,17,Summer
f5cc0c9a-e20a-4820-824b-77e0203dcac7,2023,5,25,Spring
b0ae8f81-8b5c-4800-b60f-03bd4509509b,2014,9,29,Autumn
18bf8ff5-0ef7-480c-adae-c3aff050ff79,2011,11,30,Unknown
acd6fe41-1316-4d7d-8293-03ac17700863,2011,3,11,Winter
f05d9541-972e-4ea4-b258-afed7473dd7d,2011,11,26,Unknown
700bf3de-cd48-4cb1-8c6c-13e8c6c2b5ca,2010,4,16,Spring
5be504d0-8db4-4c09-969d-3baab7598a72,2011,5,26,Spring
f131223c-e69c-4cff-8714-069213651da9,2021,11,10,Unknown
e09bd51c-feb3-49b7-85e6-1abad216ffbd,2013,12,20,Autumn
07caabb6-51d2-4640-9b15-ab4bb997ff15,2013,11,25,Unknown
af77be07-132d-493b-9f2b-d47813b692c6,2007,11,1,Unknown
265c1fe4-c970-41a2-9afd-3fa677793d57,2010,7,19,Summer
b3ab4b4f-9638-4a38-8bb5-e512d7ccced7,2014,10,7,Unknown
bb33aa3f-e816-4b9c-81b3-cf79bb096f3c,2019,10,31,Unknown
cef5663c-3bb8-4c70-8007-a6cc08299d22,2015,1,20,Winter
6b1b3f38-6659-42f5-b691-38e1784d78f7,2016,1,11,Winter
509a1f19-b181-4311-bd5f-3ffd3f87a940,2021,3,9,Winter
2f202153-b0ba-4353-ad4d-a2566c390d79,2011,10,31,Unknown
26cf5e1a-b1c1-496a-8219-45f4acdefb2d,2020,1,30,Winter
cbb713a7-672c-4151-ac4a-0b152a6829ff,2008,4,18,Spring
8d63e1ad-0437-4d56-8256-a4ff19c1f612,2014,5,9,Spring
d004234c-79b6-49aa-8ca5-cfdd4b089050,2010,7,13,Summer
5e801c3f-f4c2-45df-a939-01a71fd5b787,2015,1,10,Winter
12a603da-f0c9-4856-ab4c-e4922de6dc84,2008,10,24,Unknown
e69d522e-c787-4199-bf0f-7457072040da,2010,7,9,Summer
3e82d2e2-ca23-4080-b536-e9eac465f2b7,2011,6,19,Spring
1c6f28a5-c08e-4e44-8b35-91975767ac75,2011,10,25,Unknown
2f36a2b8-d1e7-438f-b1fe-83c81c064b9f,2008,6,1,Spring
6f706a5a-d2b2-4142-9010-d26137ee13b7,2008,9,1,Summer
df55a835-c247-45c7-ad55-d15e6fc15292,2010,6,22,Summer
4fecdb2a-71c0-46f3-ae0f-fc3309a4cb72,2009,12,24,Winter
0ddb3ba7-7f5f-4ae9-97aa-671cae3bd311,2011,8,8,Summer
3a4039b6-d209-4527-aa06-2a50fcc2fc47,2011,8,15,Summer
b324d2a2-c380-43e9-a536-ffdc6da4879d,2011,7,4,Summer
483cfff1-792f-489a-bf18-ffa146fe97d9,2011,7,18,Summer
caf577ea-6de0-4142-ad37-7936ce17d9e3,2011,10,1,Unknown
04f427c9-015c-412a-92ae-127c694e5f85,2015,10,5,Unknown
f621f4e1-32d7-42c6-a4d3-9a5363c1c9da,2019,10,29,Unknown
2a5daf4b-45e6-4e83-ae52-d4db45aed87a,2014,1,7,Winter
dae6c550-d7ca-4f8f-b2e1-dc8667d71ba3,2015,11,9,Unknown
