SongID_Original,ArtistID_Original
TR934808,ART04205421
TR934808,ART76284946
TR760029,ART04205421
TR916821,ART04205421
TR916821,ART61734477
TR480968,ART04205421
TR585039,ART04205421
TR585039,ART89596800
TR550335,ART04205421
TR170793,ART04205421
TR627195,ART04205421
TR627195,ART46851094
TR628871,ART04205421
TR700756,ART04205421
TR570242,ART04205421
TR483404,ART04205421
TR497808,ART04205421
TR355495,ART04205421
TR736423,ART04205421
TR718221,ART04205421
TR181361,ART04205421
TR950471,ART04205421
TR562453,ART04205421
TR851752,ART04205421
TR387150,ART04205421
TR968851,ART04205421
TR634516,ART04205421
TR292151,ART04205421
TR709513,ART04205421
TR804827,ART04205421
TR889630,ART04205421
TR701720,ART04205421
TR933222,ART04205421
TR242610,ART04205421
TR383343,ART04205421
TR127960,ART04205421
TR792261,ART04205421
TR692137,ART04205421
TR344681,ART04205421
TR945862,ART04205421
TR266736,ART04205421
TR972244,ART04205421
TR998208,ART04205421
TR628388,ART04205421
TR885356,ART04205421
TR614930,ART04205421
TR227001,ART04205421
TR715264,ART04205421
TR281299,ART04205421
TR219098,ART04205421
TR553749,ART04205421
TR573924,ART04205421
TR225367,ART04205421
TR618229,ART04205421
TR792145,ART04205421
TR578432,ART04205421
TR353097,ART04205421
TR904495,ART04205421
TR990916,ART04205421
TR600518,ART04205421
TR127605,ART04205421
TR292829,ART04205421
TR440692,ART04205421
TR141416,ART04205421
TR697931,ART04205421
TR406572,ART04205421
TR738305,ART04205421
TR842844,ART04205421
TR828673,ART04205421
TR568257,ART04205421
TR264304,ART04205421
TR928912,ART04205421
TR418448,ART04205421
TR756639,ART04205421
TR639324,ART19605256
TR990354,ART19605256
TR301160,ART19605256
TR301160,ART39344115
TR957619,ART19605256
TR334229,ART19605256
TR610853,ART19605256
TR418321,ART19605256
TR598542,ART19605256
TR604553,ART19605256
TR402240,ART19605256
TR762108,ART19605256
TR513758,ART19605256
TR694274,ART19605256
TR740353,ART19605256
TR158456,ART19605256
TR414877,ART19605256
TR716390,ART19605256
TR175544,ART19605256
TR410236,ART19605256
TR393223,ART19605256
TR953299,ART19605256
TR932620,ART19605256
TR109484,ART19605256
TR206218,ART19605256
TR499439,ART19605256
TR499439,ART57587384
TR931906,ART19605256
TR247496,ART19605256
TR332893,ART19605256
TR412109,ART19605256
TR862027,ART19605256
TR978323,ART19605256
TR986603,ART19605256
TR981336,ART19605256
TR882413,ART19605256
TR865293,ART19605256
TR161081,ART19605256
TR849919,ART19605256
TR248283,ART19605256
TR583467,ART19605256
TR880811,ART19605256
TR760728,ART19605256
TR818256,ART19605256
TR753802,ART19605256
TR700625,ART19605256
TR572871,ART19605256
TR968680,ART19605256
TR968680,ART98118784
TR649979,ART19605256
TR165253,ART19605256
TR292193,ART19605256
TR473749,ART19605256
TR976686,ART19605256
TR714214,ART19605256
TR559676,ART19605256
TR475374,ART19605256
TR435397,ART19605256
TR710367,ART18853907
TR808461,ART18853907
TR262231,ART18853907
TR829366,ART18853907
TR281032,ART18853907
TR133325,ART18853907
TR503086,ART18853907
TR620919,ART18853907
TR676249,ART18853907
TR221376,ART18853907
TR919426,ART18853907
TR662919,ART18853907
TR206262,ART18853907
TR705644,ART18853907
TR705644,ART04205421
TR150283,ART18853907
TR436647,ART18853907
TR230274,ART18853907
TR219425,ART18853907
TR696636,ART18853907
TR745117,ART18853907
TR366281,ART18853907
TR135965,ART18853907
TR597783,ART18853907
TR658447,ART18853907
TR964144,ART18853907
TR985469,ART18853907
TR571032,ART18853907
TR571032,ART04205421
TR116485,ART18853907
TR273220,ART18853907
TR649186,ART18853907
TR922267,ART18853907
TR594999,ART18853907
TR615864,ART18853907
TR405125,ART18853907
TR531651,ART18853907
TR724566,ART18853907
TR178424,ART18853907
TR403917,ART18853907
TR362368,ART18853907
TR378408,ART18853907
TR557926,ART18853907
TR738175,ART18853907
TR628261,ART18853907
TR338658,ART18853907
TR810734,ART18853907
TR152109,ART18853907
TR453559,ART18853907
TR128271,ART18853907
TR439223,ART18853907
TR723224,ART18853907
TR708813,ART18853907
TR611871,ART18853907
TR805380,ART18853907
TR417231,ART18853907
TR621300,ART18853907
TR940611,ART18853907
TR191602,ART18853907
TR305190,ART18853907
TR386205,ART18853907
TR467224,ART18853907
TR791800,ART18853907
TR289284,ART18853907
TR679064,ART18853907
TR839898,ART18853907
TR711443,ART18853907
TR435903,ART18853907
TR950311,ART18853907
TR747206,ART18853907
TR454956,ART18853907
TR369830,ART18853907
TR494201,ART18853907
TR968269,ART18853907
TR450760,ART18853907
TR420842,ART88026810
TR898853,ART88026810
TR450958,ART88026810
TR388875,ART88026810
TR388875,ART48622722
TR207006,ART88026810
TR372798,ART88026810
TR553511,ART88026810
TR553511,ART02733420
TR907857,ART88026810
TR304202,ART88026810
TR304202,ART46851094
TR157424,ART88026810
TR157424,ART85046033
TR157424,ART40433104
TR870865,ART88026810
TR512282,ART88026810
TR996368,ART88026810
TR101689,ART88026810
TR324938,ART88026810
TR324938,ART39344115
TR441659,ART88026810
TR206084,ART88026810
TR387722,ART88026810
TR387722,ART39344115
TR387722,ART87497821
TR995900,ART88026810
TR211441,ART88026810
TR157006,ART88026810
TR157006,ART25707984
TR324713,ART88026810
TR324713,ART08302616
TR828958,ART88026810
TR828958,ART16868977
TR457949,ART88026810
TR565019,ART88026810
TR811171,ART88026810
TR953250,ART88026810
TR953250,ART85780419
TR822203,ART88026810
TR744938,ART88026810
TR744938,ART78209349
TR397308,ART88026810
TR694598,ART88026810
TR667342,ART88026810
TR673689,ART88026810
TR212338,ART88026810
TR743707,ART88026810
TR612337,ART88026810
TR994495,ART88026810
TR372774,ART88026810
TR257728,ART88026810
TR257728,ART89596800
TR488821,ART88026810
TR993112,ART88026810
TR341799,ART88026810
TR394875,ART88026810
TR444969,ART88026810
TR827502,ART88026810
TR827502,ART64850829
TR674291,ART88026810
TR674291,ART48622722
TR479694,ART88026810
TR690670,ART88026810
TR652752,ART88026810
TR708360,ART88026810
TR584013,ART88026810
TR125573,ART88026810
TR241944,ART88026810
TR753977,ART88026810
TR807338,ART88026810
TR202937,ART88026810
TR106485,ART88026810
TR210154,ART88026810
TR348646,ART88026810
TR460325,ART88026810
TR557093,ART88026810
TR937881,ART88026810
TR743448,ART88026810
TR432428,ART88026810
TR480687,ART88026810
TR372255,ART88026810
TR440199,ART88026810
TR121015,ART88026810
TR865487,ART88026810
TR725416,ART88026810
TR481273,ART88026810
TR481273,ART39344115
TR732986,ART88026810
TR120883,ART88026810
TR511380,ART88026810
TR350878,ART88026810
TR926861,ART88026810
TR834217,ART88026810
TR264646,ART88026810
TR663153,ART88026810
TR525648,ART88026810
TR815514,ART88026810
TR735016,ART88026810
TR819317,ART88026810
TR114966,ART88026810
TR720005,ART88026810
TR993674,ART88026810
TR847020,ART88026810
TR514907,ART88026810
TR416240,ART88026810
TR358391,ART88026810
TR731743,ART88026810
TR936795,ART88026810
TR466375,ART88026810
TR975063,ART88026810
TR907194,ART88026810
TR611312,ART88026810
TR972668,ART88026810
TR416283,ART88026810
TR745980,ART88026810
TR890034,ART88026810
TR676899,ART88026810
TR266226,ART88026810
TR238386,ART88026810
TR601663,ART88026810
TR461343,ART88026810
TR375560,ART88026810
TR737119,ART83631935
TR121673,ART83631935
TR121673,ART87162895
TR497292,ART83631935
TR864686,ART83631935
TR594886,ART83631935
TR986430,ART83631935
TR230593,ART83631935
TR654230,ART83631935
TR192580,ART83631935
TR153838,ART83631935
TR153838,ART61734477
TR187151,ART83631935
TR327917,ART83631935
TR973655,ART83631935
TR758411,ART83631935
TR627041,ART83631935
TR865433,ART83631935
TR694732,ART83631935
TR629470,ART83631935
TR640824,ART83631935
TR143161,ART83631935
TR446988,ART83631935
TR374285,ART83631935
TR678543,ART39344115
TR501409,ART39344115
TR907775,ART39344115
TR113434,ART39344115
TR113434,ART78358659
TR113434,ART48622722
TR946838,ART39344115
TR932036,ART39344115
TR812690,ART39344115
TR255598,ART39344115
TR255598,ART08302616
TR830773,ART39344115
TR930078,ART39344115
TR930078,ART85780419
TR963090,ART39344115
TR963090,ART70825116
TR578122,ART39344115
TR578122,ART88026810
TR933715,ART39344115
TR933715,ART70825116
TR933715,ART87497821
TR694879,ART39344115
TR721579,ART39344115
TR580342,ART39344115
TR580342,ART87497821
TR786668,ART39344115
TR678962,ART39344115
TR208409,ART39344115
TR949520,ART39344115
TR949520,ART05528539
TR398315,ART39344115
TR398315,ART85046033
TR635953,ART39344115
TR142384,ART39344115
TR772603,ART39344115
TR772603,ART87497821
TR230478,ART39344115
TR520250,ART39344115
TR198630,ART39344115
TR319135,ART39344115
TR343382,ART39344115
TR343382,ART87162895
TR343382,ART64850829
TR253376,ART39344115
TR318541,ART39344115
TR318541,ART83125571
TR936261,ART39344115
TR891506,ART39344115
TR891506,ART86549066
TR534083,ART39344115
TR765270,ART39344115
TR765270,ART64850829
TR936150,ART39344115
TR863566,ART39344115
TR388378,ART39344115
TR388378,ART57242110
TR566076,ART39344115
TR609656,ART39344115
TR609656,ART02733420
TR213067,ART39344115
TR587870,ART39344115
TR270089,ART39344115
TR663447,ART39344115
TR248150,ART39344115
TR859902,ART39344115
TR859902,ART87162895
TR278430,ART39344115
TR960797,ART39344115
TR843415,ART39344115
TR843415,ART07127070
TR288384,ART39344115
TR216323,ART39344115
TR216323,ART86549066
TR525338,ART39344115
TR525338,ART25707984
TR878274,ART39344115
TR440214,ART39344115
TR685574,ART39344115
TR245117,ART39344115
TR862177,ART39344115
TR994099,ART39344115
TR138549,ART39344115
TR307970,ART39344115
TR376023,ART39344115
TR680065,ART39344115
TR472894,ART39344115
TR538180,ART39344115
TR469953,ART39344115
TR801615,ART39344115
TR801615,ART25707984
TR791489,ART39344115
TR817962,ART39344115
TR971533,ART39344115
TR910973,ART39344115
TR337843,ART39344115
TR454186,ART39344115
TR855044,ART39344115
TR686116,ART39344115
TR251021,ART39344115
TR281060,ART39344115
TR770458,ART39344115
TR624333,ART39344115
TR145430,ART39344115
TR528672,ART39344115
TR890122,ART39344115
TR200936,ART39344115
TR115744,ART39344115
TR814815,ART39344115
TR349937,ART39344115
TR525771,ART39344115
TR412129,ART39344115
TR289233,ART39344115
TR945750,ART39344115
TR945750,ART85780419
TR791377,ART39344115
TR606950,ART39344115
TR155914,ART39344115
TR521587,ART39344115
TR293124,ART39344115
TR661605,ART39344115
TR660076,ART39344115
TR214362,ART39344115
TR369777,ART39344115
TR236358,ART39344115
TR606025,ART39344115
TR740132,ART39344115
TR466976,ART39344115
TR446701,ART39344115
TR420178,ART39344115
TR540787,ART39344115
TR266237,ART39344115
TR892361,ART39344115
TR309027,ART39344115
TR368629,ART39344115
TR826767,ART39344115
TR505501,ART39344115
TR199770,ART39344115
TR145619,ART39344115
TR472675,ART39344115
TR990546,ART39344115
TR235108,ART39344115
TR720383,ART39344115
TR720383,ART86549066
TR423080,ART39344115
TR702473,ART39344115
TR180163,ART39344115
TR606841,ART39344115
TR677289,ART39344115
TR381191,ART39344115
TR897851,ART39344115
TR624317,ART39344115
TR709785,ART39344115
TR348515,ART39344115
TR575528,ART39344115
TR745650,ART39344115
TR843067,ART39344115
TR486985,ART39344115
TR235741,ART39344115
TR169398,ART39344115
TR175046,ART39344115
TR674810,ART39344115
TR434190,ART39344115
TR353123,ART39344115
TR300396,ART39344115
TR686352,ART39344115
TR250749,ART39344115
TR489812,ART39344115
TR880012,ART39344115
TR199593,ART39344115
TR969235,ART39344115
TR159777,ART39344115
TR338808,ART39344115
TR335051,ART39344115
TR968331,ART39344115
TR877622,ART39344115
TR608701,ART39344115
TR906945,ART39344115
TR874534,ART39344115
TR342901,ART39344115
TR219939,ART39344115
TR156888,ART39344115
TR721078,ART39344115
TR764006,ART39344115
TR600237,ART39344115
TR122231,ART39344115
TR867407,ART39344115
TR235284,ART39344115
TR172949,ART39344115
TR972680,ART39344115
TR735612,ART39344115
TR408444,ART39344115
TR829574,ART39344115
TR202956,ART39344115
TR761369,ART39344115
TR626180,ART39344115
TR118050,ART39344115
TR955852,ART39344115
TR868282,ART39344115
TR821300,ART39344115
TR882665,ART39344115
TR981574,ART39344115
TR502500,ART39344115
TR502500,ART02733420
TR789566,ART39344115
TR328160,ART39344115
TR361371,ART39344115
TR213686,ART39344115
TR293998,ART39344115
TR387698,ART39344115
TR387698,ART02733420
TR483602,ART39344115
TR483602,ART87497821
TR850374,ART39344115
TR850374,ART83125571
TR324280,ART39344115
TR880184,ART39344115
TR750777,ART39344115
TR615664,ART62385172
TR615664,ART85046033
TR615664,ART48622722
TR116342,ART62385172
TR116342,ART78358659
TR160281,ART62385172
TR260830,ART62385172
TR462970,ART62385172
TR462970,ART25707984
TR312583,ART62385172
TR359770,ART62385172
TR435296,ART62385172
TR435296,ART88792008
TR441529,ART62385172
TR441529,ART78358659
TR924314,ART62385172
TR508083,ART62385172
TR174246,ART62385172
TR174246,ART86549066
TR174246,ART88792008
TR390260,ART62385172
TR930049,ART62385172
TR930049,ART57616402
TR930049,ART88792008
TR669513,ART62385172
TR669513,ART78358659
TR669513,ART85046033
TR332147,ART62385172
TR332147,ART78358659
TR332147,ART25707984
TR332147,ART88792008
TR332147,ART85046033
TR424505,ART62385172
TR424505,ART85046033
TR599912,ART62385172
TR352863,ART62385172
TR885477,ART62385172
TR885477,ART48622722
TR230197,ART62385172
TR613529,ART62385172
TR654832,ART62385172
TR846842,ART62385172
TR918719,ART62385172
TR629680,ART62385172
TR651064,ART62385172
TR476769,ART62385172
TR476769,ART39344115
TR203953,ART62385172
TR634970,ART62385172
TR603559,ART62385172
TR774517,ART62385172
TR648772,ART62385172
TR648772,ART71969350
TR362754,ART62385172
TR311504,ART62385172
TR200538,ART62385172
TR200538,ART48622722
TR200538,ART88792008
TR253362,ART62385172
TR242222,ART62385172
TR708193,ART62385172
TR736370,ART62385172
TR590421,ART62385172
TR937829,ART62385172
TR313217,ART62385172
TR790379,ART62385172
TR377582,ART62385172
TR168818,ART62385172
TR205707,ART62385172
TR205707,ART17240256
TR251649,ART62385172
TR826075,ART62385172
TR391277,ART62385172
TR497887,ART62385172
TR333971,ART62385172
TR152555,ART62385172
TR152555,ART17812958
TR307629,ART62385172
TR169358,ART62385172
TR807540,ART62385172
TR291683,ART62385172
TR219268,ART62385172
TR885258,ART62385172
TR980421,ART62385172
TR616238,ART62385172
TR870662,ART62385172
TR477762,ART62385172
TR230529,ART62385172
TR581468,ART62385172
TR430094,ART62385172
TR984085,ART62385172
TR256730,ART62385172
TR985127,ART62385172
TR985127,ART98118784
TR136090,ART62385172
TR913661,ART62385172
TR954666,ART62385172
TR627327,ART62385172
TR472127,ART62385172
TR514062,ART62385172
TR514062,ART15560128
TR514062,ART80977821
TR332566,ART62385172
TR332566,ART40433104
TR343818,ART62385172
TR399565,ART62385172
TR641854,ART62385172
TR309044,ART62385172
TR887819,ART62385172
TR629047,ART62385172
TR579101,ART62385172
TR253080,ART62385172
TR610553,ART62385172
TR570715,ART62385172
TR596415,ART62385172
TR502290,ART62385172
TR976328,ART62385172
TR425526,ART62385172
TR157124,ART62385172
TR516579,ART62385172
TR516579,ART57616402
TR516579,ART85046033
TR210856,ART62385172
TR443902,ART62385172
TR980497,ART62385172
TR279695,ART62385172
TR168460,ART62385172
TR168460,ART80977821
TR587721,ART62385172
TR551149,ART62385172
TR457411,ART62385172
TR282769,ART62385172
TR282769,ART46851094
TR860226,ART62385172
TR833459,ART62385172
TR232110,ART62385172
TR814937,ART62385172
TR685706,ART62385172
TR798988,ART62385172
TR858129,ART62385172
TR641073,ART62385172
TR817897,ART62385172
TR142333,ART62385172
TR142333,ART78358659
TR142333,ART80977821
TR570962,ART62385172
TR167458,ART62385172
TR828210,ART62385172
TR761374,ART62385172
TR273271,ART62385172
TR164505,ART62385172
TR239033,ART62385172
TR239033,ART46851094
TR930622,ART62385172
TR654363,ART62385172
TR642387,ART62385172
TR721581,ART62385172
TR592577,ART62385172
TR342089,ART62385172
TR753814,ART62385172
TR845273,ART62385172
TR170640,ART62385172
TR524458,ART62385172
TR646149,ART62385172
TR813942,ART62385172
TR854840,ART62385172
TR379580,ART62385172
TR546120,ART62385172
TR196840,ART62385172
TR600833,ART62385172
TR664272,ART62385172
TR841253,ART62385172
TR773384,ART62385172
TR361077,ART62385172
TR316709,ART62385172
TR987058,ART62385172
TR588660,ART62385172
TR363999,ART62385172
TR629246,ART62385172
TR556899,ART62385172
TR977676,ART62385172
TR540322,ART62385172
TR445503,ART62385172
TR890233,ART62385172
TR278404,ART62385172
TR627235,ART62385172
TR477378,ART62385172
TR213701,ART62385172
TR213701,ART28717687
TR634614,ART62385172
TR494544,ART62385172
TR991112,ART62385172
TR830575,ART62385172
TR971575,ART62385172
TR490627,ART62385172
TR328380,ART62385172
TR640823,ART62385172
TR929854,ART62385172
TR522299,ART62385172
TR883076,ART62385172
TR742368,ART62385172
TR784129,ART62385172
TR216683,ART62385172
TR770137,ART62385172
TR761888,ART62385172
TR458543,ART62385172
TR323076,ART62385172
TR458139,ART62385172
TR894419,ART24123617
TR743674,ART24123617
TR724440,ART24123617
TR574185,ART24123617
TR800445,ART24123617
TR192834,ART24123617
TR283611,ART24123617
TR169033,ART24123617
TR544478,ART24123617
TR527101,ART24123617
TR527101,ART56320683
TR202541,ART24123617
TR607983,ART24123617
TR140970,ART24123617
TR437053,ART24123617
TR581473,ART24123617
TR862349,ART24123617
TR145722,ART24123617
TR186918,ART24123617
TR988853,ART24123617
TR869675,ART24123617
TR754884,ART24123617
TR892697,ART24123617
TR490897,ART24123617
TR934807,ART24123617
TR152578,ART24123617
TR823340,ART24123617
TR517220,ART24123617
TR210904,ART24123617
TR900732,ART24123617
TR255803,ART24123617
TR565835,ART24123617
TR987844,ART24123617
TR406031,ART24123617
TR928768,ART24123617
TR505184,ART24123617
TR109319,ART24123617
TR603906,ART24123617
TR151906,ART24123617
TR339271,ART24123617
TR775710,ART24123617
TR910692,ART24123617
TR404432,ART24123617
TR502373,ART24123617
TR221159,ART24123617
TR712954,ART24123617
TR306781,ART24123617
TR798663,ART24123617
TR913667,ART24123617
TR465783,ART24123617
TR964558,ART24123617
TR531963,ART24123617
TR638115,ART24123617
TR195257,ART24123617
TR780163,ART24123617
TR837894,ART24123617
TR216088,ART24123617
TR557502,ART24123617
TR614284,ART24123617
TR931831,ART24123617
TR919537,ART24123617
TR981253,ART24123617
TR982574,ART24123617
TR350319,ART24123617
TR507534,ART24123617
TR670351,ART24123617
TR670351,ART57616402
TR491076,ART24123617
TR225731,ART24123617
TR657289,ART24123617
TR434419,ART24123617
TR991855,ART24123617
TR268955,ART24123617
TR713835,ART24123617
TR838933,ART24123617
TR341732,ART24123617
TR678706,ART24123617
TR785394,ART24123617
TR359803,ART24123617
TR155230,ART24123617
TR651585,ART24123617
TR403582,ART19060721
TR590926,ART19060721
TR379064,ART19060721
TR856566,ART19060721
TR293961,ART19060721
TR700146,ART19060721
TR561890,ART19060721
TR676953,ART19060721
TR578471,ART19060721
TR893244,ART19060721
TR741788,ART19060721
TR128408,ART19060721
TR131806,ART19060721
TR420668,ART19060721
TR932992,ART19060721
TR917526,ART19060721
TR506331,ART19060721
TR887754,ART19060721
TR214987,ART19060721
TR816603,ART19060721
TR970389,ART19060721
TR786644,ART19060721
TR275513,ART19060721
TR778705,ART19060721
TR474045,ART19060721
TR818948,ART19060721
TR688855,ART19060721
TR273041,ART19060721
TR688209,ART19060721
TR688209,ART70825116
TR667334,ART19060721
TR985794,ART19060721
TR317207,ART04141409
TR317207,ART87497821
TR446826,ART04141409
TR228275,ART04141409
TR228275,ART02733420
TR697556,ART04141409
TR697556,ART02733420
TR391415,ART04141409
TR391415,ART39344115
TR391415,ART48622722
TR112894,ART04141409
TR112894,ART74676403
TR112894,ART05528539
TR550101,ART04141409
TR365201,ART04141409
TR893852,ART04141409
TR893852,ART39344115
TR129622,ART04141409
TR129622,ART87497821
TR263196,ART04141409
TR263196,ART87162895
TR569651,ART04141409
TR101183,ART04141409
TR732277,ART04141409
TR732277,ART28846313
TR302217,ART04141409
TR302217,ART46711784
TR407190,ART04141409
TR963985,ART04141409
TR963985,ART05528539
TR963985,ART02733420
TR160501,ART04141409
TR160501,ART02733420
TR353058,ART04141409
TR244037,ART04141409
TR376800,ART04141409
TR597910,ART04141409
TR933656,ART04141409
TR816986,ART04141409
TR969020,ART04141409
TR969020,ART87497821
TR541784,ART04141409
TR913090,ART04141409
TR228873,ART04141409
TR228873,ART85046033
TR228873,ART07127070
TR646941,ART04141409
TR980903,ART04141409
TR980903,ART70825116
TR773009,ART04141409
TR777250,ART04141409
TR777250,ART87497821
TR423453,ART04141409
TR478239,ART04141409
TR478239,ART76284946
TR278846,ART04141409
TR278846,ART87162895
TR619144,ART04141409
TR582832,ART04141409
TR898308,ART04141409
TR290414,ART04141409
TR290414,ART07127070
TR476300,ART04141409
TR260670,ART04141409
TR260670,ART16868977
TR260670,ART02733420
TR596933,ART04141409
TR596933,ART05528539
TR124504,ART04141409
TR124504,ART57242110
TR522698,ART04141409
TR198571,ART04141409
TR130964,ART04141409
TR754903,ART04141409
TR754903,ART39344115
TR489583,ART04141409
TR825655,ART04141409
TR402842,ART04141409
TR402842,ART02733420
TR903963,ART04141409
TR139128,ART04141409
TR139128,ART74676403
TR597234,ART04141409
TR328844,ART04141409
TR328844,ART05528539
TR140226,ART04141409
TR558297,ART04141409
TR908583,ART04141409
TR179816,ART04141409
TR340468,ART04141409
TR609224,ART04141409
TR609224,ART48622722
TR291948,ART04141409
TR560473,ART04141409
TR220750,ART04141409
TR241225,ART04141409
TR563387,ART04141409
TR258835,ART04141409
TR100174,ART04141409
TR930889,ART04141409
TR930889,ART87497821
TR930889,ART09119396
TR112259,ART04141409
TR263207,ART04141409
TR263207,ART63613967
TR773042,ART04141409
TR773042,ART74676403
TR469109,ART04141409
TR562505,ART04141409
TR363510,ART04141409
TR659688,ART04141409
TR809387,ART04141409
TR366289,ART04141409
TR761185,ART04141409
TR850050,ART04141409
TR355675,ART04141409
TR221394,ART04141409
TR912221,ART04141409
TR589213,ART04141409
TR961600,ART04141409
TR473965,ART04141409
TR669364,ART04141409
TR495708,ART04141409
TR495708,ART57242110
TR957588,ART04141409
TR449642,ART04141409
TR735916,ART04141409
TR309212,ART04141409
TR309212,ART78209349
TR721099,ART04141409
TR357440,ART04141409
TR182314,ART04141409
TR613819,ART04141409
TR142062,ART04141409
TR142062,ART02733420
TR142062,ART89596800
TR644659,ART04141409
TR794265,ART04141409
TR484176,ART04141409
TR647710,ART04141409
TR614575,ART04141409
TR526883,ART04141409
TR554368,ART04141409
TR762968,ART04141409
TR239987,ART04141409
TR241223,ART04141409
TR721821,ART04141409
TR721821,ART87162895
TR922856,ART04141409
TR480881,ART04141409
TR298433,ART04141409
TR617205,ART04141409
TR502252,ART04141409
TR900638,ART04141409
TR524391,ART04141409
TR516718,ART04141409
TR841644,ART04141409
TR803730,ART04141409
TR225416,ART04141409
TR225416,ART16868977
TR188319,ART04141409
TR479850,ART04141409
TR624032,ART04141409
TR278549,ART04141409
TR278549,ART64850829
TR541162,ART04141409
TR541162,ART25707984
TR616250,ART04141409
TR609719,ART04141409
TR256934,ART04141409
TR460194,ART04141409
TR254009,ART04141409
TR254009,ART16868977
TR488418,ART04141409
TR824938,ART04141409
TR432394,ART04141409
TR554191,ART04141409
TR554264,ART04141409
TR797776,ART04141409
TR582034,ART04141409
TR562617,ART04141409
TR562617,ART07127070
TR562617,ART02733420
TR742694,ART04141409
TR308214,ART04141409
TR542219,ART04141409
TR542219,ART57616402
TR542219,ART19729064
TR542219,ART88792008
TR542219,ART02733420
TR983581,ART04141409
TR983581,ART28846313
TR807159,ART04141409
TR125331,ART04141409
TR863199,ART04141409
TR863199,ART76284946
TR580176,ART04141409
TR348171,ART04141409
TR938544,ART04141409
TR802113,ART04141409
TR265696,ART04141409
TR967662,ART04141409
TR933903,ART04141409
TR335755,ART04141409
TR335755,ART46711784
TR125386,ART04141409
TR268658,ART04141409
TR268658,ART88792008
TR791246,ART04141409
TR791246,ART86549066
TR791246,ART15560128
TR583962,ART04141409
TR124434,ART04141409
TR218997,ART04141409
TR218997,ART40229749
TR944932,ART04141409
TR944932,ART19729064
TR293657,ART04141409
TR790229,ART04141409
TR218912,ART04141409
TR873662,ART04141409
TR136720,ART04141409
TR136720,ART57616402
TR254911,ART04141409
TR254911,ART83125571
TR254911,ART57242110
TR424668,ART04141409
TR921543,ART04141409
TR530901,ART04141409
TR530901,ART07024718
TR120740,ART04141409
TR986935,ART04141409
TR986935,ART71969350
TR514260,ART04141409
TR973118,ART04141409
TR973118,ART76284946
TR973118,ART98118784
TR353260,ART04141409
TR353260,ART98118784
TR318534,ART04141409
TR193317,ART04141409
TR299448,ART04141409
TR299448,ART07127070
TR528812,ART04141409
TR528812,ART88792008
TR963623,ART04141409
TR725789,ART04141409
TR939819,ART04141409
TR223685,ART04141409
TR206776,ART04141409
TR206776,ART07024718
TR521466,ART04141409
TR319879,ART04141409
TR319879,ART86549066
TR513866,ART04141409
TR513866,ART48622722
TR583699,ART04141409
TR583699,ART02733420
TR777316,ART04141409
TR853786,ART04141409
TR432902,ART04141409
TR706576,ART04141409
TR522271,ART04141409
TR522271,ART12092805
TR649101,ART04141409
TR649101,ART02733420
TR114652,ART04141409
TR794558,ART04141409
TR794558,ART57616402
TR876119,ART04141409
TR400695,ART04141409
TR163092,ART04141409
TR163092,ART57242110
TR477970,ART04141409
TR761094,ART04141409
TR752180,ART04141409
TR752180,ART51721248
TR624479,ART04141409
TR624479,ART02733420
TR930466,ART04141409
TR827090,ART04141409
TR767130,ART04141409
TR918527,ART04141409
TR918527,ART83125571
TR918527,ART76284946
TR438282,ART04141409
TR323420,ART04141409
TR323420,ART88792008
TR816419,ART04141409
TR287981,ART04141409
TR164901,ART04141409
TR397794,ART04141409
TR847376,ART04141409
TR847376,ART17812958
TR490311,ART04141409
TR704708,ART04141409
TR704708,ART88792008
TR321989,ART04141409
TR321989,ART24123617
TR834470,ART04141409
TR834470,ART07127070
TR903244,ART04141409
TR137501,ART04141409
TR499413,ART04141409
TR499413,ART02733420
TR499413,ART88792008
TR687977,ART04141409
TR767308,ART04141409
TR994787,ART04141409
TR262429,ART04141409
TR120889,ART04141409
TR236676,ART04141409
TR817794,ART04141409
TR137880,ART04141409
TR137880,ART28846313
TR647101,ART04141409
TR940582,ART04141409
TR123335,ART04141409
TR123335,ART85046033
TR646778,ART04141409
TR176901,ART04141409
TR176901,ART56320683
TR176901,ART80977821
TR904470,ART04141409
TR904470,ART80977821
TR160759,ART04141409
TR204974,ART04141409
TR204974,ART02733420
TR556991,ART04141409
TR577588,ART04141409
TR991898,ART04141409
TR991898,ART02733420
TR616549,ART04141409
TR936433,ART04141409
TR936433,ART86549066
TR962058,ART04141409
TR391199,ART04141409
TR167825,ART04141409
TR649360,ART04141409
TR224974,ART04141409
TR817689,ART04141409
TR839122,ART04141409
TR727577,ART04141409
TR727577,ART15560128
TR453783,ART04141409
TR453783,ART57730937
TR940221,ART04141409
TR546696,ART04141409
TR546696,ART19729064
TR546696,ART57616402
TR546696,ART02733420
TR546696,ART88792008
TR772974,ART04141409
TR369509,ART04141409
TR369509,ART28846313
TR597620,ART04141409
TR528565,ART04141409
TR702417,ART04141409
TR695938,ART04141409
TR407477,ART04141409
TR675917,ART04141409
TR922105,ART04141409
TR840393,ART04141409
TR711782,ART04141409
TR711782,ART19729064
TR495490,ART04141409
TR655499,ART04141409
TR932236,ART04141409
TR774326,ART04141409
TR774326,ART98118784
TR276207,ART04141409
TR467937,ART04141409
TR351355,ART04141409
TR867158,ART04141409
TR483016,ART04141409
TR483016,ART02733420
TR113983,ART04141409
TR789022,ART04141409
TR789022,ART14383873
TR739709,ART04141409
TR916084,ART04141409
TR410200,ART04141409
TR906035,ART04141409
TR277780,ART04141409
TR738385,ART04141409
TR251170,ART04141409
TR853747,ART04141409
TR343548,ART04141409
TR971606,ART04141409
TR971606,ART02733420
TR669406,ART04141409
TR290155,ART04141409
TR440724,ART04141409
TR285073,ART04141409
TR842497,ART04141409
TR256891,ART04141409
TR256891,ART19729064
TR836701,ART04141409
TR679925,ART04141409
TR692716,ART04141409
TR966930,ART04141409
TR202440,ART04141409
TR857342,ART04141409
TR972151,ART04141409
TR972151,ART57616402
TR270849,ART04141409
TR781750,ART04141409
TR781750,ART02733420
TR489110,ART04141409
TR235755,ART04141409
TR938005,ART04141409
TR165364,ART04141409
TR810550,ART04141409
TR631349,ART04141409
TR184316,ART04141409
TR179203,ART04141409
TR290792,ART04141409
TR889981,ART04141409
TR344247,ART04141409
TR281029,ART04141409
TR281029,ART02733420
TR199535,ART04141409
TR400723,ART04141409
TR497982,ART04141409
TR581219,ART04141409
TR523924,ART04141409
TR106286,ART04141409
TR378457,ART04141409
TR978718,ART04141409
TR480652,ART04141409
TR401188,ART04141409
TR453592,ART04141409
TR577756,ART04141409
TR386472,ART04141409
TR890798,ART04141409
TR397374,ART04141409
TR843246,ART04141409
TR594083,ART04141409
TR643227,ART04141409
TR552246,ART04141409
TR703454,ART04141409
TR225508,ART04141409
TR839204,ART04141409
TR922726,ART04141409
TR464787,ART04141409
TR420065,ART86576759
TR870911,ART86576759
TR990886,ART86576759
TR923956,ART86576759
TR184858,ART86576759
TR926024,ART86576759
TR296598,ART86576759
TR444175,ART86576759
TR318448,ART86576759
TR884562,ART86576759
TR407592,ART86576759
TR619959,ART86576759
TR991710,ART86576759
TR543720,ART86576759
TR757852,ART86576759
TR627858,ART86576759
TR936569,ART86576759
TR806387,ART86576759
TR863698,ART86576759
TR275424,ART86576759
TR380567,ART86576759
TR941826,ART86576759
TR928270,ART86576759
TR570747,ART86576759
TR701217,ART86576759
TR496743,ART86576759
TR308464,ART86576759
TR296193,ART86576759
TR993481,ART86576759
TR310141,ART86576759
TR509238,ART86576759
TR918860,ART86576759
TR266672,ART86576759
TR496841,ART86576759
TR936297,ART86576759
TR963179,ART86576759
TR937285,ART86576759
TR945011,ART86576759
TR740042,ART86576759
TR605959,ART86576759
TR337156,ART86576759
TR369259,ART86576759
TR871241,ART86576759
TR232773,ART86576759
TR205774,ART86576759
TR680468,ART86576759
TR395370,ART86576759
TR521639,ART02449272
TR113838,ART02449272
TR113838,ART86549066
TR492218,ART02449272
TR514818,ART02449272
TR514818,ART98307962
TR467193,ART02449272
TR162849,ART02449272
TR840548,ART02449272
TR297247,ART02449272
TR968763,ART02449272
TR224539,ART02449272
TR275829,ART02449272
TR521889,ART02449272
TR578938,ART02449272
TR156492,ART02449272
TR132417,ART02449272
TR620222,ART02449272
TR871104,ART02449272
TR168006,ART02449272
TR343469,ART02449272
TR203645,ART02449272
TR842754,ART02449272
TR944854,ART02449272
TR658481,ART70825116
TR971842,ART70825116
TR451951,ART70825116
TR451951,ART87497821
TR451951,ART09119396
TR550803,ART70825116
TR550803,ART83125571
TR501637,ART70825116
TR759449,ART70825116
TR457725,ART70825116
TR852165,ART70825116
TR243801,ART70825116
TR155120,ART70825116
TR261042,ART70825116
TR945250,ART70825116
TR276673,ART70825116
TR617699,ART70825116
TR148423,ART70825116
TR728880,ART70825116
TR500474,ART70825116
TR391833,ART70825116
TR416576,ART70825116
TR764099,ART70825116
TR121372,ART70825116
TR407387,ART70825116
TR252969,ART70825116
TR954000,ART70825116
TR530063,ART70825116
TR500883,ART70825116
TR500883,ART39344115
TR578367,ART70825116
TR281623,ART70825116
TR890439,ART70825116
TR836974,ART70825116
TR912599,ART70825116
TR912599,ART87497821
TR351356,ART70825116
TR351356,ART51721248
TR454733,ART70825116
TR123931,ART70825116
TR290819,ART70825116
TR209162,ART70825116
TR209162,ART64850829
TR794850,ART70825116
TR573459,ART70825116
TR699396,ART70825116
TR780016,ART70825116
TR780016,ART85780419
TR879265,ART70825116
TR186927,ART70825116
TR891458,ART70825116
TR365759,ART70825116
TR716732,ART70825116
TR166938,ART70825116
TR490655,ART70825116
TR561498,ART70825116
TR252126,ART70825116
TR821033,ART70825116
TR433062,ART70825116
TR781243,ART70825116
TR667327,ART70825116
TR712692,ART70825116
TR997318,ART70825116
TR464821,ART70825116
TR804864,ART70825116
TR434971,ART70825116
TR319401,ART70825116
TR768715,ART70825116
TR551566,ART70825116
TR688043,ART70825116
TR913180,ART70825116
TR452137,ART70825116
TR869438,ART70825116
TR501030,ART70825116
TR424795,ART70825116
TR880243,ART70825116
TR464052,ART70825116
TR364397,ART70825116
TR364397,ART16868977
TR665989,ART70825116
TR665989,ART57242110
TR844634,ART70825116
TR414992,ART70825116
TR163694,ART70825116
TR900024,ART70825116
TR312149,ART70825116
TR337564,ART70825116
TR434595,ART70825116
TR568161,ART70825116
TR282575,ART70825116
TR653824,ART70825116
TR232548,ART70825116
TR934329,ART70825116
TR954998,ART70825116
TR179468,ART70825116
TR179468,ART57242110
TR977191,ART70825116
TR174822,ART70825116
TR174822,ART87497821
TR973220,ART70825116
TR523711,ART70825116
TR177807,ART70825116
TR909962,ART70825116
TR606984,ART70825116
TR596069,ART70825116
TR432939,ART70825116
TR607522,ART70825116
TR680539,ART70825116
TR937536,ART70825116
TR276675,ART70825116
TR724192,ART70825116
TR898332,ART70825116
TR917685,ART70825116
TR396719,ART70825116
TR622666,ART70825116
TR621066,ART70825116
TR821710,ART70825116
TR499764,ART70825116
TR607845,ART70825116
TR711471,ART70825116
TR958236,ART70825116
TR615923,ART70825116
TR540640,ART70825116
TR406756,ART70825116
TR859994,ART70825116
TR114701,ART63613967
TR603122,ART63613967
TR721640,ART63613967
TR555721,ART63613967
TR770826,ART63613967
TR943427,ART63613967
TR424103,ART63613967
TR424103,ART48622722
TR368269,ART63613967
TR987615,ART63613967
TR854571,ART63613967
TR854571,ART86549066
TR440235,ART63613967
TR440235,ART20729624
TR944859,ART63613967
TR219846,ART63613967
TR758708,ART63613967
TR715928,ART63613967
TR839502,ART63613967
TR412912,ART63613967
TR218409,ART63613967
TR494257,ART63613967
TR789415,ART63613967
TR964140,ART63613967
TR157361,ART63613967
TR470471,ART63613967
TR175000,ART63613967
TR555208,ART63613967
TR819095,ART63613967
TR798937,ART63613967
TR628773,ART63613967
TR495476,ART63613967
TR558373,ART63613967
TR558373,ART85780419
TR281798,ART63613967
TR322778,ART63613967
TR550943,ART63613967
TR835589,ART63613967
TR949598,ART63613967
TR117960,ART63613967
TR299277,ART63613967
TR252252,ART63613967
TR613855,ART63613967
TR336933,ART63613967
TR371451,ART63613967
TR322512,ART63613967
TR145492,ART63613967
TR880876,ART63613967
TR123143,ART63613967
TR759823,ART63613967
TR637567,ART63613967
TR331638,ART63613967
TR740085,ART63613967
TR283646,ART63613967
TR174934,ART63613967
TR208626,ART63613967
TR204445,ART63613967
TR247855,ART63613967
TR247855,ART53496045
TR302784,ART63613967
TR398426,ART63613967
TR397361,ART63613967
TR753719,ART63613967
TR910672,ART63613967
TR172228,ART63613967
TR506017,ART63613967
TR467786,ART63613967
TR829384,ART63613967
TR829384,ART85780419
TR191962,ART63613967
TR581514,ART63613967
TR532393,ART63613967
TR608151,ART63613967
TR263915,ART63613967
TR524688,ART63613967
TR881442,ART41225226
TR118045,ART41225226
TR133842,ART41225226
TR198801,ART41225226
TR178401,ART41225226
TR910256,ART41225226
TR824678,ART41225226
TR878071,ART41225226
TR292416,ART41225226
TR730690,ART41225226
TR861679,ART41225226
TR343336,ART41225226
TR894748,ART41225226
TR125666,ART41225226
TR455673,ART41225226
TR351965,ART41225226
TR812625,ART41225226
TR852880,ART41225226
TR369589,ART41225226
TR798864,ART41225226
TR294458,ART41225226
TR708160,ART41225226
TR357080,ART41225226
TR294207,ART41225226
TR319480,ART41225226
TR673830,ART41225226
TR339574,ART41225226
TR574901,ART41225226
TR316222,ART41225226
TR816438,ART41225226
TR709582,ART41225226
TR750367,ART41225226
TR470196,ART41225226
TR972864,ART41225226
TR128885,ART41225226
TR801607,ART41225226
TR883325,ART41225226
TR569567,ART41225226
TR452263,ART41225226
TR530346,ART41225226
TR638893,ART41225226
TR184563,ART41225226
TR963486,ART41225226
TR966701,ART41225226
TR895749,ART41225226
TR149136,ART41225226
TR855101,ART41225226
TR247905,ART41225226
TR610659,ART41225226
TR307829,ART41225226
TR135510,ART41225226
TR970205,ART41225226
TR502197,ART41225226
TR385831,ART41225226
TR991971,ART41225226
TR805985,ART41225226
TR236025,ART41225226
TR364953,ART41225226
TR557094,ART41225226
TR935490,ART41225226
TR570554,ART41225226
TR728410,ART41225226
TR716725,ART41225226
TR544749,ART41225226
TR351559,ART41225226
TR454333,ART41225226
TR124016,ART41225226
TR320572,ART41225226
TR540311,ART41225226
TR849506,ART41225226
TR148175,ART41225226
TR278268,ART41225226
TR347034,ART41225226
TR212530,ART41225226
TR741952,ART41225226
TR542499,ART41225226
TR813513,ART41225226
TR483551,ART41225226
TR407225,ART41225226
TR407225,ART15560128
TR361147,ART41225226
TR531103,ART41225226
TR623204,ART41225226
TR193854,ART41225226
TR853538,ART41225226
TR275455,ART41225226
TR283717,ART41225226
TR197383,ART41225226
TR111184,ART41225226
TR558396,ART41225226
TR312445,ART41225226
TR277818,ART41225226
TR888025,ART41225226
TR686461,ART41225226
TR282974,ART16868977
TR613679,ART16868977
TR909540,ART16868977
TR561159,ART16868977
TR458611,ART16868977
TR584196,ART16868977
TR584196,ART63613967
TR198535,ART16868977
TR198535,ART87497821
TR151304,ART16868977
TR253881,ART16868977
TR753733,ART16868977
TR496624,ART16868977
TR365327,ART16868977
TR663345,ART16868977
TR444265,ART16868977
TR512487,ART16868977
TR322364,ART16868977
TR445390,ART16868977
TR799592,ART16868977
TR204035,ART16868977
TR143926,ART16868977
TR322889,ART16868977
TR322889,ART25707984
TR904643,ART16868977
TR581355,ART16868977
TR413256,ART16868977
TR278505,ART16868977
TR620441,ART16868977
TR620441,ART85780419
TR383349,ART16868977
TR837400,ART16868977
TR721125,ART16868977
TR537222,ART16868977
TR945584,ART16868977
TR207504,ART16868977
TR855807,ART16868977
TR855807,ART70825116
TR495499,ART16868977
TR489135,ART16868977
TR489135,ART87162895
TR752251,ART16868977
TR646942,ART16868977
TR736249,ART16868977
TR798826,ART16868977
TR875675,ART16868977
TR978874,ART16868977
TR438997,ART16868977
TR258249,ART16868977
TR838330,ART16868977
TR818686,ART16868977
TR830536,ART16868977
TR691362,ART16868977
TR301746,ART16868977
TR349463,ART16868977
TR754425,ART16868977
TR127118,ART16868977
TR941919,ART16868977
TR627426,ART16868977
TR234041,ART16868977
TR973674,ART16868977
TR302581,ART16868977
TR534288,ART16868977
TR351617,ART16868977
TR591590,ART16868977
TR776314,ART66932389
TR513366,ART66932389
TR894319,ART66932389
TR331896,ART66932389
TR835111,ART66932389
TR451344,ART66932389
TR614137,ART66932389
TR614137,ART08456301
TR668556,ART66932389
TR799289,ART66932389
TR799289,ART27304446
TR496967,ART66932389
TR429281,ART66932389
TR233722,ART66932389
TR245467,ART66932389
TR695720,ART66932389
TR875471,ART66932389
TR142465,ART66932389
TR216909,ART66932389
TR592019,ART66932389
TR854897,ART66932389
TR629195,ART66932389
TR501039,ART66932389
TR248486,ART66932389
TR463632,ART66932389
TR864281,ART66932389
TR793789,ART66932389
TR255867,ART66932389
TR134896,ART66932389
TR630996,ART66932389
TR156095,ART66932389
TR301319,ART66932389
TR207340,ART66932389
TR452783,ART66932389
TR162241,ART66932389
TR788408,ART66932389
TR512281,ART66932389
TR680118,ART66932389
TR158362,ART66932389
TR234831,ART66932389
TR387465,ART66932389
TR190585,ART66932389
TR574898,ART66932389
TR717699,ART66932389
TR813121,ART66932389
TR648159,ART66932389
TR648159,ART59609037
TR425349,ART66932389
TR651217,ART66932389
TR716171,ART66932389
TR784080,ART66932389
TR936329,ART66932389
TR316717,ART66932389
TR570673,ART66932389
TR673431,ART66932389
TR167184,ART66932389
TR421859,ART66932389
TR828250,ART66932389
TR221244,ART66932389
TR820681,ART66932389
TR588709,ART66932389
TR659700,ART66932389
TR569254,ART66932389
TR292964,ART66932389
TR512461,ART66932389
TR361636,ART66932389
TR963182,ART66932389
TR137510,ART66932389
TR341999,ART66932389
TR388396,ART66932389
TR484725,ART66932389
TR341024,ART66932389
TR203888,ART66932389
TR479385,ART66932389
TR430821,ART66932389
TR686680,ART66932389
TR637694,ART66932389
TR962552,ART66932389
TR962552,ART56320683
TR882708,ART66932389
TR636905,ART66932389
TR515747,ART66932389
TR192608,ART66932389
TR734178,ART66932389
TR796350,ART66932389
TR638964,ART66932389
TR691549,ART66932389
TR638043,ART66932389
TR277364,ART66932389
TR891867,ART66932389
TR488828,ART66932389
TR557828,ART66932389
TR526693,ART66932389
TR551332,ART66932389
TR932469,ART66932389
TR923135,ART66932389
TR660409,ART66932389
TR832792,ART66932389
TR671575,ART66932389
TR338378,ART66932389
TR403499,ART66932389
TR382831,ART66932389
TR140307,ART67409252
TR182371,ART67409252
TR944761,ART67409252
TR849251,ART67409252
TR214480,ART67409252
TR277928,ART67409252
TR277928,ART88792008
TR822632,ART67409252
TR692998,ART67409252
TR308497,ART67409252
TR278228,ART67409252
TR718332,ART67409252
TR545730,ART67409252
TR505977,ART67409252
TR271331,ART67409252
TR519202,ART67409252
TR233437,ART67409252
TR741364,ART67409252
TR193890,ART67409252
TR758604,ART67409252
TR929659,ART67409252
TR835724,ART67409252
TR282034,ART67409252
TR368950,ART67409252
TR774446,ART67409252
TR342202,ART67409252
TR630140,ART67409252
TR467494,ART71969350
TR153127,ART71969350
TR337973,ART71969350
TR712116,ART71969350
TR831391,ART71969350
TR777371,ART71969350
TR514322,ART71969350
TR514322,ART40433104
TR614287,ART71969350
TR721842,ART71969350
TR721842,ART85046033
TR354355,ART71969350
TR979460,ART71969350
TR485797,ART71969350
TR512266,ART71969350
TR629023,ART71969350
TR273525,ART71969350
TR962595,ART71969350
TR962595,ART27304446
TR397469,ART71969350
TR301142,ART71969350
TR875449,ART71969350
TR282165,ART71969350
TR224610,ART71969350
TR221882,ART71969350
TR254967,ART71969350
TR722062,ART71969350
TR202859,ART71969350
TR282724,ART71969350
TR282724,ART25707984
TR723534,ART71969350
TR777985,ART71969350
TR825992,ART71969350
TR930172,ART71969350
TR649283,ART71969350
TR715078,ART71969350
TR684361,ART71969350
TR430307,ART71969350
TR590819,ART71969350
TR460836,ART71969350
TR445249,ART71969350
TR354248,ART71969350
TR886925,ART71969350
TR886925,ART48622722
TR425153,ART71969350
TR425153,ART87162895
TR622852,ART71969350
TR120443,ART71969350
TR120443,ART17240256
TR726634,ART71969350
TR483528,ART71969350
TR835866,ART71969350
TR745567,ART71969350
TR486156,ART71969350
TR486156,ART25707984
TR833101,ART71969350
TR609916,ART71969350
TR715264,ART71969350
TR715264,ART20729624
TR482798,ART71969350
TR668982,ART71969350
TR945181,ART71969350
TR262271,ART71969350
TR186500,ART71969350
TR869136,ART71969350
TR869136,ART85046033
TR869136,ART40433104
TR850800,ART71969350
TR103381,ART71969350
TR103381,ART07127070
TR103381,ART02733420
TR714758,ART71969350
TR714758,ART62385172
TR531697,ART71969350
TR440648,ART71969350
TR440648,ART17240256
TR638637,ART71969350
TR638637,ART57616402
TR807064,ART71969350
TR697601,ART71969350
TR950946,ART71969350
TR365467,ART71969350
TR400042,ART71969350
TR568386,ART71969350
TR839331,ART71969350
TR849346,ART71969350
TR849346,ART02733420
TR849346,ART07127070
TR567504,ART71969350
TR474232,ART71969350
TR474232,ART05528539
TR474232,ART78209349
TR894590,ART71969350
TR801120,ART71969350
TR234814,ART71969350
TR527056,ART71969350
TR304229,ART71969350
TR389501,ART71969350
TR316449,ART71969350
TR316449,ART17240256
TR128899,ART71969350
TR560774,ART71969350
TR560774,ART25707984
TR444711,ART71969350
TR847067,ART71969350
TR361105,ART71969350
TR568289,ART71969350
TR588070,ART71969350
TR522087,ART71969350
TR951262,ART71969350
TR279200,ART71969350
TR920780,ART71969350
TR422841,ART71969350
TR705636,ART71969350
TR941084,ART71969350
TR913780,ART71969350
TR466647,ART71969350
TR425315,ART71969350
TR571589,ART71969350
TR571589,ART57616402
TR219331,ART71969350
TR503043,ART71969350
TR990291,ART71969350
TR665386,ART71969350
TR454203,ART71969350
TR353927,ART71969350
TR147594,ART71969350
TR484257,ART71969350
TR299406,ART71969350
TR254487,ART71969350
TR379807,ART71969350
TR479035,ART71969350
TR479035,ART57616402
TR134423,ART71969350
TR592836,ART71969350
TR315007,ART71969350
TR319492,ART71969350
TR328568,ART71969350
TR563672,ART71969350
TR136564,ART71969350
TR155138,ART71969350
TR378259,ART71969350
TR934606,ART71969350
TR949901,ART71969350
TR287085,ART71969350
TR346537,ART71969350
TR372521,ART71969350
TR730501,ART71969350
TR474661,ART71969350
TR290228,ART71969350
TR714514,ART71969350
TR406251,ART71969350
TR124186,ART71969350
TR182560,ART71969350
TR195783,ART71969350
TR318049,ART71969350
TR939485,ART71969350
TR614188,ART71969350
TR332134,ART71969350
TR589876,ART71969350
TR549310,ART71969350
TR592604,ART71969350
TR265866,ART71969350
TR286432,ART71969350
TR970958,ART71969350
TR554501,ART71969350
TR839097,ART71969350
TR766084,ART71969350
TR261723,ART71969350
TR715318,ART71969350
TR488982,ART71969350
TR103858,ART71969350
TR820569,ART71969350
TR149109,ART71969350
TR161888,ART71969350
TR523644,ART81071062
TR523644,ART02733420
TR108968,ART81071062
TR108968,ART02733420
TR523926,ART81071062
TR707070,ART81071062
TR471430,ART81071062
TR528559,ART81071062
TR503606,ART81071062
TR613101,ART81071062
TR611895,ART81071062
TR611895,ART07127070
TR135009,ART81071062
TR418157,ART81071062
TR807924,ART81071062
TR788642,ART81071062
TR788642,ART87497821
TR500800,ART81071062
TR582202,ART81071062
TR350170,ART81071062
TR668190,ART81071062
TR668190,ART02733420
TR940339,ART81071062
TR965746,ART81071062
TR629686,ART81071062
TR858406,ART81071062
TR438714,ART81071062
TR838529,ART81071062
TR355021,ART81071062
TR472287,ART81071062
TR742024,ART81071062
TR247518,ART81071062
TR372707,ART81071062
TR372707,ART14383873
TR336072,ART81071062
TR336072,ART02733420
TR774768,ART81071062
TR774768,ART17812958
TR722697,ART81071062
TR722697,ART02733420
TR828288,ART81071062
TR392894,ART81071062
TR392894,ART02733420
TR631053,ART81071062
TR838495,ART81071062
TR838495,ART57616402
TR426713,ART81071062
TR529985,ART81071062
TR568430,ART81071062
TR470259,ART81071062
TR470259,ART02733420
TR714037,ART81071062
TR984550,ART81071062
TR222042,ART81071062
TR222042,ART14383873
TR608417,ART81071062
TR294228,ART81071062
TR193436,ART81071062
TR664122,ART81071062
TR819932,ART81071062
TR974952,ART81071062
TR262772,ART81071062
TR989385,ART81071062
TR411326,ART81071062
TR157987,ART81071062
TR749608,ART81071062
TR655245,ART81071062
TR240454,ART81071062
TR216551,ART81071062
TR741169,ART81071062
TR943397,ART81071062
TR893269,ART81071062
TR664641,ART81071062
TR664641,ART02733420
TR639326,ART81071062
TR951257,ART81071062
TR483879,ART81071062
TR490800,ART81071062
TR742231,ART81071062
TR636622,ART81071062
TR567021,ART81071062
TR711819,ART81071062
TR837383,ART81071062
TR327415,ART81071062
TR378129,ART81071062
TR512835,ART81071062
TR363416,ART81071062
TR602458,ART81071062
TR314312,ART81071062
TR867359,ART81071062
TR802478,ART81071062
TR617124,ART81071062
TR840811,ART81071062
TR598847,ART81071062
TR672649,ART81071062
TR901388,ART81071062
TR138270,ART81071062
TR836799,ART81071062
TR681501,ART81071062
TR416102,ART81071062
TR416102,ART17812958
TR990496,ART81071062
TR358725,ART81071062
TR386868,ART81071062
TR652896,ART81071062
TR652896,ART19729064
TR790549,ART81071062
TR872869,ART81071062
TR216351,ART81071062
TR548976,ART81071062
TR602471,ART81071062
TR775350,ART81071062
TR856666,ART81071062
TR932111,ART81071062
TR530840,ART81071062
TR593609,ART81071062
TR876868,ART81071062
TR872955,ART81071062
TR548014,ART81071062
TR957302,ART81071062
TR199041,ART81071062
TR948776,ART81071062
TR184510,ART81071062
TR604757,ART81071062
TR619414,ART81071062
TR111939,ART81071062
TR861652,ART81071062
TR221221,ART81071062
TR961080,ART81071062
TR710212,ART81071062
TR215015,ART81071062
TR961915,ART81071062
TR906053,ART81071062
TR672645,ART81071062
TR437757,ART81071062
TR437757,ART19729064
TR319144,ART81071062
TR233289,ART81071062
TR248876,ART81071062
TR513495,ART81071062
TR652825,ART81071062
TR446094,ART81071062
TR370336,ART81071062
TR418970,ART81071062
TR418970,ART86549066
TR122619,ART81071062
TR122619,ART15560128
TR480925,ART81071062
TR158936,ART81071062
TR821230,ART81071062
TR274787,ART81071062
TR264450,ART81071062
TR135771,ART81071062
TR901844,ART81071062
TR492229,ART81071062
TR137868,ART81071062
TR722594,ART81071062
TR122909,ART81071062
TR528178,ART81071062
TR977481,ART81071062
TR192351,ART81071062
TR114467,ART81071062
TR403058,ART81071062
TR418306,ART81071062
TR234003,ART88423027
TR307954,ART88423027
TR719949,ART88423027
TR719949,ART85821920
TR759192,ART88423027
TR194183,ART88423027
TR415008,ART88423027
TR994543,ART88423027
TR691555,ART88423027
TR702794,ART88423027
TR266724,ART88423027
TR348279,ART88423027
TR675508,ART88423027
TR204122,ART88423027
TR205076,ART88423027
TR828721,ART88423027
TR791917,ART88423027
TR759395,ART88423027
TR415938,ART88423027
TR305135,ART88423027
TR123802,ART88423027
TR292808,ART88423027
TR726446,ART88423027
TR836131,ART88423027
TR902735,ART88423027
TR109916,ART88423027
TR389978,ART88423027
TR342543,ART88423027
TR132327,ART88423027
TR350840,ART88423027
TR901707,ART88423027
TR746831,ART88423027
TR476528,ART88423027
TR290887,ART59593021
TR285437,ART59593021
TR763624,ART59593021
TR434327,ART25707984
TR443742,ART25707984
TR252912,ART25707984
TR316896,ART25707984
TR466521,ART25707984
TR863568,ART25707984
TR539926,ART25707984
TR539926,ART39344115
TR539926,ART20729624
TR550536,ART25707984
TR564816,ART25707984
TR204867,ART25707984
TR589489,ART25707984
TR799409,ART25707984
TR935622,ART25707984
TR591369,ART25707984
TR772758,ART25707984
TR998998,ART25707984
TR801490,ART25707984
TR801490,ART02733420
TR143367,ART25707984
TR884950,ART25707984
TR884950,ART74676403
TR991289,ART25707984
TR960740,ART25707984
TR239743,ART25707984
TR203999,ART25707984
TR203999,ART48622722
TR842852,ART25707984
TR866727,ART25707984
TR278311,ART25707984
TR278311,ART52272796
TR632060,ART25707984
TR497858,ART25707984
TR613459,ART25707984
TR232256,ART25707984
TR234697,ART25707984
TR172746,ART25707984
TR172746,ART02733420
TR591366,ART25707984
TR150455,ART25707984
TR444433,ART25707984
TR307915,ART25707984
TR838304,ART25707984
TR177789,ART25707984
TR136811,ART25707984
TR403288,ART25707984
TR403288,ART78358659
TR403288,ART48622722
TR105364,ART25707984
TR224256,ART25707984
TR503521,ART25707984
TR525576,ART25707984
TR871111,ART25707984
TR122922,ART25707984
TR122922,ART07629990
TR446619,ART25707984
TR446619,ART07629990
TR674795,ART25707984
TR392741,ART25707984
TR438358,ART25707984
TR811753,ART25707984
TR943143,ART25707984
TR251094,ART25707984
TR178473,ART25707984
TR324941,ART25707984
TR733092,ART25707984
TR733092,ART40433104
TR733092,ART85046033
TR481276,ART25707984
TR111715,ART25707984
TR709616,ART25707984
TR412854,ART25707984
TR167740,ART25707984
TR148805,ART25707984
TR744298,ART25707984
TR344080,ART25707984
TR237380,ART25707984
TR813706,ART25707984
TR878128,ART25707984
TR108446,ART25707984
TR901455,ART25707984
TR901455,ART52272796
TR518927,ART25707984
TR672131,ART25707984
TR482736,ART25707984
TR990945,ART25707984
TR990945,ART02733420
TR609770,ART25707984
TR472380,ART25707984
TR382463,ART25707984
TR448308,ART25707984
TR448308,ART76284946
TR448308,ART89596800
TR931663,ART25707984
TR345528,ART25707984
TR933884,ART25707984
TR121405,ART25707984
TR770488,ART25707984
TR775377,ART25707984
TR775377,ART85046033
TR316521,ART25707984
TR686371,ART25707984
TR935336,ART25707984
TR300576,ART25707984
TR290267,ART25707984
TR218393,ART25707984
TR508264,ART25707984
TR176424,ART25707984
TR962108,ART25707984
TR274115,ART25707984
TR895785,ART25707984
TR273414,ART25707984
TR291776,ART25707984
TR724796,ART25707984
TR844218,ART25707984
TR312732,ART25707984
TR168277,ART25707984
TR988738,ART25707984
TR932768,ART25707984
TR349321,ART25707984
TR848166,ART25707984
TR762452,ART25707984
TR407335,ART25707984
TR248802,ART25707984
TR877490,ART25707984
TR978195,ART25707984
TR705159,ART25707984
TR162052,ART25707984
TR370663,ART25707984
TR597065,ART25707984
TR597065,ART16868977
TR580051,ART25707984
TR484857,ART25707984
TR198241,ART25707984
TR646735,ART25707984
TR831827,ART25707984
TR249890,ART25707984
TR565958,ART25707984
TR385951,ART25707984
TR857398,ART25707984
TR120106,ART25707984
TR120106,ART78358659
TR368909,ART25707984
TR588523,ART25707984
TR693043,ART25707984
TR554964,ART25707984
TR220174,ART25707984
TR903036,ART25707984
TR260784,ART25707984
TR997195,ART25707984
TR167063,ART25707984
TR492188,ART25707984
TR994546,ART25707984
TR835623,ART25707984
TR870721,ART25707984
TR917955,ART25707984
TR420224,ART25707984
TR671007,ART25707984
TR983233,ART25707984
TR445086,ART25707984
TR736278,ART25707984
TR233630,ART25707984
TR233630,ART71969350
TR942520,ART25707984
TR388921,ART25707984
TR220790,ART25707984
TR958743,ART25707984
TR975112,ART25707984
TR975112,ART40433104
TR957680,ART25707984
TR957680,ART07629990
TR895644,ART25707984
TR877889,ART25707984
TR115652,ART25707984
TR537942,ART25707984
TR700280,ART25707984
TR888500,ART25707984
TR904420,ART25707984
TR920592,ART25707984
TR455665,ART25707984
TR455665,ART07629990
TR224027,ART25707984
TR114955,ART25707984
TR803061,ART25707984
TR561056,ART25707984
TR690143,ART25707984
TR532822,ART25707984
TR340036,ART25707984
TR633813,ART25707984
TR519371,ART25707984
TR519371,ART07127070
TR581440,ART25707984
TR754276,ART25707984
TR778894,ART25707984
TR137864,ART25707984
TR428096,ART25707984
TR600057,ART25707984
TR607550,ART25707984
TR156022,ART25707984
TR255665,ART25707984
TR793808,ART25707984
TR561901,ART25707984
TR724010,ART25707984
TR418852,ART25707984
TR751110,ART25707984
TR751110,ART02733420
TR844036,ART25707984
TR593858,ART25707984
TR591050,ART25707984
TR409731,ART25707984
TR887990,ART25707984
TR961564,ART25707984
TR597348,ART25707984
TR837586,ART25707984
TR351380,ART25707984
TR479793,ART25707984
TR957389,ART25707984
TR709968,ART25707984
TR910855,ART25707984
TR484122,ART25707984
TR941156,ART25707984
TR424045,ART25707984
TR512155,ART25707984
TR703446,ART25707984
TR166646,ART25707984
TR285089,ART25707984
TR307833,ART25707984
TR307833,ART12092805
TR735029,ART25707984
TR420459,ART25707984
TR872232,ART25707984
TR981948,ART25707984
TR696046,ART25707984
TR100524,ART25707984
TR975085,ART25707984
TR251966,ART25707984
TR506768,ART25707984
TR506768,ART19729064
TR517220,ART25707984
TR845575,ART25707984
TR845575,ART02733420
TR845575,ART19729064
TR231480,ART25707984
TR547400,ART25707984
TR250056,ART25707984
TR873026,ART25707984
TR672561,ART25707984
TR539870,ART25707984
TR904041,ART25707984
TR247713,ART25707984
TR977799,ART25707984
TR451705,ART25707984
TR855293,ART25707984
TR219103,ART25707984
TR955916,ART25707984
TR282407,ART25707984
TR397401,ART25707984
TR397401,ART73965015
TR731271,ART25707984
TR376662,ART25707984
TR408042,ART25707984
TR466354,ART25707984
TR245679,ART25707984
TR946363,ART25707984
TR456894,ART25707984
TR742051,ART25707984
TR588490,ART25707984
TR800085,ART25707984
TR605119,ART25707984
TR336834,ART25707984
TR765677,ART25707984
TR414333,ART25707984
TR866344,ART25707984
TR676171,ART25707984
TR704705,ART25707984
TR435845,ART25707984
TR868123,ART25707984
TR547354,ART25707984
TR895378,ART25707984
TR219883,ART25707984
TR540123,ART25707984
TR373448,ART25707984
TR363564,ART25707984
TR475897,ART25707984
TR940609,ART25707984
TR751225,ART25707984
TR296960,ART25707984
TR296960,ART07629990
TR375955,ART25707984
TR737536,ART25707984
TR553134,ART25707984
TR192986,ART25707984
TR739987,ART25707984
TR188259,ART25707984
TR219347,ART25707984
TR264422,ART25707984
TR483704,ART25707984
TR709016,ART25707984
TR402241,ART25707984
TR267048,ART25707984
TR234738,ART25707984
TR618043,ART25707984
TR174989,ART25707984
TR628557,ART25707984
TR344030,ART25707984
TR160920,ART25707984
TR675623,ART17240256
TR605683,ART17240256
TR605683,ART17812958
TR617350,ART17240256
TR617350,ART87162895
TR338511,ART17240256
TR412298,ART17240256
TR572499,ART17240256
TR572499,ART71969350
TR737484,ART17240256
TR648356,ART17240256
TR997555,ART17240256
TR597365,ART17240256
TR597365,ART52272796
TR331921,ART17240256
TR331921,ART86549066
TR331921,ART83631935
TR894311,ART17240256
TR868629,ART17240256
TR868629,ART53496045
TR574573,ART17240256
TR574573,ART71969350
TR737044,ART17240256
TR984521,ART17240256
TR984521,ART05528539
TR734615,ART17240256
TR734615,ART85046033
TR416131,ART17240256
TR416131,ART85046033
TR797239,ART17240256
TR397702,ART17240256
TR676076,ART17240256
TR310359,ART17240256
TR310359,ART52272796
TR278514,ART17240256
TR340091,ART17240256
TR783842,ART17240256
TR891269,ART17240256
TR972346,ART17240256
TR972346,ART87162895
TR583703,ART17240256
TR291889,ART17240256
TR823777,ART17240256
TR423129,ART17240256
TR628164,ART17240256
TR375832,ART17240256
TR611098,ART17240256
TR160510,ART17240256
TR160510,ART71969350
TR175075,ART17240256
TR903919,ART17240256
TR402879,ART17240256
TR874566,ART17240256
TR874566,ART40433104
TR874566,ART78358659
TR874566,ART85046033
TR420592,ART17240256
TR984458,ART17240256
TR273257,ART17240256
TR328613,ART17240256
TR909775,ART17240256
TR300646,ART17240256
TR300646,ART25707984
TR712571,ART17240256
TR712571,ART05528539
TR361123,ART17240256
TR123175,ART17240256
TR827390,ART17240256
TR736632,ART17240256
TR393441,ART17240256
TR233963,ART17240256
TR678953,ART17240256
TR678953,ART71969350
TR736749,ART17240256
TR559203,ART17240256
TR425722,ART17240256
TR943962,ART17240256
TR427818,ART17240256
TR427818,ART71969350
TR970003,ART17240256
TR988497,ART17240256
TR261934,ART17240256
TR913632,ART17240256
TR990943,ART17240256
TR183878,ART17240256
TR183878,ART17812958
TR753166,ART17240256
TR411238,ART17240256
TR281544,ART17240256
TR249038,ART17240256
TR702413,ART17240256
TR520264,ART17240256
TR880392,ART17240256
TR195065,ART17240256
TR410821,ART17240256
TR410821,ART07127070
TR571867,ART17240256
TR145926,ART17240256
TR824652,ART17240256
TR436070,ART17240256
TR295040,ART17240256
TR569842,ART17240256
TR569842,ART63613967
TR219841,ART17240256
TR787229,ART17240256
TR535595,ART17240256
TR281334,ART17240256
TR773022,ART17240256
TR995120,ART17240256
TR782772,ART17240256
TR384111,ART17240256
TR594428,ART17240256
TR715255,ART17240256
TR427811,ART17240256
TR235567,ART17240256
TR707094,ART17240256
TR552278,ART17240256
TR100109,ART17240256
TR419369,ART17240256
TR886366,ART17240256
TR538332,ART17240256
TR883861,ART17240256
TR857306,ART17240256
TR197659,ART17240256
TR197659,ART57616402
TR462868,ART17240256
TR247437,ART17240256
TR497227,ART17240256
TR345819,ART17240256
TR492881,ART17240256
TR492881,ART57616402
TR356558,ART17240256
TR413569,ART17240256
TR754008,ART17240256
TR927894,ART17240256
TR625086,ART17240256
TR263459,ART17240256
TR241959,ART17240256
TR449511,ART17240256
TR393450,ART17240256
TR641189,ART17240256
TR107054,ART17240256
TR366953,ART17240256
TR324991,ART17240256
TR693299,ART17240256
TR873021,ART17240256
TR674129,ART17240256
TR489426,ART17240256
TR311325,ART17240256
TR820547,ART17240256
TR936760,ART17240256
TR370680,ART17240256
TR370680,ART07469279
TR728866,ART17240256
TR125665,ART17240256
TR798239,ART17240256
TR685368,ART17240256
TR667173,ART17240256
TR685295,ART17240256
TR809212,ART17240256
TR625175,ART17240256
TR158341,ART17240256
TR353662,ART17240256
TR827034,ART17240256
TR669332,ART17240256
TR983470,ART17240256
TR255172,ART17240256
TR121106,ART17240256
TR495592,ART17240256
TR451888,ART51628788
TR404719,ART51628788
TR218969,ART51628788
TR559646,ART48537029
TR939970,ART48537029
TR929666,ART48537029
TR638929,ART48537029
TR908529,ART48537029
TR416217,ART48537029
TR657342,ART48537029
TR887276,ART48537029
TR897620,ART48537029
TR357182,ART48537029
TR461758,ART48537029
TR461758,ART98118784
TR483459,ART48537029
TR405220,ART48537029
TR844214,ART48537029
TR233886,ART48537029
TR713029,ART48537029
TR342353,ART48537029
TR342353,ART91352277
TR909684,ART48537029
TR385017,ART48537029
TR724468,ART48537029
TR153713,ART48537029
TR896844,ART48537029
TR113651,ART48537029
TR973931,ART48537029
TR515505,ART48537029
TR757723,ART48537029
TR757723,ART07469279
TR456655,ART48537029
TR765073,ART48537029
TR238862,ART48537029
TR853687,ART48537029
TR761814,ART48537029
TR681105,ART48537029
TR473631,ART48537029
TR176784,ART48537029
TR412121,ART48537029
TR795453,ART48537029
TR577535,ART48537029
TR902031,ART48537029
TR989133,ART48537029
TR618193,ART48537029
TR420349,ART48537029
TR888990,ART48537029
TR647184,ART48537029
TR647184,ART07469279
TR994891,ART48537029
TR393747,ART48537029
TR735359,ART48537029
TR316279,ART48537029
TR930294,ART48537029
TR451883,ART48537029
TR245683,ART48537029
TR626172,ART48537029
TR487546,ART48537029
TR589803,ART48537029
TR674667,ART48537029
TR573940,ART48537029
TR326139,ART48537029
TR571183,ART48537029
TR448926,ART48537029
TR106934,ART48537029
TR396451,ART48537029
TR482300,ART48537029
TR393765,ART48537029
TR924604,ART48537029
TR122082,ART48537029
TR651339,ART48537029
TR971470,ART48537029
TR450922,ART48537029
TR113475,ART48537029
TR113475,ART80977821
TR980497,ART48537029
TR163591,ART48537029
TR294787,ART48537029
TR281122,ART48537029
TR888527,ART48537029
TR888527,ART73965015
TR901922,ART48537029
TR981030,ART48537029
TR852704,ART48537029
TR293075,ART48537029
TR629034,ART48537029
TR530415,ART48537029
TR696576,ART48537029
TR888249,ART48537029
TR700784,ART48537029
TR692683,ART48537029
TR381756,ART48537029
TR992688,ART48537029
TR720275,ART48537029
TR656065,ART48537029
TR918231,ART48537029
TR774058,ART48537029
TR777950,ART48537029
TR521864,ART48537029
TR852101,ART48537029
TR914703,ART48537029
TR423976,ART48537029
TR388413,ART48537029
TR110355,ART48537029
TR280741,ART48537029
TR120687,ART48537029
TR100322,ART48537029
TR754624,ART48537029
TR791890,ART48537029
TR701970,ART48537029
TR976307,ART48537029
TR169451,ART48537029
TR349647,ART48537029
TR349647,ART91352277
TR183052,ART57730937
TR383266,ART57730937
TR383266,ART85780419
TR410219,ART57730937
TR632992,ART57730937
TR226338,ART57730937
TR454904,ART57730937
TR780519,ART57730937
TR125373,ART57730937
TR556717,ART57730937
TR188603,ART57730937
TR636800,ART57730937
TR304766,ART57730937
TR249299,ART57730937
TR505059,ART57730937
TR364099,ART57730937
TR364099,ART88792008
TR364099,ART86549066
TR270343,ART57730937
TR560564,ART57730937
TR330018,ART57730937
TR233503,ART57730937
TR233503,ART02666525
TR542367,ART57730937
TR119972,ART57730937
TR113185,ART57730937
TR718104,ART57730937
TR166536,ART57730937
TR675222,ART57730937
TR325631,ART57730937
TR103881,ART57730937
TR861735,ART57730937
TR779699,ART57730937
TR693432,ART57730937
TR996426,ART57730937
TR379006,ART57730937
TR389984,ART57730937
TR126996,ART57730937
TR126996,ART66932389
TR126996,ART07127070
TR569914,ART57730937
TR569914,ART62385172
TR469418,ART57730937
TR818473,ART57730937
TR520274,ART57730937
TR420905,ART57730937
TR770576,ART57730937
TR774641,ART57730937
TR644679,ART57730937
TR644679,ART88792008
TR865489,ART57730937
TR842542,ART57730937
TR482772,ART57730937
TR482772,ART85046033
TR564628,ART57730937
TR497042,ART57730937
TR497042,ART98307962
TR527773,ART57730937
TR492196,ART57730937
TR617698,ART57730937
TR292783,ART57730937
TR292783,ART98307962
TR888144,ART57730937
TR557033,ART57730937
TR948650,ART57730937
TR347932,ART57730937
TR511439,ART57730937
TR351570,ART57730937
TR909283,ART57730937
TR764513,ART57730937
TR901322,ART57730937
TR833299,ART57730937
TR664408,ART57730937
TR928285,ART57730937
TR540503,ART57730937
TR214893,ART57730937
TR365643,ART57730937
TR814405,ART57730937
TR498532,ART57730937
TR434401,ART57730937
TR486925,ART57730937
TR162769,ART57730937
TR939303,ART57730937
TR454921,ART57730937
TR957360,ART57730937
TR524477,ART57730937
TR119304,ART57730937
TR431736,ART57730937
TR921983,ART57730937
TR372011,ART57730937
TR372011,ART73965015
TR194707,ART57730937
TR456946,ART57730937
TR325554,ART57730937
TR431009,ART57730937
TR625144,ART57730937
TR398922,ART57730937
TR300770,ART57730937
TR182353,ART57730937
TR169263,ART57730937
TR937793,ART57730937
TR248349,ART57730937
TR288478,ART57730937
TR318814,ART57730937
TR596200,ART57730937
TR944903,ART57730937
TR993950,ART57730937
TR245367,ART57730937
TR785490,ART57730937
TR276892,ART57730937
TR781460,ART57730937
TR394156,ART57730937
TR595249,ART57730937
TR193950,ART57730937
TR224020,ART57730937
TR177719,ART57730937
TR277249,ART57730937
TR765173,ART57730937
TR652749,ART57730937
TR591971,ART57730937
TR824944,ART57730937
TR818353,ART57730937
TR427068,ART57730937
TR448421,ART57730937
TR448421,ART25707984
TR251805,ART57730937
TR504503,ART57730937
TR718090,ART57730937
TR747981,ART57730937
TR898853,ART57730937
TR898853,ART56320683
TR558083,ART57730937
TR280635,ART57730937
TR769443,ART57730937
TR720449,ART57730937
TR720449,ART91352277
TR720449,ART80977821
TR488409,ART57730937
TR231328,ART57730937
TR138164,ART57730937
TR545783,ART57730937
TR436692,ART57730937
TR917291,ART57730937
TR587882,ART57730937
TR587882,ART48537029
TR224447,ART57730937
TR557733,ART57730937
TR582411,ART57730937
TR742846,ART57730937
TR852974,ART57730937
TR967853,ART57730937
TR967853,ART98118784
TR614751,ART57730937
TR443940,ART57730937
TR817208,ART57730937
TR453932,ART57730937
TR326275,ART57730937
TR261539,ART57730937
TR422083,ART57730937
TR364379,ART57730937
TR281444,ART57730937
TR260357,ART57730937
TR332272,ART57730937
TR711913,ART57730937
TR761195,ART57730937
TR837817,ART57730937
TR741248,ART57730937
TR500954,ART57730937
TR971741,ART57730937
TR895787,ART57730937
TR152637,ART57730937
TR346332,ART57730937
TR403619,ART57730937
TR342370,ART57730937
TR484906,ART57730937
TR595069,ART57730937
TR950275,ART57730937
TR206410,ART57730937
TR128736,ART57730937
TR290825,ART57730937
TR977539,ART57730937
TR982484,ART57730937
TR507057,ART57730937
TR929544,ART57730937
TR231932,ART57730937
TR580853,ART57730937
TR190959,ART57730937
TR591293,ART57730937
TR503441,ART57730937
TR552211,ART57730937
TR779722,ART14073567
TR122045,ART14073567
TR168014,ART14073567
TR489662,ART14073567
TR867921,ART14073567
TR427782,ART14073567
TR443655,ART14073567
TR392289,ART14073567
TR285284,ART14073567
TR293661,ART14073567
TR639014,ART14073567
TR924722,ART14073567
TR688225,ART14073567
TR941836,ART42220690
TR865167,ART42220690
TR463505,ART88792008
TR385845,ART88792008
TR306216,ART88792008
TR908019,ART88792008
TR908019,ART74676403
TR394661,ART88792008
TR394661,ART25707984
TR781601,ART88792008
TR599799,ART88792008
TR599799,ART39344115
TR205294,ART88792008
TR470088,ART88792008
TR636815,ART88792008
TR861477,ART88792008
TR332128,ART88792008
TR332128,ART02733420
TR414415,ART88792008
TR138806,ART88792008
TR909588,ART88792008
TR844270,ART88792008
TR567215,ART88792008
TR641915,ART88792008
TR641915,ART74676403
TR832877,ART88792008
TR166825,ART88792008
TR166825,ART89596800
TR871925,ART88792008
TR871925,ART07127070
TR871925,ART12092805
TR871925,ART51721248
TR502899,ART88792008
TR560031,ART88792008
TR192351,ART88792008
TR211418,ART88792008
TR993322,ART88792008
TR747523,ART88792008
TR747523,ART57730937
TR227116,ART88792008
TR792870,ART88792008
TR792870,ART51721248
TR930570,ART88792008
TR930570,ART76284946
TR951520,ART88792008
TR951520,ART86549066
TR493403,ART88792008
TR493403,ART86549066
TR971092,ART88792008
TR422785,ART88792008
TR107583,ART88792008
TR924898,ART88792008
TR331751,ART88792008
TR560054,ART88792008
TR560054,ART07127070
TR560054,ART83631935
TR792749,ART88792008
TR529046,ART88792008
TR284568,ART88792008
TR719708,ART88792008
TR165899,ART88792008
TR896289,ART88792008
TR896289,ART48622722
TR107295,ART88792008
TR460079,ART88792008
TR580218,ART88792008
TR491816,ART88792008
TR491816,ART86549066
TR839157,ART88792008
TR982684,ART88792008
TR982684,ART17812958
TR331328,ART88792008
TR697800,ART88792008
TR697800,ART57616402
TR578635,ART88792008
TR661180,ART88792008
TR659920,ART88792008
TR348740,ART88792008
TR729753,ART88792008
TR462551,ART88792008
TR240808,ART88792008
TR579261,ART88792008
TR692101,ART88792008
TR953514,ART88792008
TR585084,ART88792008
TR227599,ART88792008
TR667515,ART88792008
TR426786,ART88792008
TR460611,ART88792008
TR692488,ART88792008
TR450142,ART88792008
TR400694,ART88792008
TR512388,ART88792008
TR309855,ART52349448
TR176514,ART52349448
TR598033,ART52349448
TR351439,ART52349448
TR264261,ART52349448
TR203806,ART52349448
TR739275,ART52349448
TR826415,ART52349448
TR142881,ART52349448
TR306828,ART52349448
TR656528,ART52349448
TR679586,ART52349448
TR125521,ART52349448
TR540283,ART52349448
TR920364,ART52349448
TR702642,ART52349448
TR265497,ART52349448
TR464791,ART52349448
TR798946,ART52349448
TR920831,ART52349448
TR663421,ART52349448
TR749759,ART52349448
TR809354,ART52349448
TR111451,ART52349448
TR519117,ART52349448
TR355490,ART52349448
TR334044,ART52349448
TR131697,ART52349448
TR109608,ART52349448
TR138599,ART71515715
TR645311,ART71515715
TR832589,ART71515715
TR133830,ART71515715
TR835413,ART71515715
TR857686,ART71515715
TR733391,ART71515715
TR315204,ART71515715
TR577214,ART71515715
TR551232,ART71515715
TR837813,ART71515715
TR316192,ART71515715
TR490797,ART07469279
TR963289,ART07469279
TR272593,ART07469279
TR621222,ART07469279
TR886666,ART07469279
TR876043,ART07469279
TR985363,ART07469279
TR754294,ART07469279
TR865985,ART07469279
TR756531,ART07469279
TR855184,ART07469279
TR451011,ART07469279
TR926707,ART07469279
TR250222,ART07469279
TR999337,ART07469279
TR369933,ART07469279
TR712311,ART07469279
TR113113,ART07469279
TR856634,ART07469279
TR528222,ART07469279
TR151801,ART07469279
TR418905,ART07469279
TR501095,ART07469279
TR427275,ART07469279
TR105403,ART07469279
TR528961,ART07469279
TR252754,ART07469279
TR603875,ART07469279
TR498405,ART07469279
TR281742,ART07469279
TR540591,ART07469279
TR871375,ART07469279
TR665670,ART07469279
TR630832,ART07469279
TR677792,ART07469279
TR816838,ART07469279
TR931334,ART07469279
TR808361,ART07469279
TR370536,ART07469279
TR947835,ART07469279
TR384445,ART07469279
TR275557,ART07469279
TR760065,ART07469279
TR760065,ART73965015
TR984145,ART07469279
TR923118,ART07469279
TR316439,ART07469279
TR794418,ART07469279
TR243817,ART07469279
TR743448,ART07469279
TR771129,ART07469279
TR117592,ART07469279
TR117592,ART57616402
TR965738,ART07469279
TR399230,ART07469279
TR213881,ART07469279
TR213881,ART80977821
TR631201,ART07469279
TR961239,ART07469279
TR791364,ART07469279
TR732317,ART07469279
TR736033,ART07469279
TR736033,ART80977821
TR131553,ART07469279
TR965898,ART07469279
TR965898,ART48537029
TR171773,ART07469279
TR518875,ART07469279
TR877733,ART07469279
TR727632,ART07469279
TR743528,ART07469279
TR773667,ART07469279
TR883129,ART07469279
TR607595,ART07469279
TR629436,ART07469279
TR686630,ART07469279
TR686630,ART57616402
TR206970,ART07469279
TR718275,ART07469279
TR864854,ART07469279
TR433128,ART07469279
TR233848,ART07469279
TR765858,ART07469279
TR769559,ART07469279
TR262120,ART07469279
TR395554,ART07469279
TR408052,ART07469279
TR765318,ART07469279
TR623857,ART07469279
TR397871,ART07469279
TR139554,ART07469279
TR110395,ART07469279
TR434590,ART07469279
TR324818,ART07469279
TR198513,ART07469279
TR571175,ART07469279
TR986147,ART07469279
TR929889,ART07469279
TR448667,ART74676403
TR708641,ART74676403
TR708641,ART87162895
TR350315,ART74676403
TR556383,ART74676403
TR556383,ART87162895
TR325861,ART74676403
TR325861,ART39344115
TR208984,ART74676403
TR208984,ART57242110
TR482747,ART74676403
TR692813,ART74676403
TR902868,ART74676403
TR902868,ART85780419
TR810856,ART74676403
TR810856,ART76284946
TR399628,ART74676403
TR399628,ART88026810
TR314110,ART74676403
TR314110,ART20729624
TR903748,ART74676403
TR937516,ART74676403
TR937516,ART48622722
TR792524,ART74676403
TR621869,ART74676403
TR621869,ART25707984
TR484229,ART74676403
TR546369,ART74676403
TR925727,ART74676403
TR417961,ART74676403
TR812512,ART74676403
TR657462,ART74676403
TR307424,ART74676403
TR602241,ART74676403
TR444405,ART74676403
TR877428,ART74676403
TR148280,ART74676403
TR416914,ART74676403
TR899952,ART74676403
TR267393,ART74676403
TR530803,ART74676403
TR932820,ART74676403
TR584975,ART74676403
TR458604,ART74676403
TR458604,ART04205421
TR385547,ART74676403
TR545009,ART74676403
TR491043,ART74676403
TR979381,ART74676403
TR773327,ART74676403
TR124813,ART74676403
TR936556,ART74676403
TR723576,ART74676403
TR233192,ART74676403
TR719644,ART74676403
TR328002,ART74676403
TR132847,ART74676403
TR789099,ART74676403
TR717071,ART74676403
TR718602,ART74676403
TR574634,ART74676403
TR785396,ART74676403
TR843100,ART74676403
TR513321,ART74676403
TR513321,ART57242110
TR884911,ART74676403
TR132614,ART74676403
TR583094,ART74676403
TR631144,ART74676403
TR538194,ART74676403
TR999922,ART74676403
TR595216,ART08302616
TR595216,ART70825116
TR515395,ART08302616
TR664204,ART08302616
TR232498,ART08302616
TR574666,ART08302616
TR605233,ART08302616
TR445948,ART08302616
TR656966,ART08302616
TR244255,ART08302616
TR559785,ART08302616
TR413812,ART08302616
TR413812,ART64850829
TR547447,ART08302616
TR142582,ART08302616
TR101919,ART08302616
TR247450,ART08302616
TR333436,ART08302616
TR652419,ART08302616
TR373707,ART08302616
TR957443,ART08302616
TR426213,ART08302616
TR426213,ART39344115
TR368292,ART08302616
TR580691,ART08302616
TR772702,ART08302616
TR172345,ART08302616
TR172345,ART88026810
TR337598,ART08302616
TR382336,ART08302616
TR371387,ART08302616
TR304026,ART08302616
TR372564,ART08302616
TR225697,ART08302616
TR952777,ART08302616
TR413834,ART08302616
TR137788,ART08302616
TR148262,ART08302616
TR789568,ART08302616
TR686820,ART08302616
TR778463,ART08302616
TR761194,ART08302616
TR183819,ART08302616
TR572337,ART08302616
TR572337,ART70825116
TR502272,ART08302616
TR344878,ART08302616
TR764856,ART08302616
TR239723,ART08302616
TR239723,ART83125571
TR239723,ART74676403
TR596420,ART08302616
TR585393,ART08302616
TR583353,ART08302616
TR542044,ART08302616
TR754738,ART08302616
TR467976,ART08302616
TR975972,ART08302616
TR520128,ART08302616
TR996422,ART08302616
TR516774,ART08302616
TR726762,ART08302616
TR722945,ART08302616
TR839302,ART08302616
TR374959,ART08302616
TR149652,ART08302616
TR427150,ART08302616
TR214129,ART08302616
TR297714,ART08302616
TR102674,ART08302616
TR544001,ART08302616
TR624941,ART08302616
TR213172,ART08302616
TR646871,ART08302616
TR370464,ART08302616
TR873238,ART08302616
TR216316,ART08302616
TR500693,ART08302616
TR539308,ART08302616
TR139595,ART08302616
TR112774,ART08302616
TR624899,ART08302616
TR227957,ART08302616
TR851740,ART08302616
TR176124,ART08302616
TR294526,ART08302616
TR482146,ART08302616
TR843076,ART08302616
TR269908,ART08302616
TR444478,ART08302616
TR932217,ART08302616
TR729748,ART08302616
TR375734,ART87497821
TR347049,ART87497821
TR763689,ART87497821
TR763689,ART09119396
TR526748,ART87497821
TR220191,ART87497821
TR101698,ART87497821
TR398127,ART87497821
TR540259,ART87497821
TR986287,ART87497821
TR655928,ART87497821
TR696286,ART87497821
TR374577,ART87497821
TR374577,ART02733420
TR954458,ART87497821
TR299525,ART87497821
TR941998,ART87497821
TR470591,ART87497821
TR470591,ART87162895
TR620661,ART87497821
TR885564,ART87497821
TR516733,ART87497821
TR516733,ART02733420
TR516733,ART05528539
TR784141,ART87497821
TR784141,ART02733420
TR339275,ART87497821
TR296439,ART87497821
TR898138,ART87497821
TR898138,ART85780419
TR216375,ART87497821
TR470247,ART87497821
TR470247,ART39344115
TR470247,ART64850829
TR167786,ART87497821
TR606466,ART87497821
TR624359,ART87497821
TR126989,ART87497821
TR962127,ART87497821
TR745907,ART87497821
TR518823,ART87497821
TR828715,ART87497821
TR574957,ART87497821
TR357563,ART87497821
TR786619,ART87497821
TR741501,ART87497821
TR731398,ART87497821
TR174541,ART87497821
TR310123,ART87497821
TR875393,ART87497821
TR305952,ART87497821
TR629091,ART87497821
TR709512,ART87497821
TR974036,ART87497821
TR783144,ART87497821
TR674940,ART87497821
TR458975,ART87497821
TR458975,ART02733420
TR458975,ART87162895
TR894366,ART87497821
TR148522,ART87497821
TR544505,ART87497821
TR544505,ART88026810
TR544505,ART57242110
TR967870,ART87497821
TR879978,ART87497821
TR458945,ART87497821
TR709966,ART87497821
TR777489,ART87497821
TR777489,ART85780419
TR173013,ART87497821
TR799066,ART87497821
TR538309,ART87497821
TR407821,ART87497821
TR999926,ART87497821
TR156309,ART87497821
TR724104,ART87497821
TR237947,ART87497821
TR972480,ART87497821
TR787970,ART87497821
TR885144,ART87497821
TR992464,ART87497821
TR228884,ART87497821
TR145577,ART87497821
TR977345,ART87497821
TR895346,ART87497821
TR967838,ART87497821
TR366391,ART87497821
TR905589,ART87497821
TR524750,ART87497821
TR997454,ART87497821
TR590832,ART87497821
TR573549,ART87497821
TR426438,ART87497821
TR269346,ART87497821
TR515675,ART87497821
TR845424,ART87497821
TR267156,ART87497821
TR267156,ART53496045
TR538535,ART87497821
TR538535,ART70825116
TR115275,ART87497821
TR852256,ART87497821
TR374638,ART87497821
TR262296,ART87497821
TR554067,ART87497821
TR292097,ART87497821
TR223076,ART87497821
TR502678,ART87497821
TR678697,ART87497821
TR948467,ART87497821
TR616930,ART87497821
TR171471,ART87497821
TR436364,ART87497821
TR629861,ART87497821
TR629861,ART70825116
TR735293,ART87497821
TR124496,ART87497821
TR695604,ART87497821
TR980951,ART87497821
TR523962,ART87497821
TR523962,ART83125571
TR630141,ART87497821
TR354188,ART87497821
TR191906,ART87497821
TR187725,ART87497821
TR884968,ART87497821
TR694245,ART87497821
TR272836,ART87497821
TR400898,ART87497821
TR579276,ART87497821
TR579276,ART76284946
TR485347,ART87497821
TR749006,ART87497821
TR719433,ART87497821
TR733821,ART87497821
TR736330,ART87497821
TR643399,ART87497821
TR597247,ART87497821
TR758361,ART87497821
TR485585,ART87497821
TR358920,ART87497821
TR805047,ART87497821
TR544949,ART87497821
TR289476,ART87497821
TR270467,ART87497821
TR844538,ART87497821
TR490838,ART87497821
TR760205,ART87497821
TR226953,ART87497821
TR833403,ART87497821
TR438113,ART87497821
TR107983,ART87497821
TR229272,ART87497821
TR869463,ART87497821
TR527872,ART73965015
TR336955,ART73965015
TR749725,ART73965015
TR627743,ART73965015
TR651800,ART73965015
TR768854,ART73965015
TR496656,ART73965015
TR476060,ART73965015
TR754038,ART73965015
TR181096,ART73965015
TR458685,ART73965015
TR992238,ART73965015
TR287512,ART73965015
TR618864,ART73965015
TR646039,ART73965015
TR679972,ART73965015
TR274925,ART73965015
TR135764,ART73965015
TR209942,ART73965015
TR263495,ART73965015
TR786291,ART73965015
TR319313,ART73965015
TR845571,ART73965015
TR992097,ART73965015
TR774677,ART73965015
TR677107,ART73965015
TR426500,ART73965015
TR592898,ART73965015
TR244785,ART73965015
TR368597,ART73965015
TR839680,ART73965015
TR208744,ART73965015
TR870935,ART73965015
TR381627,ART73965015
TR232809,ART73965015
TR837198,ART73965015
TR227572,ART73965015
TR383445,ART73965015
TR186081,ART73965015
TR473366,ART73965015
TR483411,ART73965015
TR578301,ART73965015
TR420313,ART73965015
TR640362,ART73965015
TR359221,ART73965015
TR558613,ART73965015
TR775675,ART73965015
TR382866,ART73965015
TR275443,ART73965015
TR623727,ART73965015
TR754788,ART73965015
TR609064,ART73965015
TR360515,ART73965015
TR360953,ART73965015
TR846383,ART73965015
TR947013,ART73965015
TR137460,ART73965015
TR610064,ART73965015
TR601405,ART73965015
TR504967,ART73965015
TR944321,ART73965015
TR840496,ART73965015
TR976198,ART73965015
TR386162,ART73965015
TR840992,ART73965015
TR820243,ART73965015
TR656050,ART73965015
TR642806,ART73965015
TR594550,ART73965015
TR553934,ART73965015
TR465096,ART73965015
TR705460,ART73965015
TR352143,ART73965015
TR677994,ART73965015
TR496713,ART73965015
TR643415,ART73965015
TR460967,ART73965015
TR982039,ART73965015
TR116118,ART73965015
TR474153,ART73965015
TR732440,ART73965015
TR630082,ART73965015
TR953976,ART73965015
TR369931,ART73965015
TR553104,ART73965015
TR553104,ART71969350
TR553104,ART48537029
TR696450,ART73965015
TR408178,ART73965015
TR269843,ART73965015
TR182594,ART73965015
TR224443,ART73965015
TR281121,ART73965015
TR980429,ART73965015
TR980429,ART48537029
TR425384,ART73965015
TR422359,ART73965015
TR563285,ART73965015
TR505148,ART73965015
TR794489,ART73965015
TR202792,ART73965015
TR592717,ART73965015
TR333951,ART73965015
TR454150,ART73965015
TR698280,ART73965015
TR845539,ART73965015
TR721270,ART73965015
TR171180,ART73965015
TR235126,ART73965015
TR440795,ART73965015
TR798026,ART73965015
TR657382,ART73965015
TR791475,ART73965015
TR277887,ART73965015
TR767405,ART73965015
TR407507,ART73965015
TR933898,ART73965015
TR959397,ART73965015
TR306545,ART73965015
TR551037,ART73965015
TR210886,ART73965015
TR832681,ART73965015
TR751448,ART73965015
TR187249,ART73965015
TR813730,ART73965015
TR304105,ART73965015
TR808632,ART73965015
TR201620,ART73965015
TR289320,ART73965015
TR844219,ART73965015
TR846542,ART73965015
TR937164,ART73965015
TR484750,ART73965015
TR848588,ART73965015
TR502398,ART73965015
TR859529,ART73965015
TR990892,ART73965015
TR765769,ART73965015
TR848447,ART73965015
TR866993,ART73965015
TR445120,ART73965015
TR395040,ART73965015
TR947816,ART73965015
TR611034,ART73965015
TR464376,ART73965015
TR529315,ART73965015
TR939512,ART73965015
TR266893,ART73965015
TR946356,ART73965015
TR769262,ART73965015
TR713502,ART73965015
TR462336,ART73965015
TR591168,ART73965015
TR890254,ART73965015
TR445699,ART73965015
TR196345,ART73965015
TR720455,ART73965015
TR896706,ART73965015
TR103370,ART73965015
TR899760,ART73965015
TR867908,ART73965015
TR582930,ART73965015
TR603669,ART73965015
TR565534,ART73965015
TR765241,ART73965015
TR481001,ART73965015
TR904949,ART73965015
TR166677,ART73965015
TR491107,ART73965015
TR837415,ART73965015
TR406304,ART73965015
TR339521,ART73965015
TR648658,ART73965015
TR682976,ART73965015
TR946669,ART73965015
TR277099,ART73965015
TR691321,ART73965015
TR656460,ART73965015
TR624319,ART73965015
TR224608,ART73965015
TR774514,ART73965015
TR502973,ART75741740
TR666846,ART75741740
TR666846,ART85780419
TR752562,ART75741740
TR900883,ART75741740
TR664946,ART75741740
TR902052,ART75741740
TR567383,ART75741740
TR408306,ART75741740
TR425291,ART75741740
TR448850,ART75741740
TR974603,ART75741740
TR323384,ART75741740
TR323384,ART79325822
TR356108,ART75741740
TR356108,ART25707984
TR356108,ART17240256
TR572038,ART75741740
TR254626,ART75741740
TR727691,ART75741740
TR822379,ART75741740
TR857471,ART75741740
TR215097,ART75741740
TR103013,ART75741740
TR379186,ART75741740
TR654742,ART75741740
TR379787,ART75741740
TR136753,ART75741740
TR722203,ART75741740
TR415254,ART75741740
TR500622,ART75741740
TR698475,ART75741740
TR974461,ART75741740
TR368517,ART75741740
TR325758,ART75741740
TR327271,ART75741740
TR695879,ART75741740
TR354852,ART75741740
TR231911,ART75741740
TR937172,ART75741740
TR463966,ART75741740
TR463966,ART88792008
TR284353,ART75741740
TR348136,ART75741740
TR786152,ART75741740
TR794725,ART75741740
TR927155,ART75741740
TR985857,ART75741740
TR937876,ART75741740
TR445842,ART75741740
TR445842,ART63613967
TR171437,ART75741740
TR551110,ART75741740
TR851942,ART75741740
TR508763,ART75741740
TR605465,ART75741740
TR283307,ART75741740
TR978015,ART75741740
TR972778,ART75741740
TR423812,ART75741740
TR885449,ART75741740
TR593055,ART75741740
TR593055,ART79325822
TR510680,ART75741740
TR882368,ART75741740
TR882368,ART52272796
TR982072,ART75741740
TR158793,ART75741740
TR804246,ART75741740
TR386841,ART75741740
TR748980,ART75741740
TR664788,ART75741740
TR847692,ART75741740
TR125643,ART75741740
TR552465,ART75741740
TR719912,ART75741740
TR876190,ART75741740
TR972804,ART75741740
TR595234,ART75741740
TR691181,ART75741740
TR283474,ART75741740
TR283474,ART79325822
TR988233,ART75741740
TR324410,ART75741740
TR359755,ART75741740
TR491993,ART75741740
TR893693,ART75741740
TR352777,ART75741740
TR636283,ART75741740
TR444923,ART75741740
TR136199,ART75741740
TR365029,ART75741740
TR434027,ART75741740
TR316424,ART75741740
TR764899,ART75741740
TR786972,ART75741740
TR850080,ART75741740
TR537587,ART75741740
TR999898,ART75741740
TR672026,ART75741740
TR308788,ART75741740
TR591192,ART75741740
TR542786,ART75741740
TR304282,ART75741740
TR114174,ART75741740
TR444213,ART75741740
TR275810,ART75741740
TR358321,ART75741740
TR991966,ART75741740
TR156869,ART75741740
TR591881,ART75741740
TR916089,ART75741740
TR530675,ART75741740
TR673318,ART75741740
TR176967,ART75741740
TR423436,ART75741740
TR937665,ART75741740
TR937665,ART79325822
TR393877,ART75741740
TR701196,ART75741740
TR457962,ART75741740
TR821180,ART75741740
TR650109,ART75741740
TR700254,ART75741740
TR244186,ART75741740
TR925824,ART75741740
TR461800,ART75741740
TR520782,ART75741740
TR903275,ART75741740
TR436272,ART75741740
TR212790,ART75741740
TR346272,ART75741740
TR844211,ART75741740
TR459600,ART75741740
TR894937,ART75741740
TR819873,ART75741740
TR899240,ART75741740
TR510976,ART75741740
TR818382,ART75741740
TR772482,ART75741740
TR747538,ART75741740
TR245362,ART75741740
TR556661,ART75741740
TR716382,ART75741740
TR513688,ART75741740
TR301588,ART75741740
TR263841,ART75741740
TR329324,ART75741740
TR332748,ART75741740
TR274886,ART75741740
TR433393,ART75741740
TR540919,ART75741740
TR933909,ART75741740
TR321374,ART75741740
TR887543,ART75741740
TR178689,ART75741740
TR697838,ART75741740
TR248974,ART75741740
TR292128,ART75741740
TR983804,ART75741740
TR421131,ART75741740
TR208132,ART75741740
TR859656,ART75741740
TR599386,ART75741740
TR863562,ART75741740
TR501665,ART75741740
TR329724,ART75741740
TR514068,ART75741740
TR142400,ART75741740
TR518279,ART52272796
TR996180,ART52272796
TR395546,ART52272796
TR721669,ART52272796
TR578728,ART52272796
TR625294,ART52272796
TR861964,ART52272796
TR966887,ART52272796
TR235538,ART52272796
TR235538,ART78209349
TR967856,ART52272796
TR412488,ART52272796
TR151040,ART52272796
TR729807,ART52272796
TR468877,ART52272796
TR749625,ART52272796
TR749625,ART07127070
TR752381,ART52272796
TR535086,ART52272796
TR925952,ART52272796
TR925952,ART25707984
TR960201,ART52272796
TR652049,ART52272796
TR219874,ART52272796
TR966683,ART52272796
TR966683,ART85046033
TR519010,ART52272796
TR548126,ART52272796
TR419301,ART52272796
TR455097,ART52272796
TR539448,ART52272796
TR539448,ART25707984
TR485812,ART52272796
TR860324,ART52272796
TR599026,ART52272796
TR880884,ART52272796
TR491025,ART52272796
TR991077,ART52272796
TR991077,ART46711784
TR279791,ART52272796
TR517096,ART52272796
TR267751,ART52272796
TR263508,ART52272796
TR252498,ART52272796
TR807996,ART52272796
TR807996,ART73965015
TR727867,ART52272796
TR415787,ART52272796
TR841445,ART52272796
TR701626,ART52272796
TR355098,ART52272796
TR768941,ART52272796
TR963213,ART52272796
TR363488,ART52272796
TR604152,ART52272796
TR801011,ART52272796
TR435691,ART52272796
TR682520,ART52272796
TR517834,ART52272796
TR233861,ART52272796
TR212753,ART52272796
TR212753,ART17240256
TR508620,ART52272796
TR834246,ART52272796
TR333551,ART52272796
TR789078,ART52272796
TR781060,ART52272796
TR292480,ART52272796
TR930012,ART52272796
TR999778,ART52272796
TR682877,ART52272796
TR454967,ART52272796
TR732784,ART52272796
TR587652,ART52272796
TR950263,ART52272796
TR219490,ART52272796
TR379950,ART52272796
TR273712,ART52272796
TR238511,ART52272796
TR879709,ART52272796
TR732563,ART52272796
TR266859,ART52272796
TR304841,ART52272796
TR540972,ART52272796
TR296139,ART52272796
TR322321,ART52272796
TR408802,ART52272796
TR621119,ART52272796
TR316942,ART52272796
TR716382,ART52272796
TR549036,ART52272796
TR784203,ART52272796
TR613224,ART52272796
TR975356,ART52272796
TR975801,ART52272796
TR321464,ART52272796
TR149394,ART52272796
TR749499,ART52272796
TR181555,ART52272796
TR188431,ART52272796
TR406699,ART52272796
TR657929,ART52272796
TR465077,ART52272796
TR193746,ART52272796
TR796688,ART52272796
TR305204,ART52272796
TR241630,ART52272796
TR525507,ART52272796
TR664736,ART52272796
TR106804,ART52272796
TR699575,ART52272796
TR136575,ART52272796
TR832044,ART52272796
TR297767,ART52272796
TR882212,ART52272796
TR742153,ART52272796
TR585659,ART52272796
TR771139,ART52272796
TR683909,ART52272796
TR447083,ART52272796
TR138637,ART52272796
TR308085,ART52272796
TR596538,ART52272796
TR303101,ART52272796
TR128819,ART52272796
TR943681,ART52272796
TR590881,ART52272796
TR586983,ART52272796
TR865520,ART52272796
TR254090,ART52272796
TR658102,ART52272796
TR895238,ART52272796
TR920497,ART52272796
TR936960,ART52272796
TR167355,ART52272796
TR260929,ART52272796
TR508800,ART52272796
TR584738,ART52272796
TR706885,ART52272796
TR932816,ART52272796
TR810076,ART52272796
TR529741,ART52272796
TR941819,ART52272796
TR416509,ART52272796
TR347592,ART52272796
TR237970,ART52272796
TR233383,ART52272796
TR757999,ART52272796
TR321383,ART52272796
TR410952,ART52272796
TR362904,ART52272796
TR968335,ART52272796
TR219707,ART52272796
TR125935,ART52272796
TR731604,ART52272796
TR887843,ART52272796
TR_408376,ART31005348
TR_519170,ART31005348
TR_771768,ART31005348
TR_881302,ART31005348
TR_122537,ART31005348
TR_754398,ART31005348
TR_503941,ART31005348
TR_705072,ART31005348
TR_423656,ART31005348
TR_255439,ART31005348
TR_197468,ART31005348
TR_178115,ART31005348
TR_123558,ART31005348
TR_120588,ART31005348
TR_670088,ART31005348
TR_813952,ART31005348
TR_693169,ART31005348
TR_985675,ART31005348
TR_223826,ART31005348
TR_348044,ART31005348
TR_947566,ART31005348
TR_577946,ART31005348
TR_216004,ART31005348
TR_847605,ART31005348
TR_537310,ART31005348
TR_363278,ART31005348
TR_649772,ART31005348
TR_688414,ART31005348
TR_955925,ART31005348
TR_670292,ART31005348
TR_268445,ART31005348
TR_465192,ART31005348
TR_669006,ART31005348
TR_891224,ART31005348
TR_379799,ART31005348
TR_555224,ART31005348
TR_530978,ART31005348
TR_529965,ART31005348
TR_832454,ART31005348
TR_669336,ART31005348
TR_707154,ART31005348
TR_593750,ART31005348
TR_209885,ART31005348
TR_857820,ART31005348
TR_451898,ART31005348
TR_714723,ART31005348
TR_810654,ART31005348
TR_178795,ART31005348
TR_418296,ART31005348
TR_563139,ART31005348
TR_521479,ART31005348
TR_158645,ART31005348
TR_504327,ART31005348
TR_251708,ART31005348
TR_672575,ART31005348
TR_799732,ART31005348
TR_916832,ART31005348
TR_751449,ART31005348
TR_265640,ART31005348
TR_906700,ART31005348
TR_391190,ART31005348
TR_306993,ART31005348
TR_476491,ART31005348
TR_532342,ART31005348
TR_674616,ART31005348
TR_973011,ART31005348
TR_821623,ART31005348
TR_439025,ART31005348
TR_648713,ART31005348
TR_440518,ART31005348
TR_502103,ART31005348
TR_912356,ART31005348
TR_388067,ART31005348
TR891491,ART85780419
TR652606,ART85780419
TR957836,ART85780419
TR807542,ART85780419
TR807542,ART87497821
TR418134,ART85780419
TR633898,ART85780419
TR557745,ART85780419
TR410035,ART85780419
TR945379,ART85780419
TR945379,ART70825116
TR902095,ART85780419
TR932430,ART85780419
TR867441,ART85780419
TR995294,ART85780419
TR677007,ART85780419
TR677007,ART39344115
TR319877,ART85780419
TR776706,ART85780419
TR174614,ART85780419
TR885147,ART85780419
TR439556,ART85780419
TR712897,ART85780419
TR712897,ART83125571
TR921757,ART85780419
TR921757,ART89596800
TR956741,ART85780419
TR462294,ART85780419
TR154838,ART85780419
TR542712,ART85780419
TR464818,ART85780419
TR464818,ART89596800
TR464818,ART87497821
TR165458,ART85780419
TR267026,ART85780419
TR267026,ART87497821
TR127507,ART85780419
TR399960,ART85780419
TR750334,ART85780419
TR618308,ART85780419
TR886247,ART85780419
TR324618,ART85780419
TR172785,ART85780419
TR172785,ART64850829
TR984393,ART85780419
TR196938,ART85780419
TR505182,ART85780419
TR279448,ART85780419
TR279448,ART76284946
TR847682,ART85780419
TR962625,ART85780419
TR962625,ART83125571
TR494325,ART85780419
TR757765,ART85780419
TR757765,ART63613967
TR574159,ART85780419
TR994297,ART85780419
TR119234,ART85780419
TR506031,ART85780419
TR472221,ART85780419
TR958425,ART85780419
TR240632,ART85780419
TR516171,ART85780419
TR968793,ART85780419
TR428708,ART85780419
TR264558,ART85780419
TR615866,ART85780419
TR948209,ART85780419
TR679460,ART85780419
TR370418,ART85780419
TR433251,ART85780419
TR662585,ART85780419
TR639941,ART85780419
TR639941,ART02733420
TR282839,ART85780419
TR426670,ART85780419
TR613429,ART85780419
TR613429,ART85046033
TR613429,ART40433104
TR229688,ART85780419
TR403260,ART85780419
TR740057,ART85780419
TR852886,ART85780419
TR895573,ART85780419
TR771985,ART85780419
TR247701,ART85780419
TR564128,ART85780419
TR601891,ART85780419
TR755939,ART85780419
TR755939,ART87162895
TR187689,ART85780419
TR529418,ART85780419
TR529418,ART48622722
TR467301,ART85780419
TR170159,ART85780419
TR782237,ART85780419
TR624183,ART85780419
TR591541,ART85780419
TR591541,ART70825116
TR487165,ART85780419
TR487165,ART51721248
TR808057,ART85780419
TR492233,ART85780419
TR837117,ART85780419
TR296505,ART85780419
TR296505,ART89596800
TR820391,ART85780419
TR964632,ART85780419
TR964632,ART39344115
TR159831,ART85780419
TR118137,ART85780419
TR549816,ART85780419
TR549816,ART57242110
TR283843,ART85780419
TR901690,ART85780419
TR485934,ART85780419
TR463662,ART85780419
TR431505,ART85780419
TR297746,ART85780419
TR915680,ART85780419
TR227853,ART85780419
TR608524,ART85780419
TR608524,ART89596800
TR295256,ART85780419
TR123739,ART85780419
TR346766,ART85780419
TR352702,ART85780419
TR993789,ART85780419
TR973458,ART85780419
TR334822,ART85780419
TR285713,ART85780419
TR518220,ART85780419
TR754784,ART85780419
TR964895,ART85780419
TR968549,ART85780419
TR424996,ART85780419
TR159341,ART85780419
TR314992,ART85780419
TR437427,ART85780419
TR220057,ART85780419
TR589284,ART85780419
TR409308,ART85780419
TR935050,ART85780419
TR270583,ART85780419
TR402326,ART85780419
TR695735,ART85780419
TR637591,ART85780419
TR412627,ART85780419
TR280089,ART85780419
TR905411,ART85780419
TR646929,ART85780419
TR700155,ART85780419
TR104869,ART85780419
TR573032,ART85780419
TR864005,ART85780419
TR423455,ART85780419
TR442170,ART85780419
TR731836,ART85780419
TR592461,ART27304446
TR793611,ART27304446
TR542769,ART27304446
TR909373,ART27304446
TR766443,ART27304446
TR234801,ART27304446
TR615053,ART27304446
TR384230,ART27304446
TR603257,ART27304446
TR685898,ART27304446
TR978628,ART27304446
TR167552,ART27304446
TR813819,ART27304446
TR534364,ART27304446
TR194395,ART27304446
TR161342,ART27304446
TR461697,ART27304446
TR350177,ART27304446
TR481633,ART27304446
TR161146,ART27304446
TR264144,ART27304446
TR925883,ART27304446
TR632441,ART27304446
TR401536,ART27304446
TR708413,ART27304446
TR919280,ART27304446
TR349974,ART27304446
TR845320,ART27304446
TR920735,ART27304446
TR344823,ART27304446
TR935155,ART27304446
TR278661,ART27304446
TR366613,ART27304446
TR948872,ART27304446
TR999510,ART27304446
TR138450,ART27304446
TR713293,ART27304446
TR885079,ART27304446
TR258741,ART27304446
TR389612,ART27304446
TR968771,ART27304446
TR133264,ART27304446
TR139837,ART27304446
TR741689,ART27304446
TR881498,ART27304446
TR928874,ART27304446
TR451278,ART27304446
TR605147,ART27304446
TR776757,ART27304446
TR591276,ART27304446
TR302064,ART27304446
TR199399,ART27304446
TR199607,ART27304446
TR686987,ART27304446
TR786191,ART27304446
TR852292,ART27304446
TR690498,ART27304446
TR286357,ART27304446
TR784642,ART27304446
TR186262,ART27304446
TR414991,ART27304446
TR421597,ART27304446
TR263743,ART27304446
TR194905,ART27304446
TR419372,ART27304446
TR464305,ART27304446
TR421407,ART27304446
TR663292,ART27304446
TR440781,ART27304446
TR714054,ART27304446
TR484330,ART27304446
TR820999,ART27304446
TR998750,ART27304446
TR427135,ART27304446
TR901362,ART27304446
TR286241,ART27304446
TR149633,ART27304446
TR155833,ART27304446
TR943852,ART27304446
TR344428,ART27304446
TR226234,ART27304446
TR500763,ART27304446
TR131073,ART27304446
TR884772,ART27304446
TR471517,ART27304446
TR720803,ART27304446
TR245143,ART27304446
TR364767,ART27304446
TR863095,ART27304446
TR125685,ART27304446
TR543715,ART27304446
TR321576,ART27304446
TR784888,ART27304446
TR907890,ART27304446
TR434556,ART27304446
TR767464,ART27304446
TR439748,ART27304446
TR421563,ART27304446
TR201199,ART27304446
TR748876,ART27304446
TR895238,ART27304446
TR256472,ART27304446
TR481303,ART27304446
TR495889,ART27304446
TR712240,ART27304446
TR445597,ART27304446
TR411420,ART27304446
TR671266,ART27304446
TR444637,ART27304446
TR891424,ART27304446
TR990298,ART27304446
TR516738,ART27304446
TR124722,ART27304446
TR280717,ART27304446
TR591782,ART27304446
TR846770,ART27304446
TR239282,ART27304446
TR754298,ART27304446
TR780423,ART27304446
TR947220,ART27304446
TR371302,ART27304446
TR400318,ART27304446
TR263488,ART27304446
TR164597,ART27304446
TR347366,ART27304446
TR294890,ART27304446
TR443420,ART27304446
TR854892,ART27304446
TR561447,ART27304446
TR738768,ART27304446
TR221903,ART27304446
TR926703,ART27304446
TR498945,ART27304446
TR713703,ART27304446
TR203277,ART27304446
TR776930,ART27304446
TR976696,ART27304446
TR654101,ART27304446
TR380082,ART27304446
TR242206,ART27304446
TR774220,ART27304446
TR961238,ART27304446
TR207328,ART27304446
TR545712,ART27304446
TR464487,ART27304446
TR697782,ART27304446
TR283197,ART27304446
TR553352,ART27304446
TR591274,ART27304446
TR358197,ART27304446
TR921640,ART27304446
TR427789,ART27304446
TR365418,ART27304446
TR190457,ART27304446
TR974148,ART27304446
TR102995,ART27304446
TR895109,ART27304446
TR280133,ART27304446
TR716447,ART27304446
TR476447,ART27304446
TR167438,ART27304446
TR546105,ART27304446
TR975852,ART27304446
TR702285,ART27304446
TR638271,ART27304446
TR120534,ART27304446
TR592445,ART27304446
TR202843,ART27304446
TR355103,ART27304446
TR363086,ART27304446
TR989203,ART27304446
TR952319,ART27304446
TR748412,ART27304446
TR780819,ART27304446
TR317469,ART27304446
TR732197,ART27304446
TR123914,ART27304446
TR948350,ART27304446
TR219461,ART27304446
TR550201,ART27304446
TR966156,ART57242110
TR828581,ART57242110
TR938316,ART57242110
TR804109,ART57242110
TR804109,ART87497821
TR383948,ART57242110
TR383948,ART85780419
TR667910,ART57242110
TR667910,ART39344115
TR798074,ART57242110
TR283069,ART57242110
TR216758,ART57242110
TR768689,ART57242110
TR346341,ART57242110
TR346341,ART39344115
TR346341,ART70825116
TR836284,ART57242110
TR821091,ART57242110
TR238389,ART57242110
TR238389,ART87497821
TR238389,ART87162895
TR964176,ART57242110
TR977096,ART57242110
TR865248,ART57242110
TR865248,ART85780419
TR857007,ART57242110
TR123863,ART57242110
TR123863,ART87162895
TR650387,ART57242110
TR446135,ART57242110
TR589177,ART57242110
TR817878,ART57242110
TR669679,ART57242110
TR153205,ART57242110
TR465519,ART57242110
TR678481,ART57242110
TR678481,ART87497821
TR758902,ART57242110
TR740659,ART57242110
TR737728,ART57242110
TR737728,ART70825116
TR141924,ART57242110
TR679806,ART57242110
TR936070,ART57242110
TR219491,ART57242110
TR898795,ART57242110
TR898795,ART74676403
TR416132,ART57242110
TR440186,ART57242110
TR440186,ART83125571
TR162623,ART57242110
TR914334,ART57242110
TR821541,ART57242110
TR740380,ART56320683
TR335621,ART56320683
TR335621,ART25707984
TR832136,ART56320683
TR291030,ART56320683
TR291030,ART80977821
TR291030,ART39344115
TR536955,ART56320683
TR163198,ART56320683
TR163198,ART39344115
TR532421,ART56320683
TR702768,ART56320683
TR467233,ART56320683
TR467233,ART25707984
TR530691,ART56320683
TR530691,ART78358659
TR231640,ART56320683
TR231640,ART85046033
TR652790,ART56320683
TR857525,ART56320683
TR857525,ART80977821
TR857525,ART85046033
TR356579,ART56320683
TR979765,ART56320683
TR979765,ART73965015
TR722814,ART56320683
TR254586,ART56320683
TR611393,ART56320683
TR501131,ART56320683
TR501131,ART98118784
TR113376,ART56320683
TR949321,ART56320683
TR301437,ART56320683
TR469749,ART56320683
TR235739,ART56320683
TR235739,ART78358659
TR737141,ART56320683
TR734513,ART56320683
TR255298,ART56320683
TR255298,ART48622722
TR220784,ART56320683
TR266033,ART56320683
TR638292,ART56320683
TR877170,ART56320683
TR877170,ART88423027
TR334659,ART56320683
TR248109,ART56320683
TR346346,ART56320683
TR222783,ART56320683
TR281255,ART56320683
TR695912,ART56320683
TR854452,ART56320683
TR854452,ART78358659
TR967756,ART56320683
TR967756,ART86549066
TR730658,ART56320683
TR501788,ART56320683
TR118822,ART56320683
TR791566,ART56320683
TR621203,ART56320683
TR433695,ART56320683
TR433695,ART81071062
TR433695,ART91352277
TR111777,ART56320683
TR727165,ART56320683
TR373486,ART56320683
TR373486,ART40433104
TR891225,ART56320683
TR597782,ART56320683
TR859512,ART56320683
TR859512,ART15560128
TR693927,ART56320683
TR693927,ART80977821
TR693927,ART91352277
TR845724,ART56320683
TR588721,ART56320683
TR519327,ART56320683
TR172063,ART56320683
TR933335,ART56320683
TR109530,ART56320683
TR730847,ART56320683
TR516842,ART56320683
TR349835,ART56320683
TR499923,ART56320683
TR596395,ART56320683
TR771886,ART56320683
TR320285,ART56320683
TR604441,ART56320683
TR189925,ART56320683
TR831613,ART56320683
TR117557,ART56320683
TR453057,ART56320683
TR715960,ART56320683
TR558637,ART56320683
TR667726,ART56320683
TR746284,ART56320683
TR992676,ART56320683
TR983017,ART56320683
TR464479,ART56320683
TR473781,ART56320683
TR372433,ART56320683
TR661287,ART56320683
TR430143,ART56320683
TR691728,ART56320683
TR341615,ART56320683
TR341615,ART14383873
TR589465,ART56320683
TR589465,ART57616402
TR210133,ART56320683
TR807315,ART56320683
TR949559,ART56320683
TR533207,ART56320683
TR604026,ART56320683
TR635683,ART56320683
TR979582,ART56320683
TR521216,ART56320683
TR187319,ART56320683
TR187319,ART91352277
TR788344,ART56320683
TR811367,ART56320683
TR987615,ART56320683
TR987615,ART91352277
TR256533,ART56320683
TR402256,ART56320683
TR725450,ART56320683
TR725450,ART73965015
TR976686,ART56320683
TR474469,ART56320683
TR474469,ART80977821
TR341142,ART56320683
TR316763,ART56320683
TR211210,ART56320683
TR211210,ART91352277
TR545556,ART56320683
TR620113,ART56320683
TR193767,ART56320683
TR193767,ART80977821
TR537753,ART56320683
TR161226,ART56320683
TR498675,ART56320683
TR976705,ART56320683
TR771194,ART56320683
TR733996,ART56320683
TR652357,ART56320683
TR652357,ART48537029
TR841206,ART56320683
TR241534,ART56320683
TR770453,ART56320683
TR770453,ART73965015
TR511580,ART56320683
TR404465,ART56320683
TR594237,ART56320683
TR301224,ART56320683
TR784611,ART56320683
TR529732,ART56320683
TR529732,ART91352277
TR321247,ART56320683
TR511737,ART56320683
TR903723,ART56320683
TR903723,ART91352277
TR432221,ART56320683
TR918496,ART56320683
TR446267,ART56320683
TR954607,ART56320683
TR337138,ART56320683
TR693717,ART56320683
TR211219,ART56320683
TR155318,ART56320683
TR126928,ART56320683
TR398494,ART56320683
TR210449,ART56320683
TR457607,ART56320683
TR176338,ART56320683
TR701364,ART56320683
TR701364,ART91352277
TR902974,ART56320683
TR270928,ART56320683
TR788949,ART56320683
TR788949,ART24123617
TR151373,ART56320683
TR279898,ART56320683
TR108862,ART56320683
TR173296,ART56320683
TR797240,ART56320683
TR240173,ART56320683
TR928171,ART56320683
TR330141,ART56320683
TR788822,ART56320683
TR135597,ART56320683
TR175360,ART56320683
TR183798,ART56320683
TR669759,ART56320683
TR990772,ART56320683
TR990772,ART91352277
TR956159,ART56320683
TR147400,ART56320683
TR505983,ART56320683
TR194762,ART56320683
TR475849,ART56320683
TR828593,ART56320683
TR828593,ART40229749
TR728990,ART56320683
TR728990,ART80977821
TR834122,ART56320683
TR440478,ART56320683
TR755658,ART56320683
TR125607,ART56320683
TR549717,ART56320683
TR337126,ART56320683
TR234218,ART56320683
TR234362,ART56320683
TR444358,ART56320683
TR444358,ART98118784
TR755209,ART56320683
TR182873,ART56320683
TR568979,ART56320683
TR210927,ART56320683
TR658142,ART56320683
TR466501,ART56320683
TR149705,ART56320683
TR126642,ART56320683
TR922537,ART56320683
TR520880,ART56320683
TR467395,ART56320683
TR573758,ART56320683
TR200563,ART56320683
TR303033,ART56320683
TR924708,ART56320683
TR411242,ART56320683
TR983817,ART56320683
TR736253,ART56320683
TR926090,ART56320683
TR789242,ART56320683
TR340268,ART56320683
TR104167,ART56320683
TR249004,ART56320683
TR183501,ART56320683
TR201959,ART56320683
TR615417,ART56320683
TR260616,ART56320683
TR551113,ART56320683
TR554837,ART56320683
TR210826,ART56320683
TR210826,ART73965015
TR251264,ART56320683
TR713442,ART56320683
TR734556,ART56320683
TR151128,ART56320683
TR347563,ART56320683
TR347563,ART48537029
TR542154,ART56320683
TR683505,ART56320683
TR597980,ART56320683
TR355878,ART56320683
TR994651,ART56320683
TR460342,ART56320683
TR228033,ART56320683
TR936212,ART56320683
TR936212,ART25707984
TR788426,ART56320683
TR318521,ART56320683
TR843243,ART56320683
TR144528,ART56320683
TR825797,ART56320683
TR591841,ART56320683
TR895125,ART56320683
TR289625,ART56320683
TR687674,ART56320683
TR534488,ART56320683
TR461502,ART56320683
TR916965,ART56320683
TR808861,ART56320683
TR422879,ART56320683
TR827127,ART56320683
TR152144,ART56320683
TR559299,ART56320683
TR438992,ART56320683
TR619191,ART56320683
TR473083,ART56320683
TR755855,ART56320683
TR556920,ART56320683
TR537656,ART56320683
TR537656,ART80977821
TR715156,ART56320683
TR380039,ART56320683
TR533539,ART56320683
TR175019,ART56320683
TR597674,ART56320683
TR597674,ART80977821
TR743711,ART56320683
TR855854,ART56320683
TR293430,ART56320683
TR919302,ART56320683
TR351557,ART56320683
TR841403,ART56320683
TR199400,ART56320683
TR577274,ART56320683
TR453228,ART56320683
TR151249,ART56320683
TR716132,ART56320683
TR160608,ART56320683
TR353199,ART56320683
TR353199,ART24123617
TR425289,ART56320683
TR299943,ART56320683
TR328539,ART56320683
TR123652,ART56320683
TR866344,ART56320683
TR486465,ART56320683
TR189900,ART56320683
TR605285,ART56320683
TR507409,ART56320683
TR237861,ART56320683
TR888306,ART56320683
TR787734,ART56320683
TR534917,ART56320683
TR534917,ART80977821
TR126308,ART56320683
TR643300,ART56320683
TR643300,ART57616402
TR920238,ART56320683
TR733751,ART56320683
TR251871,ART56320683
TR251871,ART80977821
TR108760,ART56320683
TR608048,ART56320683
TR447514,ART56320683
TR355590,ART56320683
TR689316,ART83125571
TR159611,ART83125571
TR217787,ART83125571
TR108274,ART83125571
TR658767,ART83125571
TR626990,ART83125571
TR726684,ART83125571
TR571958,ART83125571
TR867247,ART83125571
TR392039,ART83125571
TR530821,ART83125571
TR259256,ART83125571
TR903216,ART83125571
TR903216,ART48622722
TR784100,ART83125571
TR385819,ART83125571
TR189863,ART83125571
TR189863,ART88026810
TR791323,ART83125571
TR832072,ART83125571
TR477201,ART83125571
TR209517,ART83125571
TR613675,ART83125571
TR430982,ART83125571
TR735910,ART83125571
TR437395,ART83125571
TR524901,ART83125571
TR548423,ART83125571
TR907973,ART83125571
TR733281,ART83125571
TR815841,ART83125571
TR928281,ART83125571
TR175695,ART83125571
TR726119,ART83125571
TR725031,ART83125571
TR751435,ART83125571
TR998080,ART83125571
TR104431,ART83125571
TR291055,ART83125571
TR268278,ART83125571
TR835183,ART83125571
TR359531,ART83125571
TR592486,ART83125571
TR267824,ART83125571
TR267824,ART02733420
TR612087,ART83125571
TR398468,ART83125571
TR211507,ART83125571
TR987701,ART83125571
TR728122,ART83125571
TR721835,ART83125571
TR823088,ART83125571
TR534982,ART83125571
TR290977,ART83125571
TR791009,ART83125571
TR791009,ART20729624
TR855616,ART83125571
TR661227,ART83125571
TR661227,ART57242110
TR920396,ART83125571
TR746527,ART83125571
TR687972,ART83125571
TR817312,ART83125571
TR191134,ART83125571
TR191134,ART87162895
TR498412,ART83125571
TR241721,ART83125571
TR751028,ART83125571
TR751028,ART05528539
TR658250,ART83125571
TR211291,ART83125571
TR319478,ART83125571
TR319478,ART87497821
TR563209,ART83125571
TR144941,ART83125571
TR269116,ART83125571
TR689645,ART83125571
TR552641,ART83125571
TR131297,ART83125571
TR746040,ART83125571
TR285783,ART83125571
TR902714,ART83125571
TR964018,ART83125571
TR952965,ART83125571
TR617415,ART83125571
TR731376,ART83125571
TR349424,ART83125571
TR157173,ART83125571
TR816045,ART83125571
TR564303,ART83125571
TR901879,ART83125571
TR289467,ART83125571
TR470608,ART83125571
TR776746,ART83125571
TR993018,ART83125571
TR993018,ART76284946
TR716935,ART83125571
TR863249,ART83125571
TR611259,ART83125571
TR553777,ART83125571
TR907059,ART83125571
TR789114,ART83125571
TR547457,ART83125571
TR175917,ART83125571
TR676362,ART83125571
TR797701,ART83125571
TR502284,ART83125571
TR650620,ART83125571
TR648705,ART83125571
TR362892,ART83125571
TR684657,ART83125571
TR588889,ART83125571
TR128172,ART83125571
TR806743,ART83125571
TR355831,ART83125571
TR654292,ART83125571
TR426771,ART83125571
TR750039,ART83125571
TR344222,ART83125571
TR486110,ART83125571
TR498604,ART83125571
TR433634,ART57616402
TR433634,ART85046033
TR433634,ART40433104
TR144538,ART57616402
TR144538,ART20729624
TR289879,ART57616402
TR915093,ART57616402
TR326623,ART57616402
TR548105,ART57616402
TR865371,ART57616402
TR865371,ART62385172
TR806531,ART57616402
TR806531,ART05528539
TR132468,ART57616402
TR245440,ART57616402
TR245440,ART80977821
TR245440,ART71969350
TR245440,ART39344115
TR950434,ART57616402
TR572811,ART57616402
TR572811,ART07127070
TR572811,ART48622722
TR857827,ART57616402
TR855341,ART57616402
TR201734,ART57616402
TR139394,ART57616402
TR833035,ART57616402
TR833035,ART63613967
TR899349,ART57616402
TR590757,ART57616402
TR575389,ART57616402
TR884628,ART57616402
TR838741,ART57616402
TR766738,ART57616402
TR766738,ART48622722
TR789334,ART57616402
TR100739,ART57616402
TR505180,ART57616402
TR505180,ART71969350
TR726015,ART57616402
TR726015,ART46851094
TR746379,ART57616402
TR492744,ART57616402
TR261517,ART57616402
TR261517,ART07469279
TR529299,ART57616402
TR628300,ART57616402
TR628300,ART86549066
TR535724,ART57616402
TR505910,ART57616402
TR454565,ART57616402
TR810194,ART57616402
TR460311,ART57616402
TR672564,ART57616402
TR819541,ART57616402
TR865620,ART57616402
TR723847,ART57616402
TR231780,ART57616402
TR350803,ART57616402
TR817882,ART57616402
TR846586,ART57616402
TR306244,ART57616402
TR606959,ART57616402
TR112922,ART57616402
TR402130,ART57616402
TR238690,ART57616402
TR786655,ART57616402
TR260076,ART57616402
TR838791,ART57616402
TR533330,ART57616402
TR506000,ART57616402
TR648038,ART57616402
TR648038,ART62385172
TR152128,ART57616402
TR793139,ART57616402
TR267753,ART57616402
TR627808,ART57616402
TR731836,ART57616402
TR785277,ART57616402
TR937272,ART57616402
TR829438,ART57616402
TR771404,ART57616402
TR312796,ART57616402
TR503648,ART57616402
TR302165,ART57616402
TR267699,ART57616402
TR565515,ART57616402
TR715999,ART57616402
TR961877,ART57616402
TR866436,ART57616402
TR428221,ART57616402
TR233779,ART57616402
TR233779,ART19729064
TR573369,ART57616402
TR912140,ART57616402
TR791400,ART57616402
TR385572,ART57616402
TR187045,ART57616402
TR372908,ART57616402
TR372908,ART71969350
TR315273,ART57616402
TR638507,ART57616402
TR536162,ART57616402
TR536162,ART15560128
TR561735,ART57616402
TR908739,ART57616402
TR781144,ART57616402
TR807651,ART57616402
TR167891,ART57616402
TR822042,ART57616402
TR847648,ART57616402
TR340899,ART57616402
TR773367,ART57616402
TR221566,ART57616402
TR628651,ART57616402
TR863078,ART57616402
TR863078,ART86549066
TR193146,ART57616402
TR822413,ART57616402
TR958971,ART57616402
TR347025,ART57616402
TR675324,ART57616402
TR223128,ART57616402
TR856141,ART57616402
TR290525,ART57616402
TR158224,ART57616402
TR940376,ART57616402
TR940376,ART07469279
TR740502,ART57616402
TR349684,ART57616402
TR789013,ART57616402
TR100258,ART57616402
TR579462,ART57616402
TR338288,ART57616402
TR686078,ART57616402
TR699079,ART57616402
TR184949,ART57616402
TR442237,ART57616402
TR596529,ART57616402
TR271191,ART57616402
TR452193,ART57616402
TR462882,ART57616402
TR269839,ART57616402
TR395983,ART57616402
TR540556,ART57616402
TR129711,ART57616402
TR204640,ART57616402
TR929926,ART57616402
TR464653,ART57616402
TR675216,ART57616402
TR992571,ART57616402
TR115683,ART57616402
TR419998,ART57616402
TR503923,ART57616402
TR701044,ART66452136
TR225339,ART66452136
TR818482,ART66452136
TR337853,ART66452136
TR107220,ART20729624
TR269175,ART20729624
TR508735,ART20729624
TR277868,ART20729624
TR277868,ART87497821
TR757747,ART20729624
TR367132,ART20729624
TR367132,ART89596800
TR367132,ART20729624
TR367132,ART89596800
TR494106,ART20729624
TR396472,ART20729624
TR542930,ART20729624
TR964422,ART20729624
TR188733,ART20729624
TR203724,ART20729624
TR659677,ART20729624
TR659677,ART25707984
TR929602,ART20729624
TR818133,ART20729624
TR818133,ART76284946
TR150603,ART20729624
TR578869,ART20729624
TR559201,ART20729624
TR842733,ART20729624
TR949366,ART20729624
TR528874,ART20729624
TR245681,ART20729624
TR378049,ART20729624
TR230458,ART20729624
TR367132,ART20729624
TR367132,ART20729624
TR470800,ART20729624
TR929938,ART20729624
TR955909,ART20729624
TR444224,ART20729624
TR218096,ART20729624
TR212130,ART20729624
TR495024,ART20729624
TR340304,ART20729624
TR754612,ART20729624
TR994043,ART20729624
TR460178,ART20729624
TR655092,ART20729624
TR285894,ART20729624
TR984464,ART20729624
TR614483,ART20729624
TR583341,ART20729624
TR189060,ART20729624
TR962456,ART20729624
TR191828,ART20729624
TR869052,ART20729624
TR328408,ART20729624
TR917489,ART20729624
TR397721,ART20729624
TR935572,ART20729624
TR254075,ART20729624
TR945012,ART20729624
TR167951,ART20729624
TR119446,ART20729624
TR528646,ART15560128
TR569228,ART15560128
TR569228,ART57730937
TR742904,ART15560128
TR590085,ART15560128
TR600320,ART15560128
TR426846,ART15560128
TR591980,ART15560128
TR411932,ART15560128
TR797047,ART15560128
TR996157,ART15560128
TR996157,ART25707984
TR759771,ART15560128
TR449168,ART15560128
TR669023,ART15560128
TR729523,ART15560128
TR547884,ART15560128
TR870584,ART15560128
TR870584,ART41225226
TR761750,ART15560128
TR603643,ART15560128
TR795210,ART15560128
TR484268,ART15560128
TR836326,ART15560128
TR477464,ART15560128
TR886732,ART15560128
TR261037,ART15560128
TR873925,ART15560128
TR233293,ART15560128
TR271683,ART15560128
TR559757,ART15560128
TR665633,ART15560128
TR159268,ART15560128
TR235311,ART15560128
TR771305,ART15560128
TR552353,ART15560128
TR471165,ART15560128
TR522739,ART15560128
TR686803,ART15560128
TR798950,ART15560128
TR379707,ART15560128
TR111175,ART15560128
TR591089,ART15560128
TR343948,ART15560128
TR343948,ART07127070
TR670468,ART15560128
TR789604,ART15560128
TR214546,ART15560128
TR486397,ART15560128
TR730402,ART15560128
TR796211,ART15560128
TR292339,ART15560128
TR262279,ART15560128
TR579325,ART15560128
TR435253,ART15560128
TR435253,ART62385172
TR109172,ART15560128
TR922061,ART15560128
TR664417,ART15560128
TR540284,ART15560128
TR286384,ART15560128
TR918222,ART15560128
TR586015,ART15560128
TR974163,ART15560128
TR608422,ART15560128
TR608422,ART88792008
TR783979,ART15560128
TR780285,ART15560128
TR917078,ART15560128
TR746470,ART15560128
TR156969,ART15560128
TR325469,ART15560128
TR296776,ART15560128
TR771435,ART15560128
TR340813,ART15560128
TR864095,ART15560128
TR896526,ART15560128
TR690041,ART15560128
TR690041,ART88792008
TR591235,ART15560128
TR898463,ART15560128
TR557689,ART15560128
TR574456,ART15560128
TR724878,ART15560128
TR339403,ART15560128
TR669993,ART15560128
TR877230,ART15560128
TR946050,ART15560128
TR847881,ART15560128
TR403272,ART15560128
TR726288,ART15560128
TR397528,ART15560128
TR929058,ART15560128
TR752177,ART15560128
TR807286,ART15560128
TR339276,ART15560128
TR969545,ART15560128
TR306231,ART15560128
TR306231,ART57730937
TR812541,ART15560128
TR723328,ART15560128
TR421353,ART15560128
TR484714,ART15560128
TR938053,ART15560128
TR398525,ART15560128
TR800103,ART15560128
TR800103,ART80977821
TR297423,ART15560128
TR297423,ART91352277
TR880595,ART15560128
TR677053,ART15560128
TR778673,ART15560128
TR718425,ART15560128
TR967117,ART15560128
TR295961,ART15560128
TR413671,ART15560128
TR525301,ART15560128
TR389926,ART15560128
TR148735,ART15560128
TR148735,ART86549066
TR279950,ART15560128
TR890325,ART15560128
TR711135,ART15560128
TR510737,ART15560128
TR422663,ART15560128
TR226656,ART15560128
TR174299,ART15560128
TR178423,ART15560128
TR230009,ART15560128
TR268905,ART15560128
TR199211,ART15560128
TR841360,ART15560128
TR948967,ART15560128
TR471481,ART15560128
TR496669,ART15560128
TR430378,ART15560128
TR367759,ART15560128
TR443851,ART15560128
TR375045,ART15560128
TR743272,ART15560128
TR743272,ART80977821
TR960916,ART15560128
TR655628,ART15560128
TR466675,ART15560128
TR621186,ART15560128
TR909841,ART15560128
TR664847,ART15560128
TR329639,ART15560128
TR178394,ART15560128
TR635858,ART15560128
TR685186,ART15560128
TR183135,ART15560128
TR418137,ART15560128
TR326540,ART15560128
TR142039,ART15560128
TR613865,ART15560128
TR522709,ART15560128
TR252762,ART15560128
TR426245,ART15560128
TR780666,ART15560128
TR763650,ART15560128
TR278608,ART15560128
TR174164,ART15560128
TR653115,ART15560128
TR664369,ART15560128
TR619222,ART15560128
TR738162,ART15560128
TR108160,ART15560128
TR501325,ART15560128
TR895099,ART15560128
TR895099,ART19729064
TR301874,ART15560128
TR793479,ART15560128
TR161090,ART15560128
TR106632,ART15560128
TR435216,ART15560128
TR342139,ART15560128
TR623017,ART15560128
TR190812,ART15560128
TR329075,ART15560128
TR499462,ART15560128
TR499462,ART86549066
TR134998,ART15560128
TR134998,ART19729064
TR741416,ART15560128
TR252239,ART15560128
TR547750,ART15560128
TR327815,ART15560128
TR311526,ART15560128
TR970560,ART15560128
TR261255,ART15560128
TR261255,ART07629990
TR386165,ART15560128
TR899237,ART15560128
TR321155,ART15560128
TR379158,ART15560128
TR402265,ART15560128
TR595071,ART15560128
TR952675,ART15560128
TR919992,ART15560128
TR302721,ART15560128
TR177376,ART15560128
TR370443,ART15560128
TR324780,ART15560128
TR675629,ART15560128
TR159447,ART15560128
TR498492,ART15560128
TR498492,ART57616402
TR625479,ART15560128
TR484249,ART15560128
TR253620,ART15560128
TR842442,ART15560128
TR413402,ART15560128
TR964006,ART15560128
TR660488,ART15560128
TR660488,ART07629990
TR440070,ART15560128
TR135114,ART15560128
TR510348,ART15560128
TR263633,ART15560128
TR263633,ART86549066
TR960144,ART15560128
TR798904,ART15560128
TR860795,ART15560128
TR508832,ART15560128
TR497031,ART15560128
TR401360,ART15560128
TR337188,ART15560128
TR653865,ART15560128
TR267811,ART15560128
TR931787,ART15560128
TR958878,ART15560128
TR887508,ART15560128
TR533542,ART15560128
TR904620,ART15560128
TR792201,ART15560128
TR792201,ART24123617
TR528595,ART15560128
TR346183,ART15560128
TR380682,ART15560128
TR102510,ART15560128
TR392969,ART15560128
TR466077,ART15560128
TR802080,ART15560128
TR176542,ART15560128
TR746756,ART15560128
TR852028,ART15560128
TR158514,ART15560128
TR486968,ART15560128
TR687111,ART15560128
TR687111,ART24123617
TR833388,ART15560128
TR137531,ART15560128
TR521995,ART15560128
TR346717,ART15560128
TR509293,ART15560128
TR534369,ART15560128
TR534369,ART19729064
TR849642,ART15560128
TR902354,ART15560128
TR882982,ART15560128
TR159865,ART15560128
TR502171,ART15560128
TR356788,ART15560128
TR356788,ART28846313
TR155945,ART15560128
TR995442,ART15560128
TR215045,ART15560128
TR805518,ART15560128
TR318451,ART15560128
TR897155,ART15560128
TR325682,ART15560128
TR519489,ART15560128
TR478012,ART15560128
TR410113,ART15560128
TR663779,ART15560128
TR755804,ART15560128
TR299303,ART15560128
TR479083,ART15560128
TR719112,ART15560128
TR579838,ART15560128
TR512489,ART15560128
TR607462,ART15560128
TR954097,ART15560128
TR717166,ART15560128
TR186617,ART15560128
TR302790,ART15560128
TR800535,ART15560128
TR462584,ART15560128
TR592982,ART15560128
TR592982,ART24123617
TR720866,ART15560128
TR425597,ART15560128
TR806901,ART15560128
TR280789,ART15560128
TR365500,ART15560128
TR330720,ART15560128
TR358910,ART15560128
TR112003,ART08177154
TR418597,ART08177154
TR630819,ART08177154
TR409672,ART08177154
TR428906,ART08177154
TR666954,ART08177154
TR103175,ART08177154
TR998649,ART08177154
TR561994,ART08177154
TR663326,ART08177154
TR306715,ART08177154
TR161744,ART08177154
TR494281,ART08177154
TR230274,ART08177154
TR444710,ART08177154
TR775808,ART08177154
TR628881,ART08177154
TR525764,ART08177154
TR195303,ART08177154
TR700423,ART08177154
TR712945,ART08177154
TR117160,ART08177154
TR667338,ART08177154
TR914753,ART08177154
TR216341,ART08177154
TR234321,ART08177154
TR169513,ART08177154
TR508598,ART08177154
TR573764,ART08177154
TR781994,ART08177154
TR781994,ART71969350
TR345373,ART08177154
TR959830,ART08177154
TR959830,ART86549066
TR638899,ART08177154
TR186740,ART08177154
TR269601,ART08177154
TR703611,ART08177154
TR467505,ART08177154
TR628591,ART08177154
TR404148,ART08177154
TR462280,ART08177154
TR904891,ART08177154
TR542680,ART08177154
TR757774,ART08177154
TR437181,ART08177154
TR685409,ART08177154
TR361278,ART08177154
TR675785,ART08177154
TR475985,ART08177154
TR888181,ART08177154
TR748192,ART08177154
TR859016,ART08177154
TR434770,ART08177154
TR639586,ART08177154
TR315071,ART08177154
TR439938,ART08177154
TR346158,ART08177154
TR346158,ART78358659
TR647817,ART08177154
TR708235,ART08177154
TR420403,ART08177154
TR485880,ART08177154
TR992169,ART08177154
TR374847,ART08177154
TR922144,ART08177154
TR172847,ART08177154
TR699662,ART08177154
TR281847,ART08177154
TR519817,ART08177154
TR121678,ART08177154
TR970947,ART08177154
TR293687,ART08177154
TR714206,ART08177154
TR197569,ART08177154
TR699268,ART08177154
TR466735,ART08177154
TR507454,ART08177154
TR478785,ART08177154
TR702296,ART08177154
TR179150,ART08177154
TR303207,ART08177154
TR666360,ART08177154
TR190083,ART08177154
TR577214,ART08177154
TR128720,ART08177154
TR912623,ART08177154
TR657628,ART08177154
TR253104,ART08177154
TR821688,ART08177154
TR954499,ART08177154
TR655078,ART08177154
TR644121,ART08177154
TR835298,ART08177154
TR389749,ART08177154
TR155444,ART08177154
TR606901,ART08177154
TR923705,ART08177154
TR645159,ART08177154
TR735943,ART08177154
TR228745,ART08177154
TR902846,ART08177154
TR408994,ART08177154
TR227151,ART08177154
TR467136,ART08177154
TR753444,ART08177154
TR165911,ART08177154
TR309372,ART08177154
TR854329,ART08177154
TR872720,ART08177154
TR259534,ART08177154
TR581206,ART08177154
TR925969,ART08177154
TR707509,ART08177154
TR930694,ART08177154
TR751005,ART08177154
TR789907,ART43601431
TR789907,ART88423027
TR789907,ART87389753
TR789907,ART02449272
TR976392,ART43601431
TR879290,ART43601431
TR207919,ART43601431
TR235594,ART43601431
TR874082,ART43601431
TR221665,ART43601431
TR933854,ART43601431
TR636547,ART43601431
TR137091,ART43601431
TR451859,ART43601431
TR900012,ART43601431
TR759935,ART43601431
TR814280,ART43601431
TR319129,ART43601431
TR306934,ART43601431
TR702566,ART43601431
TR757951,ART43601431
TR757951,ART05528539
TR500590,ART43601431
TR500590,ART87389753
TR507634,ART43601431
TR495366,ART43601431
TR863244,ART43601431
TR331177,ART43601431
TR700870,ART43601431
TR151239,ART43601431
TR492969,ART43601431
TR183088,ART43601431
TR183088,ART16868977
TR580500,ART43601431
TR245845,ART43601431
TR428348,ART43601431
TR267992,ART43601431
TR915080,ART43601431
TR962011,ART43601431
TR522670,ART43601431
TR535262,ART43601431
TR829797,ART43601431
TR540878,ART43601431
TR320587,ART43601431
TR682741,ART43601431
TR592781,ART43601431
TR138333,ART43601431
TR698939,ART43601431
TR560507,ART43601431
TR206140,ART43601431
TR113472,ART43601431
TR682239,ART43601431
TR183517,ART43601431
TR709538,ART43601431
TR314440,ART43601431
TR781274,ART43601431
TR323062,ART43601431
TR238530,ART43601431
TR482308,ART43601431
TR719347,ART43601431
TR530929,ART43601431
TR479820,ART43601431
TR538190,ART43601431
TR371990,ART43601431
TR614630,ART43601431
TR418761,ART43601431
TR478388,ART43601431
TR133565,ART43601431
TR941522,ART43601431
TR894895,ART43601431
TR262353,ART43601431
TR637821,ART43601431
TR637821,ART02666525
TR495795,ART43601431
TR367763,ART43601431
TR267352,ART43601431
TR794594,ART43601431
TR332417,ART43601431
TR417990,ART43601431
TR797140,ART43601431
TR714096,ART43601431
TR209969,ART43601431
TR759163,ART43601431
TR537033,ART43601431
TR833272,ART43601431
TR163284,ART43601431
TR260594,ART43601431
TR660947,ART43601431
TR554253,ART43601431
TR406692,ART43601431
TR710055,ART43601431
TR788542,ART43601431
TR201979,ART43601431
TR168614,ART43601431
TR173188,ART43601431
TR469474,ART43601431
TR987435,ART43601431
TR885529,ART43601431
TR941956,ART43601431
TR269298,ART43601431
TR744558,ART43601431
TR520013,ART43601431
TR226968,ART05528539
TR257993,ART05528539
TR866654,ART05528539
TR764250,ART05528539
TR544022,ART05528539
TR334878,ART05528539
TR511517,ART05528539
TR400912,ART05528539
TR388414,ART05528539
TR160591,ART05528539
TR160591,ART87162895
TR558563,ART05528539
TR250175,ART05528539
TR250175,ART87497821
TR650899,ART05528539
TR788938,ART05528539
TR862047,ART05528539
TR369689,ART05528539
TR215624,ART05528539
TR838684,ART05528539
TR838684,ART02733420
TR437200,ART05528539
TR345999,ART05528539
TR345240,ART05528539
TR791390,ART05528539
TR791390,ART64850829
TR791390,ART51721248
TR404397,ART05528539
TR284409,ART05528539
TR479870,ART05528539
TR479870,ART40229749
TR565132,ART05528539
TR411498,ART05528539
TR474636,ART05528539
TR544380,ART05528539
TR544380,ART87497821
TR843036,ART05528539
TR854862,ART05528539
TR285050,ART05528539
TR360500,ART05528539
TR575388,ART05528539
TR474688,ART05528539
TR954412,ART05528539
TR159030,ART05528539
TR154892,ART05528539
TR637106,ART05528539
TR137214,ART05528539
TR813785,ART05528539
TR282769,ART05528539
TR463776,ART05528539
TR890253,ART05528539
TR926674,ART05528539
TR546855,ART05528539
TR738497,ART05528539
TR738497,ART76284946
TR120612,ART05528539
TR866001,ART05528539
TR403963,ART05528539
TR378207,ART05528539
TR218648,ART05528539
TR971885,ART05528539
TR138569,ART05528539
TR138569,ART86549066
TR869440,ART05528539
TR624562,ART05528539
TR624562,ART74676403
TR400803,ART05528539
TR400803,ART02733420
TR206792,ART05528539
TR239917,ART05528539
TR871147,ART05528539
TR871147,ART87162895
TR597281,ART05528539
TR199952,ART05528539
TR569440,ART05528539
TR956524,ART05528539
TR801319,ART05528539
TR891218,ART05528539
TR308295,ART05528539
TR632204,ART05528539
TR772782,ART05528539
TR772782,ART20729624
TR781293,ART05528539
TR781293,ART07127070
TR440366,ART05528539
TR338740,ART05528539
TR329575,ART05528539
TR329575,ART53496045
TR501763,ART05528539
TR501763,ART02733420
TR811770,ART05528539
TR811770,ART64850829
TR426491,ART05528539
TR858482,ART05528539
TR979392,ART05528539
TR330919,ART05528539
TR330919,ART57242110
TR523978,ART05528539
TR143044,ART05528539
TR960828,ART05528539
TR162549,ART05528539
TR943349,ART05528539
TR917416,ART05528539
TR130580,ART05528539
TR332110,ART05528539
TR388228,ART05528539
TR388228,ART57242110
TR410555,ART05528539
TR897159,ART05528539
TR316669,ART05528539
TR840114,ART05528539
TR706853,ART05528539
TR655230,ART05528539
TR655230,ART02733420
TR224694,ART05528539
TR693754,ART05528539
TR299908,ART05528539
TR663163,ART05528539
TR663163,ART81071062
TR464915,ART05528539
TR795696,ART05528539
TR795696,ART71969350
TR133481,ART05528539
TR912874,ART05528539
TR797331,ART05528539
TR947035,ART05528539
TR857604,ART05528539
TR534222,ART05528539
TR575980,ART05528539
TR954497,ART05528539
TR975378,ART05528539
TR367609,ART05528539
TR920648,ART05528539
TR450012,ART40229749
TR653293,ART40229749
TR442152,ART40229749
TR276787,ART40229749
TR276787,ART02733420
TR394162,ART40229749
TR643421,ART40229749
TR233873,ART40229749
TR314936,ART40229749
TR133419,ART40229749
TR133419,ART85780419
TR711564,ART40229749
TR523269,ART40229749
TR523269,ART85046033
TR908682,ART40229749
TR223793,ART40229749
TR678618,ART40229749
TR566073,ART40229749
TR900082,ART40229749
TR517908,ART40229749
TR517908,ART17812958
TR121718,ART40229749
TR215120,ART40229749
TR395626,ART40229749
TR891793,ART40229749
TR197874,ART40229749
TR139640,ART40229749
TR556295,ART40229749
TR154270,ART40229749
TR454744,ART40229749
TR800844,ART40229749
TR899454,ART40229749
TR433054,ART40229749
TR733523,ART40229749
TR469156,ART40229749
TR277534,ART40229749
TR266140,ART40229749
TR641939,ART40229749
TR959775,ART40229749
TR307974,ART40229749
TR454993,ART40229749
TR312782,ART40229749
TR448113,ART40229749
TR902292,ART40229749
TR934355,ART40229749
TR447010,ART40229749
TR447010,ART85046033
TR550143,ART40229749
TR262484,ART40229749
TR698977,ART40229749
TR557717,ART40229749
TR927168,ART40229749
TR763540,ART40229749
TR446146,ART40229749
TR583994,ART40229749
TR583994,ART52465778
TR994429,ART40229749
TR237380,ART40229749
TR528771,ART40229749
TR265223,ART40229749
TR847319,ART40229749
TR434177,ART40229749
TR904344,ART40229749
TR143240,ART40229749
TR518778,ART40229749
TR820778,ART40229749
TR299841,ART40229749
TR706507,ART40229749
TR375199,ART40229749
TR694264,ART40229749
TR911323,ART40229749
TR185524,ART40229749
TR185524,ART57616402
TR893040,ART40229749
TR893040,ART03111237
TR955940,ART40229749
TR230798,ART40229749
TR870834,ART40229749
TR307238,ART40229749
TR521022,ART40229749
TR614979,ART40229749
TR115266,ART40229749
TR458089,ART40229749
TR729147,ART40229749
TR957820,ART40229749
TR879765,ART40229749
TR370918,ART40229749
TR211736,ART40229749
TR806239,ART40229749
TR232287,ART63985757
TR232287,ART85780419
TR232287,ART89596800
TR107352,ART63985757
TR309607,ART63985757
TR873291,ART63985757
TR730497,ART63985757
TR300590,ART63985757
TR923957,ART63985757
TR914482,ART63985757
TR220290,ART63985757
TR220290,ART66452136
TR220290,ART07024718
TR883784,ART63985757
TR823583,ART63985757
TR686903,ART63985757
TR407784,ART63985757
TR460635,ART63985757
TR401303,ART63985757
TR273926,ART63985757
TR215310,ART63985757
TR594393,ART63985757
TR138311,ART63985757
TR244223,ART63985757
TR233623,ART63985757
TR678477,ART63985757
TR300194,ART63985757
TR235845,ART63985757
TR461242,ART63985757
TR647310,ART63985757
TR485827,ART63985757
TR120138,ART63985757
TR125702,ART63985757
TR472791,ART63985757
TR874406,ART63985757
TR286398,ART63985757
TR307610,ART63985757
TR923542,ART63985757
TR987436,ART63985757
TR936498,ART63985757
TR363764,ART63985757
TR907468,ART63985757
TR963266,ART63985757
TR307124,ART63985757
TR237090,ART63985757
TR177030,ART63985757
TR475283,ART63985757
TR490505,ART63985757
TR589027,ART63985757
TR681764,ART63985757
TR864308,ART63985757
TR609990,ART63985757
TR428374,ART63985757
TR323298,ART63985757
TR175899,ART63985757
TR391108,ART63985757
TR833925,ART63985757
TR794461,ART63985757
TR794461,ART63613967
TR794461,ART88792008
TR461226,ART63985757
TR643190,ART63985757
TR523601,ART63985757
TR973561,ART63985757
TR196227,ART63985757
TR923803,ART63985757
TR923803,ART89596800
TR712644,ART63985757
TR941157,ART63985757
TR905584,ART63985757
TR904502,ART63985757
TR214072,ART63985757
TR270005,ART63985757
TR764973,ART63985757
TR658276,ART63985757
TR469076,ART63985757
TR476506,ART63985757
TR155551,ART63985757
TR260634,ART63985757
TR343490,ART63985757
TR827827,ART63985757
TR694865,ART63985757
TR822792,ART63985757
TR170471,ART63985757
TR876099,ART63985757
TR599417,ART63985757
TR549058,ART63985757
TR559694,ART63985757
TR529649,ART63985757
TR298949,ART63985757
TR247067,ART63985757
TR131441,ART63985757
TR660330,ART63985757
TR212843,ART63985757
TR405065,ART63985757
TR349637,ART63985757
TR248735,ART63985757
TR737119,ART63985757
TR917304,ART63985757
TR824623,ART63985757
TR744960,ART63985757
TR810620,ART63985757
TR248564,ART63985757
TR671082,ART63985757
TR562790,ART63985757
TR899116,ART63985757
TR382151,ART63985757
TR382151,ART73965015
TR355337,ART63985757
TR623145,ART63985757
TR964059,ART63985757
TR945377,ART63985757
TR847499,ART63985757
TR547480,ART63985757
TR572985,ART63985757
TR719326,ART63985757
TR104437,ART63985757
TR894620,ART63985757
TR392847,ART63985757
TR960109,ART63985757
TR593223,ART63985757
TR838194,ART63985757
TR838194,ART17812958
TR401618,ART63985757
TR376575,ART63985757
TR358513,ART63985757
TR289356,ART63985757
TR613107,ART63985757
TR615463,ART63985757
TR319774,ART63985757
TR446342,ART63985757
TR446342,ART25707984
TR762074,ART63985757
TR319283,ART63985757
TR362002,ART63985757
TR746939,ART63985757
TR982139,ART63985757
TR757620,ART63985757
TR757620,ART17812958
TR183122,ART63985757
TR275157,ART63985757
TR303180,ART63985757
TR992694,ART63985757
TR564210,ART63985757
TR402334,ART63985757
TR787762,ART63985757
TR340791,ART63985757
TR978886,ART63985757
TR831459,ART63985757
TR255853,ART63985757
TR527079,ART63985757
TR310700,ART63985757
TR413401,ART63985757
TR607640,ART63985757
TR246918,ART63985757
TR888611,ART63985757
TR724778,ART63985757
TR837880,ART63985757
TR354409,ART63985757
TR118622,ART63985757
TR444361,ART63985757
TR755829,ART63985757
TR972711,ART63985757
TR632634,ART63985757
TR309714,ART63985757
TR772026,ART63985757
TR118984,ART63985757
TR711256,ART63985757
TR248067,ART63985757
TR861376,ART63985757
TR367374,ART63985757
TR211926,ART63985757
TR310355,ART63985757
TR659735,ART63985757
TR791653,ART63985757
TR998523,ART63985757
TR813523,ART63985757
TR651038,ART63985757
TR539099,ART63985757
TR699389,ART63985757
TR334539,ART63985757
TR361346,ART63985757
TR553115,ART63985757
TR732168,ART63985757
TR520829,ART63985757
TR166092,ART63985757
TR799836,ART63985757
TR833741,ART63985757
TR496667,ART63985757
TR143881,ART63985757
TR731433,ART63985757
TR463829,ART63985757
TR987939,ART63985757
TR722421,ART63985757
TR722421,ART14383873
TR445829,ART63985757
TR370919,ART63985757
TR107687,ART91515842
TR215844,ART91515842
TR881638,ART91515842
TR136208,ART91515842
TR136208,ART28717687
TR629849,ART91515842
TR810215,ART91515842
TR181716,ART91515842
TR470954,ART91515842
TR262454,ART91515842
TR171315,ART91515842
TR883768,ART91515842
TR404955,ART91515842
TR341741,ART91515842
TR168331,ART91515842
TR331767,ART91515842
TR237894,ART91515842
TR325738,ART87162895
TR645720,ART87162895
TR367782,ART87162895
TR739172,ART87162895
TR817717,ART87162895
TR817717,ART87497821
TR702350,ART87162895
TR702350,ART02733420
TR102848,ART87162895
TR592734,ART87162895
TR491141,ART87162895
TR718501,ART87162895
TR380439,ART87162895
TR380439,ART39344115
TR587246,ART87162895
TR975291,ART87162895
TR151971,ART87162895
TR138131,ART87162895
TR298890,ART87162895
TR298890,ART87497821
TR931849,ART87162895
TR765507,ART87162895
TR728438,ART87162895
TR539687,ART87162895
TR700763,ART87162895
TR979985,ART87162895
TR488386,ART87162895
TR970205,ART87162895
TR970205,ART05528539
TR680063,ART87162895
TR680063,ART39344115
TR685477,ART87162895
TR122994,ART87162895
TR122994,ART86549066
TR681336,ART87162895
TR953180,ART87162895
TR953180,ART64850829
TR890466,ART87162895
TR890466,ART83631935
TR395152,ART87162895
TR395152,ART05528539
TR610158,ART87162895
TR898120,ART87162895
TR568504,ART87162895
TR495887,ART87162895
TR772543,ART87162895
TR801899,ART87162895
TR515471,ART87162895
TR827859,ART87162895
TR373017,ART87162895
TR675386,ART87162895
TR964778,ART87162895
TR964778,ART74676403
TR480030,ART87162895
TR734614,ART87162895
TR734614,ART02449272
TR316389,ART87162895
TR316389,ART64850829
TR329853,ART87162895
TR122860,ART87162895
TR824204,ART87162895
TR463464,ART87162895
TR913115,ART87162895
TR911882,ART87162895
TR135152,ART87162895
TR760233,ART87162895
TR824929,ART87162895
TR718886,ART87162895
TR426669,ART87162895
TR746993,ART87162895
TR186893,ART87162895
TR836017,ART87162895
TR411227,ART87162895
TR224984,ART87162895
TR226565,ART87162895
TR644698,ART87162895
TR944967,ART87162895
TR102911,ART87162895
TR357020,ART87162895
TR718142,ART87162895
TR645009,ART87162895
TR662123,ART87162895
TR121417,ART87162895
TR458726,ART87162895
TR915066,ART87162895
TR392057,ART87162895
TR188942,ART87162895
TR325882,ART87162895
TR429083,ART87162895
TR610698,ART87162895
TR723180,ART87162895
TR909668,ART87162895
TR151150,ART87162895
TR636329,ART87162895
TR416624,ART87162895
TR202472,ART87162895
TR794685,ART87162895
TR165851,ART87162895
TR703993,ART87162895
TR318894,ART87162895
TR776857,ART87162895
TR602610,ART87162895
TR109276,ART87162895
TR109276,ART05528539
TR900520,ART87162895
TR900520,ART05528539
TR321042,ART87162895
TR321042,ART64850829
TR544471,ART87162895
TR208259,ART87162895
TR491432,ART87162895
TR732555,ART87162895
TR976039,ART87162895
TR357633,ART87162895
TR205809,ART87162895
TR376583,ART87162895
TR409374,ART87162895
TR854713,ART87162895
TR633004,ART87162895
TR948275,ART87162895
TR812051,ART87162895
TR124924,ART87162895
TR306134,ART87162895
TR214821,ART87162895
TR319207,ART26418649
TR117560,ART26418649
TR521169,ART26418649
TR670077,ART26418649
TR829663,ART26418649
TR945294,ART26418649
TR529555,ART26418649
TR612504,ART26418649
TR778525,ART26418649
TR778525,ART78358659
TR663257,ART26418649
TR487842,ART26418649
TR487842,ART52465778
TR553734,ART26418649
TR243618,ART26418649
TR932965,ART26418649
TR691735,ART26418649
TR933338,ART26418649
TR302633,ART26418649
TR404329,ART26418649
TR473172,ART26418649
TR473172,ART57587384
TR473172,ART52465778
TR368323,ART26418649
TR336315,ART26418649
TR890411,ART26418649
TR796189,ART26418649
TR169235,ART26418649
TR798510,ART26418649
TR967799,ART26418649
TR773032,ART26418649
TR877516,ART26418649
TR415897,ART26418649
TR362016,ART26418649
TR678136,ART26418649
TR693254,ART26418649
TR780686,ART26418649
TR270747,ART26418649
TR692544,ART26418649
TR632785,ART26418649
TR829480,ART26418649
TR829480,ART17812958
TR280358,ART26418649
TR751382,ART26418649
TR751382,ART40433104
TR582303,ART26418649
TR635654,ART26418649
TR573375,ART26418649
TR910706,ART26418649
TR618938,ART26418649
TR618938,ART79325822
TR314353,ART26418649
TR131599,ART26418649
TR543589,ART26418649
TR526337,ART26418649
TR961274,ART26418649
TR961274,ART40433104
TR355060,ART26418649
TR243306,ART26418649
TR588449,ART26418649
TR509106,ART26418649
TR509106,ART17812958
TR484044,ART26418649
TR926119,ART26418649
TR197984,ART26418649
TR315504,ART26418649
TR760357,ART26418649
TR455104,ART26418649
TR762554,ART26418649
TR549497,ART26418649
TR685521,ART26418649
TR200688,ART26418649
TR144628,ART26418649
TR224957,ART26418649
TR769659,ART26418649
TR889194,ART26418649
TR660171,ART26418649
TR855257,ART26418649
TR129216,ART26418649
TR367068,ART26418649
TR367068,ART46851094
TR367068,ART62385172
TR192991,ART26418649
TR418051,ART26418649
TR306273,ART26418649
TR492701,ART26418649
TR869083,ART26418649
TR269406,ART26418649
TR165935,ART26418649
TR194062,ART26418649
TR310822,ART26418649
TR454236,ART26418649
TR664033,ART26418649
TR425062,ART26418649
TR437598,ART26418649
TR194664,ART26418649
TR552951,ART26418649
TR130765,ART26418649
TR720242,ART26418649
TR843448,ART26418649
TR957157,ART26418649
TR721488,ART26418649
TR462748,ART26418649
TR683730,ART26418649
TR643882,ART26418649
TR825870,ART26418649
TR940113,ART26418649
TR933847,ART26418649
TR609176,ART26418649
TR101350,ART26418649
TR140752,ART26418649
TR276729,ART26418649
TR826932,ART26418649
TR345727,ART26418649
TR382692,ART86549066
TR883587,ART86549066
TR133345,ART86549066
TR133345,ART70825116
TR533807,ART86549066
TR533807,ART63613967
TR818380,ART86549066
TR373885,ART86549066
TR648074,ART86549066
TR648074,ART39344115
TR594038,ART86549066
TR594038,ART25707984
TR594038,ART48622722
TR457359,ART86549066
TR670228,ART86549066
TR670228,ART39344115
TR146494,ART86549066
TR803223,ART86549066
TR803223,ART85780419
TR839644,ART86549066
TR839644,ART02733420
TR178959,ART86549066
TR178959,ART39344115
TR452849,ART86549066
TR673308,ART86549066
TR127689,ART86549066
TR777808,ART86549066
TR746260,ART86549066
TR186622,ART86549066
TR172378,ART86549066
TR172378,ART53496045
TR826237,ART86549066
TR153202,ART86549066
TR821419,ART86549066
TR821419,ART85046033
TR529433,ART86549066
TR137727,ART86549066
TR471128,ART86549066
TR471128,ART85046033
TR471128,ART40433104
TR560874,ART86549066
TR503797,ART86549066
TR149622,ART86549066
TR729855,ART86549066
TR592916,ART86549066
TR592916,ART87497821
TR903128,ART86549066
TR402898,ART86549066
TR402898,ART39344115
TR233632,ART86549066
TR233632,ART88792008
TR319532,ART86549066
TR724695,ART86549066
TR724695,ART20729624
TR283862,ART86549066
TR283862,ART87162895
TR365350,ART86549066
TR365350,ART88792008
TR646205,ART86549066
TR646205,ART63613967
TR888929,ART86549066
TR371074,ART86549066
TR429671,ART86549066
TR558533,ART86549066
TR183823,ART86549066
TR541095,ART86549066
TR541095,ART52272796
TR727942,ART86549066
TR727942,ART85046033
TR446204,ART86549066
TR400633,ART86549066
TR534818,ART86549066
TR434369,ART86549066
TR860253,ART86549066
TR307830,ART86549066
TR307830,ART70825116
TR307625,ART86549066
TR945304,ART86549066
TR282488,ART86549066
TR967179,ART86549066
TR604466,ART86549066
TR604466,ART78209349
TR735818,ART86549066
TR196688,ART86549066
TR465511,ART86549066
TR239521,ART86549066
TR539563,ART86549066
TR539563,ART76284946
TR599704,ART86549066
TR661175,ART86549066
TR588909,ART86549066
TR588909,ART76284946
TR588909,ART78209349
TR713577,ART86549066
TR577594,ART86549066
TR312337,ART86549066
TR879863,ART86549066
TR242903,ART86549066
TR242903,ART25707984
TR733688,ART86549066
TR285818,ART86549066
TR642025,ART86549066
TR642025,ART74676403
TR563453,ART86549066
TR563453,ART88792008
TR446032,ART86549066
TR864659,ART86549066
TR864659,ART89596800
TR954381,ART86549066
TR595740,ART86549066
TR595740,ART39344115
TR202928,ART86549066
TR746329,ART86549066
TR746329,ART48622722
TR852821,ART86549066
TR418304,ART86549066
TR836111,ART86549066
TR135764,ART86549066
TR851687,ART86549066
TR851687,ART17812958
TR322508,ART86549066
TR639280,ART86549066
TR752222,ART86549066
TR752222,ART39344115
TR273746,ART86549066
TR810261,ART86549066
TR263339,ART86549066
TR820539,ART86549066
TR321716,ART86549066
TR954909,ART86549066
TR161242,ART86549066
TR772132,ART86549066
TR882137,ART86549066
TR882137,ART87162895
TR510420,ART86549066
TR183070,ART86549066
TR590550,ART86549066
TR561739,ART86549066
TR127227,ART86549066
TR737505,ART86549066
TR320244,ART86549066
TR539984,ART86549066
TR506835,ART86549066
TR589690,ART86549066
TR589690,ART88792008
TR711745,ART86549066
TR711745,ART15560128
TR835710,ART86549066
TR835710,ART02733420
TR835710,ART17812958
TR835710,ART81071062
TR795581,ART86549066
TR795581,ART70825116
TR795581,ART88792008
TR735821,ART86549066
TR576467,ART86549066
TR576467,ART02733420
TR924868,ART86549066
TR924868,ART19729064
TR832370,ART86549066
TR832370,ART71969350
TR793391,ART86549066
TR793391,ART05528539
TR922237,ART86549066
TR922237,ART63613967
TR768620,ART86549066
TR768620,ART48622722
TR196764,ART86549066
TR530444,ART86549066
TR405799,ART86549066
TR846536,ART86549066
TR684100,ART86549066
TR446447,ART86549066
TR678952,ART86549066
TR678952,ART39344115
TR285352,ART86549066
TR285352,ART39344115
TR163534,ART86549066
TR767145,ART86549066
TR509449,ART86549066
TR311195,ART86549066
TR885368,ART86549066
TR863589,ART86549066
TR442317,ART86549066
TR410544,ART86549066
TR346194,ART86549066
TR344645,ART86549066
TR344645,ART85046033
TR913812,ART86549066
TR913812,ART88792008
TR353482,ART86549066
TR969618,ART86549066
TR599001,ART86549066
TR229532,ART86549066
TR841533,ART86549066
TR632750,ART86549066
TR427952,ART86549066
TR728561,ART86549066
TR429745,ART86549066
TR936850,ART86549066
TR134198,ART86549066
TR577263,ART86549066
TR577263,ART25707984
TR776109,ART86549066
TR436858,ART86549066
TR436858,ART07024718
TR449626,ART86549066
TR808733,ART86549066
TR872895,ART86549066
TR628407,ART86549066
TR578357,ART86549066
TR230128,ART86549066
TR334001,ART86549066
TR334001,ART56320683
TR344932,ART86549066
TR344932,ART63613967
TR516911,ART86549066
TR811277,ART86549066
TR227840,ART86549066
TR563313,ART86549066
TR563313,ART48622722
TR232946,ART86549066
TR400237,ART86549066
TR610907,ART86549066
TR610907,ART57616402
TR279770,ART86549066
TR514153,ART86549066
TR514153,ART57616402
TR962637,ART86549066
TR868394,ART86549066
TR868394,ART15560128
TR361057,ART86549066
TR341422,ART86549066
TR853070,ART86549066
TR452361,ART86549066
TR321602,ART86549066
TR772797,ART86549066
TR732751,ART86549066
TR562590,ART86549066
TR832513,ART86549066
TR889717,ART86549066
TR556679,ART86549066
TR515292,ART86549066
TR515292,ART07024718
TR994401,ART86549066
TR416685,ART86549066
TR998534,ART86549066
TR442147,ART86549066
TR396935,ART86549066
TR755554,ART86549066
TR755554,ART98118784
TR638688,ART86549066
TR557610,ART86549066
TR671814,ART86549066
TR671814,ART05528539
TR375047,ART86549066
TR105169,ART86549066
TR105169,ART56320683
TR992089,ART86549066
TR443177,ART86549066
TR578276,ART86549066
TR578276,ART19729064
TR160361,ART86549066
TR294045,ART86549066
TR304970,ART86549066
TR790220,ART86549066
TR130226,ART86549066
TR130226,ART52465778
TR725131,ART86549066
TR371763,ART86549066
TR371763,ART56320683
TR948486,ART86549066
TR824322,ART86549066
TR471601,ART86549066
TR471601,ART57616402
TR509074,ART86549066
TR476618,ART86549066
TR896362,ART86549066
TR792916,ART86549066
TR792916,ART57616402
TR942952,ART86549066
TR599511,ART86549066
TR781417,ART86549066
TR856167,ART86549066
TR812127,ART86549066
TR207533,ART86549066
TR492119,ART86549066
TR116632,ART86549066
TR195738,ART86549066
TR901674,ART86549066
TR901674,ART80977821
TR850201,ART86549066
TR703510,ART86549066
TR776727,ART86549066
TR118068,ART86549066
TR473599,ART86549066
TR644353,ART86549066
TR861934,ART86549066
TR830049,ART86549066
TR152593,ART86549066
TR985355,ART86549066
TR492308,ART86549066
TR307820,ART86549066
TR307820,ART07024718
TR579405,ART86549066
TR120870,ART86549066
TR672982,ART86549066
TR383484,ART86549066
TR545676,ART86549066
TR168066,ART95365016
TR168066,ART07024718
TR495279,ART95365016
TR469519,ART95365016
TR660715,ART95365016
TR703869,ART95365016
TR211952,ART95365016
TR581289,ART95365016
TR739558,ART95365016
TR752019,ART95365016
TR175943,ART95365016
TR997559,ART95365016
TR518958,ART95365016
TR256446,ART17812958
TR479270,ART17812958
TR421482,ART17812958
TR506678,ART17812958
TR757904,ART17812958
TR993847,ART17812958
TR778607,ART17812958
TR270873,ART17812958
TR771090,ART17812958
TR613215,ART17812958
TR290512,ART17812958
TR785846,ART17812958
TR869867,ART17812958
TR273723,ART17812958
TR998141,ART17812958
TR820376,ART17812958
TR176076,ART17812958
TR364567,ART17812958
TR752364,ART17812958
TR798937,ART17812958
TR143905,ART17812958
TR554388,ART17812958
TR378317,ART17812958
TR120848,ART17812958
TR464994,ART17812958
TR970312,ART17812958
TR414313,ART17812958
TR577744,ART17812958
TR577744,ART88792008
TR553159,ART17812958
TR480894,ART17812958
TR961166,ART17812958
TR584668,ART17812958
TR391745,ART17812958
TR353830,ART17812958
TR773681,ART17812958
TR374298,ART17812958
TR426875,ART17812958
TR636125,ART17812958
TR922941,ART17812958
TR922941,ART02733420
TR922941,ART88792008
TR469990,ART17812958
TR822952,ART17812958
TR693617,ART17812958
TR693617,ART52272796
TR560531,ART17812958
TR560531,ART88792008
TR502516,ART17812958
TR168300,ART17812958
TR207909,ART17812958
TR549559,ART17812958
TR982740,ART17812958
TR879099,ART17812958
TR879099,ART07024718
TR425348,ART17812958
TR894632,ART17812958
TR915899,ART17812958
TR915899,ART81071062
TR270782,ART17812958
TR143196,ART17812958
TR575166,ART17812958
TR469800,ART17812958
TR321082,ART17812958
TR875453,ART17812958
TR843425,ART17812958
TR527355,ART17812958
TR490261,ART17812958
TR504773,ART17812958
TR291052,ART17812958
TR291052,ART79325822
TR998017,ART17812958
TR618565,ART17812958
TR588795,ART17812958
TR158111,ART17812958
TR107206,ART17812958
TR674308,ART17812958
TR298833,ART17812958
TR150403,ART17812958
TR494478,ART17812958
TR887531,ART17812958
TR316223,ART17812958
TR713207,ART17812958
TR127219,ART17812958
TR188463,ART17812958
TR394547,ART17812958
TR983311,ART17812958
TR868553,ART17812958
TR493109,ART17812958
TR549768,ART17812958
TR557283,ART17812958
TR709887,ART17812958
TR742052,ART17812958
TR981955,ART17812958
TR880632,ART17812958
TR277849,ART17812958
TR608620,ART17812958
TR608620,ART02733420
TR505614,ART17812958
TR654606,ART17812958
TR812094,ART17812958
TR503165,ART17812958
TR637360,ART17812958
TR137448,ART17812958
TR137448,ART48537029
TR188994,ART17812958
TR494136,ART17812958
TR927094,ART17812958
TR927094,ART88792008
TR294102,ART17812958
TR986733,ART17812958
TR184425,ART17812958
TR894140,ART17812958
TR385695,ART17812958
TR996272,ART17812958
TR796768,ART17812958
TR796768,ART79325822
TR110708,ART17812958
TR819937,ART17812958
TR779402,ART17812958
TR184414,ART17812958
TR528626,ART17812958
TR877056,ART17812958
TR286786,ART17812958
TR661827,ART17812958
TR836535,ART17812958
TR968707,ART17812958
TR909654,ART17812958
TR423201,ART17812958
TR271480,ART17812958
TR302427,ART17812958
TR861449,ART17812958
TR397832,ART17812958
TR119184,ART17812958
TR867809,ART17812958
TR615292,ART17812958
TR682467,ART17812958
TR323581,ART17812958
TR364833,ART17812958
TR280663,ART17812958
TR794147,ART17812958
TR460681,ART17812958
TR613105,ART17812958
TR665206,ART17812958
TR151280,ART17812958
TR610686,ART17812958
TR781796,ART17812958
TR544426,ART17812958
TR103788,ART17812958
TR758202,ART17812958
TR494627,ART17812958
TR776802,ART17812958
TR402670,ART17812958
TR373628,ART17812958
TR307456,ART17812958
TR680749,ART17812958
TR982209,ART17812958
TR322403,ART17812958
TR242160,ART17812958
TR240272,ART17812958
TR742710,ART17812958
TR990125,ART57587384
TR286718,ART57587384
TR554331,ART57587384
TR499274,ART57587384
TR401313,ART57587384
TR898409,ART57587384
TR487479,ART57587384
TR295553,ART57587384
TR550675,ART57587384
TR950685,ART57587384
TR396917,ART57587384
TR674908,ART57587384
TR690663,ART57587384
TR468170,ART57587384
TR494775,ART57587384
TR316825,ART57587384
TR824661,ART57587384
TR706525,ART57587384
TR536847,ART57587384
TR633770,ART57587384
TR448988,ART57587384
TR451402,ART57587384
TR249616,ART57587384
TR248531,ART57587384
TR844214,ART57587384
TR129183,ART57587384
TR321956,ART57587384
TR166344,ART57587384
TR845768,ART57587384
TR550678,ART57587384
TR971871,ART57587384
TR292453,ART57587384
TR687250,ART57587384
TR358362,ART57587384
TR720799,ART57587384
TR837091,ART57587384
TR837091,ART57616402
TR230483,ART57587384
TR446461,ART57587384
TR760372,ART57587384
TR803887,ART57587384
TR757742,ART57587384
TR757742,ART98118784
TR394599,ART57587384
TR221845,ART57587384
TR248450,ART57587384
TR781101,ART57587384
TR132199,ART57587384
TR765807,ART57587384
TR879254,ART57587384
TR478181,ART57587384
TR168292,ART57587384
TR552477,ART57587384
TR665995,ART57587384
TR837557,ART57587384
TR931163,ART57587384
TR648554,ART57587384
TR241565,ART57587384
TR332741,ART57587384
TR794431,ART57587384
TR980283,ART57587384
TR316443,ART57587384
TR435194,ART57587384
TR321227,ART57587384
TR307322,ART57587384
TR849294,ART57587384
TR130080,ART57587384
TR493265,ART57587384
TR725738,ART57587384
TR725738,ART14383873
TR191523,ART57587384
TR386060,ART57587384
TR646632,ART57587384
TR263611,ART57587384
TR252408,ART57587384
TR343867,ART57587384
TR960529,ART57587384
TR984362,ART57587384
TR997608,ART57587384
TR997608,ART88792008
TR813383,ART57587384
TR202560,ART57587384
TR737190,ART57587384
TR546224,ART57587384
TR785441,ART57587384
TR176466,ART57587384
TR925519,ART57587384
TR457060,ART57587384
TR973104,ART57587384
TR205901,ART57587384
TR947267,ART57587384
TR480468,ART57587384
TR492871,ART57587384
TR844277,ART57587384
TR375900,ART57587384
TR453610,ART57587384
TR382547,ART57587384
TR379498,ART57587384
TR618875,ART57587384
TR505442,ART57587384
TR596146,ART57587384
TR270756,ART57587384
TR415067,ART57587384
TR445965,ART57587384
TR622278,ART57587384
TR927968,ART57587384
TR873859,ART57587384
TR746234,ART57587384
TR508671,ART57587384
TR154083,ART57587384
TR291698,ART57587384
TR222045,ART57587384
TR443829,ART57587384
TR411528,ART57587384
TR135353,ART57587384
TR307925,ART57587384
TR332889,ART57587384
TR186926,ART82291002
TR671689,ART82291002
TR637166,ART82291002
TR154604,ART82291002
TR776534,ART82291002
TR776534,ART27304446
TR835382,ART82291002
TR835382,ART27304446
TR122959,ART82291002
TR273611,ART82291002
TR874084,ART82291002
TR495697,ART82291002
TR902431,ART82291002
TR118930,ART82291002
TR484623,ART82291002
TR484623,ART71969350
TR476154,ART82291002
TR505978,ART82291002
TR590616,ART82291002
TR662476,ART82291002
TR373531,ART82291002
TR275698,ART82291002
TR275698,ART17812958
TR756066,ART82291002
TR132585,ART82291002
TR999155,ART82291002
TR654595,ART82291002
TR344870,ART82291002
TR549200,ART82291002
TR788046,ART82291002
TR699548,ART82291002
TR339693,ART82291002
TR543679,ART82291002
TR319679,ART82291002
TR611994,ART82291002
TR630673,ART82291002
TR931482,ART82291002
TR435889,ART82291002
TR165809,ART82291002
TR823708,ART82291002
TR909140,ART82291002
TR424648,ART82291002
TR201996,ART82291002
TR201996,ART57616402
TR966189,ART82291002
TR712268,ART82291002
TR580997,ART82291002
TR580997,ART71969350
TR174802,ART82291002
TR855568,ART82291002
TR410734,ART82291002
TR930672,ART82291002
TR138182,ART82291002
TR674690,ART82291002
TR539432,ART82291002
TR537132,ART82291002
TR579199,ART82291002
TR993661,ART82291002
TR879122,ART82291002
TR640245,ART82291002
TR845425,ART82291002
TR387937,ART82291002
TR350598,ART82291002
TR389594,ART82291002
TR401736,ART82291002
TR189615,ART82291002
TR591470,ART82291002
TR696979,ART82291002
TR116451,ART82291002
TR783484,ART82291002
TR370609,ART82291002
TR649674,ART82291002
TR530579,ART82291002
TR143443,ART82291002
TR526297,ART82291002
TR258476,ART82291002
TR519034,ART82291002
TR114315,ART82291002
TR569301,ART82291002
TR942923,ART82291002
TR156562,ART82291002
TR163786,ART82291002
TR575651,ART82291002
TR857884,ART19729064
TR220195,ART19729064
TR888706,ART19729064
TR678582,ART19729064
TR537691,ART19729064
TR865495,ART19729064
TR877710,ART19729064
TR335363,ART19729064
TR716125,ART19729064
TR708261,ART19729064
TR775648,ART19729064
TR772056,ART19729064
TR176812,ART19729064
TR719214,ART19729064
TR719214,ART88792008
TR115763,ART19729064
TR499547,ART19729064
TR644922,ART19729064
TR644922,ART15560128
TR397706,ART19729064
TR486099,ART19729064
TR486099,ART52465778
TR726643,ART19729064
TR853797,ART19729064
TR767501,ART19729064
TR316680,ART19729064
TR316680,ART25707984
TR842980,ART19729064
TR330373,ART19729064
TR297551,ART19729064
TR297551,ART25707984
TR212025,ART19729064
TR545149,ART19729064
TR959254,ART19729064
TR767515,ART19729064
TR421393,ART19729064
TR647831,ART19729064
TR264115,ART19729064
TR144549,ART19729064
TR427204,ART19729064
TR534375,ART19729064
TR534375,ART02733420
TR880812,ART19729064
TR880812,ART57616402
TR919646,ART19729064
TR919646,ART86549066
TR967808,ART19729064
TR132681,ART19729064
TR469586,ART19729064
TR838832,ART19729064
TR524727,ART19729064
TR700760,ART19729064
TR267868,ART19729064
TR677692,ART19729064
TR710983,ART19729064
TR122005,ART19729064
TR242371,ART19729064
TR791573,ART19729064
TR673204,ART19729064
TR496473,ART19729064
TR405610,ART19729064
TR520154,ART19729064
TR383581,ART19729064
TR383581,ART57616402
TR481674,ART19729064
TR625444,ART19729064
TR625444,ART88792008
TR466503,ART19729064
TR367993,ART19729064
TR538687,ART19729064
TR633097,ART19729064
TR686714,ART19729064
TR608925,ART19729064
TR143725,ART19729064
TR914393,ART19729064
TR814143,ART19729064
TR749113,ART19729064
TR149907,ART19729064
TR200363,ART19729064
TR200363,ART25707984
TR932198,ART19729064
TR579531,ART19729064
TR579531,ART86549066
TR472272,ART19729064
TR126640,ART19729064
TR958953,ART19729064
TR907837,ART19729064
TR981209,ART19729064
TR899178,ART19729064
TR460697,ART19729064
TR460697,ART57616402
TR139928,ART19729064
TR448254,ART19729064
TR827930,ART19729064
TR426075,ART19729064
TR317320,ART19729064
TR646439,ART19729064
TR811890,ART19729064
TR173843,ART19729064
TR824281,ART19729064
TR567353,ART19729064
TR995849,ART19729064
TR617694,ART19729064
TR485857,ART19729064
TR915200,ART19729064
TR172322,ART19729064
TR450552,ART19729064
TR207161,ART19729064
TR842651,ART19729064
TR927810,ART19729064
TR970446,ART19729064
TR245738,ART19729064
TR290378,ART19729064
TR405937,ART19729064
TR104414,ART19729064
TR843223,ART19729064
TR221503,ART19729064
TR104255,ART19729064
TR665858,ART19729064
TR951489,ART19729064
TR790264,ART02666525
TR293872,ART02666525
TR203069,ART02666525
TR203069,ART57616402
TR914253,ART02666525
TR342506,ART02666525
TR852300,ART02666525
TR754440,ART02666525
TR583016,ART02666525
TR152064,ART02666525
TR505262,ART02666525
TR369326,ART02666525
TR536244,ART02666525
TR870175,ART02666525
TR345666,ART02666525
TR439115,ART02666525
TR455409,ART02666525
TR355116,ART02666525
TR276597,ART02666525
TR134516,ART02666525
TR830275,ART02666525
TR230364,ART02666525
TR326533,ART02666525
TR840430,ART02666525
TR285498,ART02666525
TR133646,ART02666525
TR917724,ART02666525
TR669736,ART02666525
TR647227,ART02666525
TR350783,ART02666525
TR543984,ART02666525
TR712632,ART76284946
TR712632,ART85780419
TR712632,ART89596800
TR712632,ART39344115
TR951321,ART76284946
TR117975,ART76284946
TR443738,ART76284946
TR319893,ART76284946
TR279570,ART76284946
TR107242,ART76284946
TR978882,ART76284946
TR356357,ART76284946
TR957838,ART76284946
TR957838,ART25707984
TR219464,ART76284946
TR219464,ART89596800
TR757272,ART76284946
TR474559,ART76284946
TR663909,ART76284946
TR544186,ART76284946
TR544186,ART64850829
TR760616,ART76284946
TR355503,ART76284946
TR355503,ART20729624
TR869063,ART76284946
TR597980,ART76284946
TR863750,ART76284946
TR368873,ART76284946
TR441834,ART76284946
TR849166,ART76284946
TR312465,ART76284946
TR633578,ART76284946
TR254973,ART76284946
TR254973,ART05528539
TR308614,ART76284946
TR628011,ART76284946
TR981154,ART76284946
TR930382,ART76284946
TR930382,ART78358659
TR755038,ART76284946
TR231096,ART76284946
TR855735,ART76284946
TR241547,ART76284946
TR852083,ART76284946
TR852083,ART85780419
TR963657,ART76284946
TR933167,ART76284946
TR611561,ART76284946
TR114142,ART76284946
TR385492,ART76284946
TR673336,ART76284946
TR185142,ART76284946
TR149128,ART76284946
TR909168,ART76284946
TR708198,ART76284946
TR613997,ART76284946
TR734509,ART76284946
TR452841,ART76284946
TR408650,ART76284946
TR978049,ART76284946
TR200712,ART76284946
TR200712,ART87162895
TR475447,ART76284946
TR522518,ART76284946
TR220820,ART76284946
TR220820,ART39344115
TR839448,ART76284946
TR143986,ART76284946
TR854046,ART76284946
TR427078,ART76284946
TR213779,ART76284946
TR339723,ART76284946
TR786918,ART76284946
TR695168,ART76284946
TR695168,ART48622722
TR412838,ART76284946
TR897725,ART76284946
TR717072,ART76284946
TR807380,ART76284946
TR716540,ART76284946
TR277754,ART76284946
TR612776,ART76284946
TR898158,ART76284946
TR898158,ART89596800
TR534237,ART76284946
TR577798,ART76284946
TR459388,ART76284946
TR459388,ART87497821
TR620438,ART76284946
TR223129,ART76284946
TR513868,ART76284946
TR200645,ART76284946
TR311495,ART76284946
TR617380,ART76284946
TR191615,ART76284946
TR191615,ART25707984
TR991895,ART76284946
TR207798,ART76284946
TR442402,ART76284946
TR105571,ART76284946
TR882891,ART76284946
TR882891,ART87497821
TR830864,ART76284946
TR203437,ART76284946
TR733942,ART76284946
TR762429,ART76284946
TR959305,ART76284946
TR144595,ART76284946
TR265588,ART76284946
TR478037,ART76284946
TR909790,ART76284946
TR909790,ART83125571
TR880966,ART76284946
TR532071,ART76284946
TR100995,ART14383873
TR317133,ART14383873
TR317133,ART25707984
TR317133,ART88792008
TR317133,ART07127070
TR317133,ART02733420
TR317133,ART17812958
TR985889,ART14383873
TR985889,ART86549066
TR700142,ART14383873
TR993382,ART14383873
TR993382,ART02733420
TR693738,ART14383873
TR693738,ART88792008
TR693738,ART02733420
TR155170,ART14383873
TR155170,ART20729624
TR155170,ART46851094
TR277380,ART14383873
TR277380,ART88792008
TR277380,ART64850829
TR493612,ART14383873
TR493612,ART28846313
TR324875,ART14383873
TR324875,ART76284946
TR324875,ART74676403
TR934486,ART14383873
TR731996,ART14383873
TR731996,ART63613967
TR749184,ART14383873
TR749184,ART02733420
TR859439,ART14383873
TR859439,ART88792008
TR407617,ART14383873
TR407617,ART80977821
TR933203,ART14383873
TR933203,ART19060721
TR933203,ART86549066
TR280868,ART14383873
TR850382,ART14383873
TR404468,ART14383873
TR186349,ART14383873
TR186349,ART76284946
TR403982,ART14383873
TR403982,ART05528539
TR721459,ART14383873
TR721459,ART17812958
TR729121,ART14383873
TR346634,ART14383873
TR346634,ART56320683
TR579802,ART14383873
TR579802,ART76284946
TR394508,ART14383873
TR394508,ART88792008
TR664116,ART14383873
TR664116,ART85046033
TR664116,ART07024718
TR194734,ART14383873
TR194734,ART88792008
TR279799,ART14383873
TR279799,ART25707984
TR468500,ART14383873
TR404993,ART14383873
TR404993,ART86549066
TR130854,ART14383873
TR623082,ART14383873
TR309605,ART14383873
TR309605,ART86549066
TR309605,ART57616402
TR943999,ART14383873
TR822821,ART14383873
TR224888,ART14383873
TR224888,ART07469279
TR224888,ART15560128
TR621186,ART14383873
TR178712,ART14383873
TR249510,ART14383873
TR518621,ART14383873
TR518621,ART19729064
TR518621,ART28846313
TR989163,ART14383873
TR552730,ART14383873
TR971494,ART14383873
TR705440,ART14383873
TR385952,ART14383873
TR896358,ART14383873
TR220601,ART14383873
TR256528,ART14383873
TR538038,ART14383873
TR338147,ART14383873
TR338147,ART17812958
TR132810,ART14383873
TR848023,ART14383873
TR848023,ART98118784
TR739425,ART14383873
TR277727,ART14383873
TR800922,ART14383873
TR426338,ART14383873
TR286386,ART14383873
TR127478,ART14383873
TR237709,ART14383873
TR102586,ART14383873
TR541098,ART07629990
TR541098,ART25707984
TR830939,ART07629990
TR311396,ART07629990
TR762342,ART07629990
TR762342,ART25707984
TR638268,ART07629990
TR159925,ART07629990
TR573216,ART07629990
TR157060,ART07629990
TR684026,ART07629990
TR229663,ART07629990
TR229663,ART25707984
TR966337,ART07629990
TR966337,ART25707984
TR473816,ART07629990
TR473816,ART25707984
TR130907,ART07629990
TR740010,ART07629990
TR270990,ART07629990
TR169320,ART07629990
TR711315,ART07629990
TR711315,ART25707984
TR422863,ART07629990
TR293618,ART07629990
TR579941,ART07629990
TR115665,ART07629990
TR881372,ART07629990
TR428623,ART07629990
TR483639,ART07629990
TR780682,ART07629990
TR780682,ART80977821
TR396020,ART07629990
TR568616,ART07629990
TR987726,ART07629990
TR671528,ART07629990
TR430178,ART07629990
TR654508,ART07629990
TR314703,ART07629990
TR943555,ART07629990
TR605646,ART07629990
TR605646,ART25707984
TR677557,ART07629990
TR551855,ART07629990
TR580451,ART07629990
TR367340,ART07629990
TR796733,ART07629990
TR514416,ART07629990
TR739921,ART07629990
TR113436,ART07629990
TR256275,ART07629990
TR810341,ART07629990
TR547630,ART07629990
TR806122,ART07629990
TR562973,ART07629990
TR562973,ART25707984
TR328821,ART07629990
TR480123,ART07629990
TR666127,ART07629990
TR820489,ART07629990
TR990525,ART07629990
TR988089,ART07629990
TR366730,ART07629990
TR366730,ART25707984
TR906503,ART07629990
TR798002,ART07629990
TR656976,ART07629990
TR933826,ART07629990
TR874765,ART07629990
TR650076,ART07629990
TR191623,ART07629990
TR199257,ART07629990
TR320920,ART07629990
TR153176,ART07629990
TR525976,ART07629990
TR288424,ART07629990
TR231312,ART07629990
TR231925,ART07629990
TR323138,ART07629990
TR122822,ART07629990
TR104697,ART07629990
TR104697,ART25707984
TR623894,ART07629990
TR623894,ART25707984
TR292054,ART07629990
TR701421,ART07629990
TR725465,ART07629990
TR558820,ART07629990
TR558820,ART25707984
TR682497,ART07629990
TR810441,ART07629990
TR898024,ART07629990
TR242186,ART07629990
TR781315,ART07629990
TR839041,ART07629990
TR601323,ART07629990
TR712395,ART07629990
TR788069,ART07629990
TR505355,ART07629990
TR463590,ART07629990
TR354499,ART07629990
TR527688,ART07629990
TR106087,ART07629990
TR470885,ART07629990
TR464830,ART07629990
TR890698,ART07629990
TR513705,ART07629990
TR591834,ART07629990
TR891005,ART07629990
TR996319,ART07629990
TR280678,ART07629990
TR362271,ART07629990
TR235121,ART07629990
TR386690,ART07629990
TR610540,ART07629990
TR619283,ART07629990
TR412309,ART07629990
TR464805,ART07629990
TR639399,ART07629990
TR590602,ART07629990
TR143184,ART07629990
TR341963,ART07629990
TR459783,ART07629990
TR917634,ART07629990
TR856880,ART07629990
TR237659,ART07629990
TR377655,ART07629990
TR558818,ART07629990
TR706994,ART07629990
TR429588,ART07629990
TR459923,ART07629990
TR276531,ART07629990
TR647438,ART07629990
TR819131,ART07629990
TR882850,ART07629990
TR233567,ART07629990
TR689546,ART07629990
TR756186,ART07629990
TR244243,ART07629990
TR376798,ART07629990
TR390750,ART07629990
TR326054,ART07629990
TR630224,ART07629990
TR224701,ART07629990
TR242884,ART07629990
TR611849,ART07629990
TR253292,ART07629990
TR590856,ART07629990
TR274654,ART07629990
TR427692,ART07629990
TR177248,ART07629990
TR227970,ART07629990
TR319990,ART07629990
TR536127,ART07629990
TR768349,ART07629990
TR993897,ART07629990
TR172341,ART07629990
TR787178,ART07629990
TR671898,ART07629990
TR428907,ART07629990
TR745046,ART07629990
TR856931,ART07629990
TR154528,ART07629990
TR582457,ART07629990
TR850068,ART07629990
TR666171,ART07629990
TR535476,ART07629990
TR791767,ART07629990
TR381493,ART07629990
TR153477,ART07629990
TR316118,ART07629990
TR334819,ART07629990
TR249273,ART07629990
TR246847,ART07629990
TR201384,ART07629990
TR996606,ART07629990
TR247042,ART07629990
TR166404,ART07629990
TR183589,ART07629990
TR483909,ART07629990
TR301077,ART07629990
TR687409,ART61734477
TR669556,ART61734477
TR209027,ART61734477
TR473257,ART61734477
TR657574,ART61734477
TR657574,ART08302616
TR907200,ART61734477
TR197704,ART61734477
TR197704,ART64850829
TR481643,ART61734477
TR481643,ART57242110
TR348708,ART61734477
TR690925,ART61734477
TR285093,ART61734477
TR830025,ART61734477
TR914150,ART61734477
TR914150,ART04205421
TR103282,ART61734477
TR926365,ART61734477
TR840390,ART61734477
TR277179,ART61734477
TR920293,ART61734477
TR592668,ART61734477
TR851700,ART61734477
TR851700,ART96068455
TR706261,ART61734477
TR500597,ART61734477
TR629210,ART61734477
TR684270,ART61734477
TR999375,ART61734477
TR448018,ART61734477
TR331851,ART61734477
TR757448,ART61734477
TR322110,ART61734477
TR322110,ART19605256
TR845354,ART61734477
TR111721,ART61734477
TR169808,ART61734477
TR164871,ART61734477
TR988251,ART61734477
TR377528,ART61734477
TR749705,ART61734477
TR502019,ART61734477
TR638745,ART61734477
TR295698,ART61734477
TR224596,ART61734477
TR754452,ART61734477
TR754452,ART57242110
TR608323,ART61734477
TR459215,ART61734477
TR540169,ART61734477
TR151552,ART61734477
TR861530,ART61734477
TR447148,ART61734477
TR262881,ART61734477
TR561993,ART61734477
TR309807,ART61734477
TR685280,ART61734477
TR295176,ART61734477
TR138274,ART61734477
TR138274,ART86549066
TR638268,ART61734477
TR393635,ART61734477
TR630778,ART61734477
TR546814,ART61734477
TR491207,ART61734477
TR491207,ART51721248
TR969806,ART61734477
TR359162,ART61734477
TR812120,ART61734477
TR708987,ART61734477
TR980826,ART61734477
TR192555,ART61734477
TR325616,ART61734477
TR112926,ART61734477
TR319826,ART61734477
TR852338,ART61734477
TR666247,ART61734477
TR492049,ART61734477
TR334725,ART61734477
TR877233,ART61734477
TR993684,ART61734477
TR579097,ART61734477
TR534444,ART46711784
TR492037,ART46711784
TR606334,ART46711784
TR774621,ART46711784
TR919172,ART46711784
TR947665,ART46711784
TR999260,ART46711784
TR155178,ART46711784
TR582897,ART46711784
TR383581,ART46711784
TR566821,ART46711784
TR467903,ART46711784
TR308833,ART46711784
TR232253,ART46711784
TR275038,ART46711784
TR448207,ART46711784
TR833542,ART46711784
TR432049,ART46711784
TR904234,ART46711784
TR175406,ART46711784
TR448143,ART46711784
TR268081,ART46711784
TR205777,ART46711784
TR157845,ART46711784
TR194482,ART46711784
TR606153,ART46711784
TR344899,ART46711784
TR707465,ART46711784
TR366012,ART46711784
TR200898,ART46711784
TR671803,ART46711784
TR539815,ART46711784
TR519714,ART46711784
TR273535,ART46711784
TR371418,ART46711784
TR580000,ART46711784
TR431554,ART46711784
TR436805,ART46711784
TR881470,ART46711784
TR777350,ART46711784
TR657917,ART46711784
TR431776,ART46711784
TR529906,ART46711784
TR984717,ART46711784
TR677495,ART46711784
TR340972,ART46711784
TR128551,ART46711784
TR746370,ART46711784
TR575687,ART46711784
TR385765,ART46711784
TR812108,ART46711784
TR110045,ART46711784
TR805917,ART46711784
TR170576,ART46711784
TR765337,ART46711784
TR394950,ART46711784
TR581814,ART46711784
TR852520,ART46711784
TR307501,ART46711784
TR405438,ART46711784
TR268747,ART46711784
TR489162,ART46711784
TR936932,ART46711784
TR105319,ART46711784
TR137614,ART46711784
TR252811,ART46711784
TR216885,ART46711784
TR157730,ART46711784
TR921306,ART46711784
TR395118,ART46711784
TR615580,ART46711784
TR212811,ART46711784
TR534899,ART46711784
TR146967,ART71846481
TR392420,ART71846481
TR800819,ART71846481
TR214145,ART71846481
TR957544,ART71846481
TR939470,ART71846481
TR668088,ART71846481
TR297613,ART71846481
TR370757,ART71846481
TR614536,ART71846481
TR737824,ART71846481
TR860082,ART71846481
TR989686,ART71846481
TR653391,ART71846481
TR977577,ART71846481
TR677098,ART71846481
TR593161,ART71846481
TR814608,ART71846481
TR480671,ART71846481
TR438867,ART71846481
TR386349,ART71846481
TR883197,ART71846481
TR942786,ART71846481
TR302530,ART71846481
TR939046,ART71846481
TR847295,ART71846481
TR322741,ART71846481
TR289229,ART71846481
TR292751,ART71846481
TR996723,ART71846481
TR197210,ART71846481
TR468262,ART71846481
TR172047,ART71846481
TR107146,ART71846481
TR292187,ART71846481
TR421187,ART71846481
TR909463,ART71846481
TR618779,ART71846481
TR984017,ART71846481
TR258848,ART71846481
TR823733,ART71846481
TR976641,ART71846481
TR669996,ART71846481
TR977946,ART71846481
TR681461,ART71846481
TR681461,ART18853907
TR497245,ART71846481
TR732630,ART71846481
TR344102,ART71846481
TR283621,ART71846481
TR434239,ART71846481
TR429629,ART71846481
TR461396,ART71846481
TR265483,ART71846481
TR525311,ART71846481
TR989634,ART71846481
TR554437,ART71846481
TR206762,ART71846481
TR322218,ART71846481
TR492960,ART71846481
TR936536,ART71846481
TR342245,ART71846481
TR588115,ART71846481
TR482427,ART71846481
TR486592,ART71846481
TR845034,ART71846481
TR108035,ART71846481
TR142935,ART71846481
TR719615,ART71846481
TR323298,ART85046033
TR561092,ART85046033
TR835251,ART85046033
TR930235,ART85046033
TR930235,ART78209349
TR484859,ART85046033
TR300985,ART85046033
TR721317,ART85046033
TR336698,ART85046033
TR336698,ART53496045
TR496522,ART85046033
TR258738,ART85046033
TR768563,ART85046033
TR768563,ART88026810
TR369837,ART85046033
TR247225,ART85046033
TR247225,ART48622722
TR621176,ART85046033
TR513837,ART85046033
TR513837,ART28846313
TR468856,ART85046033
TR737794,ART85046033
TR892986,ART85046033
TR892986,ART78358659
TR929039,ART85046033
TR929039,ART40433104
TR700790,ART85046033
TR486604,ART85046033
TR120094,ART85046033
TR120094,ART40433104
TR943871,ART85046033
TR714531,ART85046033
TR905024,ART85046033
TR905024,ART02733420
TR370064,ART85046033
TR370064,ART05528539
TR214334,ART85046033
TR485949,ART85046033
TR485949,ART40433104
TR254997,ART85046033
TR254997,ART40433104
TR849944,ART85046033
TR849944,ART40433104
TR655183,ART85046033
TR673234,ART85046033
TR205522,ART85046033
TR949370,ART85046033
TR833422,ART85046033
TR508828,ART85046033
TR508828,ART40433104
TR508828,ART78358659
TR544938,ART85046033
TR573573,ART85046033
TR637533,ART85046033
TR637533,ART86549066
TR637533,ART87162895
TR966511,ART85046033
TR264465,ART85046033
TR264465,ART40433104
TR378700,ART85046033
TR378700,ART56320683
TR378700,ART91352277
TR873226,ART85046033
TR741244,ART85046033
TR460361,ART85046033
TR563930,ART85046033
TR751817,ART85046033
TR803783,ART85046033
TR712115,ART85046033
TR301865,ART85046033
TR558544,ART85046033
TR412865,ART85046033
TR499340,ART85046033
TR267608,ART85046033
TR530875,ART85046033
TR530875,ART87389753
TR153985,ART85046033
TR852658,ART85046033
TR852658,ART25707984
TR969259,ART85046033
TR419062,ART85046033
TR419062,ART16868977
TR563509,ART85046033
TR245777,ART85046033
TR245777,ART40433104
TR224944,ART85046033
TR224944,ART87389753
TR699100,ART85046033
TR699100,ART53496045
TR757407,ART85046033
TR910202,ART85046033
TR910202,ART85780419
TR636157,ART85046033
TR834176,ART85046033
TR949622,ART85046033
TR713714,ART85046033
TR378432,ART85046033
TR630223,ART85046033
TR630223,ART57616402
TR916307,ART85046033
TR666928,ART85046033
TR951602,ART85046033
TR666386,ART85046033
TR934890,ART85046033
TR761888,ART85046033
TR761888,ART25707984
TR644957,ART85046033
TR644957,ART87389753
TR716921,ART85046033
TR911007,ART85046033
TR236050,ART85046033
TR200402,ART85046033
TR669864,ART85046033
TR662703,ART85046033
TR779133,ART85046033
TR554008,ART85046033
TR688970,ART85046033
TR206714,ART85046033
TR722706,ART85046033
TR345356,ART85046033
TR939495,ART85046033
TR320463,ART85046033
TR347238,ART85046033
TR764624,ART85046033
TR241803,ART85046033
TR241803,ART78209349
TR241803,ART02733420
TR132334,ART85046033
TR804290,ART85046033
TR804290,ART40433104
TR802163,ART85046033
TR802163,ART40433104
TR883125,ART85046033
TR493386,ART85046033
TR493386,ART53496045
TR659676,ART85046033
TR521161,ART85046033
TR389689,ART85046033
TR505764,ART85046033
TR338477,ART85046033
TR957503,ART85046033
TR748085,ART85046033
TR748085,ART40433104
TR399713,ART85046033
TR494984,ART85046033
TR268877,ART85046033
TR202465,ART85046033
TR931038,ART85046033
TR218738,ART85046033
TR218738,ART86549066
TR520917,ART85046033
TR253321,ART85046033
TR868323,ART85046033
TR189585,ART85046033
TR807505,ART85046033
TR138342,ART85046033
TR906271,ART85046033
TR490621,ART85046033
TR490621,ART87389753
TR335246,ART85046033
TR274221,ART85046033
TR274221,ART48622722
TR534373,ART85046033
TR584340,ART85046033
TR584340,ART78209349
TR488743,ART85046033
TR884905,ART85046033
TR884905,ART71969350
TR884905,ART57616402
TR884905,ART80977821
TR757696,ART85046033
TR757696,ART88792008
TR631016,ART85046033
TR381503,ART85046033
TR381503,ART07127070
TR970322,ART85046033
TR658645,ART85046033
TR511810,ART85046033
TR676655,ART85046033
TR676655,ART25707984
TR345554,ART85046033
TR239258,ART85046033
TR694015,ART85046033
TR704411,ART85046033
TR294020,ART85046033
TR120447,ART85046033
TR430340,ART85046033
TR113197,ART85046033
TR218172,ART85046033
TR599524,ART85046033
TR599524,ART28846313
TR599524,ART05528539
TR654867,ART85046033
TR359945,ART85046033
TR538122,ART85046033
TR704724,ART85046033
TR380648,ART85046033
TR916755,ART85046033
TR305011,ART85046033
TR357325,ART85046033
TR783187,ART85046033
TR143039,ART85046033
TR143039,ART86549066
TR195108,ART85046033
TR970485,ART85046033
TR744187,ART85046033
TR170828,ART85046033
TR395260,ART85046033
TR819526,ART85046033
TR818062,ART85046033
TR580584,ART85046033
TR148900,ART85046033
TR910960,ART85046033
TR711788,ART85046033
TR919158,ART85046033
TR853343,ART85046033
TR853343,ART53496045
TR853343,ART80977821
TR836598,ART85046033
TR154777,ART85046033
TR130588,ART85046033
TR318405,ART85046033
TR954532,ART85046033
TR954532,ART87497821
TR323965,ART85046033
TR323965,ART52272796
TR206457,ART85046033
TR206457,ART57616402
TR206457,ART07469279
TR767510,ART85046033
TR293036,ART85046033
TR293036,ART71969350
TR639204,ART85046033
TR970036,ART85046033
TR465485,ART85046033
TR219943,ART85046033
TR511640,ART85046033
TR558630,ART85046033
TR917051,ART85046033
TR454758,ART85046033
TR362586,ART85046033
TR148249,ART85046033
TR243050,ART85046033
TR536494,ART85046033
TR562469,ART85046033
TR470777,ART85046033
TR375675,ART85046033
TR540275,ART85046033
TR540275,ART40433104
TR457535,ART85046033
TR473818,ART85046033
TR214995,ART85046033
TR531544,ART85046033
TR265096,ART85046033
TR592860,ART85046033
TR122802,ART85046033
TR822183,ART85046033
TR260994,ART85046033
TR567729,ART85046033
TR813228,ART85046033
TR940222,ART85046033
TR594426,ART85046033
TR809092,ART85046033
TR774416,ART85046033
TR114528,ART85046033
TR114528,ART63613967
TR271833,ART85046033
TR943385,ART85046033
TR409037,ART85046033
TR683848,ART85046033
TR328095,ART85046033
TR328095,ART53496045
TR328095,ART71969350
TR757697,ART85046033
TR728500,ART85046033
TR276857,ART85046033
TR276857,ART25707984
TR910920,ART85046033
TR213881,ART85046033
TR213881,ART57616402
TR458188,ART85046033
TR495908,ART85046033
TR695460,ART85046033
TR876268,ART85046033
TR876268,ART40433104
TR989536,ART85046033
TR989536,ART86549066
TR188141,ART85046033
TR305517,ART85046033
TR111344,ART85046033
TR314142,ART85046033
TR963599,ART85046033
TR554104,ART85046033
TR383724,ART85046033
TR711129,ART85046033
TR648071,ART85046033
TR184566,ART85046033
TR737130,ART85046033
TR684108,ART85046033
TR300297,ART85046033
TR924435,ART85046033
TR115777,ART85046033
TR144592,ART85046033
TR854744,ART85046033
TR175133,ART85046033
TR666480,ART85046033
TR772212,ART85046033
TR772212,ART80977821
TR473380,ART85046033
TR620314,ART85046033
TR603402,ART85046033
TR386476,ART85046033
TR274508,ART85046033
TR274508,ART78209349
TR363905,ART85046033
TR363905,ART83631935
TR312231,ART85046033
TR533725,ART85046033
TR787145,ART85046033
TR166534,ART85046033
TR691264,ART85046033
TR691264,ART57616402
TR691264,ART62385172
TR109183,ART85046033
TR637167,ART85046033
TR892139,ART85046033
TR344413,ART85046033
TR681081,ART85046033
TR269920,ART85046033
TR269920,ART57616402
TR832848,ART85046033
TR303350,ART85046033
TR303350,ART88792008
TR417020,ART85046033
TR348273,ART85046033
TR782572,ART85046033
TR239496,ART85046033
TR461994,ART85046033
TR799070,ART85046033
TR223862,ART85046033
TR397678,ART85046033
TR309377,ART85046033
TR671515,ART85046033
TR438392,ART85046033
TR672756,ART85046033
TR318011,ART85046033
TR145437,ART85046033
TR671348,ART85046033
TR608105,ART85046033
TR485629,ART85046033
TR761191,ART85046033
TR864469,ART85046033
TR504616,ART85046033
TR133389,ART85046033
TR133389,ART80977821
TR201288,ART85046033
TR960319,ART85046033
TR331239,ART85046033
TR331239,ART57616402
TR331239,ART56320683
TR859441,ART85046033
TR631579,ART85046033
TR776498,ART85046033
TR776498,ART80977821
TR198138,ART85046033
TR325524,ART85046033
TR933198,ART85046033
TR656337,ART85046033
TR347241,ART85046033
TR435930,ART85046033
TR323357,ART85046033
TR282212,ART85046033
TR109007,ART85046033
TR456066,ART85046033
TR713229,ART85046033
TR944461,ART85046033
TR593143,ART85046033
TR535965,ART85046033
TR176666,ART85046033
TR176666,ART40433104
TR452359,ART85046033
TR719684,ART85046033
TR984351,ART85046033
TR984351,ART57616402
TR706801,ART85046033
TR706801,ART78209349
TR511677,ART85046033
TR875221,ART85046033
TR790223,ART85046033
TR971773,ART85046033
TR490148,ART85046033
TR315693,ART85046033
TR660379,ART85046033
TR979288,ART85046033
TR449309,ART85046033
TR227405,ART85046033
TR248945,ART85046033
TR513521,ART85046033
TR615148,ART85046033
TR828234,ART85046033
TR646053,ART85046033
TR584792,ART85046033
TR369961,ART85046033
TR322402,ART85046033
TR158750,ART85046033
TR109959,ART85046033
TR199538,ART85046033
TR107407,ART85046033
TR587520,ART85046033
TR758787,ART85046033
TR485471,ART85046033
TR980943,ART09119396
TR410884,ART09119396
TR161891,ART09119396
TR161891,ART87497821
TR283958,ART09119396
TR520809,ART09119396
TR846349,ART09119396
TR846349,ART70825116
TR352114,ART09119396
TR352114,ART85780419
TR267487,ART09119396
TR267487,ART39344115
TR672792,ART09119396
TR672792,ART87497821
TR396356,ART09119396
TR396356,ART57242110
TR831217,ART09119396
TR467616,ART09119396
TR467616,ART05528539
TR504348,ART09119396
TR355561,ART09119396
TR600284,ART09119396
TR332010,ART09119396
TR185185,ART09119396
TR680167,ART09119396
TR752033,ART09119396
TR461564,ART09119396
TR499734,ART09119396
TR541037,ART09119396
TR819257,ART09119396
TR819257,ART51721248
TR227681,ART09119396
TR873781,ART09119396
TR457671,ART09119396
TR820354,ART09119396
TR409199,ART09119396
TR448043,ART09119396
TR907711,ART09119396
TR399418,ART09119396
TR463795,ART09119396
TR479164,ART09119396
TR479164,ART70825116
TR755381,ART09119396
TR918658,ART09119396
TR918658,ART85780419
TR465043,ART09119396
TR924145,ART09119396
TR733248,ART09119396
TR766736,ART09119396
TR366482,ART09119396
TR472322,ART09119396
TR454992,ART09119396
TR524065,ART09119396
TR169306,ART09119396
TR705457,ART09119396
TR798277,ART09119396
TR779200,ART09119396
TR436638,ART09119396
TR609708,ART09119396
TR606656,ART09119396
TR901695,ART09119396
TR901695,ART57242110
TR494604,ART09119396
TR466190,ART09119396
TR994228,ART09119396
TR936655,ART09119396
TR539538,ART09119396
TR539538,ART51721248
TR847728,ART09119396
TR314154,ART09119396
TR191751,ART09119396
TR640437,ART09119396
TR116779,ART09119396
TR151486,ART09119396
TR287346,ART09119396
TR652737,ART09119396
TR956761,ART09119396
TR827155,ART09119396
TR179320,ART09119396
TR134114,ART09119396
TR194011,ART09119396
TR563386,ART09119396
TR168260,ART09119396
TR318060,ART09119396
TR399629,ART09119396
TR317801,ART09119396
TR615780,ART09119396
TR606789,ART09119396
TR117359,ART09119396
TR669235,ART09119396
TR279756,ART09119396
TR815411,ART09119396
TR468666,ART09119396
TR616186,ART09119396
TR836381,ART09119396
TR450671,ART09119396
TR493977,ART09119396
TR177340,ART09119396
TR379388,ART09119396
TR379388,ART51721248
TR216094,ART09119396
TR394622,ART09119396
TR544227,ART09119396
TR902349,ART09119396
TR535408,ART09119396
TR535138,ART09119396
TR455822,ART09119396
TR237984,ART09119396
TR609628,ART09119396
TR190858,ART09119396
TR355119,ART09119396
TR332406,ART09119396
TR119930,ART28717687
TR119930,ART91515842
TR119930,ART39344115
TR236859,ART28717687
TR236859,ART46851094
TR230720,ART28717687
TR230720,ART48622722
TR757389,ART28717687
TR757389,ART04205421
TR143497,ART28717687
TR143497,ART70825116
TR780977,ART28717687
TR780977,ART39344115
TR479533,ART28717687
TR479533,ART78209349
TR176635,ART28717687
TR176635,ART39344115
TR176635,ART20729624
TR176635,ART63613967
TR458054,ART28717687
TR458054,ART40433104
TR711632,ART28717687
TR711632,ART78358659
TR711632,ART25707984
TR711632,ART88792008
TR670518,ART28717687
TR670518,ART91515842
TR670518,ART64850829
TR422545,ART28717687
TR422545,ART80977821
TR422545,ART46851094
TR803540,ART28717687
TR100979,ART28717687
TR162068,ART28717687
TR162068,ART91515842
TR155130,ART28717687
TR586299,ART28717687
TR586299,ART40433104
TR586299,ART56320683
TR187808,ART28717687
TR187808,ART48622722
TR421625,ART28717687
TR305826,ART28717687
TR305826,ART85046033
TR731073,ART28717687
TR434487,ART28717687
TR434487,ART48622722
TR766594,ART28717687
TR869601,ART28717687
TR869601,ART40433104
TR241906,ART28717687
TR241906,ART80977821
TR492751,ART28717687
TR492751,ART78358659
TR963005,ART28717687
TR963005,ART53496045
TR133978,ART28717687
TR133978,ART62385172
TR344257,ART28717687
TR378745,ART28717687
TR576978,ART28717687
TR576978,ART80977821
TR239755,ART28717687
TR239755,ART48622722
TR658516,ART28717687
TR726762,ART28717687
TR647764,ART28717687
TR577202,ART28717687
TR467257,ART28717687
TR762891,ART28717687
TR762891,ART48622722
TR850073,ART28717687
TR130065,ART28717687
TR699361,ART28717687
TR284613,ART28717687
TR284613,ART46851094
TR174190,ART28717687
TR816921,ART28717687
TR678089,ART28717687
TR744426,ART28717687
TR411831,ART28717687
TR376203,ART28717687
TR376203,ART91515842
TR381592,ART28717687
TR163498,ART28717687
TR188158,ART51721248
TR691605,ART51721248
TR691605,ART64850829
TR485727,ART51721248
TR642887,ART51721248
TR882176,ART51721248
TR994715,ART51721248
TR994715,ART46711784
TR994715,ART70825116
TR963934,ART51721248
TR184463,ART51721248
TR579996,ART51721248
TR588588,ART51721248
TR745552,ART51721248
TR431557,ART51721248
TR444821,ART51721248
TR781475,ART51721248
TR382925,ART51721248
TR187630,ART51721248
TR620722,ART51721248
TR958120,ART51721248
TR417750,ART51721248
TR417750,ART64850829
TR968834,ART51721248
TR376462,ART51721248
TR509620,ART51721248
TR662283,ART51721248
TR352293,ART51721248
TR654746,ART51721248
TR463151,ART51721248
TR926695,ART51721248
TR926695,ART46711784
TR943337,ART51721248
TR381092,ART51721248
TR635784,ART51721248
TR564483,ART51721248
TR960224,ART51721248
TR555367,ART51721248
TR590147,ART51721248
TR183658,ART51721248
TR944676,ART51721248
TR663282,ART51721248
TR565753,ART51721248
TR328597,ART51721248
TR113923,ART51721248
TR930774,ART51721248
TR789074,ART51721248
TR964902,ART51721248
TR265030,ART51721248
TR934166,ART51721248
TR259352,ART51721248
TR376150,ART51721248
TR746705,ART51721248
TR926900,ART51721248
TR881155,ART51721248
TR317087,ART51721248
TR896087,ART51721248
TR223014,ART51721248
TR739222,ART51721248
TR708816,ART51721248
TR649748,ART51721248
TR817369,ART51721248
TR242207,ART51721248
TR533246,ART51721248
TR479516,ART51721248
TR871463,ART51721248
TR193107,ART51721248
TR742546,ART51721248
TR876098,ART51721248
TR601438,ART51721248
TR594903,ART51721248
TR689309,ART51721248
TR596966,ART51721248
TR565053,ART51721248
TR795816,ART51721248
TR959835,ART51721248
TR954017,ART51721248
TR287605,ART51721248
TR616509,ART51721248
TR667493,ART51721248
TR190407,ART51721248
TR222044,ART51721248
TR205254,ART51721248
TR115072,ART51721248
TR697184,ART51721248
TR298801,ART51721248
TR579610,ART51721248
TR143136,ART51721248
TR157035,ART51721248
TR224754,ART51721248
TR329583,ART51721248
TR244694,ART51721248
TR663967,ART51721248
TR499057,ART51721248
TR906532,ART51721248
TR578240,ART51721248
TR153153,ART51721248
TR162676,ART51721248
TR191851,ART51721248
TR112023,ART51721248
TR659162,ART51721248
TR189510,ART51721248
TR889364,ART51721248
TR376865,ART51721248
TR980742,ART51721248
TR713904,ART51721248
TR912104,ART51721248
TR823636,ART51721248
TR331731,ART51721248
TR820363,ART51721248
TR905776,ART51721248
TR698125,ART51721248
TR515659,ART51721248
TR625969,ART51721248
TR247104,ART51721248
TR594615,ART51721248
TR424195,ART51721248
TR349355,ART51721248
TR957808,ART51721248
TR490757,ART51721248
TR444267,ART51721248
TR861811,ART51721248
TR332124,ART51721248
TR217290,ART51721248
TR921050,ART51721248
TR787626,ART51721248
TR419726,ART51721248
TR658702,ART51721248
TR395621,ART51721248
TR148098,ART51721248
TR941190,ART51721248
TR492509,ART51721248
TR916783,ART51721248
TR138736,ART51721248
TR101440,ART51721248
TR562372,ART51721248
TR916773,ART51721248
TR801717,ART51721248
TR243382,ART51721248
TR373608,ART51721248
TR499130,ART51721248
TR672275,ART51721248
TR694808,ART51721248
TR680623,ART51721248
TR615989,ART51721248
TR929094,ART51721248
TR416403,ART51721248
TR804125,ART51721248
TR468435,ART51721248
TR375954,ART51721248
TR395819,ART51721248
TR845364,ART51721248
TR890518,ART51721248
TR371241,ART51721248
TR981599,ART51721248
TR428208,ART51721248
TR867241,ART51721248
TR907608,ART51721248
TR695212,ART51721248
TR274867,ART51721248
TR282655,ART51721248
TR552634,ART51721248
TR552634,ART09119396
TR372832,ART51721248
TR222653,ART51721248
TR485111,ART51721248
TR747430,ART51721248
TR364429,ART51721248
TR388267,ART51721248
TR500651,ART51721248
TR915070,ART51721248
TR802056,ART51721248
TR729259,ART51721248
TR865197,ART51721248
TR269121,ART51721248
TR385012,ART51721248
TR418128,ART51721248
TR206423,ART51721248
TR274487,ART51721248
TR274487,ART09119396
TR474745,ART51721248
TR745841,ART03111237
TR530750,ART03111237
TR976775,ART03111237
TR976775,ART85046033
TR615856,ART03111237
TR965184,ART03111237
TR588052,ART03111237
TR117958,ART03111237
TR932431,ART03111237
TR591894,ART03111237
TR115706,ART03111237
TR423710,ART03111237
TR842038,ART03111237
TR694401,ART03111237
TR964444,ART03111237
TR964444,ART62385172
TR816942,ART03111237
TR816942,ART71969350
TR507108,ART03111237
TR492613,ART03111237
TR205362,ART03111237
TR980120,ART03111237
TR379069,ART03111237
TR299698,ART03111237
TR386172,ART03111237
TR631117,ART03111237
TR365442,ART03111237
TR569029,ART03111237
TR662282,ART03111237
TR662282,ART57616402
TR892432,ART03111237
TR892432,ART98118784
TR297336,ART03111237
TR435181,ART03111237
TR336467,ART03111237
TR487562,ART03111237
TR653455,ART03111237
TR932754,ART03111237
TR447048,ART03111237
TR993602,ART03111237
TR312838,ART03111237
TR698023,ART03111237
TR788128,ART03111237
TR165440,ART03111237
TR211344,ART03111237
TR741309,ART03111237
TR638491,ART03111237
TR184976,ART03111237
TR802124,ART07127070
TR802124,ART98118784
TR503418,ART07127070
TR581582,ART07127070
TR539096,ART07127070
TR539096,ART48622722
TR899143,ART07127070
TR899143,ART48622722
TR546479,ART07127070
TR609896,ART07127070
TR261355,ART07127070
TR291625,ART07127070
TR658638,ART07127070
TR321907,ART07127070
TR321907,ART05528539
TR321907,ART70825116
TR884537,ART07127070
TR209620,ART07127070
TR771523,ART07127070
TR487400,ART07127070
TR173327,ART07127070
TR536950,ART07127070
TR725799,ART07127070
TR573621,ART07127070
TR573621,ART53496045
TR208028,ART07127070
TR699029,ART07127070
TR189101,ART07127070
TR591913,ART07127070
TR235036,ART07127070
TR777533,ART07127070
TR816009,ART07127070
TR816009,ART57616402
TR816009,ART80977821
TR372865,ART07127070
TR179664,ART07127070
TR179664,ART89596800
TR100081,ART07127070
TR620355,ART07127070
TR620355,ART78209349
TR637089,ART07127070
TR937615,ART07127070
TR937615,ART87497821
TR937615,ART05528539
TR270957,ART07127070
TR461067,ART07127070
TR523319,ART07127070
TR119687,ART07127070
TR119687,ART15560128
TR543952,ART07127070
TR624921,ART07127070
TR975699,ART07127070
TR361589,ART07127070
TR111991,ART07127070
TR817026,ART07127070
TR681835,ART07127070
TR681835,ART87162895
TR366801,ART07127070
TR891324,ART07127070
TR901755,ART07127070
TR672277,ART07127070
TR997681,ART07127070
TR949000,ART07127070
TR949000,ART70825116
TR203837,ART07127070
TR992517,ART07127070
TR722861,ART07127070
TR150601,ART07127070
TR743482,ART07127070
TR696734,ART07127070
TR414928,ART07127070
TR539688,ART07127070
TR197789,ART07127070
TR189784,ART07127070
TR108862,ART07127070
TR108862,ART78209349
TR657976,ART07127070
TR468679,ART07127070
TR126474,ART07127070
TR666304,ART07127070
TR506532,ART07127070
TR896109,ART07127070
TR514820,ART07127070
TR930446,ART07127070
TR254767,ART07127070
TR959669,ART07127070
TR213983,ART07127070
TR667434,ART07127070
TR329989,ART07127070
TR399522,ART07127070
TR346869,ART07127070
TR794364,ART07127070
TR127771,ART07127070
TR586565,ART07127070
TR647861,ART07127070
TR959428,ART07127070
TR542070,ART07127070
TR203427,ART07127070
TR601904,ART07127070
TR727799,ART07127070
TR389084,ART07127070
TR712982,ART07127070
TR936746,ART07127070
TR206782,ART07127070
TR475127,ART07127070
TR738950,ART07127070
TR820323,ART07127070
TR820323,ART25707984
TR670980,ART07127070
TR690104,ART07127070
TR999612,ART07127070
TR397594,ART07127070
TR194012,ART07127070
TR270176,ART07127070
TR876917,ART07127070
TR649165,ART07127070
TR290462,ART07127070
TR290462,ART02733420
TR302518,ART07127070
TR834608,ART07127070
TR570376,ART07127070
TR620248,ART07127070
TR552721,ART07127070
TR774004,ART07127070
TR590786,ART07127070
TR590786,ART81071062
TR724978,ART07127070
TR927862,ART07127070
TR860628,ART07127070
TR427533,ART07127070
TR427533,ART63613967
TR946823,ART07127070
TR208613,ART07127070
TR208613,ART02733420
TR365945,ART07127070
TR159933,ART07127070
TR157215,ART07127070
TR909485,ART07127070
TR696967,ART07127070
TR890260,ART07127070
TR684358,ART07127070
TR403297,ART07127070
TR746747,ART07127070
TR584099,ART07127070
TR824242,ART07127070
TR693368,ART07127070
TR137637,ART07127070
TR137637,ART25707984
TR419051,ART07127070
TR548988,ART07127070
TR713486,ART07127070
TR463974,ART07127070
TR542224,ART07127070
TR864348,ART07127070
TR602307,ART07127070
TR841443,ART07127070
TR841443,ART57730937
TR324031,ART07127070
TR534169,ART07127070
TR915642,ART07127070
TR440157,ART07127070
TR288229,ART07127070
TR743967,ART07127070
TR730395,ART07127070
TR837827,ART07127070
TR780093,ART07127070
TR920585,ART07127070
TR866430,ART07127070
TR375320,ART07127070
TR841273,ART07127070
TR155977,ART07127070
TR668892,ART07127070
TR927083,ART07127070
TR284699,ART07127070
TR857300,ART07127070
TR420616,ART07127070
TR217705,ART07127070
TR140887,ART07127070
TR706675,ART07127070
TR890012,ART07127070
TR361302,ART07127070
TR803001,ART07127070
TR737601,ART07127070
TR424333,ART07127070
TR608660,ART07127070
TR195795,ART07127070
TR420774,ART07127070
TR586934,ART07127070
TR243215,ART07127070
TR708591,ART07127070
TR860937,ART07127070
TR393852,ART07127070
TR431082,ART07127070
TR853628,ART07127070
TR549706,ART80977821
TR549706,ART39344115
TR549706,ART88792008
TR833732,ART80977821
TR833732,ART48622722
TR902298,ART80977821
TR902298,ART40433104
TR842426,ART80977821
TR948342,ART80977821
TR948342,ART46851094
TR970208,ART80977821
TR970208,ART78358659
TR859641,ART80977821
TR859641,ART40433104
TR859641,ART85046033
TR631472,ART80977821
TR631472,ART46851094
TR452532,ART80977821
TR425154,ART80977821
TR155365,ART80977821
TR948270,ART80977821
TR251506,ART80977821
TR800984,ART80977821
TR800984,ART07127070
TR715761,ART80977821
TR839491,ART80977821
TR839491,ART78358659
TR528014,ART80977821
TR719960,ART80977821
TR727946,ART80977821
TR123073,ART80977821
TR739961,ART80977821
TR200480,ART80977821
TR200480,ART57616402
TR200480,ART62385172
TR294501,ART80977821
TR356776,ART80977821
TR542172,ART80977821
TR891652,ART80977821
TR891652,ART85046033
TR271365,ART80977821
TR128927,ART80977821
TR901696,ART80977821
TR128857,ART80977821
TR128857,ART63613967
TR374901,ART80977821
TR721942,ART80977821
TR721942,ART48622722
TR911234,ART80977821
TR157545,ART80977821
TR400212,ART80977821
TR357146,ART80977821
TR219124,ART80977821
TR902598,ART80977821
TR976856,ART80977821
TR240977,ART80977821
TR205970,ART80977821
TR205970,ART56320683
TR740348,ART80977821
TR124160,ART80977821
TR124160,ART40433104
TR124160,ART85046033
TR944372,ART80977821
TR360685,ART80977821
TR917929,ART80977821
TR411468,ART80977821
TR627712,ART80977821
TR844663,ART80977821
TR285764,ART80977821
TR865668,ART80977821
TR800140,ART80977821
TR800140,ART86549066
TR156006,ART80977821
TR851898,ART80977821
TR927995,ART80977821
TR479647,ART80977821
TR517049,ART80977821
TR943156,ART80977821
TR943156,ART15560128
TR620887,ART80977821
TR792066,ART80977821
TR898954,ART80977821
TR455974,ART80977821
TR104557,ART80977821
TR671553,ART80977821
TR811435,ART80977821
TR254833,ART80977821
TR254833,ART56320683
TR646031,ART80977821
TR508787,ART80977821
TR943504,ART80977821
TR660797,ART80977821
TR660797,ART40433104
TR408874,ART80977821
TR660283,ART80977821
TR831532,ART80977821
TR746497,ART80977821
TR807658,ART80977821
TR807658,ART40433104
TR708682,ART80977821
TR771535,ART80977821
TR610148,ART80977821
TR754440,ART80977821
TR208223,ART80977821
TR208223,ART07469279
TR375930,ART80977821
TR272377,ART80977821
TR705339,ART80977821
TR146589,ART80977821
TR251295,ART80977821
TR953175,ART80977821
TR755353,ART80977821
TR609204,ART80977821
TR250808,ART80977821
TR606101,ART80977821
TR492336,ART80977821
TR732060,ART80977821
TR486278,ART80977821
TR784136,ART80977821
TR675270,ART80977821
TR972236,ART80977821
TR820952,ART80977821
TR101061,ART80977821
TR890610,ART80977821
TR548568,ART80977821
TR548568,ART07469279
TR855484,ART80977821
TR262985,ART80977821
TR253162,ART80977821
TR559495,ART80977821
TR688862,ART80977821
TR359035,ART80977821
TR913643,ART80977821
TR652072,ART80977821
TR787045,ART80977821
TR128494,ART80977821
TR858714,ART80977821
TR137887,ART80977821
TR782563,ART80977821
TR672799,ART80977821
TR639864,ART78209349
TR274093,ART78209349
TR809302,ART78209349
TR725299,ART78209349
TR145487,ART78209349
TR915762,ART78209349
TR905252,ART78209349
TR467243,ART78209349
TR257209,ART78209349
TR257209,ART85046033
TR920493,ART78209349
TR670945,ART78209349
TR917188,ART78209349
TR312167,ART78209349
TR767326,ART78209349
TR978669,ART78209349
TR587875,ART78209349
TR916888,ART78209349
TR948167,ART78209349
TR443378,ART78209349
TR113758,ART78209349
TR394013,ART78209349
TR250796,ART78209349
TR679438,ART78209349
TR679438,ART48622722
TR679438,ART63613967
TR186774,ART78209349
TR809269,ART78209349
TR542444,ART78209349
TR472642,ART78209349
TR699787,ART78209349
TR698138,ART78209349
TR553039,ART78209349
TR881821,ART78209349
TR309333,ART78209349
TR103408,ART78209349
TR979102,ART78209349
TR304991,ART78209349
TR256598,ART78209349
TR453666,ART78209349
TR776892,ART78209349
TR695685,ART78209349
TR718992,ART78209349
TR761598,ART78209349
TR833797,ART78209349
TR182764,ART78209349
TR182764,ART85046033
TR376686,ART78209349
TR926629,ART78209349
TR681066,ART78209349
TR357478,ART78209349
TR525570,ART78209349
TR805024,ART78209349
TR370227,ART78209349
TR204928,ART78209349
TR221822,ART78209349
TR179246,ART78209349
TR111130,ART78209349
TR625570,ART78209349
TR625570,ART07127070
TR136840,ART78209349
TR873900,ART78209349
TR836375,ART78209349
TR712229,ART78209349
TR356843,ART78209349
TR655561,ART78209349
TR277350,ART78209349
TR662000,ART78209349
TR529049,ART78209349
TR961324,ART78209349
TR961324,ART52272796
TR680819,ART78209349
TR974889,ART78209349
TR824914,ART78209349
TR158034,ART78209349
TR524047,ART78209349
TR208859,ART78209349
TR896004,ART78209349
TR193857,ART78209349
TR793112,ART78209349
TR625149,ART78209349
TR625149,ART85046033
TR272738,ART78209349
TR889115,ART78209349
TR128976,ART78209349
TR614877,ART78209349
TR582548,ART78209349
TR647268,ART78209349
TR443927,ART78209349
TR815568,ART78209349
TR872695,ART78209349
TR523533,ART78209349
TR607857,ART78209349
TR665748,ART78209349
TR554521,ART78209349
TR772106,ART78209349
TR527669,ART78209349
TR789913,ART78209349
TR791916,ART78209349
TR190585,ART78209349
TR190585,ART46711784
TR946780,ART78209349
TR946780,ART40433104
TR692729,ART78209349
TR136898,ART78209349
TR584194,ART78209349
TR717678,ART78209349
TR178007,ART78209349
TR138172,ART78209349
TR471969,ART78209349
TR585161,ART78209349
TR513432,ART78209349
TR464802,ART78209349
TR122958,ART78209349
TR603769,ART78209349
TR790964,ART78209349
TR571639,ART78209349
TR539456,ART78209349
TR808240,ART78209349
TR477104,ART78209349
TR388228,ART78209349
TR467591,ART78209349
TR420065,ART78209349
TR564129,ART78209349
TR357846,ART78209349
TR906823,ART78209349
TR862991,ART78209349
TR428735,ART78209349
TR102692,ART78209349
TR684899,ART78209349
TR683109,ART78209349
TR434958,ART78209349
TR108394,ART78209349
TR595810,ART78209349
TR987218,ART78209349
TR467950,ART78209349
TR881585,ART78209349
TR889782,ART78209349
TR109668,ART78209349
TR659629,ART78209349
TR620292,ART78209349
TR896598,ART78209349
TR771958,ART78209349
TR587599,ART78209349
TR371139,ART78209349
TR742726,ART98307962
TR474719,ART98307962
TR474719,ART02733420
TR499209,ART98307962
TR499209,ART85046033
TR578264,ART98307962
TR578264,ART98118784
TR386129,ART98307962
TR609737,ART98307962
TR609737,ART87162895
TR609737,ART78209349
TR381574,ART98307962
TR381574,ART98118784
TR879864,ART98307962
TR879864,ART17812958
TR817210,ART98307962
TR817210,ART28846313
TR218828,ART98307962
TR814544,ART98307962
TR242823,ART98307962
TR876958,ART98307962
TR544070,ART98307962
TR755839,ART98307962
TR161965,ART98307962
TR698084,ART98307962
TR583418,ART98307962
TR728228,ART98307962
TR411850,ART98307962
TR759176,ART98307962
TR925275,ART98307962
TR925275,ART98118784
TR926996,ART98307962
TR750485,ART98307962
TR924987,ART98307962
TR863877,ART98307962
TR899110,ART98307962
TR244027,ART98307962
TR696696,ART98307962
TR126759,ART98307962
TR502756,ART98307962
TR289370,ART98307962
TR513300,ART98307962
TR434548,ART98307962
TR502456,ART98307962
TR566082,ART98307962
TR302953,ART98307962
TR637093,ART98307962
TR120173,ART98307962
TR282973,ART98307962
TR941393,ART40433104
TR941393,ART85046033
TR128187,ART40433104
TR531427,ART40433104
TR172263,ART40433104
TR304255,ART40433104
TR304255,ART78209349
TR163116,ART40433104
TR163116,ART87389753
TR527017,ART40433104
TR865436,ART40433104
TR811865,ART40433104
TR811865,ART85046033
TR622446,ART40433104
TR321510,ART40433104
TR833273,ART40433104
TR833273,ART85046033
TR282293,ART40433104
TR372417,ART40433104
TR914844,ART40433104
TR914844,ART25707984
TR400868,ART40433104
TR137148,ART40433104
TR258584,ART40433104
TR258584,ART78358659
TR425482,ART40433104
TR743944,ART40433104
TR743944,ART87389753
TR574346,ART40433104
TR935046,ART40433104
TR559870,ART40433104
TR809850,ART40433104
TR118387,ART40433104
TR661923,ART40433104
TR541815,ART40433104
TR100871,ART40433104
TR997213,ART40433104
TR362103,ART40433104
TR275469,ART40433104
TR539733,ART40433104
TR547237,ART40433104
TR492921,ART40433104
TR492921,ART86549066
TR863287,ART40433104
TR300071,ART40433104
TR852481,ART40433104
TR593019,ART40433104
TR134428,ART40433104
TR844984,ART40433104
TR245189,ART40433104
TR245189,ART87389753
TR703265,ART40433104
TR466291,ART40433104
TR958808,ART40433104
TR208282,ART40433104
TR304193,ART40433104
TR304193,ART05528539
TR304193,ART85046033
TR362879,ART40433104
TR951822,ART40433104
TR804102,ART40433104
TR155221,ART40433104
TR389835,ART40433104
TR389835,ART87162895
TR191196,ART40433104
TR191196,ART63613967
TR822713,ART40433104
TR372400,ART40433104
TR770001,ART40433104
TR770001,ART85046033
TR430546,ART40433104
TR247750,ART40433104
TR261393,ART40433104
TR623399,ART40433104
TR623399,ART05528539
TR940257,ART40433104
TR940257,ART87389753
TR475155,ART40433104
TR213485,ART40433104
TR213485,ART53496045
TR185455,ART40433104
TR793159,ART40433104
TR883548,ART40433104
TR748670,ART40433104
TR748670,ART85046033
TR262276,ART40433104
TR262276,ART83631935
TR477881,ART40433104
TR477881,ART88792008
TR703087,ART40433104
TR750588,ART40433104
TR876414,ART40433104
TR876414,ART57616402
TR995804,ART40433104
TR936774,ART40433104
TR936774,ART80977821
TR553614,ART40433104
TR553614,ART85046033
TR951629,ART40433104
TR492414,ART40433104
TR261536,ART40433104
TR441607,ART40433104
TR441607,ART88026810
TR524790,ART40433104
TR736806,ART40433104
TR521202,ART40433104
TR351652,ART40433104
TR115375,ART40433104
TR303719,ART40433104
TR135513,ART40433104
TR335107,ART40433104
TR984306,ART40433104
TR487619,ART40433104
TR760049,ART40433104
TR322369,ART40433104
TR443631,ART40433104
TR986822,ART40433104
TR573519,ART40433104
TR718951,ART40433104
TR169220,ART40433104
TR427772,ART40433104
TR838110,ART40433104
TR929075,ART40433104
TR686253,ART40433104
TR626201,ART40433104
TR347565,ART40433104
TR113316,ART40433104
TR824366,ART40433104
TR803761,ART40433104
TR803761,ART88792008
TR325536,ART40433104
TR325536,ART85046033
TR930548,ART40433104
TR469304,ART40433104
TR677290,ART40433104
TR110662,ART40433104
TR275676,ART40433104
TR954831,ART40433104
TR431887,ART40433104
TR650849,ART40433104
TR542096,ART40433104
TR702559,ART40433104
TR605506,ART40433104
TR145651,ART40433104
TR813914,ART40433104
TR543321,ART40433104
TR198580,ART40433104
TR334727,ART40433104
TR632738,ART40433104
TR537262,ART40433104
TR537262,ART57616402
TR215619,ART40433104
TR442947,ART40433104
TR454198,ART40433104
TR699729,ART40433104
TR699729,ART80977821
TR630258,ART40433104
TR343833,ART40433104
TR591502,ART40433104
TR494588,ART40433104
TR855166,ART40433104
TR129746,ART40433104
TR679538,ART40433104
TR376361,ART40433104
TR274119,ART40433104
TR714983,ART40433104
TR828201,ART40433104
TR267698,ART40433104
TR908920,ART40433104
TR543920,ART40433104
TR300994,ART40433104
TR596111,ART40433104
TR596111,ART28846313
TR735731,ART40433104
TR274157,ART40433104
TR274157,ART07024718
TR880453,ART40433104
TR790541,ART40433104
TR923823,ART40433104
TR349025,ART40433104
TR489788,ART40433104
TR687746,ART40433104
TR158401,ART40433104
TR136584,ART40433104
TR981907,ART40433104
TR596241,ART40433104
TR474560,ART40433104
TR406392,ART40433104
TR120202,ART40433104
TR561686,ART40433104
TR620215,ART40433104
TR620215,ART87389753
TR571186,ART40433104
TR632121,ART40433104
TR126634,ART40433104
TR654184,ART40433104
TR113526,ART40433104
TR216354,ART40433104
TR715936,ART40433104
TR230791,ART40433104
TR399603,ART40433104
TR510027,ART40433104
TR234111,ART53496045
TR892800,ART53496045
TR892800,ART85046033
TR877006,ART53496045
TR483659,ART53496045
TR890214,ART53496045
TR955830,ART53496045
TR635113,ART53496045
TR668650,ART53496045
TR961811,ART53496045
TR961811,ART02733420
TR844206,ART53496045
TR844206,ART78209349
TR989388,ART53496045
TR678607,ART53496045
TR158674,ART53496045
TR977856,ART53496045
TR977856,ART85046033
TR693477,ART53496045
TR150973,ART53496045
TR148932,ART53496045
TR625845,ART53496045
TR200328,ART53496045
TR299901,ART53496045
TR712135,ART53496045
TR712135,ART52465778
TR832518,ART53496045
TR361620,ART53496045
TR595530,ART53496045
TR595530,ART71969350
TR595530,ART17240256
TR859639,ART53496045
TR170359,ART53496045
TR418980,ART53496045
TR921181,ART53496045
TR921181,ART78209349
TR829380,ART53496045
TR991560,ART53496045
TR693324,ART53496045
TR254255,ART53496045
TR863654,ART53496045
TR158607,ART53496045
TR158607,ART83125571
TR158607,ART85046033
TR809352,ART53496045
TR574947,ART53496045
TR788376,ART53496045
TR763013,ART53496045
TR496485,ART53496045
TR233508,ART53496045
TR497067,ART53496045
TR579416,ART53496045
TR537371,ART53496045
TR350383,ART53496045
TR699810,ART53496045
TR898715,ART53496045
TR910201,ART53496045
TR132050,ART53496045
TR132050,ART85046033
TR501979,ART53496045
TR443801,ART53496045
TR310689,ART53496045
TR605738,ART53496045
TR105801,ART53496045
TR633496,ART53496045
TR633496,ART02733420
TR192091,ART53496045
TR192091,ART85046033
TR506975,ART53496045
TR214507,ART53496045
TR790482,ART53496045
TR910540,ART53496045
TR910540,ART63613967
TR471552,ART53496045
TR951248,ART53496045
TR620274,ART53496045
TR804736,ART53496045
TR804736,ART78209349
TR992235,ART53496045
TR494032,ART53496045
TR947769,ART53496045
TR947769,ART70825116
TR788730,ART53496045
TR202174,ART53496045
TR615690,ART53496045
TR491271,ART53496045
TR726058,ART53496045
TR801428,ART53496045
TR725309,ART53496045
TR439836,ART53496045
TR688651,ART53496045
TR951879,ART53496045
TR102231,ART53496045
TR242437,ART53496045
TR242437,ART07127070
TR455124,ART53496045
TR773725,ART53496045
TR420366,ART53496045
TR939047,ART53496045
TR805267,ART53496045
TR499780,ART53496045
TR899025,ART53496045
TR899025,ART74676403
TR169027,ART53496045
TR859944,ART53496045
TR374985,ART53496045
TR374985,ART48622722
TR374985,ART85046033
TR538464,ART53496045
TR414024,ART53496045
TR881400,ART53496045
TR998877,ART53496045
TR979700,ART53496045
TR926580,ART53496045
TR321459,ART53496045
TR480297,ART53496045
TR146555,ART53496045
TR916568,ART53496045
TR862099,ART53496045
TR862099,ART85046033
TR690925,ART53496045
TR372404,ART53496045
TR822484,ART53496045
TR236559,ART53496045
TR956857,ART53496045
TR131325,ART53496045
TR988860,ART53496045
TR828685,ART53496045
TR752493,ART53496045
TR946722,ART53496045
TR942614,ART53496045
TR229569,ART53496045
TR800423,ART53496045
TR470120,ART53496045
TR703715,ART53496045
TR216265,ART53496045
TR693648,ART53496045
TR532094,ART53496045
TR386183,ART53496045
TR142240,ART53496045
TR678995,ART53496045
TR207363,ART53496045
TR313045,ART53496045
TR894949,ART53496045
TR642867,ART53496045
TR307194,ART53496045
TR153514,ART53496045
TR730289,ART53496045
TR824477,ART53496045
TR291327,ART53496045
TR360963,ART53496045
TR434822,ART53496045
TR277133,ART53496045
TR135203,ART53496045
TR800662,ART53496045
TR265312,ART53496045
TR935055,ART53496045
TR493754,ART53496045
TR329592,ART53496045
TR499990,ART53496045
TR562691,ART53496045
TR782309,ART53496045
TR827667,ART53496045
TR242006,ART53496045
TR937909,ART53496045
TR973549,ART53496045
TR419425,ART53496045
TR799769,ART53496045
TR781182,ART53496045
TR910827,ART53496045
TR790695,ART53496045
TR398462,ART53496045
TR496673,ART53496045
TR211801,ART53496045
TR142934,ART53496045
TR661138,ART53496045
TR176357,ART53496045
TR549500,ART53496045
TR228828,ART53496045
TR690085,ART53496045
TR831746,ART53496045
TR925440,ART53496045
TR166983,ART53496045
TR703939,ART53496045
TR137731,ART53496045
TR809682,ART53496045
TR511009,ART53496045
TR374377,ART53496045
TR448817,ART53496045
TR644079,ART53496045
TR705511,ART53496045
TR666625,ART53496045
TR442720,ART53496045
TR780765,ART53496045
TR818151,ART53496045
TR697138,ART53496045
TR342283,ART53496045
TR134570,ART53496045
TR367755,ART53496045
TR787978,ART53496045
TR497329,ART53496045
TR930166,ART53496045
TR282051,ART53496045
TR425370,ART53496045
TR966984,ART53496045
TR824631,ART53496045
TR906072,ART53496045
TR596343,ART53496045
TR774143,ART53496045
TR790676,ART53496045
TR708238,ART53496045
TR378799,ART53496045
TR935052,ART53496045
TR935052,ART78209349
TR341824,ART53496045
TR881984,ART53496045
TR233662,ART89596800
TR340428,ART89596800
TR583177,ART89596800
TR583177,ART02733420
TR467001,ART89596800
TR658793,ART89596800
TR997136,ART89596800
TR997136,ART85780419
TR784432,ART89596800
TR784432,ART85780419
TR292430,ART89596800
TR920643,ART89596800
TR861544,ART89596800
TR861544,ART76284946
TR749206,ART89596800
TR399569,ART89596800
TR209700,ART89596800
TR530581,ART89596800
TR530581,ART76284946
TR999643,ART89596800
TR466905,ART89596800
TR466905,ART87497821
TR656570,ART89596800
TR644312,ART89596800
TR466289,ART89596800
TR655051,ART89596800
TR655051,ART07127070
TR854974,ART89596800
TR844748,ART89596800
TR146872,ART89596800
TR377479,ART89596800
TR965053,ART89596800
TR217431,ART89596800
TR630067,ART89596800
TR173551,ART89596800
TR173551,ART87497821
TR455119,ART89596800
TR125754,ART89596800
TR311230,ART89596800
TR758201,ART89596800
TR487812,ART89596800
TR231337,ART89596800
TR971252,ART89596800
TR971252,ART83125571
TR353960,ART89596800
TR528496,ART89596800
TR532049,ART89596800
TR982122,ART89596800
TR513964,ART89596800
TR485502,ART89596800
TR934479,ART89596800
TR299970,ART89596800
TR564981,ART89596800
TR845983,ART89596800
TR140354,ART89596800
TR140354,ART02449272
TR859972,ART89596800
TR768837,ART89596800
TR286529,ART89596800
TR143396,ART89596800
TR582764,ART89596800
TR566975,ART89596800
TR452353,ART89596800
TR794126,ART89596800
TR636993,ART89596800
TR403690,ART89596800
TR792942,ART89596800
TR415659,ART89596800
TR481376,ART89596800
TR493955,ART89596800
TR225660,ART89596800
TR504390,ART89596800
TR371255,ART89596800
TR371255,ART39344115
TR973134,ART89596800
TR353868,ART89596800
TR218253,ART89596800
TR218253,ART85780419
TR649709,ART89596800
TR494249,ART89596800
TR494249,ART85780419
TR550350,ART89596800
TR778219,ART89596800
TR691503,ART89596800
TR227018,ART89596800
TR744595,ART89596800
TR109529,ART89596800
TR202490,ART89596800
TR620344,ART89596800
TR985181,ART89596800
TR985181,ART76284946
TR983589,ART89596800
TR983589,ART76284946
TR761213,ART89596800
TR761213,ART20729624
TR337898,ART89596800
TR568204,ART89596800
TR954822,ART89596800
TR546406,ART89596800
TR544866,ART89596800
TR530419,ART89596800
TR225388,ART89596800
TR890715,ART89596800
TR990399,ART89596800
TR539976,ART89596800
TR995070,ART89596800
TR510224,ART89596800
TR404528,ART89596800
TR227675,ART89596800
TR223312,ART89596800
TR858402,ART89596800
TR450767,ART89596800
TR760985,ART89596800
TR784462,ART89596800
TR933902,ART89596800
TR403724,ART89596800
TR421732,ART89596800
TR432027,ART89596800
TR949709,ART89596800
TR845353,ART89596800
TR294980,ART89596800
TR294980,ART87497821
TR267766,ART89596800
TR267766,ART76284946
TR512263,ART89596800
TR999637,ART89596800
TR513733,ART89596800
TR519259,ART89596800
TR675359,ART89596800
TR675359,ART02449272
TR912562,ART89596800
TR186881,ART89596800
TR441061,ART89596800
TR509836,ART89596800
TR525805,ART89596800
TR663115,ART59609037
TR310719,ART59609037
TR310719,ART78209349
TR310719,ART85046033
TR448308,ART59609037
TR209521,ART59609037
TR209521,ART40433104
TR663982,ART59609037
TR191508,ART59609037
TR386444,ART59609037
TR386444,ART02733420
TR409188,ART59609037
TR938316,ART59609037
TR600821,ART59609037
TR160217,ART59609037
TR160217,ART78209349
TR334716,ART59609037
TR954099,ART59609037
TR490986,ART59609037
TR684800,ART59609037
TR129830,ART59609037
TR983560,ART59609037
TR983560,ART07469279
TR636792,ART59609037
TR416612,ART59609037
TR333987,ART59609037
TR375394,ART59609037
TR950990,ART59609037
TR119408,ART59609037
TR399500,ART59609037
TR399500,ART25707984
TR663473,ART59609037
TR663473,ART85821920
TR212619,ART59609037
TR816865,ART59609037
TR512176,ART59609037
TR405337,ART59609037
TR951310,ART59609037
TR538754,ART59609037
TR400299,ART59609037
TR509547,ART59609037
TR670927,ART59609037
TR184157,ART59609037
TR184157,ART66932389
TR509081,ART59609037
TR883487,ART59609037
TR364230,ART59609037
TR225112,ART59609037
TR578152,ART59609037
TR247772,ART59609037
TR526548,ART59609037
TR508677,ART59609037
TR763239,ART59609037
TR763239,ART98118784
TR427122,ART59609037
TR994972,ART59609037
TR986994,ART59609037
TR827112,ART59609037
TR415617,ART59609037
TR329835,ART59609037
TR928592,ART59609037
TR517625,ART59609037
TR141344,ART59609037
TR823230,ART59609037
TR428833,ART59609037
TR648156,ART59609037
TR769157,ART59609037
TR466083,ART59609037
TR583808,ART59609037
TR583808,ART98118784
TR796621,ART59609037
TR642033,ART59609037
TR717996,ART59609037
TR410713,ART59609037
TR591157,ART59609037
TR163699,ART59609037
TR653487,ART59609037
TR970451,ART59609037
TR483710,ART59609037
TR458701,ART59609037
TR515519,ART59609037
TR302558,ART59609037
TR273452,ART59609037
TR869369,ART59609037
TR539708,ART59609037
TR495417,ART59609037
TR786742,ART59609037
TR669746,ART59609037
TR419626,ART59609037
TR117011,ART59609037
TR875229,ART59609037
TR392145,ART59609037
TR676742,ART59609037
TR381597,ART59609037
TR992591,ART59609037
TR932435,ART59609037
TR256535,ART59609037
TR795451,ART59609037
TR767900,ART59609037
TR218311,ART59609037
TR218311,ART57587384
TR740772,ART59609037
TR322287,ART59609037
TR306773,ART59609037
TR324280,ART59609037
TR743206,ART59609037
TR900565,ART59609037
TR499911,ART59609037
TR392131,ART59609037
TR605093,ART59609037
TR160681,ART59609037
TR124103,ART59609037
TR750944,ART59609037
TR519769,ART59609037
TR626415,ART59609037
TR626415,ART66932389
TR472082,ART59609037
TR335490,ART59609037
TR282124,ART59609037
TR267177,ART59609037
TR911741,ART59609037
TR911741,ART57730937
TR925179,ART59609037
TR928494,ART59609037
TR838537,ART59609037
TR737227,ART59609037
TR763862,ART59609037
TR221950,ART59609037
TR990627,ART59609037
TR209376,ART59609037
TR978315,ART59609037
TR639717,ART59609037
TR235492,ART37807199
TR962598,ART37807199
TR516539,ART37807199
TR691812,ART37807199
TR646803,ART37807199
TR339470,ART37807199
TR663866,ART37807199
TR336394,ART37807199
TR473663,ART37807199
TR473663,ART61734477
TR959661,ART37807199
TR978031,ART37807199
TR788235,ART37807199
TR437376,ART37807199
TR290265,ART37807199
TR484006,ART37807199
TR484006,ART76284946
TR909052,ART37807199
TR909338,ART37807199
TR945339,ART37807199
TR709975,ART37807199
TR226950,ART37807199
TR427032,ART37807199
TR583643,ART37807199
TR265024,ART37807199
TR244368,ART37807199
TR181971,ART37807199
TR181501,ART37807199
TR822354,ART37807199
TR787667,ART37807199
TR874968,ART37807199
TR191272,ART37807199
TR141303,ART37807199
TR141303,ART78358659
TR109667,ART37807199
TR668678,ART37807199
TR780849,ART37807199
TR853574,ART37807199
TR955863,ART37807199
TR394703,ART37807199
TR245407,ART37807199
TR436288,ART37807199
TR400674,ART37807199
TR164391,ART37807199
TR164391,ART61734477
TR743266,ART37807199
TR779886,ART37807199
TR978369,ART37807199
TR956996,ART37807199
TR393663,ART37807199
TR991203,ART37807199
TR997035,ART37807199
TR719913,ART37807199
TR323399,ART37807199
TR478112,ART37807199
TR651139,ART37807199
TR563117,ART37807199
TR920615,ART37807199
TR315167,ART37807199
TR157721,ART37807199
TR119380,ART37807199
TR603230,ART37807199
TR247724,ART37807199
TR797668,ART37807199
TR401877,ART37807199
TR813844,ART37807199
TR183946,ART37807199
TR376353,ART37807199
TR631728,ART37807199
TR588331,ART37807199
TR588331,ART62385172
TR309304,ART37807199
TR371469,ART37807199
TR830683,ART37807199
TR665187,ART37807199
TR846159,ART37807199
TR817269,ART37807199
TR887434,ART37807199
TR542998,ART37807199
TR624746,ART37807199
TR402834,ART37807199
TR907142,ART08456301
TR762814,ART08456301
TR983328,ART08456301
TR179281,ART08456301
TR555252,ART08456301
TR545770,ART08456301
TR479435,ART08456301
TR551915,ART08456301
TR745049,ART08456301
TR714156,ART08456301
TR123359,ART08456301
TR140465,ART08456301
TR783891,ART08456301
TR296152,ART08456301
TR976362,ART08456301
TR777477,ART08456301
TR512581,ART08456301
TR699588,ART08456301
TR107542,ART08456301
TR305572,ART08456301
TR911164,ART08456301
TR801629,ART08456301
TR670579,ART08456301
TR363762,ART08456301
TR737541,ART08456301
TR684103,ART08456301
TR332412,ART08456301
TR364619,ART08456301
TR770174,ART08456301
TR429740,ART08456301
TR793252,ART08456301
TR825697,ART08456301
TR295294,ART08456301
TR865852,ART08456301
TR342992,ART08456301
TR431433,ART08456301
TR238435,ART08456301
TR917262,ART08456301
TR342646,ART08456301
TR604451,ART08456301
TR140447,ART08456301
TR187681,ART08456301
TR386504,ART08456301
TR878007,ART08456301
TR677784,ART08456301
TR252540,ART08456301
TR781400,ART08456301
TR675234,ART08456301
TR798856,ART08456301
TR461556,ART08456301
TR648809,ART08456301
TR426835,ART08456301
TR144209,ART08456301
TR535615,ART08456301
TR142917,ART08456301
TR884396,ART08456301
TR863204,ART08456301
TR413045,ART08456301
TR348559,ART08456301
TR304832,ART08456301
TR497724,ART08456301
TR831947,ART08456301
TR910536,ART08456301
TR960936,ART08456301
TR277994,ART08456301
TR361010,ART08456301
TR583494,ART08456301
TR569232,ART08456301
TR748121,ART08456301
TR642187,ART08456301
TR399382,ART08456301
TR882012,ART08456301
TR189794,ART08456301
TR698399,ART08456301
TR963330,ART08456301
TR132764,ART08456301
TR898549,ART08456301
TR310628,ART08456301
TR292602,ART08456301
TR273183,ART08456301
TR315751,ART08456301
TR779715,ART08456301
TR566177,ART08456301
TR504023,ART08456301
TR672088,ART08456301
TR159278,ART08456301
TR710324,ART08456301
TR644953,ART08456301
TR342776,ART08456301
TR122493,ART08456301
TR359081,ART08456301
TR839767,ART08456301
TR772658,ART08456301
TR535407,ART08456301
TR747185,ART08456301
TR171317,ART08456301
TR606219,ART08456301
TR268274,ART08456301
TR943153,ART08456301
TR189072,ART08456301
TR301273,ART08456301
TR566468,ART08456301
TR864554,ART08456301
TR707744,ART08456301
TR831332,ART08456301
TR406560,ART08456301
TR916722,ART08456301
TR655204,ART08456301
TR514802,ART08456301
TR424515,ART08456301
TR683289,ART08456301
TR205970,ART08456301
TR462566,ART08456301
TR735959,ART08456301
TR580785,ART08456301
TR969778,ART08456301
TR682142,ART08456301
TR453816,ART08456301
TR157768,ART08456301
TR553989,ART08456301
TR568104,ART08456301
TR377717,ART96068455
TR377717,ART87497821
TR873361,ART96068455
TR156840,ART96068455
TR156840,ART87497821
TR948244,ART96068455
TR423996,ART96068455
TR309272,ART96068455
TR687068,ART96068455
TR726118,ART96068455
TR279775,ART96068455
TR827223,ART96068455
TR697841,ART96068455
TR697841,ART39344115
TR697841,ART48622722
TR300377,ART96068455
TR239607,ART96068455
TR253976,ART96068455
TR414219,ART96068455
TR414219,ART85780419
TR325903,ART96068455
TR649723,ART96068455
TR649723,ART61734477
TR903275,ART96068455
TR286646,ART96068455
TR286646,ART09119396
TR438217,ART96068455
TR438217,ART70825116
TR222349,ART96068455
TR770107,ART96068455
TR946021,ART96068455
TR335489,ART96068455
TR348514,ART96068455
TR692686,ART96068455
TR869063,ART96068455
TR787233,ART96068455
TR588330,ART96068455
TR349006,ART96068455
TR833563,ART96068455
TR976608,ART96068455
TR497154,ART96068455
TR979554,ART96068455
TR316741,ART96068455
TR653977,ART96068455
TR763904,ART96068455
TR660768,ART96068455
TR418655,ART96068455
TR662316,ART96068455
TR816683,ART96068455
TR307986,ART96068455
TR223291,ART96068455
TR852107,ART96068455
TR852107,ART70825116
TR581326,ART96068455
TR660367,ART96068455
TR649327,ART96068455
TR649327,ART85780419
TR447835,ART96068455
TR617609,ART96068455
TR139105,ART96068455
TR747845,ART96068455
TR773440,ART96068455
TR892187,ART96068455
TR159370,ART96068455
TR223502,ART96068455
TR908937,ART96068455
TR893191,ART96068455
TR393879,ART96068455
TR358353,ART96068455
TR887149,ART96068455
TR770127,ART96068455
TR732283,ART96068455
TR307896,ART96068455
TR307896,ART87497821
TR661770,ART96068455
TR975373,ART96068455
TR975373,ART87162895
TR459313,ART96068455
TR203703,ART96068455
TR579408,ART96068455
TR490098,ART96068455
TR463021,ART96068455
TR244611,ART96068455
TR643344,ART96068455
TR643344,ART63613967
TR764608,ART96068455
TR133584,ART96068455
TR833839,ART96068455
TR184734,ART96068455
TR385417,ART96068455
TR976492,ART96068455
TR403430,ART96068455
TR885389,ART96068455
TR809205,ART96068455
TR309627,ART96068455
TR629860,ART96068455
TR641982,ART96068455
TR102982,ART96068455
TR102982,ART61734477
TR597162,ART96068455
TR365567,ART96068455
TR399262,ART96068455
TR471959,ART96068455
TR810499,ART96068455
TR500012,ART96068455
TR365962,ART96068455
TR509364,ART96068455
TR940343,ART96068455
TR861799,ART96068455
TR552776,ART96068455
TR907406,ART96068455
TR467260,ART96068455
TR938030,ART96068455
TR709053,ART96068455
TR709053,ART05528539
TR396133,ART96068455
TR602934,ART96068455
TR467946,ART96068455
TR988416,ART96068455
TR806240,ART96068455
TR722551,ART96068455
TR518535,ART96068455
TR781992,ART96068455
TR158506,ART96068455
TR786358,ART96068455
TR278618,ART96068455
TR919295,ART96068455
TR381405,ART96068455
TR278600,ART96068455
TR510369,ART96068455
TR291174,ART96068455
TR804058,ART96068455
TR272837,ART96068455
TR272837,ART70825116
TR291071,ART96068455
TR266104,ART96068455
TR501037,ART96068455
TR480533,ART96068455
TR555139,ART96068455
TR457107,ART96068455
TR275768,ART96068455
TR181031,ART96068455
TR212648,ART96068455
TR994707,ART96068455
TR400333,ART96068455
TR211694,ART96068455
TR194751,ART96068455
TR885562,ART96068455
TR957903,ART96068455
TR967697,ART96068455
TR511024,ART96068455
TR498244,ART96068455
TR801391,ART96068455
TR722733,ART85821920
TR667139,ART85821920
TR343997,ART85821920
TR740885,ART85821920
TR314913,ART85821920
TR522664,ART85821920
TR446662,ART85821920
TR564436,ART85821920
TR314076,ART85821920
TR107014,ART85821920
TR602087,ART85821920
TR603498,ART85821920
TR709162,ART85821920
TR586114,ART85821920
TR635222,ART85821920
TR644054,ART85821920
TR644054,ART66932389
TR497251,ART85821920
TR646861,ART85821920
TR509756,ART85821920
TR566096,ART85821920
TR615214,ART85821920
TR108556,ART85821920
TR310434,ART85821920
TR186901,ART85821920
TR186901,ART66932389
TR533549,ART85821920
TR419799,ART85821920
TR961627,ART85821920
TR110156,ART85821920
TR826357,ART85821920
TR975632,ART85821920
TR526853,ART85821920
TR498207,ART85821920
TR723723,ART85821920
TR643903,ART85821920
TR566038,ART85821920
TR862714,ART85821920
TR255417,ART85821920
TR301317,ART85821920
TR211331,ART85821920
TR243688,ART85821920
TR391741,ART85821920
TR130482,ART85821920
TR816266,ART85821920
TR338535,ART85821920
TR888486,ART85821920
TR887974,ART85821920
TR280408,ART85821920
TR707482,ART85821920
TR339093,ART85821920
TR929129,ART85821920
TR106118,ART85821920
TR484202,ART85821920
TR987944,ART85821920
TR177210,ART85821920
TR603439,ART85821920
TR299732,ART85821920
TR148059,ART85821920
TR757051,ART85821920
TR740941,ART85821920
TR625251,ART85821920
TR158256,ART85821920
TR105281,ART85821920
TR417563,ART85821920
TR445813,ART85821920
TR613237,ART85821920
TR557199,ART85821920
TR295218,ART85821920
TR161500,ART85821920
TR522570,ART22979236
TR522570,ART02733420
TR944851,ART22979236
TR366878,ART22979236
TR366878,ART25707984
TR179511,ART22979236
TR196306,ART22979236
TR372833,ART22979236
TR511196,ART22979236
TR475283,ART22979236
TR475283,ART05528539
TR964259,ART22979236
TR375090,ART22979236
TR375090,ART88792008
TR771273,ART22979236
TR837084,ART22979236
TR938888,ART22979236
TR938888,ART86549066
TR796197,ART22979236
TR171089,ART22979236
TR986789,ART22979236
TR986789,ART16868977
TR376707,ART22979236
TR115754,ART22979236
TR982348,ART22979236
TR505069,ART22979236
TR505069,ART78209349
TR492170,ART22979236
TR492170,ART56320683
TR221023,ART22979236
TR180813,ART22979236
TR919504,ART22979236
TR414741,ART22979236
TR628964,ART22979236
TR286229,ART22979236
TR926919,ART22979236
TR354320,ART22979236
TR735740,ART22979236
TR598417,ART22979236
TR508764,ART22979236
TR883574,ART22979236
TR808243,ART22979236
TR808243,ART07629990
TR808243,ART25707984
TR678984,ART22979236
TR497745,ART22979236
TR324775,ART22979236
TR172763,ART22979236
TR124659,ART22979236
TR124659,ART56320683
TR432016,ART22979236
TR991026,ART22979236
TR313049,ART22979236
TR313049,ART07629990
TR601133,ART22979236
TR907045,ART22979236
TR103294,ART22979236
TR940732,ART22979236
TR670167,ART22979236
TR170037,ART22979236
TR618663,ART22979236
TR195148,ART22979236
TR135639,ART22979236
TR146052,ART22979236
TR836331,ART22979236
TR567681,ART22979236
TR936292,ART22979236
TR911216,ART22979236
TR188543,ART22979236
TR123570,ART22979236
TR382106,ART22979236
TR885152,ART22979236
TR916110,ART22979236
TR539536,ART22979236
TR292998,ART22979236
TR591041,ART22979236
TR760658,ART22979236
TR648930,ART22979236
TR496081,ART22979236
TR103312,ART22979236
TR758203,ART22979236
TR900786,ART22979236
TR171967,ART22979236
TR229788,ART22979236
TR563938,ART22979236
TR685945,ART22979236
TR149413,ART22979236
TR441117,ART79325822
TR137616,ART79325822
TR137616,ART25707984
TR570882,ART79325822
TR570882,ART62385172
TR251318,ART79325822
TR984463,ART79325822
TR537337,ART79325822
TR537337,ART17812958
TR620271,ART79325822
TR141379,ART79325822
TR141379,ART98118784
TR927639,ART79325822
TR195496,ART79325822
TR936050,ART79325822
TR400077,ART79325822
TR165304,ART79325822
TR165304,ART17812958
TR487204,ART79325822
TR865125,ART79325822
TR883955,ART79325822
TR883955,ART17812958
TR883955,ART88792008
TR271401,ART79325822
TR271401,ART25707984
TR508589,ART79325822
TR477503,ART79325822
TR477503,ART57730937
TR922726,ART79325822
TR888668,ART79325822
TR633807,ART79325822
TR141852,ART79325822
TR449266,ART79325822
TR531651,ART79325822
TR531651,ART71969350
TR676300,ART79325822
TR676300,ART17812958
TR514825,ART79325822
TR260727,ART79325822
TR492444,ART79325822
TR707306,ART79325822
TR507811,ART79325822
TR754273,ART79325822
TR566794,ART79325822
TR362754,ART79325822
TR362754,ART28846313
TR130325,ART79325822
TR194535,ART79325822
TR538761,ART79325822
TR203439,ART79325822
TR555549,ART79325822
TR419515,ART79325822
TR419515,ART57730937
TR890090,ART79325822
TR825873,ART79325822
TR963782,ART79325822
TR679183,ART79325822
TR724769,ART79325822
TR724769,ART15560128
TR125984,ART79325822
TR570716,ART79325822
TR547213,ART79325822
TR547213,ART98118784
TR752863,ART79325822
TR659199,ART79325822
TR267791,ART79325822
TR892618,ART79325822
TR383303,ART79325822
TR133859,ART79325822
TR133859,ART26418649
TR384929,ART79325822
TR586664,ART79325822
TR766588,ART79325822
TR248028,ART64265460
TR265774,ART64265460
TR265774,ART19060721
TR142991,ART64265460
TR541255,ART64265460
TR541255,ART51721248
TR541255,ART88026810
TR412568,ART64265460
TR752302,ART64265460
TR752302,ART39344115
TR733342,ART64265460
TR659740,ART64265460
TR175357,ART64265460
TR105127,ART64265460
TR480999,ART64265460
TR204356,ART64265460
TR204356,ART87497821
TR360732,ART64265460
TR949585,ART64265460
TR277298,ART64265460
TR277298,ART39344115
TR967416,ART64265460
TR377875,ART64265460
TR477266,ART64265460
TR477266,ART57242110
TR112231,ART64265460
TR647157,ART64265460
TR696704,ART64265460
TR696704,ART70825116
TR255297,ART64265460
TR665122,ART64265460
TR659788,ART64265460
TR659788,ART61734477
TR912958,ART64265460
TR437637,ART64265460
TR437637,ART08302616
TR714029,ART64265460
TR244054,ART64265460
TR532659,ART64265460
TR256110,ART64265460
TR575358,ART64265460
TR337040,ART64265460
TR670451,ART64265460
TR389267,ART64265460
TR383439,ART64265460
TR363330,ART64265460
TR658493,ART64265460
TR523384,ART64265460
TR108085,ART64265460
TR869398,ART64265460
TR797255,ART12092805
TR797255,ART64850829
TR926311,ART12092805
TR705352,ART12092805
TR139477,ART12092805
TR346016,ART12092805
TR865523,ART12092805
TR334523,ART12092805
TR606179,ART12092805
TR441110,ART12092805
TR441110,ART51721248
TR236523,ART12092805
TR905149,ART12092805
TR644905,ART12092805
TR385636,ART12092805
TR859369,ART12092805
TR514963,ART12092805
TR491553,ART12092805
TR491553,ART51721248
TR442053,ART12092805
TR843669,ART12092805
TR325269,ART12092805
TR580830,ART12092805
TR327841,ART12092805
TR420971,ART12092805
TR791935,ART12092805
TR111911,ART12092805
TR452763,ART12092805
TR825451,ART12092805
TR751693,ART12092805
TR164881,ART12092805
TR898976,ART12092805
TR363071,ART12092805
TR746933,ART12092805
TR476680,ART12092805
TR471837,ART12092805
TR157398,ART12092805
TR947154,ART12092805
TR366709,ART12092805
TR610888,ART12092805
TR978442,ART12092805
TR673485,ART12092805
TR543951,ART12092805
TR984197,ART12092805
TR235215,ART12092805
TR445107,ART12092805
TR724302,ART12092805
TR610750,ART12092805
TR397236,ART12092805
TR448119,ART12092805
TR216132,ART12092805
TR119361,ART12092805
TR398941,ART12092805
TR148206,ART56967402
TR170594,ART56967402
TR417535,ART56967402
TR816264,ART56967402
TR778907,ART56967402
TR240588,ART56967402
TR337193,ART56967402
TR774407,ART56967402
TR269349,ART56967402
TR144506,ART56967402
TR144506,ART57242110
TR873487,ART56967402
TR588211,ART56967402
TR955525,ART56967402
TR109208,ART56967402
TR551322,ART56967402
TR513271,ART56967402
TR978319,ART56967402
TR918965,ART56967402
TR913822,ART56967402
TR835956,ART56967402
TR963242,ART56967402
TR974411,ART56967402
TR343085,ART56967402
TR519016,ART56967402
TR415789,ART56967402
TR217190,ART56967402
TR458005,ART56967402
TR951474,ART56967402
TR973430,ART56967402
TR708868,ART56967402
TR318122,ART56967402
TR373731,ART56967402
TR653811,ART56967402
TR551075,ART56967402
TR877958,ART56967402
TR776963,ART56967402
TR978183,ART56967402
TR312416,ART56967402
TR457996,ART56967402
TR950768,ART56967402
TR362099,ART56967402
TR430552,ART56967402
TR794750,ART56967402
TR102539,ART56967402
TR496627,ART46851094
TR496627,ART39344115
TR496627,ART78358659
TR496627,ART91515842
TR496627,ART80977821
TR651121,ART46851094
TR688381,ART46851094
TR688381,ART48622722
TR634011,ART46851094
TR634011,ART88792008
TR988504,ART46851094
TR856673,ART46851094
TR936547,ART46851094
TR434101,ART46851094
TR896862,ART46851094
TR846681,ART46851094
TR846681,ART39344115
TR132998,ART46851094
TR506220,ART46851094
TR506220,ART85046033
TR298008,ART46851094
TR827910,ART46851094
TR676278,ART46851094
TR676278,ART40433104
TR867932,ART46851094
TR775792,ART46851094
TR165345,ART46851094
TR157019,ART46851094
TR157019,ART88026810
TR593744,ART46851094
TR981351,ART46851094
TR981351,ART80977821
TR496114,ART46851094
TR496114,ART25707984
TR689560,ART46851094
TR188071,ART46851094
TR188071,ART40433104
TR176304,ART46851094
TR670348,ART46851094
TR736435,ART46851094
TR551765,ART46851094
TR551765,ART80977821
TR809682,ART46851094
TR437322,ART46851094
TR541242,ART46851094
TR546195,ART46851094
TR546195,ART80977821
TR666759,ART46851094
TR628821,ART46851094
TR628821,ART78358659
TR291001,ART46851094
TR291001,ART26418649
TR127885,ART46851094
TR127885,ART64850829
TR659083,ART46851094
TR936769,ART46851094
TR913389,ART46851094
TR785589,ART46851094
TR328065,ART46851094
TR747124,ART46851094
TR441390,ART46851094
TR741334,ART46851094
TR581615,ART46851094
TR684343,ART46851094
TR684343,ART87162895
TR179817,ART46851094
TR512028,ART46851094
TR807733,ART46851094
TR473713,ART46851094
TR408506,ART46851094
TR862326,ART46851094
TR677448,ART46851094
TR157102,ART46851094
TR309839,ART46851094
TR373525,ART46851094
TR713277,ART46851094
TR100595,ART46851094
TR460349,ART46851094
TR460349,ART80977821
TR413854,ART46851094
TR787142,ART46851094
TR207518,ART46851094
TR912837,ART46851094
TR660656,ART46851094
TR528881,ART46851094
TR563281,ART46851094
TR923216,ART46851094
TR972984,ART46851094
TR457224,ART46851094
TR270698,ART46851094
TR258599,ART46851094
TR770339,ART46851094
TR775051,ART46851094
TR775051,ART57616402
TR775051,ART62385172
TR611291,ART46851094
TR857391,ART46851094
TR341271,ART46851094
TR102300,ART46851094
TR876575,ART46851094
TR876575,ART83631935
TR287797,ART46851094
TR867226,ART46851094
TR514516,ART46851094
TR266222,ART46851094
TR497646,ART46851094
TR913147,ART46851094
TR170339,ART46851094
TR790354,ART46851094
TR990503,ART46851094
TR708209,ART46851094
TR475477,ART46851094
TR255607,ART46851094
TR955387,ART46851094
TR844447,ART46851094
TR167885,ART46851094
TR932860,ART46851094
TR194543,ART46851094
TR147182,ART46851094
TR169638,ART46851094
TR326327,ART46851094
TR363431,ART46851094
TR354465,ART46851094
TR200420,ART46851094
TR217043,ART46851094
TR198162,ART46851094
TR879376,ART46851094
TR652528,ART46851094
TR810780,ART46851094
TR796703,ART46851094
TR796703,ART86549066
TR329512,ART46851094
TR172760,ART46851094
TR136339,ART46851094
TR136339,ART07469279
TR697492,ART46851094
TR719027,ART46851094
TR793725,ART46851094
TR991366,ART46851094
TR991366,ART85046033
TR550425,ART46851094
TR726896,ART46851094
TR533699,ART46851094
TR403209,ART46851094
TR224164,ART46851094
TR283256,ART46851094
TR206945,ART46851094
TR513575,ART46851094
TR896427,ART46851094
TR120166,ART46851094
TR584372,ART46851094
TR283606,ART46851094
TR273952,ART46851094
TR834815,ART46851094
TR288990,ART46851094
TR191109,ART46851094
TR142229,ART46851094
TR189245,ART46851094
TR189245,ART48622722
TR582556,ART46851094
TR582556,ART78358659
TR888932,ART46851094
TR944458,ART46851094
TR301179,ART46851094
TR566313,ART46851094
TR683373,ART46851094
TR323908,ART46851094
TR677246,ART46851094
TR567405,ART46851094
TR302241,ART46851094
TR881820,ART46851094
TR897627,ART46851094
TR372389,ART46851094
TR530309,ART46851094
TR843616,ART46851094
TR294253,ART46851094
TR300940,ART46851094
TR586281,ART46851094
TR880320,ART46851094
TR660129,ART46851094
TR503071,ART46851094
TR607705,ART46851094
TR800597,ART48622722
TR368039,ART48622722
TR529084,ART48622722
TR889664,ART48622722
TR258260,ART48622722
TR258260,ART39344115
TR258260,ART46851094
TR258260,ART78358659
TR495309,ART48622722
TR865242,ART48622722
TR865242,ART78358659
TR558830,ART48622722
TR558830,ART85046033
TR558830,ART40433104
TR475361,ART48622722
TR438032,ART48622722
TR438032,ART25707984
TR497887,ART48622722
TR497887,ART85046033
TR497887,ART40433104
TR697231,ART48622722
TR229593,ART48622722
TR699631,ART48622722
TR992456,ART48622722
TR992456,ART07127070
TR889812,ART48622722
TR251774,ART48622722
TR251774,ART74676403
TR151076,ART48622722
TR151076,ART02733420
TR115357,ART48622722
TR983093,ART48622722
TR937385,ART48622722
TR659466,ART48622722
TR659466,ART28717687
TR659466,ART91515842
TR489913,ART48622722
TR230099,ART48622722
TR230099,ART87497821
TR712783,ART48622722
TR906000,ART48622722
TR277555,ART48622722
TR379843,ART48622722
TR278718,ART48622722
TR278718,ART02733420
TR179140,ART48622722
TR321344,ART48622722
TR128853,ART48622722
TR517775,ART48622722
TR739262,ART48622722
TR739262,ART78209349
TR581546,ART48622722
TR303647,ART48622722
TR602351,ART48622722
TR744642,ART48622722
TR524546,ART48622722
TR447352,ART48622722
TR783954,ART48622722
TR434095,ART48622722
TR999677,ART48622722
TR438094,ART48622722
TR282711,ART48622722
TR696004,ART48622722
TR873456,ART48622722
TR604557,ART48622722
TR407552,ART48622722
TR881600,ART48622722
TR881600,ART78358659
TR564421,ART48622722
TR863929,ART48622722
TR863929,ART78358659
TR507535,ART48622722
TR723361,ART48622722
TR896087,ART48622722
TR307956,ART48622722
TR379375,ART48622722
TR379375,ART78209349
TR379375,ART46711784
TR895862,ART48622722
TR604227,ART48622722
TR942500,ART48622722
TR213399,ART48622722
TR821449,ART48622722
TR528001,ART48622722
TR456302,ART48622722
TR456302,ART07127070
TR326045,ART48622722
TR627866,ART48622722
TR194119,ART48622722
TR952878,ART48622722
TR132420,ART48622722
TR356294,ART48622722
TR600680,ART48622722
TR883266,ART48622722
TR873973,ART48622722
TR890407,ART48622722
TR797818,ART48622722
TR710638,ART48622722
TR221293,ART48622722
TR606632,ART48622722
TR606632,ART28717687
TR381734,ART48622722
TR112853,ART48622722
TR112853,ART39344115
TR158759,ART48622722
TR296222,ART48622722
TR291803,ART48622722
TR914291,ART48622722
TR219585,ART48622722
TR341973,ART48622722
TR155644,ART48622722
TR950751,ART48622722
TR148955,ART48622722
TR846355,ART48622722
TR265242,ART48622722
TR441285,ART48622722
TR882991,ART48622722
TR395964,ART48622722
TR450447,ART48622722
TR140205,ART48622722
TR880476,ART48622722
TR473254,ART48622722
TR907460,ART48622722
TR789695,ART48622722
TR254481,ART48622722
TR802489,ART48622722
TR104644,ART48622722
TR514718,ART48622722
TR212098,ART48622722
TR113609,ART48622722
TR556669,ART48622722
TR214099,ART48622722
TR804786,ART48622722
TR347249,ART48622722
TR347249,ART57616402
TR314325,ART48622722
TR883498,ART48622722
TR899830,ART48622722
TR560504,ART48622722
TR389031,ART48622722
TR562793,ART48622722
TR454102,ART48622722
TR166884,ART48622722
TR208593,ART48622722
TR208593,ART85046033
TR892707,ART48622722
TR436547,ART48622722
TR149147,ART48622722
TR791483,ART48622722
TR791483,ART91515842
TR593850,ART48622722
TR237207,ART48622722
TR812133,ART48622722
TR971251,ART48622722
TR428523,ART48622722
TR432185,ART48622722
TR146783,ART48622722
TR117356,ART48622722
TR415499,ART48622722
TR669101,ART48622722
TR437508,ART48622722
TR613073,ART48622722
TR431692,ART48622722
TR951660,ART48622722
TR173141,ART48622722
TR173141,ART28717687
TR646215,ART48622722
TR729755,ART48622722
TR108736,ART48622722
TR990357,ART48622722
TR139465,ART48622722
TR922929,ART48622722
TR658968,ART48622722
TR172400,ART48622722
TR902778,ART48622722
TR446201,ART48622722
TR351411,ART48622722
TR627592,ART48622722
TR257913,ART48622722
TR228868,ART48622722
TR800367,ART48622722
TR800367,ART28717687
TR195866,ART48622722
TR789080,ART48622722
TR623965,ART48622722
TR295169,ART48622722
TR356623,ART48622722
TR262801,ART48622722
TR357682,ART48622722
TR827288,ART48622722
TR261964,ART48622722
TR131281,ART48622722
TR306466,ART48622722
TR915052,ART48622722
TR535015,ART48622722
TR594016,ART48622722
TR590611,ART48622722
TR138676,ART48622722
TR154354,ART48622722
TR919892,ART48622722
TR250368,ART48622722
TR908806,ART48622722
TR867624,ART48622722
TR902255,ART48622722
TR994295,ART48622722
TR488094,ART48622722
TR497369,ART48622722
TR497369,ART91515842
TR671512,ART48622722
TR164709,ART48622722
TR439677,ART48622722
TR744822,ART48622722
TR744822,ART91515842
TR792599,ART48622722
TR884699,ART48622722
TR235292,ART48622722
TR179994,ART48622722
TR178809,ART88199433
TR589443,ART88199433
TR589443,ART53496045
TR735987,ART88199433
TR874555,ART87389753
TR531637,ART87389753
TR911172,ART87389753
TR911172,ART40433104
TR932299,ART87389753
TR962514,ART87389753
TR191667,ART87389753
TR673507,ART87389753
TR838709,ART87389753
TR838709,ART85046033
TR168582,ART87389753
TR168582,ART85046033
TR702127,ART87389753
TR333973,ART87389753
TR248737,ART87389753
TR131086,ART87389753
TR233277,ART87389753
TR779207,ART87389753
TR108467,ART87389753
TR891027,ART87389753
TR972632,ART87389753
TR939123,ART87389753
TR121894,ART87389753
TR851169,ART87389753
TR246051,ART87389753
TR223493,ART87389753
TR682337,ART87389753
TR319832,ART87389753
TR639667,ART87389753
TR522268,ART87389753
TR888595,ART87389753
TR229385,ART87389753
TR957728,ART87389753
TR358946,ART87389753
TR386339,ART87389753
TR994977,ART98118784
TR994977,ART17812958
TR827474,ART98118784
TR943014,ART98118784
TR331794,ART98118784
TR315554,ART98118784
TR931058,ART98118784
TR781066,ART98118784
TR781066,ART78209349
TR781066,ART86549066
TR379454,ART98118784
TR761403,ART98118784
TR761403,ART91352277
TR732756,ART98118784
TR334934,ART98118784
TR126927,ART98118784
TR711619,ART98118784
TR448983,ART98118784
TR382622,ART98118784
TR925533,ART98118784
TR345081,ART98118784
TR494663,ART98118784
TR138402,ART98118784
TR230610,ART98118784
TR167398,ART98118784
TR764120,ART98118784
TR149952,ART98118784
TR414011,ART98118784
TR785911,ART98118784
TR572270,ART98118784
TR575726,ART98118784
TR407373,ART98118784
TR446687,ART98118784
TR455821,ART98118784
TR581348,ART98118784
TR788930,ART98118784
TR550951,ART98118784
TR217263,ART98118784
TR825208,ART98118784
TR787370,ART98118784
TR102302,ART98118784
TR430955,ART98118784
TR343312,ART98118784
TR323294,ART98118784
TR672369,ART98118784
TR775515,ART98118784
TR208683,ART98118784
TR899171,ART98118784
TR919459,ART98118784
TR148720,ART98118784
TR549862,ART98118784
TR450773,ART98118784
TR800507,ART98118784
TR332211,ART98118784
TR755340,ART98118784
TR194365,ART98118784
TR727266,ART98118784
TR333133,ART98118784
TR190086,ART98118784
TR504081,ART98118784
TR337984,ART98118784
TR939554,ART98118784
TR448538,ART98118784
TR846554,ART98118784
TR183289,ART98118784
TR345672,ART98118784
TR180749,ART98118784
TR763558,ART98118784
TR893294,ART98118784
TR631908,ART98118784
TR513702,ART98118784
TR407122,ART98118784
TR157120,ART98118784
TR954036,ART78358659
TR969166,ART78358659
TR334548,ART78358659
TR491048,ART78358659
TR873548,ART78358659
TR447050,ART78358659
TR447050,ART88026810
TR447050,ART85046033
TR596034,ART78358659
TR761009,ART78358659
TR444558,ART78358659
TR444558,ART48622722
TR704020,ART78358659
TR361704,ART78358659
TR170968,ART78358659
TR406455,ART78358659
TR413794,ART78358659
TR413794,ART40433104
TR902051,ART78358659
TR902051,ART39344115
TR793182,ART78358659
TR473662,ART78358659
TR806783,ART78358659
TR518698,ART78358659
TR835497,ART78358659
TR835497,ART39344115
TR459629,ART78358659
TR310890,ART78358659
TR310890,ART80977821
TR447175,ART78358659
TR307656,ART78358659
TR307656,ART25707984
TR309734,ART78358659
TR234234,ART78358659
TR663359,ART78358659
TR194568,ART78358659
TR327383,ART78358659
TR881487,ART78358659
TR824277,ART78358659
TR906049,ART78358659
TR842807,ART78358659
TR186700,ART78358659
TR405083,ART78358659
TR405083,ART25707984
TR966416,ART78358659
TR966416,ART46851094
TR245683,ART78358659
TR147215,ART78358659
TR415872,ART78358659
TR696584,ART78358659
TR696584,ART46851094
TR768114,ART78358659
TR422672,ART78358659
TR422672,ART04205421
TR685853,ART78358659
TR241733,ART78358659
TR241733,ART52349448
TR664932,ART78358659
TR625782,ART78358659
TR673851,ART78358659
TR750868,ART78358659
TR199204,ART78358659
TR378442,ART78358659
TR923166,ART78358659
TR864329,ART78358659
TR864329,ART20729624
TR790475,ART78358659
TR790475,ART88792008
TR790475,ART40433104
TR542388,ART78358659
TR997536,ART78358659
TR281647,ART78358659
TR816077,ART78358659
TR196808,ART78358659
TR269073,ART78358659
TR422122,ART78358659
TR666604,ART78358659
TR772342,ART78358659
TR772342,ART76284946
TR709982,ART78358659
TR586644,ART78358659
TR790081,ART78358659
TR587900,ART78358659
TR866176,ART78358659
TR358596,ART78358659
TR422775,ART78358659
TR486621,ART78358659
TR530791,ART78358659
TR170216,ART78358659
TR763511,ART78358659
TR668464,ART78358659
TR467947,ART78358659
TR849049,ART78358659
TR963651,ART78358659
TR519616,ART78358659
TR544403,ART78358659
TR363656,ART78358659
TR614693,ART78358659
TR106547,ART78358659
TR991000,ART78358659
TR971840,ART78358659
TR937610,ART78358659
TR937610,ART28717687
TR968894,ART78358659
TR311527,ART78358659
TR558758,ART78358659
TR768224,ART78358659
TR948835,ART78358659
TR568519,ART78358659
TR209165,ART64850829
TR715880,ART64850829
TR391538,ART64850829
TR536704,ART64850829
TR536704,ART86549066
TR925464,ART64850829
TR925464,ART87497821
TR281478,ART64850829
TR734958,ART64850829
TR734958,ART02733420
TR750465,ART64850829
TR750465,ART51721248
TR320505,ART64850829
TR456320,ART64850829
TR456320,ART70825116
TR172807,ART64850829
TR172807,ART88026810
TR775878,ART64850829
TR775878,ART87497821
TR853517,ART64850829
TR589835,ART64850829
TR516801,ART64850829
TR257586,ART64850829
TR493577,ART64850829
TR563634,ART64850829
TR328854,ART64850829
TR305847,ART64850829
TR657339,ART64850829
TR248128,ART64850829
TR248128,ART91352277
TR182220,ART64850829
TR679235,ART64850829
TR679235,ART87162895
TR737734,ART64850829
TR157826,ART64850829
TR183525,ART64850829
TR183525,ART85780419
TR569463,ART64850829
TR542481,ART64850829
TR542481,ART87497821
TR787632,ART64850829
TR779734,ART64850829
TR578879,ART64850829
TR771553,ART64850829
TR805257,ART64850829
TR834859,ART64850829
TR834859,ART39344115
TR882384,ART64850829
TR512946,ART64850829
TR820796,ART64850829
TR828702,ART64850829
TR161872,ART64850829
TR227876,ART64850829
TR888060,ART64850829
TR719420,ART64850829
TR109610,ART64850829
TR714510,ART64850829
TR911154,ART64850829
TR968996,ART64850829
TR813122,ART64850829
TR643632,ART64850829
TR440205,ART64850829
TR310485,ART64850829
TR984860,ART64850829
TR525571,ART64850829
TR525571,ART85780419
TR488392,ART64850829
TR211269,ART64850829
TR211269,ART87162895
TR618390,ART64850829
TR200184,ART64850829
TR504799,ART64850829
TR946359,ART64850829
TR946359,ART87162895
TR388777,ART64850829
TR898103,ART64850829
TR716162,ART64850829
TR107511,ART64850829
TR477959,ART64850829
TR209229,ART64850829
TR706130,ART64850829
TR330975,ART64850829
TR225966,ART64850829
TR225966,ART05528539
TR915848,ART64850829
TR486510,ART64850829
TR888355,ART64850829
TR849215,ART64850829
TR144170,ART64850829
TR601023,ART64850829
TR525931,ART64850829
TR683989,ART64850829
TR230952,ART64850829
TR655568,ART64850829
TR712050,ART64850829
TR822526,ART64850829
TR507718,ART64850829
TR429962,ART64850829
TR263218,ART64850829
TR187668,ART64850829
TR739091,ART64850829
TR810245,ART64850829
TR686222,ART64850829
TR131935,ART64850829
TR131935,ART62385172
TR247772,ART64850829
TR178298,ART64850829
TR464052,ART64850829
TR261852,ART64850829
TR783873,ART64850829
TR374912,ART64850829
TR616900,ART64850829
TR866967,ART64850829
TR776466,ART64850829
TR837405,ART64850829
TR397810,ART64850829
TR713595,ART64850829
TR916612,ART64850829
TR487603,ART64850829
TR391031,ART64850829
TR598389,ART64850829
TR191251,ART64850829
TR383101,ART64850829
TR360266,ART64850829
TR963745,ART64850829
TR963745,ART20729624
TR658494,ART64850829
TR219568,ART64850829
TR219568,ART51721248
TR237707,ART64850829
TR597304,ART64850829
TR645140,ART64850829
TR959140,ART64850829
TR311491,ART64850829
TR259762,ART64850829
TR858810,ART64850829
TR124073,ART64850829
TR306810,ART64850829
TR165635,ART64850829
TR133102,ART64850829
TR389098,ART64850829
TR392843,ART64850829
TR978028,ART64850829
TR978028,ART87162895
TR416687,ART64850829
TR108192,ART64850829
TR903355,ART64850829
TR344394,ART64850829
TR243813,ART64850829
TR918743,ART64850829
TR685016,ART64850829
TR586134,ART64850829
TR674912,ART64850829
TR101420,ART64850829
TR990190,ART64850829
TR507780,ART64850829
TR641702,ART64850829
TR857902,ART64850829
TR198691,ART64850829
TR249257,ART64850829
TR249257,ART51721248
TR732834,ART64850829
TR719538,ART64850829
TR719538,ART39344115
TR134678,ART64850829
TR953598,ART64850829
TR953598,ART39344115
TR968431,ART64850829
TR341993,ART64850829
TR247843,ART64850829
TR903154,ART64850829
TR284067,ART64850829
TR383001,ART64850829
TR831636,ART64850829
TR656260,ART64850829
TR974293,ART64850829
TR900900,ART64850829
TR730832,ART64850829
TR169769,ART64850829
TR824572,ART64850829
TR824572,ART62385172
TR806797,ART64850829
TR476369,ART64850829
TR521844,ART64850829
TR666165,ART64850829
TR902662,ART64850829
TR689039,ART64850829
TR583402,ART64850829
TR852446,ART64850829
TR434127,ART64850829
TR411284,ART64850829
TR622110,ART64850829
TR593589,ART64850829
TR345919,ART64850829
TR119794,ART64850829
TR303768,ART28846313
TR303768,ART17812958
TR303768,ART07024718
TR303768,ART40229749
TR303768,ART17240256
TR303768,ART86549066
TR303768,ART85046033
TR251553,ART28846313
TR368157,ART28846313
TR368157,ART85046033
TR504051,ART28846313
TR162842,ART28846313
TR809337,ART28846313
TR809337,ART40433104
TR791535,ART28846313
TR386088,ART28846313
TR964944,ART28846313
TR558378,ART28846313
TR701869,ART28846313
TR979524,ART28846313
TR484144,ART28846313
TR484144,ART19729064
TR640495,ART28846313
TR521092,ART28846313
TR873497,ART28846313
TR171175,ART28846313
TR642707,ART28846313
TR609821,ART28846313
TR834146,ART28846313
TR207134,ART28846313
TR913919,ART28846313
TR329323,ART28846313
TR797680,ART28846313
TR682895,ART28846313
TR416171,ART28846313
TR634768,ART28846313
TR998011,ART28846313
TR703344,ART28846313
TR310342,ART28846313
TR742778,ART28846313
TR847617,ART28846313
TR950758,ART28846313
TR576707,ART28846313
TR159535,ART28846313
TR498767,ART28846313
TR303307,ART28846313
TR368012,ART28846313
TR401491,ART28846313
TR383818,ART28846313
TR787868,ART28846313
TR145334,ART28846313
TR231258,ART28846313
TR861289,ART28846313
TR442095,ART28846313
TR399254,ART28846313
TR360583,ART28846313
TR220284,ART28846313
TR532765,ART28846313
TR825928,ART28846313
TR582128,ART28846313
TR414597,ART28846313
TR393008,ART28846313
TR654700,ART28846313
TR611378,ART28846313
TR385232,ART28846313
TR592015,ART28846313
TR606506,ART28846313
TR519723,ART28846313
TR783975,ART28846313
TR676363,ART28846313
TR672624,ART28846313
TR420024,ART28846313
TR942630,ART28846313
TR886425,ART28846313
TR347525,ART28846313
TR981981,ART28846313
TR488818,ART28846313
TR415555,ART28846313
TR186909,ART28846313
TR627240,ART28846313
TR211667,ART28846313
TR948510,ART28846313
TR412147,ART28846313
TR193997,ART28846313
TR103678,ART28846313
TR674494,ART28846313
TR296199,ART28846313
TR392195,ART28846313
TR164564,ART28846313
TR661958,ART28846313
TR204777,ART28846313
TR989080,ART28846313
TR934762,ART28846313
TR549528,ART28846313
TR386339,ART28846313
TR336876,ART28846313
TR489615,ART28846313
TR859141,ART28846313
TR106487,ART28846313
TR282211,ART28846313
TR448946,ART28846313
TR171114,ART28846313
TR529075,ART28846313
TR694945,ART28846313
TR834701,ART28846313
TR656656,ART28846313
TR661328,ART28846313
TR353134,ART28846313
TR304462,ART28846313
TR166275,ART28846313
TR418608,ART28846313
TR123969,ART28846313
TR440300,ART28846313
TR131675,ART28846313
TR196482,ART28846313
TR518071,ART28846313
TR960118,ART28846313
TR445932,ART28846313
TR865200,ART28846313
TR391349,ART28846313
TR945996,ART28846313
TR638702,ART28846313
TR770507,ART28846313
TR652064,ART28846313
TR329986,ART28846313
TR531447,ART28846313
TR427122,ART28846313
TR427122,ART17812958
TR159427,ART28846313
TR696057,ART28846313
TR522207,ART28846313
TR615849,ART28846313
TR606445,ART28846313
TR317727,ART28846313
TR593803,ART28846313
TR817190,ART28846313
TR977178,ART28846313
TR615973,ART28846313
TR509233,ART28846313
TR198766,ART28846313
TR287556,ART28846313
TR508467,ART28846313
TR687639,ART28846313
TR860538,ART28846313
TR597921,ART28846313
TR537622,ART28846313
TR977474,ART28846313
TR951284,ART28846313
TR719137,ART28846313
TR779942,ART28846313
TR324177,ART28846313
TR989902,ART28846313
TR389881,ART28846313
TR503521,ART28846313
TR291289,ART28846313
TR406954,ART28846313
TR660108,ART28846313
TR496879,ART28846313
TR496879,ART19729064
TR959891,ART28846313
TR336727,ART28846313
TR313579,ART28846313
TR123386,ART28846313
TR333424,ART28846313
TR160839,ART28846313
TR503064,ART28846313
TR789473,ART28846313
TR779818,ART28846313
TR981203,ART28846313
TR985537,ART28846313
TR483734,ART28846313
TR577806,ART28846313
TR236988,ART28846313
TR714245,ART28846313
TR495829,ART28846313
TR661667,ART28846313
TR764338,ART28846313
TR883436,ART28846313
TR285306,ART28846313
TR705082,ART28846313
TR622763,ART28846313
TR653532,ART28846313
TR157132,ART28846313
TR166493,ART28846313
TR644592,ART28846313
TR686662,ART28846313
TR303019,ART28846313
TR440307,ART28846313
TR419632,ART28846313
TR318917,ART28846313
TR318448,ART28846313
TR677212,ART28846313
TR361351,ART28846313
TR393891,ART28846313
TR426625,ART28846313
TR912131,ART91352277
TR677428,ART91352277
TR628410,ART91352277
TR367510,ART91352277
TR552962,ART91352277
TR819089,ART91352277
TR468054,ART91352277
TR299632,ART91352277
TR237763,ART91352277
TR604904,ART91352277
TR283414,ART91352277
TR642694,ART91352277
TR296731,ART91352277
TR296731,ART25707984
TR416270,ART91352277
TR666431,ART91352277
TR567537,ART91352277
TR441182,ART91352277
TR889436,ART91352277
TR117163,ART91352277
TR160544,ART91352277
TR956338,ART91352277
TR979156,ART91352277
TR534818,ART91352277
TR171796,ART91352277
TR878715,ART91352277
TR749219,ART91352277
TR429837,ART91352277
TR626130,ART91352277
TR860912,ART91352277
TR632962,ART91352277
TR523144,ART91352277
TR997536,ART91352277
TR721314,ART91352277
TR721314,ART56320683
TR776777,ART91352277
TR312703,ART91352277
TR613543,ART91352277
TR775595,ART91352277
TR698646,ART91352277
TR698646,ART25707984
TR503316,ART91352277
TR972120,ART91352277
TR663662,ART91352277
TR514908,ART91352277
TR722180,ART91352277
TR977792,ART91352277
TR369087,ART91352277
TR334143,ART91352277
TR334143,ART74676403
TR618474,ART91352277
TR390632,ART91352277
TR499520,ART91352277
TR426742,ART91352277
TR568955,ART91352277
TR722259,ART91352277
TR794202,ART91352277
TR794202,ART85046033
TR494991,ART91352277
TR297131,ART91352277
TR297131,ART73965015
TR517881,ART91352277
TR473936,ART91352277
TR321828,ART91352277
TR118852,ART91352277
TR118852,ART27304446
TR623119,ART91352277
TR411030,ART91352277
TR272492,ART91352277
TR175402,ART91352277
TR824985,ART91352277
TR463718,ART91352277
TR463718,ART56320683
TR129301,ART91352277
TR337499,ART91352277
TR841119,ART91352277
TR742582,ART91352277
TR505587,ART91352277
TR505587,ART85046033
TR997334,ART91352277
TR416265,ART91352277
TR910598,ART91352277
TR235598,ART91352277
TR762754,ART91352277
TR236318,ART91352277
TR897915,ART91352277
TR662624,ART91352277
TR406716,ART91352277
TR512732,ART91352277
TR444343,ART91352277
TR206705,ART91352277
TR646241,ART91352277
TR646241,ART71969350
TR595790,ART91352277
TR595790,ART62385172
TR535468,ART91352277
TR317704,ART91352277
TR317704,ART86549066
TR620313,ART91352277
TR388839,ART91352277
TR185259,ART91352277
TR807613,ART91352277
TR261964,ART91352277
TR878537,ART91352277
TR177776,ART91352277
TR612809,ART91352277
TR127950,ART91352277
TR715739,ART91352277
TR103268,ART91352277
TR103268,ART27304446
TR555206,ART91352277
TR118758,ART91352277
TR378992,ART91352277
TR229691,ART91352277
TR148352,ART91352277
TR148352,ART56320683
TR752859,ART91352277
TR105784,ART91352277
TR921940,ART91352277
TR928497,ART91352277
TR412906,ART91352277
TR232907,ART91352277
TR609875,ART91352277
TR579403,ART91352277
TR660396,ART91352277
TR348465,ART91352277
TR446021,ART91352277
TR446021,ART17812958
TR465259,ART91352277
TR209347,ART91352277
TR209347,ART98118784
TR676360,ART91352277
TR122532,ART91352277
TR137693,ART91352277
TR611127,ART91352277
TR667745,ART91352277
TR733933,ART91352277
TR873763,ART91352277
TR873763,ART17812958
TR534725,ART91352277
TR407993,ART91352277
TR230490,ART91352277
TR843958,ART91352277
TR792495,ART91352277
TR539854,ART91352277
TR992286,ART91352277
TR992286,ART56320683
TR331300,ART91352277
TR555354,ART91352277
TR976054,ART91352277
TR930338,ART91352277
TR930338,ART56320683
TR121881,ART91352277
TR836948,ART91352277
TR267159,ART91352277
TR750691,ART91352277
TR750691,ART15560128
TR436613,ART91352277
TR162884,ART91352277
TR975554,ART91352277
TR836340,ART91352277
TR845474,ART91352277
TR453229,ART91352277
TR281652,ART91352277
TR790792,ART91352277
TR203356,ART91352277
TR406456,ART91352277
TR601029,ART91352277
TR792976,ART91352277
TR735617,ART91352277
TR115681,ART91352277
TR967164,ART91352277
TR194346,ART91352277
TR595020,ART91352277
TR886668,ART91352277
TR563354,ART91352277
TR518324,ART91352277
TR864774,ART91352277
TR237702,ART91352277
TR370361,ART91352277
TR321561,ART91352277
TR967165,ART91352277
TR288938,ART91352277
TR696780,ART91352277
TR791371,ART91352277
TR791371,ART80977821
TR772702,ART91352277
TR296688,ART91352277
TR948397,ART91352277
TR416673,ART91352277
TR749814,ART91352277
TR118288,ART91352277
TR642070,ART91352277
TR619964,ART91352277
TR619964,ART07629990
TR608963,ART91352277
TR469798,ART91352277
TR420845,ART91352277
TR890852,ART91352277
TR172680,ART91352277
TR749388,ART91352277
TR573535,ART91352277
TR573535,ART80977821
TR549127,ART91352277
TR775939,ART91352277
TR736132,ART91352277
TR231225,ART91352277
TR662075,ART91352277
TR940528,ART91352277
TR890448,ART91352277
TR589172,ART91352277
TR895037,ART91352277
TR543626,ART91352277
TR540621,ART91352277
TR679972,ART91352277
TR717882,ART91352277
TR423710,ART91352277
TR206748,ART91352277
TR961823,ART91352277
TR767783,ART91352277
TR933289,ART91352277
TR390951,ART91352277
TR557824,ART91352277
TR557824,ART59609037
TR311301,ART91352277
TR455930,ART91352277
TR306724,ART91352277
TR267573,ART91352277
TR538901,ART91352277
TR855997,ART91352277
TR279719,ART91352277
TR356672,ART91352277
TR652638,ART91352277
TR652638,ART80977821
TR938192,ART91352277
TR152059,ART91352277
TR152059,ART80977821
TR256946,ART91352277
TR256946,ART57616402
TR507612,ART91352277
TR201834,ART91352277
TR768742,ART91352277
TR539505,ART91352277
TR703055,ART91352277
TR982413,ART91352277
TR111132,ART91352277
TR209907,ART91352277
TR209907,ART07024718
TR535736,ART91352277
TR658718,ART91352277
TR420210,ART91352277
TR989546,ART91352277
TR683475,ART91352277
TR594742,ART91352277
TR764115,ART91352277
TR270366,ART91352277
TR179707,ART91352277
TR635474,ART91352277
TR579775,ART91352277
TR430452,ART91352277
TR443652,ART91352277
TR882339,ART91352277
TR882339,ART80977821
TR799588,ART91352277
TR678837,ART91352277
TR739027,ART91352277
TR991553,ART91352277
TR733441,ART91352277
TR727272,ART91352277
TR683319,ART91352277
TR846209,ART91352277
TR829954,ART91352277
TR131968,ART91352277
TR131968,ART07629990
TR269790,ART91352277
TR792143,ART91352277
TR278806,ART91352277
TR891039,ART91352277
TR754161,ART91352277
TR611746,ART91352277
TR783486,ART91352277
TR742183,ART91352277
TR822946,ART91352277
TR241445,ART91352277
TR452028,ART91352277
TR321945,ART91352277
TR790266,ART91352277
TR603823,ART91352277
TR569849,ART91352277
TR197610,ART91352277
TR724927,ART91352277
TR371139,ART91352277
TR326177,ART91352277
TR408697,ART91352277
TR190655,ART91352277
TR143027,ART91352277
TR208087,ART91352277
TR323417,ART91352277
TR809176,ART91352277
TR952351,ART91352277
TR952351,ART57616402
TR241119,ART91352277
TR596070,ART91352277
TR140463,ART91352277
TR720391,ART91352277
TR904925,ART91352277
TR526580,ART91352277
TR464112,ART91352277
TR634616,ART91352277
TR272972,ART91352277
TR850661,ART91352277
TR995810,ART91352277
TR535913,ART91352277
TR185587,ART91352277
TR439872,ART91352277
TR167125,ART91352277
TR816279,ART91352277
TR444933,ART91352277
TR756035,ART91352277
TR915474,ART91352277
TR489945,ART91352277
TR924168,ART91352277
TR397451,ART91352277
TR748884,ART91352277
TR211670,ART91352277
TR940808,ART91352277
TR521006,ART91352277
TR706067,ART91352277
TR250339,ART91352277
TR562625,ART91352277
TR292683,ART91352277
TR270855,ART91352277
TR247318,ART91352277
TR280297,ART91352277
TR270925,ART91352277
TR310747,ART91352277
TR177607,ART91352277
TR170867,ART91352277
TR686254,ART91352277
TR308992,ART91352277
TR749503,ART91352277
TR642818,ART91352277
TR893222,ART91352277
TR866390,ART91352277
TR863352,ART91352277
TR149575,ART91352277
TR186046,ART91352277
TR539434,ART91352277
TR757765,ART91352277
TR964893,ART91352277
TR523767,ART91352277
TR384978,ART91352277
TR758172,ART91352277
TR939645,ART91352277
TR925686,ART91352277
TR509828,ART91352277
TR406495,ART91352277
TR849617,ART91352277
TR118752,ART91352277
TR575399,ART91352277
TR978975,ART91352277
TR244909,ART91352277
TR663305,ART91352277
TR934181,ART91352277
TR231950,ART91352277
TR228952,ART91352277
TR660014,ART91352277
TR614178,ART91352277
TR774256,ART91352277
TR179936,ART91352277
TR752203,ART91352277
TR579061,ART91352277
TR311263,ART91352277
TR374067,ART91352277
TR606027,ART91352277
TR988487,ART91352277
TR988487,ART56320683
TR486247,ART91352277
TR687734,ART91352277
TR832920,ART91352277
TR883142,ART91352277
TR226282,ART91352277
TR317000,ART91352277
TR277457,ART91352277
TR980611,ART91352277
TR103202,ART52465778
TR281790,ART52465778
TR279148,ART52465778
TR853898,ART52465778
TR620554,ART52465778
TR920374,ART52465778
TR761112,ART52465778
TR226363,ART52465778
TR300102,ART52465778
TR300102,ART39344115
TR300102,ART57242110
TR250768,ART52465778
TR438850,ART52465778
TR600106,ART52465778
TR323751,ART52465778
TR313988,ART52465778
TR903249,ART52465778
TR903249,ART02733420
TR963399,ART52465778
TR963399,ART57616402
TR963399,ART26418649
TR484992,ART52465778
TR478372,ART52465778
TR682031,ART52465778
TR105814,ART52465778
TR983599,ART52465778
TR463964,ART52465778
TR463964,ART74676403
TR284990,ART52465778
TR746261,ART52465778
TR402154,ART52465778
TR427286,ART52465778
TR616233,ART52465778
TR944558,ART52465778
TR944558,ART53496045
TR779641,ART52465778
TR758939,ART52465778
TR174804,ART52465778
TR174804,ART05528539
TR825848,ART52465778
TR825848,ART74676403
TR325737,ART52465778
TR119521,ART52465778
TR411053,ART52465778
TR852551,ART52465778
TR852551,ART40229749
TR453546,ART52465778
TR546743,ART52465778
TR425703,ART52465778
TR425703,ART86549066
TR570058,ART52465778
TR674797,ART52465778
TR971740,ART52465778
TR613858,ART52465778
TR493282,ART52465778
TR883702,ART52465778
TR683065,ART52465778
TR773157,ART52465778
TR150434,ART52465778
TR967873,ART52465778
TR139030,ART52465778
TR629369,ART52465778
TR238837,ART52465778
TR238837,ART86549066
TR567958,ART52465778
TR567958,ART26418649
TR551206,ART52465778
TR476544,ART52465778
TR710376,ART52465778
TR706951,ART52465778
TR818897,ART52465778
TR818897,ART04205421
TR764107,ART52465778
TR920327,ART52465778
TR153496,ART52465778
TR606626,ART52465778
TR757262,ART52465778
TR268590,ART52465778
TR239128,ART52465778
TR693853,ART52465778
TR328870,ART52465778
TR328870,ART53496045
TR994688,ART52465778
TR605811,ART52465778
TR849332,ART52465778
TR961107,ART52465778
TR884011,ART52465778
TR446948,ART52465778
TR625887,ART52465778
TR559013,ART52465778
TR171140,ART52465778
TR885361,ART52465778
TR128704,ART52465778
TR128704,ART40433104
TR618781,ART52465778
TR559226,ART52465778
TR862791,ART52465778
TR862923,ART52465778
TR616797,ART52465778
TR245051,ART52465778
TR131414,ART52465778
TR227327,ART52465778
TR996824,ART52465778
TR123320,ART52465778
TR860043,ART52465778
TR308267,ART52465778
TR240144,ART52465778
TR704047,ART52465778
TR363854,ART52465778
TR234067,ART52465778
TR589534,ART52465778
TR674541,ART52465778
TR658536,ART52465778
TR889375,ART52465778
TR825208,ART52465778
TR623100,ART52465778
TR592806,ART52465778
TR853844,ART52465778
TR729696,ART52465778
TR805231,ART52465778
TR810059,ART52465778
TR840121,ART52465778
TR611206,ART52465778
TR296915,ART52465778
TR901226,ART07024718
TR901226,ART19060721
TR229227,ART07024718
TR195519,ART07024718
TR376028,ART07024718
TR376028,ART86549066
TR611877,ART07024718
TR611877,ART85780419
TR684216,ART07024718
TR684216,ART96068455
TR328499,ART07024718
TR472274,ART07024718
TR448877,ART07024718
TR708095,ART07024718
TR203683,ART07024718
TR253898,ART07024718
TR854907,ART07024718
TR675727,ART07024718
TR453640,ART07024718
TR453640,ART85780419
TR540185,ART07024718
TR356306,ART07024718
TR591345,ART07024718
TR511876,ART07024718
TR731111,ART07024718
TR116528,ART07024718
TR691943,ART07024718
TR981117,ART07024718
TR930775,ART07024718
TR850160,ART07024718
TR496653,ART07024718
TR650447,ART07024718
TR650447,ART86549066
TR393241,ART07024718
TR313565,ART07024718
TR353282,ART07024718
TR546164,ART07024718
TR759934,ART07024718
TR791255,ART07024718
TR297175,ART07024718
TR297175,ART17812958
TR229193,ART07024718
TR576460,ART07024718
TR213252,ART07024718
TR219551,ART07024718
TR196675,ART07024718
TR303682,ART07024718
TR919804,ART07024718
TR265400,ART07024718
TR265400,ART02733420
TR478130,ART07024718
TR750485,ART07024718
TR750485,ART85046033
TR622333,ART07024718
TR124631,ART07024718
TR124631,ART48622722
TR830393,ART07024718
TR731668,ART07024718
TR739865,ART07024718
TR645853,ART07024718
TR946148,ART07024718
TR627217,ART07024718
TR860002,ART07024718
TR403785,ART07024718
TR952064,ART07024718
TR897360,ART07024718
TR480259,ART07024718
TR869701,ART07024718
TR701532,ART07024718
TR731379,ART07024718
TR459679,ART07024718
TR165212,ART07024718
TR608745,ART07024718
TR845385,ART07024718
TR781890,ART07024718
TR498962,ART07024718
TR721039,ART07024718
TR333448,ART07024718
TR572044,ART07024718
TR643848,ART07024718
TR840488,ART07024718
TR722654,ART07024718
TR845296,ART07024718
TR843290,ART07024718
TR292480,ART07024718
TR996231,ART07024718
TR998032,ART07024718
TR840338,ART07024718
TR348625,ART07024718
TR770885,ART07024718
TR788528,ART07024718
TR377739,ART07024718
TR943904,ART07024718
TR552809,ART07024718
TR170280,ART07024718
TR700059,ART07024718
TR485842,ART07024718
TR237531,ART07024718
TR231277,ART07024718
TR231277,ART88792008
TR802307,ART07024718
TR128449,ART07024718
TR511007,ART07024718
TR595842,ART07024718
TR430939,ART07024718
TR253127,ART07024718
TR674523,ART07024718
TR625764,ART07024718
TR939101,ART07024718
TR708528,ART07024718
TR320348,ART07024718
TR761059,ART07024718
TR490859,ART07024718
TR614818,ART07024718
TR226814,ART07024718
TR816395,ART07024718
TR816395,ART17812958
TR113702,ART07024718
TR828726,ART07024718
TR828726,ART95365016
TR828726,ART52465778
TR246839,ART07024718
TR320814,ART07024718
TR569937,ART07024718
TR978886,ART07024718
TR745549,ART07024718
TR745549,ART83125571
TR307565,ART07024718
TR601309,ART07024718
TR636326,ART07024718
TR944243,ART07024718
TR246352,ART07024718
TR609228,ART07024718
TR424160,ART07024718
TR505289,ART07024718
TR531180,ART07024718
TR161567,ART07024718
TR660156,ART07024718
TR170292,ART07024718
TR367642,ART07024718
TR924511,ART07024718
TR924511,ART17812958
TR411730,ART07024718
TR680926,ART07024718
TR885055,ART07024718
TR808663,ART07024718
TR808663,ART08456301
TR842840,ART07024718
TR842840,ART86549066
TR824115,ART07024718
TR856882,ART07024718
TR686134,ART07024718
TR764435,ART07024718
TR525256,ART07024718
TR580721,ART07024718
TR413349,ART07024718
TR676684,ART07024718
TR273806,ART07024718
TR357474,ART07024718
TR357474,ART19729064
TR459295,ART07024718
TR955411,ART07024718
TR846247,ART07024718
TR314648,ART07024718
TR669412,ART07024718
TR414330,ART07024718
TR106318,ART07024718
TR975259,ART07024718
TR975259,ART48537029
TR779112,ART07024718
TR986135,ART07024718
TR310455,ART07024718
TR300734,ART07024718
TR329086,ART07024718
TR943991,ART07024718
TR428837,ART07024718
TR428837,ART28846313
TR444078,ART07024718
TR925275,ART07024718
TR550520,ART07024718
TR674551,ART07024718
TR912864,ART07024718
TR343758,ART07024718
TR953399,ART07024718
TR564478,ART07024718
TR935995,ART07024718
TR693094,ART07024718
TR965133,ART07024718
TR476850,ART07024718
TR606252,ART07024718
TR601703,ART07024718
TR601703,ART08302616
TR345712,ART07024718
TR998660,ART07024718
TR419042,ART07024718
TR405648,ART07024718
TR583833,ART07024718
TR765689,ART07024718
TR809759,ART07024718
TR417353,ART07024718
TR832166,ART07024718
TR822615,ART02733420
TR822615,ART88026810
TR822615,ART87497821
TR337394,ART02733420
TR532127,ART02733420
TR643265,ART02733420
TR926116,ART02733420
TR926116,ART63613967
TR157156,ART02733420
TR157156,ART20729624
TR371813,ART02733420
TR371813,ART78209349
TR513378,ART02733420
TR513378,ART39344115
TR513378,ART05528539
TR692534,ART02733420
TR658537,ART02733420
TR299069,ART02733420
TR844852,ART02733420
TR138280,ART02733420
TR118695,ART02733420
TR533946,ART02733420
TR533946,ART05528539
TR418291,ART02733420
TR707604,ART02733420
TR707604,ART48622722
TR707604,ART78209349
TR295093,ART02733420
TR209078,ART02733420
TR498888,ART02733420
TR427065,ART02733420
TR286799,ART02733420
TR884050,ART02733420
TR747430,ART02733420
TR921549,ART02733420
TR382503,ART02733420
TR194745,ART02733420
TR264387,ART02733420
TR593290,ART02733420
TR727019,ART02733420
TR727019,ART87497821
TR707642,ART02733420
TR707642,ART16868977
TR200963,ART02733420
TR346042,ART02733420
TR158059,ART02733420
TR797108,ART02733420
TR143876,ART02733420
TR898275,ART02733420
TR785545,ART02733420
TR735492,ART02733420
TR658739,ART02733420
TR874051,ART02733420
TR268416,ART02733420
TR270415,ART02733420
TR617039,ART02733420
TR317855,ART02733420
TR546598,ART02733420
TR518654,ART02733420
TR320213,ART02733420
TR320213,ART89596800
TR228628,ART02733420
TR387510,ART02733420
TR669958,ART02733420
TR676058,ART02733420
TR405794,ART02733420
TR248868,ART02733420
TR309230,ART02733420
TR834029,ART02733420
TR247231,ART02733420
TR327558,ART02733420
TR594925,ART02733420
TR296586,ART02733420
TR296586,ART08456301
TR423008,ART02733420
TR996522,ART02733420
TR996522,ART05528539
TR852914,ART02733420
TR176714,ART02733420
TR591344,ART02733420
TR591344,ART53496045
TR188557,ART02733420
TR108371,ART02733420
TR372670,ART02733420
TR807060,ART02733420
TR105847,ART02733420
TR608121,ART02733420
TR298184,ART02733420
TR790106,ART02733420
TR528926,ART02733420
TR528926,ART48622722
TR101900,ART02733420
TR631149,ART02733420
TR640234,ART02733420
TR612486,ART02733420
TR747651,ART02733420
TR408738,ART02733420
TR971836,ART02733420
TR645442,ART02733420
TR694607,ART02733420
TR777488,ART02733420
TR776032,ART02733420
TR856961,ART02733420
TR551136,ART02733420
TR158670,ART02733420
TR669908,ART02733420
TR777934,ART02733420
TR699459,ART02733420
TR281371,ART02733420
TR788880,ART02733420
TR788880,ART86549066
TR905803,ART02733420
TR528636,ART02733420
TR314000,ART02733420
TR193199,ART02733420
TR388981,ART02733420
TR108493,ART02733420
TR517233,ART02733420
TR468511,ART02733420
TR468511,ART25707984
TR537583,ART02733420
TR263660,ART02733420
TR714459,ART02733420
TR714459,ART25707984
TR979825,ART02733420
TR803180,ART02733420
TR803180,ART25707984
TR603382,ART02733420
TR603382,ART25707984
TR967180,ART02733420
TR967180,ART19729064
TR767223,ART02733420
TR767223,ART05528539
TR839533,ART02733420
TR996715,ART02733420
TR406839,ART02733420
TR406839,ART52272796
TR678208,ART02733420
TR262445,ART02733420
TR262445,ART17812958
TR140769,ART02733420
TR980532,ART02733420
TR383577,ART02733420
TR482192,ART02733420
TR650811,ART02733420
TR912578,ART02733420
TR912578,ART88792008
TR912578,ART25707984
TR548203,ART02733420
TR548203,ART48622722
TR757722,ART02733420
TR398943,ART02733420
TR730624,ART02733420
TR673136,ART02733420
TR859802,ART02733420
TR849909,ART02733420
TR472324,ART02733420
TR657461,ART02733420
TR657461,ART07127070
TR534933,ART02733420
TR613650,ART02733420
TR336444,ART02733420
TR294703,ART02733420
TR294703,ART17812958
TR264494,ART02733420
TR962394,ART02733420
TR354676,ART02733420
TR501329,ART02733420
TR252473,ART02733420
TR743374,ART02733420
TR597336,ART02733420
TR571568,ART02733420
TR750372,ART02733420
TR953947,ART02733420
TR739310,ART02733420
TR440836,ART02733420
TR440836,ART88792008
TR283661,ART02733420
TR283661,ART88792008
TR636833,ART02733420
TR460243,ART02733420
TR821685,ART02733420
TR821685,ART86549066
TR335220,ART02733420
TR577582,ART02733420
TR142562,ART02733420
TR142562,ART88792008
TR254828,ART02733420
TR736252,ART02733420
TR736252,ART25707984
TR359110,ART02733420
TR359110,ART19729064
TR359110,ART07024718
TR459678,ART02733420
TR459678,ART57730937
TR386298,ART02733420
TR247676,ART02733420
TR565029,ART02733420
TR628493,ART02733420
TR405136,ART02733420
TR106809,ART02733420
TR752700,ART02733420
TR409661,ART02733420
TR807264,ART02733420
TR706785,ART02733420
TR980893,ART02733420
TR778654,ART02733420
TR633926,ART02733420
TR180959,ART02733420
TR702441,ART02733420
TR479545,ART02733420
TR153241,ART02733420
TR216791,ART02733420
TR600568,ART02733420
TR447628,ART02733420
TR458543,ART02733420
TR434449,ART02733420
TR826351,ART02733420
TR529809,ART02733420
TR280904,ART02733420
TR552777,ART02733420
