AlbumID_Original,AlbumName,AlbumType,AlbumReleaseDate
ALB115557,FOREVER AND EVER,album,2021-04-09
ALB730959,OKAY OKAY 2,single,2025-05-16
ALB436151,FOREVER,album,2020-05-28
ALB672657,MADE IN ITALY,single,2023-02-09
ALB632366,POLKA 3,single,2022-06-02
ALB485122,Facciamolo,single,2019-06-07
ALB898686,BV3,album,2020-10-02
ALB639623,Fatass,single,2019-09-20
ALB270182,OKAY OKAY !!,album,2019-03-08
ALB692479,#digitalcity,album,2022-05-05
ALB272551,ALIENO,single,2020-01-17
ALB894810,BELLU GUAGLIONE,single,2023-05-18
ALB765476,I RAGAZZI STANNO BENE,album,2023-07-14
ALB931361,3SOME (feat. VillaBanks),single,2024-06-19
ALB538879,LA BELLAVITA,album,2025-03-28
ALB352571,non è normale,single,2022-11-03
ALB214026,COMINCIA TU (feat. Rosa Chemical),single,2022-02-05
ALB758409,BLACKOUT,single,2024-02-29
ALB141795,Cultura Italiana Pt.1,album,2024-05-31
ALB622240,Kournikova,single,2018-11-12
ALB190631,NoRd,album,2021-05-14
ALB991433,Dead Again,album,2007-03-13
ALB720191,Reversed Crash,album,2023-06-09
ALB132593,WE 2FLY,single,2024-08-02
ALB272993,The Execution Of All Things,album,2002-10-01
ALB271215,ShapeShifters,album,2008-06-17
ALB300834,Spaccio di Verità 1,single,2023-10-06
ALB262355,"TRASHBIN, Vol. 3",album,2020-07-23
ALB372767,Groupie,single,2018-12-11
ALB148515,KG0516,album,2021-03-26
ALB761176,Male O Bene,single,2019-05-24
ALB670345,"Red Bull 64 Bars, The Album",compilation,2021-05-27
ALB435554,Grizzly,single,2017-10-27
ALB645749,Morosita,single,2019-02-13
ALB869745,3nd,single,2018-02-14
ALB667746,Crisalide,album,2021-10-21
ALB805210,Vaniglia,single,2017-10-20
ALB872173,1 2 3,single,2024-05-10
ALB937261,TONICA,single,2019-10-02
ALB306927,444,single,2024-01-04
ALB602776,Chicas,single,2018-06-22
ALB225880,BANDA,single,2018-04-23
ALB293946,Fenty,single,2017-10-27
ALB701679,Introduction,album,2022-10-28
ALB989588,AIRBNB,single,2020-11-11
ALB106684,Roberta,single,2019-12-12
ALB563442,Cringe,single,2020-07-23
ALB844169,SUPERSEX (feat. Spender),single,2024-06-14
ALB302921,Regole,single,2022-06-23
ALB785547,family first,single,2021-08-19
ALB564654,Luga Pandemic,single,2023-01-01
ALB192625,Dentro di me,single,2024-02-23
ALB153532,Come Le Storie,single,2020-06-23
ALB983900,Intro,single,2021-08-19
ALB901542,X2VR,album,2023-11-17
ALB406845,Maracucho Bueno Muere Chiquito,album,2018-03-16
ALB864581,Black Panther The Album Music From And Inspired By,album,2018-02-09
ALB318872,La prima volta,single,2025-02-07
ALB974244,Mood Blu,single,2024-04-05
ALB462989,99 Visions,album,2023-12-05
ALB792793,Rolling Papers (feat. Tormento),single,2025-04-04
ALB969394,Motel Love,album,2024-06-21
ALB660715,in fieri,single,2022-12-12
ALB424885,Giù,album,2022-07-01
ALB283137,Sale,single,2025-04-04
ALB438257,VERA BADDIE,album,2024-06-27
ALB249800,Eclissi,album,2022-05-12
ALB163472,Limonare,single,2023-07-28
ALB873501,Electra Heart (Deluxe),album,2012-04-27
ALB602874,il filo rosso,single,2024-10-18
ALB218228,Before Wanderlust,album,2019-12-13
ALB472683,NoRd,album,2021-05-14
ALB563208,SANTANA MONEY GANG,album,2025-04-10
ALB677618,a me mi piace (feat. Manu Chao),single,2025-05-09
ALB105629,"Sogna, Ragazzo, Sogna",single,2024-03-06
ALB127934,Non so chi ha creato il mondo ma so che era innamorato,album,2024-02-16
ALB152467,bellissimissima <3,single,2023-05-12
ALB772523,Prima O Poi,single,2018-04-26
ALB870495,Non so chi ha creato il mondo ma so che era innamorato (Deluxe),album,2025-05-30
ALB306943,È FINITA LA PACE,album,2024-12-13
ALB291183,Santa Fe,single,2023-09-24
ALB663365,CI SARÒ,single,2021-09-24
ALB978644,Happy Birthday,single,2021-12-09
ALB537063,PARIGI,single,2022-03-04
ALB126052,Confusion,single,2024-10-16
ALB916862,PARIGI RMX,single,2022-03-25
ALB117763,Serenata (From ''Forever Out of My League''),single,2022-01-31
ALB805273,Le Cose In Comune,single,2023-02-24
ALB480572,You Make Me So Happy,single,2022-06-10
ALB295555,5 MINUTI,single,2022-11-28
ALB198162,2nd Exit,album,2016-09-13
ALB869694,NO MONEY,single,2019-06-19
ALB502301,SuperNOVA,album,2020-09-18
ALB596537,Cerco un posto,single,2022-10-07
ALB429433,Stelletella,single,2021-04-01
ALB167722,Sotto una pioggia di parole,album,2009-05-22
ALB355943,Viajo Sin Ver (Remix),single,2018-08-31
ALB914195,Jet Lag,single,2017-08-14
ALB282903,Papillon,single,2025-02-01
ALB571326,Messias,album,2016-02-05
ALB748916,ZÉPECK,album,2024-07-12
ALB600819,L'Alfabeto Degli Amanti,album,2006-02-28
ALB145377,Les plus belles polyphonies Corses (Les plus grandes polyphonies de Corses),album,2014-11-24
ALB913502,SIRIO,album,2022-04-07
ALB944970,Alfa Y Omega,album,2025-01-11
ALB520517,Demoni,single,2025-02-04
ALB530526,23 6451,album,2019-11-15
ALB430284,c@ra++ere s?ec!@le,album,2022-09-30
ALB778284,sFaCioLaTe miXTaPe,album,2024-07-26
ALB622409,CASA GOSPEL,album,2024-12-13
ALB925930,SE ME HACE EASY,single,2024-02-15
ALB273626,URAGANO DAMN,single,2023-12-15
ALB361886,Luga Pandemic,single,2023-01-01
ALB680880,Purpose,single,2020-09-17
ALB963932,L.A.,single,2014-11-29
ALB415032,Purple Thasup,single,2023-09-22
ALB338267,SANTANA MONEY GANG,album,2025-04-10
ALB644767,CON I MIEI OCCHI,album,2024-10-25
ALB137865,Arte,album,2019-09-11
ALB281440,Ordinary,single,2025-02-07
ALB958589,STRONZA SENTIMENTALE,single,2025-04-04
ALB585952,X2VR,album,2023-11-17
ALB627015,After Hours,album,2020-03-20
ALB601161,FEDE,album,2023-04-28
ALB383307,Milano Angels,album,2024-09-06
ALB109512,Gravity,single,2024-05-27
ALB775926,Magica Europa,single,2003-07-30
ALB451983,VERA BADDIE,album,2024-06-27
ALB266926,Summer Vacation 2025,compilation,2025-06-11
ALB919575,Lettera Q,album,2024-11-22
ALB801901,Madreperla,album,2023-01-13
ALB990792,LA BELLAVITA,album,2025-03-28
ALB237895,In the Ley Lines,album,2013
ALB994103,The Among Us Song,single,2022-11-24
ALB671161,Gucci rubate,single,2018-06-22
ALB263398,The Interview,single,2010-08-23
ALB426068,Swaggavamo a scuola thasup,single,2022-05-23
ALB790594,BV3,album,2020-10-02
ALB853458,Containers,album,2024-10-10
ALB185134,Gauč Storytelling,album,2019-05-24
ALB258707,Che Gusto C'è (feat. Tredici Pietro),single,2025-05-23
ALB774969,OBE,album,2021-06-17
ALB229837,Troppo tardi.,single,2023-11-21
ALB414031,HOTEL MONTANA,album,2023-09-01
ALB466753,Ma Xkè A Me?,single,2023-07-28
ALB194578,Sincer (feat. Lele Blade & Icy Subzero),single,2023-05-05
ALB397494,HOTEL MONTANA (Deluxe),album,2024-07-05
ALB820441,Marijuana (feat. Rhove),single,2024-06-21
ALB117488,AMBIZIONE,album,2022-05-27
ALB548890,LOCURA,album,2024-11-26
ALB915773,Re Mida,album,2019-03-01
ALB489720,LOCURA (Jam),album,2025-06-04
ALB535770,Zzala,album,2017-04-14
ALB554542,J,album,2020-07-16
ALB419515,Re Mida (Aurum),album,2019-10-03
ALB631306,LOCURA (Opera),album,2025-06-05
ALB261724,SIRIO,album,2022-04-07
ALB352630,Diablo,single,2017-10-20
ALB888447,"Red Bull 64 Bars, The Album",compilation,2021-05-27
ALB252889,1/6 - EP,single,2020-06-19
ALB566511,Lario (feat. Fabri Fibra) [RMX],single,2018-03-21
ALB296338,Re Mida (Piano Solo),album,2019-10-01
ALB703938,ZONDA,single,2023-03-30
ALB333986,SIRIO (Concertos),album,2022-12-15
ALB370639,Fuego,single,2017-02-13
ALB334525,Tu Me Quieres,single,2024-09-13
ALB866635,I.B.F.M.,single,2017-09-05
ALB490471,Santeria,album,2016-06-24
ALB437617,Wall Street Freestyle,single,2017-02-13
ALB510016,"Dal '700 al '900 napoletano, Vol. 1 (I edizione)",single,2017-09-27
ALB347757,"Real Talk Cypher, Vol. 1 (Mixed)",album,2019-09-06
ALB911461,Super Santos Freestyle,single,2017-02-13
ALB564069,BLOCCO 181 – ORIGINAL SOUNDTRACK,album,2022-05-27
ALB262695,RANCH,album,2025-05-09
ALB676759,Tarantelle,album,2019-05-03
ALB936272,Milano Angels,album,2024-09-06
ALB942498,Canzoni Al Piano (Primavera 2023) – Relax Con I Più Grandi Successi,album,2023-03-13
ALB802925,Wish You Were Here,album,1975-09-12
ALB943053,att.,album,2024-04-05
ALB842139,VERA BADDIE,album,2024-06-27
ALB928671,The North Wild Spirit,album,2024-06-01
ALB285340,"Verdi: Rigoletto (Callas, Di Stefano, Gobbi / La Scala) (1955)",album,1955
ALB294690,Tempo,album,2014-12-05
ALB720097,SANTANA MONEY GANG,album,2025-04-10
ALB814906,Rockstar,album,2018-01-19
ALB644125,Guitarra,single,2020-12-06
ALB337718,TRAPLINE,album,2019-05-10
ALB787167,O Futebol,album,2004-01-08
ALB943415,50 Greatest Tracks,album,2015-11-06
ALB538795,22 Freestyle,single,2017-08-06
ALB948195,DRIFT Series 1,album,2020-09-18
ALB498603,Musica per bambini,album,2018-06-01
ALB160135,BODR,album,2022-02-11
ALB184968,May Day,single,2013-06-10
ALB117880,Shake It To The Max (FLY) (Remix),single,2025-02-21
ALB457852,X2VR,album,2023-11-17
ALB615920,Long Lost Archives of Lazzayaiii Pt. 1,album,2020-11-07
ALB376343,Shenandoah National Park – Nature Music,compilation,2025-06-18
ALB933854,Lazzaro EP,single,2023-06-29
ALB187993,Il meglio di un concerto,album,2013-03-13
ALB198509,Revolverlution,album,2002-07-23
ALB855152,Cinematic Atmosphere,compilation,2021-07-30
ALB922407,The Mediterranean Gardener,album,2021-08-27
ALB914796,OGGI,single,2020-10-23
ALB571211,Deja Vu,album,2025-01-27
ALB925187,Mozart: Le Nozze di Figaro,album,2015-09-01
ALB413105,Gemini,single,2022-06-24
ALB250110,Complesso Carlo Esposito,single,2023-01-28
ALB242093,Hybrid Theory (Bonus Edition),album,2000-10-24
ALB843924,NOSTALGIA (export),album,2024-02-23
ALB199743,Silenced by you,single,2021-11-08
ALB337570,Come Close to Me,single,2019-11-08
ALB148079,African,single,2019-02-20
ALB994339,Max,album,2017-05-19
ALB595091,GEMINI,album,2019-06-14
ALB917245,MAXTAPE,album,2021-05-12
ALB643226,Entertainer,album,2018-05-25
ALB670161,Numero zero ep,single,2014-11-28
ALB117310,Hyper,single,2017-03-16
ALB665684,BRAVA GENTE,album,2023-06-02
ALB416004,Hyper 2,album,2018-04-27
ALB179008,Hyp3r,album,2019-02-08
ALB815648,N Mixtape,album,2016-02-22
ALB662242,PENKILLER,album,2025-05-23
ALB536082,DM,single,2020-04-29
ALB874120,BLOCCO 181 – ORIGINAL SOUNDTRACK,album,2022-05-27
ALB765725,100K,single,2015-01-27
ALB956054,BDM Mixtape Vol. 1,album,2024-04-19
ALB859571,BRAVA GENTE - EXTRA,album,2024-06-14
ALB262899,Tarantelle,album,2019-05-03
ALB153714,DNA,album,2020-11-13
ALB202593,B.U.F.,single,2022-06-30
ALB516115,Qualcosa di nuovo,album,2020-10-30
ALB700407,Mustafà,single,2016-08-30
ALB756602,Las Vegas Freestyle,single,2025-04-18
ALB759739,HIT ME HARD AND SOFT,album,2024-05-17
ALB317374,Cabaret: First Complete Recording [Complete Recording of the Score (Original Studio Cast)],album,1999-02-09
ALB536928,SANTANA MONEY GANG,album,2025-04-10
ALB706499,Kepler,album,2014-05-27
ALB924017,Handel: Agrippina,album,2011-10-04
ALB129779,Freestyle Élite,album,2022-06-24
ALB239925,After,single,2025-04-11
ALB849110,Monteverdi: L'incoronazione di Poppea (Live),album,2019-08-30
ALB562390,MBAPPÉ,single,2025-03-14
ALB587829,Lotus,album,2025-06-06
ALB376590,"Pizza Con Piña, El Musical",single,2017-10-06
ALB398869,Raggasonico,album,2010-10-12
ALB120501,Come un uragano (2022 Remaster),album,2006-06-28
ALB778602,Lei,single,2019-08-09
ALB721312,Prima di Partire,album,2004-01-01
ALB914882,Soul Food,album,2018-08-17
ALB888033,Dinamite (2022 Remaster),album,2008-04-15
ALB647803,420 Mix,compilation,2011-04-20
ALB330958,Glielo Leggi In Faccia,single,2020-08-15
ALB183034,SANTANA MONEY GANG,album,2025-04-10
ALB504032,La nuova era,album,2012-06-19
ALB307226,Vibrazioni Positive,album,2015-09-25
ALB383800,Hurry Up Tomorrow,album,2025-01-31
ALB735374,MP5 Riddim,compilation,2014-04-29
ALB348943,"La gatta (feat. Vacca, Primo, Ntò, Amir, Bassi Maestro & Mondo Marcio) [Remix]",single,2012-06-19
ALB947110,DE PUTA MADRE 3,single,2024-10-11
ALB816729,È LA (LOVE),single,2024-05-17
ALB904226,TEKKEN (feat. Simba La Rue),single,2024-02-23
ALB764398,WAO,single,2023-04-21
ALB599066,YAMAMAY,single,2023-02-09
ALB210695,È (BANGER),single,2024-04-19
ALB719294,BLA,single,2023-07-14
ALB730346,È LA VIBE (VIBE),single,2024-07-05
ALB961055,COLPA MIA,single,2025-01-24
ALB551780,SPOILER 2 (feat. 22simba),single,2025-03-07
ALB922762,PSYDUCK,single,2025-05-02
ALB483828,WARANZA,single,2024-01-25
ALB757429,FASHION,single,2023-11-10
ALB796631,Bahoa,single,2022-02-16
ALB423975,Sem Boné (Remix),single,2022-05-05
ALB739216,Wawa,single,2022-06-17
ALB897041,Alaska,single,2022-10-07
ALB199888,Trust No One,single,2021-12-15
ALB432119,My Baby,single,2022-04-08
ALB727128,LA BELLAVITA,album,2025-03-28
ALB146392,Gentleman,album,2017-06-30
ALB584257,Mr. Fini,album,2020-11-26
ALB304633,Bravo Ragazzo (Royal Edition),album,2013-01-01
ALB203162,Fastlife 4,album,2021-04-08
ALB941990,Vero,album,2015-06-23
ALB855043,Madreperla,album,2023-01-13
ALB461219,Sinatra,album,2018-11-29
ALB845908,Il Ragazzo D'Oro,album,2011-01-01
ALB450575,GVESVS,album,2021-12-10
ALB665256,Vero +,album,2015-11-27
ALB601969,Gentleman (The Complete Playlist),album,2017-09-22
ALB952594,Tropico Del Capricorno,album,2025-01-10
ALB410620,Gelida Estate EP,single,2019-06-21
ALB517699,"Red Bull 64 Bars, The Album",compilation,2021-05-27
ALB370472,KG,album,2025-05-29
ALB859806,BLOCCO 181 – ORIGINAL SOUNDTRACK,album,2022-05-27
ALB277511,Santeria,album,2016-06-24
ALB295861,SARAGO (Red Bull 64 Bars),single,2024-09-13
ALB782841,Mattoni,album,2019-09-12
ALB384759,Lungomare Latino (feat. Willy William),single,2018-06-01
ALB393056,Come Se Fosse Normale,single,2018-04-06
ALB427868,Guersace (RMX) feat. Enzo Dong,single,2018-02-16
ALB172573,Kepler,album,2014-05-27
ALB102481,"Hashishinz Sound, Vol. 1",single,2014-11-24
ALB594281,Il Ragazzo D'Oro - 10 Anni Dopo,album,2021-03-25
ALB199337,Bravo Ragazzo Live,album,2014-01-01
ALB352318,Vero (Royal Edition),album,2015-11-27
ALB952125,La città del sole 2 (Il peggio di Cagliari),album,2012-12-01
ALB196546,"The Newkingztape, Vol. 1",album,2017-11-17
ALB940200,Lamborghini (German RMX) feat. Kurdo & Majoe,single,2017-12-15
ALB385130,Hashishinz Sound Vol.1,single,2008-02-11
ALB723430,THE BIGGEST SBLAO,album,2024-09-12
ALB322830,Dinamite (2022 Remaster),album,2008-04-15
ALB963419,Who's Next Hip Hop Underground 2014,compilation,2015-02-17
ALB799894,HELL NAHH,single,2025-06-05
ALB775951,Day Of The Dog,album,2006-03-04
ALB785534,Vasco Rossi,single,2017-12-15
ALB763314,En el Foco,single,2021-10-28
ALB170680,Dogo Gang Presenta: Benvenuti Nella Giungla,compilation,2008-03-28
ALB751770,Lamborghini (Swiss RMX) feat. Pronto,single,2018-02-23
ALB800065,Milano Spara,album,2007-11-02
ALB952567,"Solo lei ha quel che voglio 2021 (feat. Tiziano Ferro, Guè & Marracash)",single,2021-05-27
ALB383574,Urania Deluxe: Atto Finale,album,2021-10-29
ALB591476,DJUNGLE,album,2021-05-07
ALB553491,Dogocrazia,album,2009-01-01
ALB491001,Thori & Rocce,album,2011-01-01
ALB543557,Marracash,album,2008-01-01
ALB604285,L'ultimo disco (Parte 1),album,2022-10-21
ALB834199,Col Sangue,album,2016-09-23
ALB255449,In mezzo al traffico,compilation,2024-05-09
ALB507658,Hagakure,compilation,2008-08-18
ALB370694,"Rap Roba Fresh, Vol. 1",single,2010-04-13
ALB767259,TUTTA VITA,album,2024-10-25
ALB764320,Sogni d'oro,album,2017-02-17
ALB561034,V.Ita,album,2009-10-10
ALB184946,La bella Italia,album,2008-04-30
ALB242157,Andiamo A Comandare,single,2016-03-18
ALB357200,Immobile,single,2010
ALB307080,Guilty,album,2010-01-01
ALB830396,Original Flavour,album,2013-06-03
ALB189247,Siamesi Brothers,album,2006-01-01
ALB914307,Tagli,album,2021-01-21
ALB446732,60 Hz,album,2004-01-07
ALB372944,Champagne e spine,album,2010
ALB107568,Verano Zombie,album,2007-01-01
ALB959786,Hype,album,2009-06-22
ALB863550,La mia città VOL.1,single,2010-01-01
ALB378203,Escape (2022 Remaster),album,1981-07-17
ALB957463,Supercalifragilistichespiralidoso,single,2023-06-09
ALB666591,Il mago,single,2017-12-08
ALB775590,Michel,album,2017-05-24
ALB957899,AMEMÌ (New Edit),single,2018-05-11
ALB275787,Miguel,album,2020-11-06
ALB123095,Erbavoglio,single,2012-01-01
ALB809676,Doner Bombers Compilation - Vol. 3,compilation,2015-04-08
ALB736984,M,single,2014-03-05
ALB892021,AH,single,2023-03-17
ALB509851,Beats From The Lido,compilation,2018-08-17
ALB171163,Karate,single,2023-06-09
ALB352099,Dinamite,single,2023-10-27
ALB327559,Paura,single,2023-07-07
ALB503511,Sparirò,single,2023-04-07
ALB704297,Mon Ami•e,single,2023-09-08
ALB338498,Mandibola,single,2023-05-12
ALB881975,Macho,single,2023-12-01
ALB655628,Lararì,single,2024-02-23
ALB836231,Brucia,single,2023-08-04
ALB990476,Lev 26:6-8,single,2024-08-16
ALB408671,Attimo,single,2024-04-19
ALB595597,Banana,single,2024-06-14
ALB983695,Sir Cavalier,single,2024-10-25
ALB158770,Tutti Frutty,single,2018-10-24
ALB826825,rosa naturale (feat. Emis Killa),single,2020-01-10
ALB923376,MAMA,single,2019-08-30
ALB623485,"Ti amo, ti odio (feat. Guè & Mecna)",single,2021-05-11
ALB568456,What U Do to Me,single,2016-12-09
ALB309581,00:23,single,2020-10-06
ALB691040,Drink,single,2018-04-13
ALB636779,Body Adi,single,2017-06-09
ALB575673,7 giorni,single,2020-11-11
ALB177656,Caffè e Lacrime,single,2023-07-20
ALB723936,SENTIMENTAL SEASON,single,2021-12-03
ALB709852,Nella tana del mostro,single,2023-03-09
ALB481755,Melancholia,single,2023-05-26
ALB234424,20,album,2018-04-20
ALB732057,Allenamento #2,single,2017-03-13
ALB811178,Nisida,single,2016-09-13
ALB135067,Allenamento #3,single,2017-03-13
ALB481426,PLAZA,album,2021-01-22
ALB525402,Allenamento #1,single,2017-03-13
ALB742585,20 (Deluxe Edition),album,2018-11-30
ALB558800,Non si ferma,single,2016-11-24
ALB573950,Going Hard 3,album,2024-12-06
ALB917359,FERITE,album,2024-05-03
ALB269919,So cosa fare,single,2019-06-20
ALB333554,Mattoni,album,2019-09-12
ALB968231,Lo Mejor De...,compilation,2015-01-27
ALB360205,Sto giù,single,2013-02-26
ALB530712,FERITE (Deluxe Edition),album,2024-11-15
ALB652187,Daccapo,album,2013-10-29
ALB962249,Slime Language 2 (Deluxe),album,2021-04-16
ALB642065,Hustle Mixtape,album,2022-06-03
ALB882800,LA BELLAVITA,album,2025-03-28
ALB963203,Sulamente nuje,album,2016-06-10
ALB687092,Ho Fatto Strada,single,2019-11-22
ALB217409,"Players Club '23 (Knights of the Posse) (feat. Nerissima Serpe, Artie 5ive, Tony Boy, Papa V, Low Red, Digital Astro & Kid Yugi)",single,2023-04-20
ALB265223,PLAZA (Deluxe Edition),album,2021-06-18
ALB268624,Non Basta Mai (feat. Bresh & Tony Effe),single,2025-06-13
ALB116622,Freddy Krueger Freestyle,single,2023-09-29
ALB169428,Giro con i miei (Prod. Mazh),single,2014-02-14
ALB565861,Tutti i giorni,single,2014-05-22
ALB811166,Nove Chiamate,album,2023-01-13
ALB726753,"Bad Boy (feat. Shiva, Capo Plaza)",single,2024-07-19
ALB945924,EDEN,album,2022-08-04
ALB263634,Quisqueyano 4,single,2018-05-24
ALB799480,TUTTA VITA,album,2024-10-25
ALB497081,ZEIT UND GELD,single,2021-03-09
ALB909560,Milano,single,2024-10-11
ALB594711,Scialla Semper,album,2019-04-12
ALB878293,SOLO TUTTO,album,2021-03-26
ALB409177,Scialla Semper (Emodrill Repack),album,2019-09-27
ALB624299,Le cose cambiano,album,2023-12-01
ALB955952,Madreperla,album,2023-01-13
ALB784828,Criminali (feat. Crookers & Nic Sarno),single,2019-10-22
ALB703373,Tutti i Nomi del Diavolo,album,2024-11-01
ALB809652,Sarabamba (feat. Guè),single,2022-07-22
ALB787090,Ivan Zucco (Red Bull 64 Bars),single,2024-09-06
ALB841240,Le cose cambiano (Deluxe),album,2024-11-29
ALB860617,Deriva,album,2025-05-16
ALB770914,Due lettere dopo,album,2025-03-28
ALB913654,Straniero RMX (feat. Tedua & Neima Ezza),single,2024-04-26
ALB396661,S.Q.Q.,single,2021-12-28
ALB968854,Red Bull Paga (Red Bull 64 Bars),single,2024-06-28
ALB436496,Full Calisthenics,single,2024-05-02
ALB445185,MACHETE MIXTAPE 4,album,2019-07-05
ALB879841,Yolandi,single,2022-05-20
ALB381573,Eres mía (Remix),single,2016-06-03
ALB515407,Santeria (Voodoo Edition),album,2016-12-02
ALB360526,Allindennoman (alter ego),album,2021-10-15
ALB733974,Rockstar,album,2018-01-19
ALB498544,Benjamin,album,2019-06-03
ALB765227,SANTANA MONEY GANG,album,2025-04-10
ALB840783,WE THE SQUAD Vol. 1 (SUMMER EDITION),album,2022-07-22
ALB287928,Le pagine della nostra vita,single,2019-10-11
ALB732032,Non so chi ha creato il mondo ma so che era innamorato (Deluxe),album,2025-05-30
ALB117422,Santana Season,album,2023-06-09
ALB913462,King del trash,single,2018-09-21
ALB808720,Botox,album,2022-10-04
ALB996150,OPS!,single,2018-09-25
ALB498675,TUTTA VITA,album,2024-10-25
ALB780722,Storia della RAPubblica,single,2022-04-22
ALB299947,African,single,2019-02-20
ALB300719,Piano B,album,2020-01-10
ALB249230,Killer,single,2018-12-21
ALB898042,Raptus 3,album,2019-03-15
ALB444608,Sfera Ebbasta,album,2016-09-09
ALB684721,a me mi piace (feat. Manu Chao),single,2025-05-09
ALB153551,"Gira, il mondo gira",album,2023-02-10
ALB668276,Last Chair Violinist,album,2008-11-11
ALB201525,Alice,album,2021-04-09
ALB581203,SKIFIDOL BIMBO (RMX),single,2024-03-22
ALB400520,fuorilegge,single,2025-02-12
ALB798674,Non so chi ha creato il mondo ma so che era innamorato,album,2024-02-16
ALB464908,Respirare,single,2020-05-08
ALB368612,New Boots and Panties!!,album,1977-09-30
ALB105429,Nella fossa,single,2014-04-03
ALB572442,Silent Hill,single,2021-06-11
ALB156429,Ma Vaffanculo,single,2020-07-17
ALB532696,Miele,single,2022-11-04
ALB867288,Parlerò di te (Unplugged),single,2020-03-27
ALB314143,Dur Daha Yeni Başladık,album,2011-08-30
ALB914777,Galassie,album,2024-01-12
ALB418896,SARAH,single,2025-02-21
ALB246929,Ti ho sognata tutta la notte,single,2021-07-28
ALB515000,Simona,single,2022-07-01
ALB699649,Je T’Amo Ancora,single,2024-04-03
ALB366179,Dove c'è l'arcobaleno,album,2024-09-13
ALB882588,Wojtape,album,2013-04-15
ALB976154,INDI,album,2025-01-24
ALB908671,Sumeria,album,2012-10-15
ALB340438,TUTA GOLD,single,2024-02-07
ALB669822,Gioventù Bruciata,album,2019-02-22
ALB571007,Barrio,single,2019-08-30
ALB916509,Brividi,single,2022-02-02
ALB535807,Ghettolimpo,album,2021-06-10
ALB970322,Moonlight Popolare (feat. Massimo Pericolo),single,2020-05-14
ALB762828,Inuyasha,single,2021-02-02
ALB140195,NEI LETTI DEGLI ALTRI,album,2024-03-07
ALB979271,COCKTAIL D'AMORE,single,2023-11-02
ALB794618,SOTTOMARINI,single,2025-02-20
ALB235878,Dove Volano Le Aquile,album,2022-04-01
ALB537891,Dimentica,single,2016-01-22
ALB988613,Pesos,single,2017-07-14
ALB789645,La Sirenetta (Colonna Sonora Originale),album,2023-05-19
ALB685713,Redemption Song,single,2020-04-07
ALB426686,Note Di Viaggio - Capitolo 2: Non Vi Succederà Niente,compilation,2020-10-09
ALB877627,El Chema V2 (Trafico De Humanos),single,2021-03-06
ALB921657,V,album,2021-09-16
ALB394662,Rapide (Acoustic),single,2020-04-12
ALB853956,RE.,album,2022-06-15
ALB242768,7 vizi Capitale,single,2017-10-06
ALB735302,Comunque vada sarà un successo (Nuova Edizione '99),album,1999-01-01
ALB676289,Suburra (final season) (Original soundtrack),album,2020-10-30
ALB643051,La grande onda,album,2002-06-20
ALB678525,Odio Gli Indifferenti,album,2012-04-10
ALB354874,Multi Culti,album,2007-01-26
ALB802119,Interno 7,album,2018-09-28
ALB960268,Incompatibile 2 (Grande Prova!),album,2004
ALB646383,Democrazia del microfono,album,2000
ALB257981,La forza che scorre,single,2016-12-02
ALB996374,'na notte infame,album,2024-03-01
ALB626867,Il mio lato peggiore,album,2025-05-16
ALB861574,La scuola romana (Original Motion Picture Soundtrack),album,2025-04-04
ALB933289,Nemici,album,2015-04-14
ALB568935,La valigia (Remix),single,1998
ALB121135,Euro contanti,single,2001
ALB681595,Tommaso,album,2004
ALB138915,"Tutto mio (Dal Musical ""Spray Street"")",single,2021-09-28
ALB205873,Fumo bianco,single,2018-06-08
ALB642698,Bitch 2.0,single,2018-07-20
ALB982260,Dale,single,2018-04-20
ALB349074,Sister (Pastiglie),single,2018-10-05
ALB751818,3G (feat. Jake La Furia),single,2018-12-12
ALB252700,Bella così (feat. Federica Carta),single,2020-05-22
ALB973255,Avere 20 anni,single,2019-01-11
ALB463707,Mangiauomini,single,2019-10-04
ALB764293,Coca Cola,single,2019-06-21
ALB129409,Nel Prime,single,2025-05-16
ALB231009,La voce di Chadia,single,2020-01-31
ALB145781,Bitch 3.0,single,2022-12-23
ALB154402,Le regole della bitch,single,2024-04-19
ALB936462,Donne che odiano le donne,single,2021-02-05
ALB969563,Non mi uccidere - feat. Alice Pagani,single,2021-04-16
ALB812446,Criminale,single,2023-03-31
ALB136775,Figli del deserto,single,2023-12-15
ALB889420,Tutt* stran*,single,2021-12-10
ALB732851,Griselda,single,2025-04-04
ALB164195,RESPETO,album,2014-12-02
ALB822174,Bondage - la gola,single,2024-01-26
ALB831904,Filo spinato - la superbia,single,2024-03-08
ALB887316,Sugar Daddy,single,2024-07-12
ALB229268,High Class,single,2020-02-14
ALB638238,Osama 2,album,2024-09-27
ALB126183,Vulcano,album,2017-03-24
ALB374807,Tarantelle,album,2019-05-03
ALB254218,SANTANA MONEY GANG,album,2025-04-10
ALB535171,Non E' Gratis,album,2012-01-01
ALB190896,Come Fa?,single,2019-12-03
ALB582596,Miracolo!,album,2015-04-28
ALB896931,Guardando la luna (Napoli RMX),single,2023-05-11
ALB516134,Miracolo! (Ultimo Round),album,2016-02-19
ALB228405,Mea Culpa (Gold Edition),album,2014-01-01
ALB192916,I.E.N.A.,album,2011-12-19
ALB287217,Black Pulcinella,album,2022-04-29
ALB479354,Cattivi guagliuni,album,2011-11-03
ALB670121,Napoli Manicomio,album,2006-08-09
ALB392642,Partenope,single,2020-12-21
ALB891174,Figli E Figliastri,album,2014-04-15
ALB189091,Gioco sporco,album,2019-11-20
ALB984225,Sorridi e vuoi fumare,single,2025-03-28
ALB140099,Señorita,single,2021-05-21
ALB374316,2/7 - EP,single,2020-06-12
ALB814504,Rido,single,2018-04-10
ALB341393,L'uomo che viaggiava nel vento (E altri racconti di brezze e correnti),album,2016-10-14
ALB473112,MBAPPÉ,single,2025-03-14
ALB574306,Ella Quiere Beber (Remix),single,2018-11-02
ALB587475,Forró no Varandão,album,2021-07-23
ALB522187,Santana Season,album,2023-06-09
ALB166797,#Uagliò,album,2017-06-16
ALB803806,Banditi,album,2016-09-30
ALB902683,Vile Denaro,album,2007-01-01
ALB767515,Club Dogo,album,2024-01-12
ALB119641,MI Fist (2004 Remaster),album,2003-01-03
ALB301644,Che Bello Essere Noi,album,2010-01-01
ALB117503,Non Siamo Più Quelli Di Mi Fist,album,2014-01-01
ALB661281,Dogocrazia,album,2009-01-01
ALB966701,Noi Siamo Il Club (Reloaded Edition),album,2012-01-01
ALB671458,Penna Capitale,album,2006-03-15
ALB865360,60 Hz,album,2004-01-07
ALB507661,Everyday Ting,single,2018-06-10
ALB390480,Vile Denaro 10th Anniversary,album,2007-05-17
ALB858326,SANTANA MONEY GANG,album,2025-04-10
ALB575497,MI Fist,album,2004-04-23
ALB874125,"Street Collection, Vol. 2 (2008 Remastered)",compilation,2019-10-25
ALB624300,La calda notte,album,2005-08-06
ALB269553,"Vita Vera - Mixtape, aspettando la Divina Commedia",album,2020-06-12
ALB159913,Ciao Fibra,single,2007-07-27
ALB861302,Guersace (RMX) feat. Enzo Dong,single,2018-02-16
ALB759267,Il Cd Della Pina,album,1995
ALB130131,Piovono Angeli,album,1998-01-01
ALB576008,Cora,album,2000-01-01
ALB168575,Questa Fly,album,2007-01-01
ALB245286,The Royalty,album,2008-09-09
ALB461916,Tribulation,single,2023-01-17
ALB899501,Cocco,single,2019-03-03
ALB252866,Buio,single,2020-02-21
ALB392969,In The Jungle,single,2019-08-02
ALB589536,Fenomeno,album,2017-04-07
ALB692677,Mr. Simpatia,album,2004-09-01
ALB659615,Controcultura,album,2010-01-01
ALB983527,Squallor,album,2015-04-07
ALB504788,Caos,album,2022-03-18
ALB870812,Niente Di Personale,single,2014-03-26
ALB340607,Il Tempo Vola 2002-2020,compilation,2019-10-24
ALB777026,Ciao Fibra,single,2007-07-27
ALB555351,Turbe Giovanili (20° Anniversario / Versione Originale),album,2002-02-10
ALB694405,Guerra E Pace,album,2013-01-01
ALB682365,Tradimento (Platinum Edition),album,2006-12-01
ALB335096,Turbe Giovanili,album,2002
ALB414116,CVDM,single,2017-11-13
ALB702680,Bugiardo,album,2007
ALB322280,Gemelli,album,2020-06-18
ALB349340,In Italia 2024 (feat. Emma & Baby Gang),single,2024-02-23
ALB173127,Lo Sto Facendo,single,2016-09-06
ALB154184,Tradimento 10 Anni - Reloaded,album,2016-06-10
ALB473096,Nella fossa,single,2014-04-03
ALB601074,Pizzicato,album,2017-05-05
ALB998682,Chi Vuole Essere Fabri Fibra ?,album,2009-04-10
ALB253606,Che Gusto C'è (feat. Tredici Pietro),single,2025-05-23
ALB585233,Casus Belli,album,2013-02-05
ALB605480,Faccio Quello Che Voglio,album,2007-01-01
ALB299343,Controcultura (Bonus Track Version),album,2010-09-07
ALB954689,Fenomeno (Masterchef EP),single,2017-11-17
ALB658240,Tarantelle,album,2019-05-03
ALB108306,Hip Hop (Remix),single,2018-05-01
ALB758817,Adorazione (Colonna sonora della serie Netflix),album,2024-11-22
ALB543270,STREET ABBRONZATISSIMA Urban Hits Estive Rap Italiano Game Over,compilation,2024-10-25
ALB269949,Stupidi (feat. Papa V & Nerissima Serpe),single,2025-06-13
ALB398536,Zelensky (Red Bull 64 Bars),single,2025-05-13
ALB554982,SCAPPA,single,2008-06-16
ALB504051,Lettera Q,album,2024-11-22
ALB968070,16 Punti Di Sutura,album,2005-01-01
ALB682065,Il mio lato peggiore,album,2025-05-16
ALB258447,...In teoria,album,2001-03-02
ALB900415,L'Italiano Balla,single,2012-07-01
ALB829014,Non Dormire,album,2005-01-01
ALB335128,Hip Hop Street Party Vol. 2,compilation,2009-01-01
ALB821645,Supereroi,album,2017-02-17
ALB851184,SANTANA MONEY GANG,album,2025-04-10
ALB874883,Libertà,album,2019-08-30
ALB497603,SignorHunt,album,2015-10-23
ALB268402,O' mare 'e o' sole,single,2011-12-17
ALB166471,Kevvuo',single,2017-04-28
ALB313199,Poeta Urbano,album,2013-06-25
ALB708406,Inferno 9,album,2016-06-10
ALB207752,Rivoluzione,album,2021-11-05
ALB639118,'A verità,album,2014-03-24
ALB644511,Cuore Rotto (feat. Gemitaiz),single,2019-03-29
ALB213850,Invece no,single,2017-11-21
ALB247267,A Un Passo Dalla Luna,single,2020-07-03
ALB208512,bellodrama,album,2023-03-24
ALB375537,Niente da bere,single,2017-06-09
ALB625733,Tutte'e parole,single,2018-11-23
ALB244718,'A verità 2.0,album,2014-11-04
ALB431546,Fammi scendere,single,2018-09-21
ALB285580,Un bacio all'improvviso,single,2021-06-04
ALB283848,Arrivano i prof (Original Soundtrack),single,2018-04-20
ALB579476,SPIRAGLIO DI PERIFERIA (RELOADED),album,2024-11-29
ALB800856,SignorHunt - Wake Up Edition,album,2016-03-04
ALB275164,RAGAZZO DI GIÙ,album,2025-04-25
ALB962142,MILLE VOTE ANCORA,single,2025-02-12
ALB401713,Non litighiamo più,single,2023-03-31
ALB271541,Pe' vula' nata vota,single,2023-03-29
ALB910372,PUSH!,single,2024-07-26
ALB814088,Un beso de improviso,single,2021-06-18
ALB139551,Musica Italiana,single,2024-04-05
ALB963729,A' vita senz' e te (Me fa paura),single,2022-11-04
ALB159261,Nu juorno buono,single,2014-02-17
ALB285874,Solo quiero dedicarte,single,2022-04-08
ALB483606,Burning Sands,single,2025-01-17
ALB891396,Caramelo,single,2022-07-29
ALB360424,Ciao Fibra,single,2007-07-27
ALB265582,1THOUSAND,single,2025-05-30
ALB543755,Farsi del male,single,2025-05-23
ALB902083,Parole,album,2004-01-01
ALB582044,M-theory,album,2014-04-22
ALB933779,Realtà aumentata,album,2016-11-04
ALB102546,Anni senza fine,album,2008-07-29
ALB544120,Struggle Music,album,2013-12-02
ALB843175,Sacrosanto,album,2023-05-26
ALB458363,La scatola nera,album,2012-02-22
ALB711897,L'universo non esiste,album,2019-04-12
ALB716232,Dentro La Mia Mente,album,2022-12-02
ALB181744,Traccia Uno,single,2020-02-14
ALB208414,Demon Days,album,2005-05-23
ALB806261,Revolution Is Only Solution,album,2013-01-28
ALB554358,Containers,album,2024-10-10
ALB188707,VERTEBRE,single,2024-11-19
ALB448145,Se resteremo uguali,single,2025-03-28
ALB730179,LA BELLAVITA,album,2025-03-28
ALB945212,FACILE,album,2022-02-14
ALB720584,House Party,album,2022-11-03
ALB274510,Idee Chiare,single,2022-06-03
ALB462587,Fabiano detto Inoki,album,2005-10-19
ALB888172,MEDIOEGO,album,2021-01-15
ALB809909,"The Newkingztape, Vol. 1",album,2017-11-17
ALB454906,The Jazzness,album,2025-05-16
ALB711900,Nobiltà di strada,album,2007-02-16
ALB613345,NUOVO MEDIOEGO,album,2021-11-12
ALB828839,CAZZOMINOMINI,single,2023-07-06
ALB594195,4 MANI,album,2022-11-25
ALB868326,DE PUTA MADRE 3,single,2024-10-11
ALB931715,Basso profilo: The Mixtape,album,2016-12-25
ALB771897,Flusso di coscienza,album,2017-11-30
ALB230346,5° Dan,album,2017-11-01
ALB710557,L'antidoto,album,2014-02-05
ALB799896,SANTANA MONEY GANG,album,2025-04-10
ALB839947,"Balla Con Noi - Balli Di Gruppo, Vol. 1",album,2006-07-11
ALB281217,Freestyle Élite,album,2022-06-24
ALB193873,Cronache Di Resistenza,album,2017-01-01
ALB536988,MAGICAL 大橋純子の世界 III,album,1984-07-01
ALB832787,Immaginario,single,2019-09-27
ALB541461,La Pace È La Risposta,single,2024-02-16
ALB830814,Mr. Fini,album,2020-11-26
ALB724054,60 Hz,album,2004-01-07
ALB796867,Emanuel,album,2025-04-20
ALB473208,"MALAVITA, Pt. 2 / HeadShot, Vol. 3",single,2024-06-07
ALB577214,Educazione sabauda,album,2016-01-08
ALB817346,"Aquí No Pasa Nada (feat. King Dest, Favelas J Flus)",single,2018
ALB386117,Ferro del mestiere,album,2022-06-17
ALB691411,Leggenda da Bar,single,2023-12-15
ALB546427,Vinyl Days,album,2022-06-17
ALB122610,Cliente su Cliente,album,2007-11-27
ALB711197,Gioventù Bruciata,album,2019-02-22
ALB896239,Weekend 2017,single,2017-05-26
ALB158157,Rock On,album,2025-03-21
ALB735358,Tropico Del Capricorno,album,2025-01-10
ALB177259,Stallone,album,2023-03-08
ALB977483,XDVR Reloaded,album,2015-11-23
ALB141829,Profondo rosso,album,2011-03-08
ALB296013,Hermes Sound-Effect Ringt1 & Alert Collection Vol.1,album,2015-09-15
ALB894247,Rap Game: Aggressiva,single,2019-11-28
ALB896863,SANTANA MONEY GANG,album,2025-04-10
ALB108502,Dom Reality Sessions 2,single,2024-04-19
ALB949051,L'Amore non è un Hobby,single,2021-10-22
ALB959349,Na vot e pe semp,album,2011-09-02
ALB960668,Live in the Al Mukawama Experiment 3,album,2007-06-19
ALB794349,El Party,single,2017-06-08
ALB924881,17,album,2020-09-18
ALB383783,Club Dogo,album,2024-01-12
ALB881772,FAME,album,2025-01-31
ALB301029,Fuori Da Qui,album,2016-04-22
ALB145179,Musica Commerciale,album,2013-01-01
ALB344729,Ferro del mestiere,album,2022-06-17
ALB673408,Bandita,single,2018-06-29
ALB477977,Entertainer,album,2018-05-25
ALB113573,MMMH,single,2018-02-23
ALB410201,6 del mattino (feat. Brancar),single,2019-06-28
ALB191893,Non sentiamoci più,single,2018-11-16
ALB661128,L'ultimo tango,album,2015-09-01
ALB562883,Guilty,album,2010-01-01
ALB887795,Ubbidirò,single,2011-05-03
ALB533055,MI Fist (2004 Remaster),album,2003-01-03
ALB673880,L'ora d'aria,album,2008-01-11
ALB306155,Heist of The Century,album,1998-11-17
ALB566325,Oh My Doll - EP,single,2017-10-19
ALB952383,Que Pasa,single,2018-04-10
ALB562552,Orologi (prod. Strage e Lazza),single,2020-03-11
ALB282777,Sulle Nuvole (prod. Low Kidd & Young Miles),single,2020-01-16
ALB699656,Struggle,album,2016-01-29
ALB682816,187,single,2018-01-16
ALB181771,Molly (prod. Strage),single,2020-04-08
ALB954817,Le Mie Ultime Parole (feat. Doll Kill),single,2025-04-25
ALB585235,Grand Notorious,single,2018-05-30
ALB470318,Amore Odio,single,2022-10-28
ALB843701,The Million Dollar Backpack,album,2008-07-22
ALB798387,100 Giga,single,2024-11-15
ALB566514,Opaca,single,2025-04-11
ALB933729,G,single,2025-05-30
ALB843572,Nena - A COLORS SHOW,single,2020-09-10
ALB263083,Barrio,single,2019-12-06
ALB766593,Love Is Not Hard To Find (from the Amazon Original Movie Hotel Transylvania: Transformania),single,2022-01-14
ALB927529,Mascarade (feat. Lous and The Yakuza),single,2022-01-28
ALB641402,KI-KI,single,2022-05-06
ALB629204,Se Acabó (feat. Mozart La Para),single,2021-02-05
ALB283820,YOU (feat. Damian Marley),single,2021-08-06
ALB460955,Instinto,single,2021-11-19
ALB462964,Herrera,single,2023-02-10
ALB993609,El Diablo,single,2020-10-30
ALB222412,YA,single,2021-05-28
ALB199673,La Puerta,single,2023-05-19
ALB847364,Memory,album,2018-05-18
ALB978792,62 Bars,single,2020-11-16
ALB135524,GARA 7,album,2023-06-16
ALB430461,Fantastica illusione,album,2014-03-18
ALB357044,Orgoglio,album,2012-09-28
ALB887756,Music City Murder Ballad,single,2022-10-31
ALB871328,L.U.N.A.,album,2015-03-24
ALB413487,Lasciateci la fantasia,album,2017-04-21
ALB511573,Vado Via,single,2024-07-10
ALB489164,TUTTA VITA,album,2024-10-25
ALB899427,Salvatore Vive,album,2022-10-27
ALB689692,DRAFT,album,2023-09-15
ALB617075,Intercontinental,album,2025-02-21
ALB622883,Zero Kills,album,2014-11-11
ALB766487,Hellvisback,album,2016-02-05
ALB226622,Napoli Manicomio,album,2006-08-09
ALB270720,Cmonnn (Hit It One Time)(feat. Lay Bankz),single,2022-03-11
ALB977628,Inflammable Material,album,1979
ALB967733,The Island Chainsaw Massacre,album,2011-02-01
ALB572486,RADIO SAKURA,album,2024-03-08
ALB931878,Radio Gotham,album,2023-01-20
ALB598624,fuorilegge,single,2025-02-12
ALB815963,radio vega,album,2025-03-14
ALB258459,Villain,single,2022-04-14
ALB371917,Geisha,single,2016-10-14
ALB258498,GANGSTA LOVE,single,2021-11-12
ALB116430,GOODBYE,single,2020-07-24
ALB993009,Il Diavolo Piange,single,2020-05-01
ALB199982,Tropico Del Capricorno,album,2025-01-10
ALB564628,COMO UN TRUENO,single,2024-08-30
ALB993353,Kitty Kitty,single,2017-04-07
ALB599272,Get the Fuck Out of My Pool,single,2016-07-22
ALB417556,Don't Call the Po-Po,single,2017-07-28
ALB896049,Bundy,single,2020-04-21
ALB762789,Blade of the Ronin (Deluxe Edition),album,2015-03-03
ALB933530,victoria's secret (feat. Tony Effe),single,2025-05-30
ALB265238,SWOOP!,single,2019-07-26
ALB705791,Sneakers,single,2019-11-27
ALB224668,That's What I'm Talking About,single,2011-01-18
ALB481792,Jack Di Fiori,album,2022-05-13
ALB550579,SCUSATE IL RITARDO,album,2024-09-11
ALB704558,GIOVANE RONDO,album,2020-10-16
ALB833546,Reanimation,album,2002
ALB178887,MOVIE (feat. Central Cee),single,2021-02-26
ALB827396,DUBAI,single,2021-04-23
ALB826062,SHAWTY (feat. Sacky),single,2021-09-16
ALB321368,Boyka,single,2022-11-25
ALB817689,STURDY,single,2022-04-29
ALB815589,BIRKIN (feat. Rondodasosa),single,2022-03-25
ALB861562,CHINGA (feat. Simba La Rue),single,2022-01-21
ALB870480,Free Samy,single,2020-01-10
ALB571737,Collaborations,album,2002-01-01
ALB239195,Leggenda,single,2020-04-29
ALB486401,TRENCHES BABY,album,2023-03-10
ALB561573,NEW YORK,single,2023-03-10
ALB372494,MANDANTE,single,2024-08-30
ALB676986,"Revolutionary, Vol. 1",album,2001-09-14
ALB664649,BABA,single,2024-12-06
ALB932341,SOLO/ALONE,single,2021-06-25
ALB767270,Ordinary,single,2025-02-07
ALB223421,CHIARA,single,2023-06-07
ALB611599,WE ON EM (feat. NLE Choppa),single,2023-05-17
ALB551677,BLUE TAPE,album,2024-04-05
ALB989795,Face to face 2,single,2024-01-19
ALB746746,READY 4 WAR (feat. Artie 5ive),single,2023-02-02
ALB673782,GHETTO,single,2025-01-07
ALB935637,PACK A PUNCH FREESTYLE,single,2024-02-08
ALB803714,Giù,album,2022-07-01
ALB839093,SSG,single,2023-11-10
ALB928283,MOTIVATION 4 THE STREETZ,album,2023-12-08
ALB727039,cuando pienso en ti,compilation,2025-06-05
ALB671512,c@ra++ere s?ec!@le,album,2022-09-30
ALB483583,Spotify Singles,single,2019-04-17
ALB477736,BV3,album,2020-10-02
ALB468241,PRETTY GANGSTA (feat. Margola),single,2025-02-14
ALB375391,Caerle,single,2024-01-19
ALB969148,Business Class,single,2023-03-24
ALB878122,SANTANA MONEY GANG,album,2025-04-10
ALB727227,Another One,single,2024-06-18
ALB537561,La Divina Commedia,album,2023-06-02
ALB428880,Rock Festival Hits,compilation,2025-06-11
ALB343641,Show Me Love,single,2025-02-07
ALB145344,Ei8ht Mile,album,2020-01-17
ALB723489,Potere,album,2018-06-29
ALB903831,Rap na Feels,album,2023-02-24
ALB922414,23,album,2022-02-25
ALB611739,R.O.O.T.S. (Route of Overcoming the Struggle),album,2009-03-23
ALB471107,Rockstar,album,2018-01-19
ALB400423,Sfera Ebbasta,album,2016-09-09
ALB342666,Famoso,album,2021-02-12
ALB254691,SANTANA MONEY GANG,album,2025-04-10
ALB281463,X2VR,album,2023-11-17
ALB732253,XDVR Reloaded,album,2015-11-23
ALB426199,Dexter,single,2017-03-10
ALB201846,Blunt & Sprite,single,2016-01-20
ALB269248,Rockstar (Popstar Edition),album,2018-11-30
ALB414096,OGNT,single,2015-03-03
ALB802636,Mademoiselle,single,2019-03-12
ALB173234,Rockstar (International Version),album,2018-01-19
ALB513874,Orange County California,album,2017-01-13
ALB157944,Capitán,single,2023-05-26
ALB902275,Hexen,single,2018-04-09
ALB173459,Entro in pass,album,2016-09-16
ALB448355,Crack Musica,album,2016-03-10
ALB776150,MIO FRATELLO,single,2022-10-20
ALB579373,Hot Labor Summer 2,single,2024-09-20
ALB874653,ULTIMA CENA,single,2022-12-23
ALB803420,MARTIRE,album,2024-06-07
ALB630575,Machika (Remix),single,2018-05-31
ALB598026,Orange,single,2023-04-06
ALB911464,Mezzanotte,album,2017-09-22
ALB346809,ORCHIdee,album,2014-05-27
ALB432291,Rose viola,single,2019-02-06
ALB212244,Qualcosa è cambiato,album,2012-12-25
ALB891200,Il Mondo Gira,album,2022-12-16
ALB378202,La rivincita dei buoni,album,2007-09-15
ALB940952,"Red Bull 64 Bars, The Album",compilation,2021-05-27
ALB558327,MM Vol. 2,album,2016-11-11
ALB571610,Scritto Nelle Stelle,album,2020-04-24
ALB443736,Ego & Alter Ego,album,2024-06-17
ALB498103,Nonostante Tutto,album,2016-01-22
ALB777501,Criminale emozionale,single,2018-06-15
ALB437670,Musica che non si tocca,album,2010-11-01
ALB828695,Rose viola Pt. 2,single,2019-02-22
ALB846163,SIRIO,album,2022-04-07
ALB577485,E Vissero Feriti E Contenti,album,2021-03-19
ALB319373,Errare umano,album,2018-11-14
ALB208683,Persona,album,2019-10-31
ALB387186,Una cosetta così,album,2025-01-10
ALB831170,a me mi piace (feat. Manu Chao),single,2025-05-09
ALB428392,POV,single,2024-10-25
ALB770628,Bonus Track,single,2024-07-12
ALB914097,Gemelli,album,2020-06-18
ALB595341,Per la mia gente / For my people,album,2012-10-29
ALB101266,"wer nicht fühlen will, muss hören",album,2019-08-30
ALB535938,LA BELLAVITA,album,2025-03-28
ALB481274,Solo per cambiare il mondo,album,2012-11-26
ALB974565,Telepatia (Hoodtrap),single,2025-05-01
ALB309096,Il mio lato peggiore,album,2025-05-16
ALB232234,Soulvillians,compilation,2006-09-09
ALB510422,DOOM,album,2021-10-29
ALB239943,Hip Hop M.E.I. 5.1,compilation,2011-11-15
ALB661595,FINALMENTE,album,2023-10-13
ALB275546,La maggior parte,album,2020-10-30
ALB944174,Rockstar,album,2018-01-19
ALB315062,Ligabue [Remastered Version],album,1990
ALB750303,Ghettolimpo,album,2021-06-10
ALB196232,MILLE VOTE ANCORA,single,2025-02-12
ALB430351,Mediterraneo,album,2025-06-06
ALB683784,Peace & Love,single,2018-05-04
ALB578601,Vola alto,single,2015-09-23
ALB638869,Splende,album,2015-02-12
ALB438930,Tonica & Dominante,single,1979-01-01
ALB558389,Azoto,single,2024-10-17
ALB738671,Acquario,album,2019-05-24
ALB928542,Suicidol,album,2015-05-26
ALB137025,La mia compilation (Colonna sonora originale della serie TV),album,2010-01-01
ALB354041,Trap Lovers,album,2019-03-01
ALB599687,Bella Lucio,compilation,2015-09-25
ALB809833,"Best Seller Compilation, Vol. 1 & 2",compilation,2008-01-08
ALB645808,O Espetáculo do Circo dos Horrores,album,2006-06-06
ALB846367,TUTTA VITA,album,2024-10-25
ALB222001,Prisoner 709,album,2017-09-15
ALB609517,SWEET LIFE,single,2025-06-15
ALB810015,Requiem,album,2017-11-30
ALB385998,Vibras para el Día del Padre 2025,compilation,2025-06-15
ALB859459,Caos,album,2022-03-18
ALB244597,Guerra fra poveri,album,2006-11-17
ALB435400,Le cose cambiano,album,2023-12-01
ALB299763,decrescendo.,album,2025-05-22
ALB721969,10,album,2023-06-29
ALB683276,Purgatorium,album,2021-10-28
ALB273230,SANTANA MONEY GANG,album,2025-04-10
ALB444201,Toast to Our Differences (Deluxe Edition),album,2019-01-25
ALB335124,PAINSTAR (The Mixtape),album,2025-03-28
ALB983076,Domani smetto,album,2002-03-22
ALB120943,PROTOMARANZA,album,2024-05-10
ALB874574,Messa Di Vespiri,album,1997-02-25
ALB549740,Strade Di Citta,album,1993-02-25
ALB433564,Italiano medio,album,2003-11-04
ALB559816,Così Com' è,album,1996-05-14
ALB746982,UN BEL VIAGGIO,single,2023-02-09
ALB906997,Nessuno,album,1998-05-07
ALB527573,CLASSICO,single,2023-10-27
ALB587577,BLAH! (x5) (feat. Massimo Pericolo),single,2024-08-05
ALB962325,Perché Si,album,1999-12-20
ALB900914,Greatest Hits,compilation,2000-11-17
ALB534430,La riconquista del forum (Live),album,2004-11-12
ALB921332,FILOSOFIA DEL FUCK-OFF,single,2023-04-28
ALB784582,4 x 4,album,2000-10-26
ALB669576,Così com'è LEGACY EDITION,album,2021-11-12
ALB193064,È Natale (Ma io non ci sto dentro),single,1993-12-25
ALB210992,Così e cosà,single,1997-01-01
ALB342028,2030,single,1996-01-01
ALB546705,Il funkytarro,single,1996-01-01
ALB267231,Neffa E I Messaggeri Della Dopa,album,1996-01-01
ALB316472,Chico Pisco,single,1999-01-01
ALB266623,107 Elementi,album,1998-01-01
ALB172256,Guerra E Pace,album,2013-01-01
ALB294755,Alla Fine Della Notte,album,2007-06-01
ALB891046,"Aggio Perzo 'o Suonno (feat. Coez, prod. TY1)",single,2021-02-12
ALB359969,Arrivi E Partenze,album,2001-01-01
ALB624332,Sognando Contromano,album,2009-06-01
ALB468981,Molto calmo,album,2013-12-11
ALB349430,Canerandagio - Parte 1,album,2025-04-18
ALB714007,FoglieMorte (feat. Fabri Fibra),single,2024-04-12
ALB946793,"I Molteplici Mondi Di Giovanni, Il Cantante Neffa",album,2003-01-01
ALB399186,Resistenza (Edizione speciale),album,2015
ALB318626,Le Dimensioni Del Mio Caos,album,2008-01-01
ALB265281,SANTANA MONEY GANG,album,2025-04-10
ALB384136,AmarAmmore,album,2021-04-02
ALB232321,Le Ore Piccole,single,2004-03-07
ALB491725,Saturno Contro (Original Motion Picture Soundtrack),album,2007-06-01
ALB405790,Diário de Bordo,single,2017-02-03
ALB891300,Vanagloria,album,2023-09-29
ALB690175,Busta Flex,album,1998-02-02
ALB473291,Mowgli,album,2018-03-02
ALB411579,Wasabi 2.0,single,2017-05-19
ALB950840,Orange County California,album,2017-01-13
ALB566424,Vita Vera Mixtape,album,2020-06-05
ALB669407,La Divina Commedia,album,2023-06-02
ALB463090,"Vita Vera - Mixtape, aspettando la Divina Commedia",album,2020-06-12
ALB557227,Elisir,single,2019-06-07
ALB887657,2020 Freestyle,single,2021-01-07
ALB908050,SANTANA MONEY GANG,album,2025-04-10
ALB785910,Don't Panic,album,2021-05-05
ALB407062,La Divina Commedia (Deluxe),album,2024-05-24
ALB457335,Il coraggio nei piedi,album,2014-01-06
ALB306151,Sogni di Strada,album,2018-04-30
ALB362224,X2VR,album,2023-11-17
ALB409229,I Nomi del Diavolo,album,2024-03-01
ALB878704,Going Hard 3,album,2024-12-06
ALB483456,In LA We Trust,album,2014-04-08
ALB460744,Mediterraneo,album,2025-06-06
ALB777073,Too Clean,album,2025-06-13
ALB834430,Ecce Homo,album,2015-04-20
ALB584928,LA BELLAVITA,album,2025-03-28
ALB583054,Suicidol,album,2015-05-26
ALB953663,A Brand You Can Trust,album,2009-07-07
ALB204080,Piangere a 90,single,2025-05-08
ALB715621,Rattle And Hum,album,1988-10-10
ALB369666,Who's It Gonna Be?,single,2020-09-30
ALB860728,Dissmantle,single,2020-10-25
ALB848666,The Unfolding,album,2018-04-20
ALB968207,Shady Nate is Mobb Marley,album,2010-11-23
ALB873848,Prisoner 709,album,2017-09-15
ALB565351,Exuvia,album,2021-05-06
ALB832629,Museica,album,2014-01-01
ALB166650,Verità Supposte,album,2003-01-01
ALB101687,Le Dimensioni Del Mio Caos,album,2008-01-01
ALB548549,Habemus Capa,album,2006-01-01
ALB414340,Il Sogno Eretico,album,2011-01-01
ALB374975,?!,album,2000-01-01
ALB527875,The Rockers,album,2016-08-26
ALB692464,Il mio lato peggiore,album,2025-05-16
ALB766264,Habitat Cielo,album,2023-03-31
ALB559287,a me mi piace (feat. Manu Chao),single,2025-05-09
ALB909626,Il Dialogo Sta Nei Dettagli,album,2024-02-02
ALB212392,Studio Collection,album,1998
ALB349963,Antologia della Cameretta,album,2017-06-03
ALB829945,Per Me,single,2025-04-09
ALB800190,Non E' Gratis,album,2012-01-01
ALB639884,post mortem,album,2025-04-10
ALB746708,Sick Side,album,2018-01-05
ALB820535,Bugiardo,album,2007
ALB805182,Vengo Dalla Luna,single,2004-01-01
ALB913809,Mr. Simpatia,album,2004-09-01
ALB639165,Nicolás,album,2022-02-25
ALB360154,MBAPPÉ,single,2025-03-14
ALB754042,Bruno Lauzi e il Club Tenco,album,2008-01-01
ALB538985,Camera a Sud (2018 Remaster),album,1992-06-15
ALB861567,Noord Africano,single,2025-04-11
ALB208852,TUTTA VITA,album,2024-10-25
ALB973935,ASTROWORLD,album,2018-08-03
ALB182629,Il limite valicabile,album,2015-03-10
ALB793617,Fenomeno,album,2017-04-07
ALB914260,Santeria,album,2016-06-24
ALB749746,Ti Sento,single,2023-10-27
ALB529871,DI TUTTI,single,2025-04-01
ALB652259,piango glitter,compilation,2025-06-12
ALB507025,CHIARA,single,2024-09-23
ALB534814,Non Basta Mai (feat. Bresh & Tony Effe),single,2025-06-13
ALB781982,64 BARRE DI VERITÀ (Red Bull 64 Bars),single,2024-09-19
ALB871402,Untouchable,album,2021-11-26
ALB155169,ICON,album,2024-12-09
ALB514986,BOSS,single,2023-03-24
ALB982337,Containers,album,2024-10-10
ALB331138,DAMME 'NA MANO,single,2025-02-12
ALB486940,Bassotto,single,2019-10-24
ALB930332,Il mio lato peggiore,album,2025-05-16
ALB778521,Foto di gruppo,album,1998-08-01
ALB145711,"Street Collection, Vol. 1 (2019 Remastered)",compilation,2019-09-27
ALB100033,Classe 73,album,2003-01-01
ALB671921,Thank Bax it's Friday,single,2017-10-06
ALB178352,Mia Maestà,album,2017-03-31
ALB909758,Pokoflow,single,2017-12-15
ALB647978,Guarda In Cielo,album,2013-11-01
ALB520648,Musica che non si tocca,album,2010-11-01
ALB948497,L'Ultimo Testimone,album,2004-01-01
ALB241207,Tutti a casa,album,2011-11-01
ALB720942,Ogni maledetto giorno (Deluxe Edition),album,2017-09-01
ALB779027,Contro gli estimatori,album,1996-08-01
ALB697589,Sushi - EP,single,2007-11-13
ALB293904,Poi dopo cosa?,single,2018-06-15
ALB932114,Stanno tutti bene,album,2012-02-14
ALB334349,Background,album,2002-01-01
ALB639004,Rapper Italiano,album,2001-01-01
ALB875102,HATE,album,2005-09-01
ALB475750,"Street Collection, Vol. 2 (2008 Remastered)",compilation,2019-10-25
ALB580359,L'uomo senza qualità (Rayden a.k.a Faccia d'Angelo),album,2012-05-22
ALB874268,Shhh!,single,2017-03-03
ALB925519,I Got Next,album,1997-05-20
ALB309988,Classico,album,2000-01-01
ALB916617,Beni Bilmiyorsun,single,2014-05-28
ALB751793,Re Senza Trono,single,1994-01-01
ALB776858,Hanno ucciso l'Uomo Ragno (2012),album,2012-06-12
ALB365809,Prima di Partire,album,2004-01-01
ALB573287,"Machete Mixtape, Vol. 3",compilation,2014-09-23
ALB189883,Champagne e spine,album,2010
ALB668841,2/3 - EP,single,2020-06-05
ALB636978,Dead poets,album,2016-12-20
ALB909448,Il Sogno Eretico,album,2011-01-01
ALB280981,Per la mia gente / For my people,album,2012-10-29
ALB255053,Cose dell'Altro Mondo,album,2012-10-02
ALB899390,Loaded,album,2009-10-16
ALB655328,MSSNC,album,2009
ALB808646,KG,album,2025-05-29
ALB765491,Sano Business 2005 Live,album,2025-05-30
ALB595914,Vivo e Vero,album,2010-05-04
ALB412259,L'erba cattiva (Gold Edition),album,2012-11-20
ALB771955,Vieni a prenderci,single,2013-11-12
ALB688514,Lungomare Paranoia,album,2017-01-13
ALB703378,Inferno 9,album,2016-06-10
ALB133264,Sons Of Soul,album,1993-01-01
ALB912777,Teoria Del Contrario Mixtape Vol. 2,album,2023-03-17
ALB800860,Metrotape Vol1 The Jam Session (Selected By Dj Sice),album,2007
ALB674797,Machete Mixtape Gold Edition,compilation,2015-10-30
ALB785414,5° Dan,album,2017-11-01
ALB677571,Trap Fatta Bene,album,2024-04-19
ALB400413,Album,album,2017-05-26
ALB184496,Lunga Vita a Sto,album,2017-11-24
ALB744853,Cara Italia,single,2018-05-02
ALB548678,DNA,album,2020-11-13
ALB919213,Zingarello,single,2018-05-25
ALB719185,WALLAH,single,2021-10-29
ALB211998,Sensazione ultra,album,2022-05-20
ALB541663,Niente Panico,single,2024-10-11
ALB642112,Turbococco,single,2019-06-21
ALB442819,Casa Mia,single,2024-02-07
ALB182132,Paprika,single,2024-05-10
ALB148434,"Chiagne Ancora (feat. LIBERATO, J Lord)",single,2021-06-22
ALB406042,Hasta la vista (feat. ANNA) [Remix],single,2020-05-29
ALB753208,I Love You,single,2019-03-15
ALB453348,PIZZA KEBAB Vol. 1,album,2023-12-01
ALB959749,M' Manc (con Geolier & Sfera Ebbasta),single,2020-06-11
ALB890062,Chill,single,2025-05-16
ALB972818,Force & Honneur,album,2017-03-31
ALB818354,Skylab V,album,2004-12-10
ALB825778,Freestyle N°4 #rue,single,2018-09-01
ALB613326,TUTTA VITA,album,2024-10-25
ALB462561,G+Jus,single,2021-01-12
ALB145317,Tarantelle,album,2019-05-03
ALB428859,We Love You Tecca,album,2019-08-30
ALB999381,2 glops,single,2024-02-15
ALB434480,CAPOTAVOLA,album,2019-04-29
ALB296140,SANTANA MONEY GANG,album,2025-04-10
ALB475279,MiDi Murder EP,single,2012-10-31
ALB260072,Legmatic,album,2024-05-10
ALB932744,4: The Rise of the Mosh Mongers,album,2013-08-01
ALB311168,DJUNGLE UNCHAINED,album,2022-12-16
ALB370003,Thee Unknown,album,2024-09-20
ALB668250,Booze for Blues,album,2016-05-25
ALB833625,Wanderlust,single,2015-06-12
ALB250416,V,album,2017-09-01
ALB768267,CLASH AGAIN,album,2019-10-18
ALB198244,SPECIALIST,single,2020-09-17
ALB752760,Noi Siamo Il Club (Reloaded Edition),album,2012-01-01
ALB771499,Joga Bonito (feat. Nerone & Axos),single,2018-08-03
ALB327127,Rock Steady,album,2014-09-02
ALB358735,CLASH,album,2019-02-01
ALB267968,BLOCCO 181 – ORIGINAL SOUNDTRACK,album,2022-05-27
ALB241846,HO LA HIT (feat. Massimo Pericolo),single,2022-04-07
ALB938004,MARI (feat. Giaime) - prod. Andry The Hitmaker,single,2020-10-09
ALB692332,Era Tutto Un Sogno,album,2012-11-13
ALB165538,"MAI (feat. Silent Bob) prod. Crookers, Goedi",single,2021-10-24
ALB405306,OGGI,single,2020-10-23
ALB240744,BENZINA (feat. Emis Killa) prod. Garelli,single,2021-03-05
ALB408703,DE PUTA MADRE 3,single,2024-10-11
ALB740583,090320 - prod. Kanesh,single,2020-10-02
ALB263827,DOMANI,single,2021-11-12
ALB624336,In volo (RMX),single,2018-06-08
ALB916640,TERRORIST,single,2025-01-17
ALB689036,RANCH,album,2025-05-09
ALB556163,Just Keep Watching (From F1® The Movie),single,2025-05-30
ALB817173,VENDETTA,album,2008-09-22
ALB935440,Mea Culpa (Gold Edition),album,2014-01-01
ALB253274,GEMINI,album,2019-06-14
ALB501768,QVC Collection,album,2018-03-30
ALB857805,Generazione Triste,single,2025-03-14
ALB805358,Gli alpini e la montagna vol.2,album,2007-05-01
ALB400096,LA BELLAVITA,album,2025-03-28
ALB945213,There Is No Competition: Death Comes In 3s,album,2011-12-25
ALB808138,Educazione sabauda,album,2016-01-08
ALB694024,Malammore,album,2016-07-15
ALB469679,"The Newkingztape, Vol. 1",album,2017-11-17
ALB571688,Innamorato,album,2023-04-13
ALB800227,'A verità,album,2014-03-24
ALB776917,Dentro e Fuori,album,1976
ALB507560,AL CAPONE,single,2022-04-22
ALB213199,Meteoriti - Top Rap Italiano,compilation,2022-07-08
ALB668118,#willpower,album,2013-01-01
ALB606685,Ambitions,album,2017-01-13
ALB411411,WILD,single,2024-11-22
ALB955966,Bella Lucio,compilation,2015-09-25
ALB826929,Balances & Options,album,2000
ALB184242,Solo per cambiare il mondo,album,2012-11-26
ALB504235,Affetto Illimitato,album,2023-12-27
ALB730275,Zer06-zer08,album,2010-06-22
ALB977772,900,album,2001
ALB827934,Amore e Coraggio,album,2012
ALB392013,Kepler,album,2014-05-27
ALB699735,Santos Ensinos,album,2024-01-01
ALB597713,SCELTE STUPIDE,single,2025-05-02
ALB106261,Drammi,single,2024-12-13
ALB305648,Stereokilling,album,2016-12-16
ALB741328,Dreaming in Slow Motion,single,2025-02-21
ALB229254,Turno notturno,single,2016-09-26
ALB557734,Sciccherie,single,2018-12-14
ALB689025,17,single,2019-06-17
ALB468764,MADAME,album,2021-06-03
ALB590629,sentimi,single,2020-04-24
ALB230025,L'Angelo del Male,album,2024-04-26
ALB264572,Anna,single,2018-09-13
ALB880954,"Red Bull 64 Bars, The Album",compilation,2021-05-27
ALB806801,IL BENE NEL MALE,single,2023-02-09
ALB887555,L'AMORE,album,2023-03-30
ALB657503,LA PROMESSA DELL'ANNO,single,2019-10-04
ALB962169,TU M'AS COMPRIS,single,2022-01-27
ALB466943,AWW! (Red Bull 64 Bars),single,2022-04-12
ALB641502,Adorazione (Colonna sonora della serie Netflix),album,2024-11-22
ALB156303,L’Eccezione (from the Amazon Original Series BANG BANG BABY),single,2022-04-14
ALB864874,La primavera della mia vita (Original Motion Picture Soundtrack),compilation,2023-02-20
ALB169323,Persona,album,2019-10-31
ALB264154,Ping Pong,album,1997
ALB771963,Amore povero,album,2017-03-17
ALB937407,Rockstar: Do zachodu słońca,album,2020-08-28
ALB744957,"NOI, LORO, GLI ALTRI",album,2021-11-19
ALB309814,DRAFT,single,2022-11-07
ALB343337,Bonjour Madame,single,2023-05-05
ALB873274,Madame Dad,compilation,2022-10-08
ALB574584,Fitna,album,2024-06-21
ALB330203,Poco Di Buono 2,album,2017-01-26
ALB651093,DON,album,2018-01-19
ALB573873,Nella fossa,single,2014-04-03
ALB333806,Poco di Buono,album,2008-03-31
ALB622549,Don Vacca Corleone,album,2019-01-11
ALB310012,Il diavolo non esiste,single,2014-03-07
ALB534654,Faccio Quello Che Voglio,album,2007-01-01
ALB744672,54:17,album,2017-04-24
ALB177335,Rilassato,single,2025-03-21
ALB540269,Missione completa,single,2018-09-04
ALB955956,Bad Reputation,album,2020-04-10
ALB329904,Del Padre Del Figlio,album,2014-09-23
ALB518853,20139,album,2019-08-23
ALB255034,zero punto zero,single,2017-02-13
ALB590165,Asmara,single,2018-04-21
ALB475283,UNA VITA SOLA,single,2024-03-22
ALB692763,Pazienza,album,2013-03-19
ALB991514,L'ultimo tango,album,2015-09-01
ALB675332,Via perchè,single,2017-06-23
ALB887707,Il Ragazzo D'Oro,album,2011-01-01
ALB789185,Mi ferma nessuno,single,2019-11-08
ALB804813,Barroso,album,2022-09-23
ALB827213,No Cap,single,2021-01-11
ALB365375,Vh,album,2004-03-11
ALB111569,Qualche Secondo,single,2020-12-04
ALB565632,Musica per Sordi,single,2025-05-16
ALB412236,Tropical Shopping,single,2021-02-26
ALB443818,Tempo Nostro - EP,single,2021-07-30
ALB974331,Jr. Saddam,single,2021-03-26
ALB701972,Full Circle,album,2019-07-12
ALB836147,Chi sbaglia paga,single,2006-10-25
ALB322700,Black Book 2,album,2016-12-15
ALB698703,Marionette,single,2019-10-21
ALB192325,indipendentemente preso bene,single,2023-06-09
ALB113980,Pezzi Della Sera,album,2023-11-17
ALB168925,Ogni fottuto giorno,single,2021-05-14
ALB243941,La tana del granchio,single,2025-02-12
ALB458914,Spazio,single,2021-02-12
ALB195716,Golden Goal,single,2020-11-18
ALB326845,IDGAF,single,2020-10-23
ALB725222,Black Heart,album,2025-05-05
ALB550429,Business,single,2020-11-13
ALB964715,Scatola di Nike,single,2021-01-29
ALB597295,Pelleossa,album,2011-05-24
ALB278732,Sporco,album,2010-05-18
ALB591271,GRAVEYARD DUPPIES,album,2024-05-10
ALB805107,Rockstar,album,2018-01-19
ALB427866,Immagini Ancora,single,2021-04-23
ALB325298,Reggae Rhythm,compilation,2025-06-11
ALB317951,One Shot,single,2024-01-09
ALB926860,XDVR Reloaded,album,2015-11-23
ALB440676,Last Bonus Track,single,2022-02-25
ALB121762,Verità Supposte,album,2003-01-01
ALB528321,New Balance,single,2025-01-24
ALB220696,1 Less G in the Hood,album,2015-04-01
ALB684347,Doble Cara,single,2025-02-21
ALB106021,La Patente,single,2025-06-13
ALB425495,DE PUTA MADRE 3,single,2024-10-11
ALB739581,N 9,album,2017-02-09
ALB788251,Get Maad,album,2012-01-31
ALB839800,Terzo Capitolo,single,2025-02-07
ALB674559,Voglio farlo con te (feat. Vacca & EXO),single,2020-04-23
ALB283572,Il nirvana,album,2014-09-23
ALB513539,The Main Ingredient,album,1994-01-01
ALB399662,ALI,album,2021-02-19
ALB750001,Best Trap Ita 2024,compilation,2024-01-12
ALB804136,CRACOVIA PT. 4,single,2023-08-25
ALB851846,KG,album,2025-05-29
ALB346296,INVISIBILI,album,2023-09-15
ALB462908,Le vostre madri,single,2019-11-26
ALB930810,L'imprevisto,album,2007-06-12
ALB376862,FAME,album,2025-01-31
ALB568521,Northside Melodies,album,2024-05-31
ALB778960,L'importante,single,2019-05-07
ALB810200,Classe 73,album,2003-01-01
ALB862664,Real Talk,single,2019-07-30
ALB758368,Bella Guido,single,2018-06-12
ALB514903,The Globe,album,2022-11-03
ALB260794,100 rancunes,album,2021-07-01
ALB556906,INTROVERSO EP,single,2024-03-12
ALB371209,ALI - ULTIMA NOTTE,album,2021-09-24
ALB510505,Guess Who's Back,single,2022-04-15
ALB489553,MM Vol. 2,album,2016-11-11
ALB442888,C'era una volta,album,2021-06-24
ALB222528,Giorgio Vanni super hits - il meglio del meglio,album,2014-01-01
ALB531859,OCCHI TRISTI,single,2024-10-18
ALB432941,LA BELLAVITA,album,2025-03-28
ALB193214,SIRIO (Concertos),album,2022-12-15
ALB992147,"The Illest, Vol. 2",album,2019-04-26
ALB267337,No Friend,single,2025-02-28
ALB138626,Le Voyage,album,2003-01-01
ALB666240,Players Club '25,single,2025-04-15
ALB578203,THIS IS MICONS,album,2024-04-05
ALB211950,CANI RANDAGI,single,2025-04-11
ALB187335,Dead poets,album,2016-12-20
ALB533084,SN4,album,2023-06-16
ALB653950,64 BARRE IN FACCIA (Red Bull 64 Bars),single,2024-09-05
ALB427707,BOOGIE WOOGIE,single,2022-06-24
ALB844308,Milano Angels,album,2024-09-06
ALB564163,OFFLINE (feat. VillaBanks),single,2023-05-26
ALB846328,PER SEMPRE (feat. Bresh),single,2024-09-11
ALB489955,RADIO SAKURA,album,2024-03-08
ALB228912,Lorenzo 1999 - Capo Horn,album,1999-06-21
ALB795611,X2VR,album,2023-11-17
ALB861069,FIGLI DEI PALAZZI (feat. Néza),single,2025-05-02
ALB338223,"Gelosa (feat. Shiva, Sfera Ebbasta, Guè)",single,2023-02-24
ALB183172,Scatola Nera,album,2019-09-19
ALB258131,FACILE,album,2022-02-14
ALB167845,RANCH,album,2025-05-09
ALB959501,Illuminate,album,2017-04-20
ALB200636,Playlist,album,2018-11-09
ALB819301,Ds Ep.8,single,2022-06-10
ALB493841,Bravo Ragazzo (Royal Edition),album,2013-01-01
ALB634210,64 BARRE DA CENSURA (Red Bull 64 Bars),single,2024-05-10
ALB490588,"Secondo me, l'amore...",album,1972
ALB861929,Raptus 3,album,2019-03-15
ALB947425,SDFTR,single,2025-03-14
ALB694346,Il chihuahua storico non ha senso senza te,album,2005
ALB363737,Mary Poppins (La Colonna Sonora Originale del Film),compilation,2018-05-18
ALB882184,No stress,single,2021-08-27
ALB541515,SunTzu,single,2012-03-23
ALB659186,WE 2FLY,single,2024-08-02
ALB886431,XXX,single,2024-02-09
ALB559344,FRAGILI (Acoustic Version),single,2024-08-30
ALB141827,PAPRIKA,album,2019-03-29
ALB591998,SANTANA MONEY GANG,album,2025-04-10
ALB367028,L'ANGELO DALL'OCCHIALE DA SERA: COL CUORE IN GOLA,album,2016-10-25
ALB778375,CHANELINA SOUBRETTE (feat. Disme & Ele A),single,2024-09-27
ALB870607,Misteria,album,2023-12-01
ALB122495,VERA BADDIE,album,2024-06-27
ALB400073,Levi,single,2023-04-11
ALB629123,IL CIELO NON È UN LIMITE,album,2020-11-12
ALB635728,Year of the Dragon - Songs from China,album,2024-09-27
ALB379385,F65,album,2023-05-05
ALB472753,Piove Ancora,album,2021-11-05
ALB755211,Mr. Simpatia,album,2004-09-01
ALB774648,Zum Sterben schön - Ein Musical für die Ewigkeit,album,2013-11-22
ALB516161,UNA VITA IN CAPSLOCK,album,2018-04-20
ALB770312,CARPACCIO GHIACCIATO,single,2017-06-23
ALB462783,CLUB TOPPERIA,album,2022-05-26
ALB329065,Persona,album,2019-10-31
ALB824375,LE RAGAZZE DI PORTA VENEZIA - THE MANIFESTO,single,2019-10-17
ALB978977,LA BELLAVITA,album,2025-03-28
ALB705644,Piangere a 90,single,2025-05-08
ALB422975,4 MANI,album,2022-11-25
ALB623843,On a Cloud,album,2019-12-27
ALB721517,Year Of The Gentleman (Bonus Track Edition),album,2008-01-01
ALB478726,CONDANNATA A DANZARE (dal film “Il Migliore dei Mondi”),single,2023-11-14
ALB395219,.,album,2025-02-27
ALB425193,13 Months of Sunshine,album,2025-05-16
ALB323317,Bacco Tabacco & Venere,single,2021-05-28
ALB750200,Sangue,album,2024-03-08
ALB414175,OMZ,single,2022-04-16
ALB493231,Bound By Fire,album,2009-09-26
ALB948872,2020 Freestyle,single,2021-01-07
ALB653876,FINIMONDO,single,2022-05-05
ALB767814,Potere,album,2018-06-29
ALB654222,Malammore,album,2016-07-15
ALB706393,L1,album,2012-06-19
ALB932133,Dove Volano Le Aquile,album,2022-04-01
ALB456833,"Anno Fantastico (feat. Shiva, Tony Boy)",single,2025-03-21
ALB415773,Potere (Il Giorno Dopo),album,2019-06-18
ALB546288,L2,album,2014-07-01
ALB833775,Dove Volano Le Aquile Vol. 2,album,2023-05-10
ALB357647,Ailleurs,album,2012-11-05
ALB958998,DAMN.,album,2017-04-14
ALB545671,SANTANA MONEY GANG,album,2025-04-10
ALB696630,Strade Smarrite,album,2008-03-01
ALB964927,Porta Una Rosa (Red Bull 64 Bars),single,2023-12-15
ALB196547,2017-2019,album,2019-10-02
ALB673259,Icona,album,2018-11-16
ALB811556,Kiss Kiss Bang Bang,album,2015-09-11
ALB373216,Una seria,album,2013-03-12
ALB617084,Non mi basta più (feat. Chiara Ferragni),single,2020-06-25
ALB331989,Donna sulla Luna,album,2021-06-11
ALB662613,KIRK,album,2019-09-27
ALB275581,Buenos Aires,single,2020-03-06
ALB187980,Roma - Bangkok (feat. Lali),single,2017-02-17
ALB886609,Kung Fu Panda 4 (Original Motion Picture Soundtrack),album,2024-03-08
ALB958776,Greatest Hits,compilation,1999
ALB251294,Femmina Alfa - EP,single,2011-10-05
ALB183710,TOTEM (Ultimate Edition),album,2021-06-25
ALB185156,Follia Mediterranea,single,2025-06-06
ALB632625,DOMANI,single,2021-11-12
ALB790008,Kimosabè,album,2023-09-29
ALB242689,M'ama non m'ama,single,2023-06-16
ALB748174,Paper Room,album,2019-11-05
ALB320421,Fino al Blackout,single,2024-04-19
ALB427641,Easy Money Baby,album,2020-01-24
ALB344995,Feeling Good: Her Greatest Hits And Remixes,compilation,2022-02-11
ALB720360,TOTEM - Episodio Tre,single,2021-02-10
ALB261293,Connie Francis Sings Second Hand Love & Other Hits,album,1962-04-10
ALB470914,Tq the Second Coming Domestic Clean With Bonus Tracks Part 2,album,2008-01-01
ALB122673,X (feat. Maluma & Ozuna) [Remix],single,2018-06-29
ALB962858,6AM,single,2022-09-15
ALB964701,#Bedtime Baby Lullaby#,album,2018-03-28
ALB762712,Yung Pokro,album,2019-03-29
ALB168528,Solo,album,2024-01-12
ALB893048,"Players Club '23 (Knights of the Posse) (feat. Nerissima Serpe, Artie 5ive, Tony Boy, Papa V, Low Red, Digital Astro & Kid Yugi)",single,2023-04-20
ALB901654,12,album,2022-09-12
ALB428524,Locos Valientes (feat. Andrés Dvicio),single,2017-09-08
ALB655808,"Dark Days, Bright Nights",album,2001-01-01
ALB480866,Babylon By Bus,album,1978-01-01
ALB681347,Roma - Bangkok (feat. Giusy Ferreri) [Spanish Version],single,2016-02-19
ALB171038,Hello World,album,2024-12-06
ALB309729,Pray 4 Love (Deluxe),album,2020-08-07
ALB356073,MONEY DANCE,single,2019-10-25
ALB290436,Variazioni,album,2017-03-31
ALB661946,Onda Alta,single,2024-02-07
ALB957274,Nostalgia istantanea,album,2012-06-12
ALB854389,CD' (Bonus Track Version),album,2011-04-01
ALB935267,D'Io,album,2015-02-03
ALB378718,Dove Si Balla,single,2022-02-02
ALB291656,Di vizi di forma virtù,album,2008-06-13
ALB410881,Vivere Aiuta A Non Morire,album,2013-01-01
ALB665191,NEI SOGNI NESSUNO È MONOGAMO,album,2022-03-03
ALB581225,Bir Tawil,album,2020-12-04
ALB802834,Musica Senza Musicisti,album,2006-04-26
ALB187509,L'ottavia,album,2014-02-12
ALB334619,Ciao America,album,2024-02-01
ALB535767,"Nullatenente (feat. Massimo Pericolo, Jake La Furia)",single,2025-04-03
ALB999842,Pelle D'Oca,single,2023-05-18
ALB432017,Amico E' ( Inno Dell'amicizia ),album,1984-01-01
ALB325173,Muziki,single,2019-11-28
ALB287467,RIOT,album,2020-10-30
ALB494790,Diari Aperti,album,2019-05-03
ALB121927,NOSTALGIA (export),album,2024-02-23
ALB791324,Buganda Rock,single,2017-04-24
ALB200824,Hell Taxi,single,2017-05-03
ALB883522,Machete Mixtape Gold Edition,compilation,2015-10-30
ALB135941,Rattopsy,album,2014-07-01
ALB654317,Dinastía de Caín,album,2025-05-09
ALB950056,SERVER SIRENA,single,2019-10-11
ALB838959,NIVELES,single,2020-09-25
ALB682990,"20 Años de Rabia, 20 Años de Sueños",album,2013-04-01
ALB921278,Visión,single,2021-05-07
ALB458050,A.M.N (Any Minute Now),album,2020-09-11
ALB609124,Hip Hop Is Dead,album,2006-01-01
ALB490447,P Secondigliano (2020 Remaster),single,2018-07-20
ALB920273,DIO LO SA,album,2024-06-07
ALB713679,IL CORAGGIO DEI BAMBINI - ATTO II,album,2023-04-07
ALB638388,Emanuele,album,2019-10-10
ALB584336,Campioni In Italia (Red Bull 64 Bars),single,2023-11-24
ALB675821,Emanuele (Marchio registrato),album,2020-07-09
ALB108052,IL CORAGGIO DEI BAMBINI,album,2023-01-06
ALB297573,DIO LO SA - ATTO II,album,2024-11-22
ALB406383,MM Vol. 3,album,2019-02-01
ALB266619,Santana Season,album,2023-06-09
ALB316207,RAP TUTORIAL (64 Bars),single,2021-05-19
ALB616372,M' Manc (con Geolier & Sfera Ebbasta),single,2020-06-11
ALB896357,Bravo Ragazzo (Royal Edition),album,2013-01-01
ALB320109,Mexico,single,2018-10-18
ALB189320,Balances & Options,album,2000
ALB323021,"Vamos Pa La Banca (feat. Geolier, Samurai Jay & Lele Blade)",single,2020-02-28
ALB854186,"SARÒ CON TE (feat. MV Killa, Yung Snapp, Lele Blade, Vale Lambo) [Original Soundtrack]",single,2024-05-03
ALB860926,THIS IS MICONS,album,2024-04-05
ALB964389,'A verità 2.0,album,2014-11-04
ALB683892,Early American Cajun Music: Classic Recordings From the 1920's,album,1999-01-19
ALB425448,Il mio lato peggiore,album,2025-05-16
ALB836786,Guitarra,single,2020-12-06
ALB598887,N'ata vot (Perdono),single,2023-12-08
ALB858660,Truman,album,2018-11-16
ALB615785,Clownstrofobia,album,2016-01-15
ALB603710,The Attic,album,2023-09-01
ALB139618,Balorda nostalgia,single,2025-02-12
ALB877400,Allora ciao,single,2020-01-10
ALB967036,Kamikaze,album,2018-08-31
ALB594474,La hit dell'estate,single,2019-06-18
ALB334367,Mirabilansia,album,2015-04-22
ALB778941,Odio le hit estive,single,2016-07-01
ALB663347,Autostop,single,2020-06-16
ALB700526,Truman (Sanremo Edition),album,2019-02-08
ALB466706,In un'ora,single,2021-06-01
ALB944986,Nella fossa,single,2014-04-03
ALB514864,Diversamente Triste,album,2023-07-07
ALB650282,Rap Fiction,single,2019-08-27
ALB755272,Tori seduti (feat. J-AX),single,2022-07-01
ALB747141,Lunatica,single,2023-03-10
ALB977360,Shades and Echoes,album,2022-02-04
ALB185249,Pendolari,single,2023-01-13
ALB562879,Per Sempre Mai,single,2023-05-26
ALB163242,TUTTA VITA,album,2024-10-25
ALB651281,Testa o croce,album,2019-10-04
ALB745807,This is Reggae 100 Classics,compilation,2025-06-11
ALB722117,Better Days,single,2022-01-28
ALB663401,Ya Ganamos,single,2017-10-01
ALB366507,"Musica da giostra, Vol. 5",album,2018-02-23
ALB773715,Il Fuoco In Una Stanza,album,2018-03-02
ALB285204,SANTANA MONEY GANG,album,2025-04-10
ALB122734,Mindstate,album,1998
ALB199245,Rinascimento,album,2019-03-06
ALB600348,50 Shades of Fuckree,album,2017-03-31
ALB788378,Answers Within,single,2016-01-02
ALB637265,Noi Siamo Il Club (Reloaded Edition),album,2012-01-01
ALB765484,Light And Shade,album,2005-09-26
ALB223473,Spot,single,2024-07-10
ALB911081,LA BELLAVITA,album,2025-03-28
ALB675233,Mambo Salentino,single,2019-06-07
ALB178757,Playlist,album,2018-11-09
ALB697175,"Shades of Night (Flowing & Calm Sleep Sounds, Sensitive Background Music)",album,2019-01-04
ALB694301,Bottiglie Vuote (feat. Max Pezzali),single,2025-04-11
ALB496536,2/7 - EP,single,2020-06-12
ALB783437,C'era una Svolta - Monologhi Pop Vol. 2,album,2022-04-07
ALB923721,Combat Rave,album,2020-05-01
ALB508410,Twist & Shades,single,2025-05-07
ALB392083,E No Fit Be Me,single,2022-11-25
ALB563210,Бары,single,2022-08-26
ALB631841,Che Gusto C'è (feat. Tredici Pietro),single,2025-05-23
ALB717250,Hot In The Shade,album,1989-01-01
ALB823128,Supereroe,album,2018-10-12
ALB629973,Linda,single,2017-10-25
ALB519086,Serio,single,2018-02-09
ALB756195,17,album,2020-09-18
ALB146739,Terza Stagione,album,2016-10-14
ALB747923,L'erba cattiva,album,2012-02-07
ALB168242,"Keta Music, Vol. 3",album,2021-07-23
ALB181628,Linda (Reloaded),single,2018-01-10
ALB797801,Supereroe Bat Edition,album,2019-06-21
ALB360767,Keta Music - Volume 2,album,2015-06-18
ALB886654,Effetto notte,album,2023-05-19
ALB793596,17 - Dark Edition,album,2021-02-26
ALB612842,Mercurio - 5 Stars Edition,album,2014-06-10
ALB684168,Mercurio,album,2013-10-22
ALB826938,Champagne e spine,album,2010
ALB556779,In auto alle 6:00 (feat. Lazza),single,2025-05-02
ALB671830,Tijuana,single,2019-05-31
ALB800182,Demoni,single,2025-02-04
ALB780042,2/7 - EP,single,2020-06-12
ALB125971,Sei Tu (feat. Andrea Piraz),single,2017-06-30
ALB836536,PECCATORE,album,2025-05-23
ALB303773,Effetto notte (L'alba),album,2023-11-24
ALB457842,Fuori di qua! (Stories) [2022 Remastered],album,2004-11-01
ALB206449,Rivoluzione,album,2021-11-05
ALB274814,Nino Nino,single,2024-09-13
ALB615002,Andale,single,2020-06-17
ALB167688,PLC tape 1,single,2022-04-22
ALB623661,I.L.T.G. (I Love This Game),single,2015-04-27
ALB125778,BUTTERFLY (feat. Simba La Rue),single,2024-03-08
ALB663678,Sinatra,album,2018-11-29
ALB419018,L'erba cattiva (Gold Edition),album,2012-11-20
ALB154484,Il peggiore,album,2011-12-19
ALB130397,Vampiri,single,2013-07-01
ALB918148,64 BARRE DA CENSURA (Red Bull 64 Bars),single,2024-05-10
ALB244522,Che abbia vinto o no (feat. Antonella Lo Coco) - Single,single,2014-11-25
ALB173130,Fuori Da Qui,album,2016-04-22
ALB758128,Lucifero,single,2022-07-01
ALB396049,SCUSATE IL RITARDO,album,2024-09-11
ALB286172,#Rossoneri,single,2015-09-11
ALB505445,Il nirvana,album,2014-09-23
ALB781146,LA RIVINCITA (feat. Jake La Furia & Emis Killa) – prod. Don Joe,single,2021-06-03
ALB380358,Pop-hoolista,album,2014-10-14
ALB635408,MOOD,single,2020-08-12
ALB999730,Il Mondo è Nostro,single,2021-09-24
ALB812589,Roof Top Mixtape 1,album,2021-12-17
ALB214809,Hanno ucciso l'Uomo Ragno (2012),album,2012-06-12
ALB588089,Nayt One,album,2012-05-07
ALB397338,ryoach ! (freestyle killa),single,2021-12-24
ALB580628,Sing My Song Vol 16,album,2014-07-22
ALB663001,Dstruction MIXTAPE (Nuclear Edition),album,2024-02-15
ALB551353,Everything Based,album,2010-07-10
ALB424880,SANTANA MONEY GANG,album,2025-04-10
ALB650066,Killers,single,2013-10-14
ALB361939,Bella Lucio,compilation,2015-09-25
ALB964010,L1,album,2012-06-19
ALB346629,Dadaismo,album,2014-01-01
ALB839561,1969 - Achille Idol Rebirth,album,2020-09-25
ALB280772,DeBÍ TiRAR MáS FOToS,album,2025-01-05
ALB632153,Non so chi ha creato il mondo ma so che era innamorato,album,2024-02-16
ALB399009,RISPETTO,single,2024-12-20
ALB927590,Duepuntozero,album,2015-12-16
ALB366848,Balorda nostalgia,single,2025-02-12
ALB556456,Strappati Lungo i Bordi (Music from the Original TV Series “Strappare lungo i bordi”),album,2021-11-17
ALB430770,Mwaki,single,2023-11-10
ALB587698,Depresso fortunato,single,2025-05-23
ALB186404,"Baby Dance, Vol. 8 (Canzoni per bambini)",album,2013-06-19
ALB724922,LA BELLAVITA,album,2025-03-28
ALB656235,Call of the Wild,album,2019-03-08
ALB707355,Comunisti col Rolex,album,2017-07-11
ALB526390,Italiana,single,2018-05-04
ALB225590,Comunisti col Rolex (Multiplatinum Edition),album,2017-11-24
ALB487863,Sconosciuti da una vita,single,2017-10-27
ALB842206,Il bello d'esser brutti Multiplatinum Edition,album,2015-12-04
ALB681511,Tutto tua madre,single,2018-09-14
ALB603910,ReAle,album,2020-01-24
ALB219536,Il bello di essere J-AX - 25 anni di successi 1993-2018,album,2018-05-11
ALB226282,Salsa,single,2021-05-21
ALB138154,Timberland Pro,single,2019-05-13
ALB533229,Semester Opening – Die besten Party Schlager Hits für jede Studenten Feier 2014 (Dazu feiert man nicht nur auf jeder House Fete sondern auch zum Apres Ski und Karneval 2015 bis 2016),compilation,2014-10-01
ALB129376,Di sana pianta,album,2006-10-13
ALB741723,"""Music for a While"" - Relaxing Melodies",album,2025-06-17
ALB304288,Meglio prima (?),album,2011-08-30
ALB926412,"Soul Jazz Records Presents Boombox: Early Independent Hip Hop, Electro and Disco Rap 1979-82",compilation,2016-05-20
ALB484272,J-Ax & Friends,album,2016-05-20
ALB645883,SurreAle,album,2021-08-27
ALB881360,Così Com' è,album,1996-05-14
ALB212856,Rap n' Roll,album,2009-01-22
ALB288342,Sottosegretari alla presidenza della Repubblica del True Metal,single,2018-05-21
ALB758034,Deca Dance,album,2009-06-11
ALB566215,Meglio Live!,album,2012-05-08
ALB510249,Domani smetto,album,2002-03-22
ALB829224,Dogocrazia,album,2009-01-01
ALB370093,Pirati urbani,album,2015-05-12
ALB359176,Bed Bath + Beyond my Breaking Point,single,2023-02-17
ALB176010,Keep Focused Study Music,album,2015-04-15
ALB919848,Suddenly in Fashion,album,2020-06-30
ALB262327,Sindrome di Tôret,album,2017-10-06
ALB193222,Educazione sabauda,album,2016-01-08
ALB622806,Iodegradabile,album,2019-10-25
ALB427259,Sulla riva del fiume,album,2025-02-13
ALB599218,"Non è il mio genere, il genere umano",album,2014-06-24
ALB469685,Grazie ma no grazie,single,2025-02-12
ALB982607,DeBÍ TiRAR MáS FOToS,album,2025-01-05
ALB976435,Funk Shui Project,album,2014-05-01
ALB315922,La depressione è un periodo dell'anno,single,2020-11-12
ALB115957,Pornostalgia,album,2022-05-05
ALB210807,Faber Nostrum,album,2019-04-26
ALB864361,L'effetto sbagliato,single,2018-07-06
ALB203790,Frecciarossa,single,2023-09-15
ALB437503,Tutti Manifesti,album,2019-07-12
ALB763430,Justin (Deluxe Version),album,2016-04-15
ALB637670,Algoritmo (feat. Shaggy) (with Don Joe),single,2020-04-30
ALB219194,100 Campane 100 Canzoni,album,2008-10-14
ALB229139,LA BELLAVITA,album,2025-03-28
ALB294139,SXM,album,1994-01-14
ALB107215,NEXT,single,2025-05-30
ALB786026,Mantra,album,2014-05-23
ALB347849,Post Scripta,album,2011-11-11
ALB243668,Son of the South,album,1986-05-01
ALB900734,Beats From The Lido,compilation,2018-08-17
ALB866416,Bloody Mary (feat. PUGNI & Fudasca),single,2024-07-05
ALB518552,Picasso,single,2023-05-26
ALB201928,Down the Rabbit Hole,album,2014-12-02
ALB331950,That's Them,album,1997-01-01
ALB910385,Dead poets,album,2016-12-20
ALB903560,Elevate,album,2018-12-28
ALB129072,Curre curre guagliò,album,1993-06-12
ALB947801,Corto circuito,album,1998
ALB360392,Curre Curre Guagliò 2.0,album,2014-03-25
ALB956721,Cattivi guagliuni,album,2011-11-03
ALB953957,La vida que vendrà,album,2000-06-12
ALB367645,Comanda La Gang,single,2021-04-02
ALB144332,Cerco tiempo,album,1997-06-12
ALB213075,Na.99.10,compilation,2012-06-12
ALB799264,Nero Su Bianco,single,2021-05-25
ALB599655,NO REGULAR MUSIC (Deluxe),album,2024-07-12
ALB671987,Soundboy,album,2011-09-20
ALB684094,Purple Haze,album,2017-03-17
ALB147463,Facciamo le 9,single,2016-09-23
ALB114227,"Entics Television, Vol. 3",album,2014-06-17
ALB717731,Love & Pride,compilation,2025-06-06
ALB676350,I giovani non sanno,single,2018-02-02
ALB284114,Piove,single,2024-10-11
ALB719322,Sfera Ebbasta,album,2016-09-09
ALB398561,No Don,single,2017-07-17
ALB597346,Passatempo,single,2025-05-16
ALB579082,Carpe Diem,album,2012-11-06
ALB902092,Sirena,single,2018-06-08
ALB174245,Madreperla,album,2023-01-13
ALB831821,Che Bello Essere Noi,album,2010-01-01
ALB253588,Cover,single,2018-04-06
ALB355446,Sto bene,single,2018-11-01
ALB542659,SANTANA MONEY GANG,album,2025-04-10
ALB103371,The Heist,album,2012-10-09
ALB879618,Authentics,album,2021-11-05
ALB531617,Sole a mezzanotte,single,2019-02-14
ALB894023,Tropico Del Capricorno,album,2025-01-10
ALB318531,MUSICA ETERNA,album,2024-11-29
ALB601423,Ritorno Al Futuro / Back To The Future,album,2022-05-05
ALB391888,Wicked Game,single,2019-02-01
ALB555534,BRAVA GENTE,album,2023-06-02
ALB962404,Re Mida,album,2019-03-01
ALB581195,Dio Ci Deve Delle Spiegazioni,album,2009-01-01
ALB313721,V,album,2021-09-16
ALB834318,Parole,album,2004-01-01
ALB391319,DOWN AGAIN (feat. Glocky),single,2023-11-17
ALB752999,Giù,album,2022-07-01
ALB263099,NOSTALGIA (export),album,2024-02-23
ALB814438,L'ora d'aria,album,2008-01-11
ALB328902,Pi li Picciotti,album,2019-09-18
ALB209877,"Ganyan ba dapat mag-workout, maem?",compilation,2025-06-18
ALB479569,DRILL SZN,single,2024-03-15
ALB362043,Clandestino,album,1998-10-06
ALB815793,Niente Panico,single,2024-10-11
ALB521429,LOCURA,album,2024-11-26
ALB379292,Emozioni,album,1970
ALB473303,Nella fossa,single,2014-04-03
ALB637483,TIME IS IN YOUR FAVOR,album,2025-05-25
ALB411412,Il corpo umano VOL. 1,album,2025-01-30
ALB175132,Poco di Buono,album,2008-03-31
ALB613126,Melomane,album,2024-12-31
ALB761342,England Made Me [25th Anniversary Edition],album,2023-11-17
ALB266201,Free the Universe,album,2013-04-15
ALB904974,MĀYĀ,album,2024-07-05
ALB730173,VERA BADDIE,album,2024-06-27
ALB572952,Champagne e spine,album,2010
ALB606184,Montagne russe,album,2020-06-05
ALB891037,LA BELLAVITA,album,2025-03-28
ALB707847,Il mio lato peggiore,album,2025-05-16
ALB468104,La rabbia non ti basta,single,2024-02-07
ALB480399,Sangue,album,2024-03-22
ALB374474,Next Big Thing,album,2022-04-15
ALB649848,San Junipero,single,2025-04-18
ALB389182,Bubble Gum (버블검),single,2025-06-06
ALB585348,Formato XXL,single,2021-01-29
ALB625976,IO NON SAREI,album,2025-06-13
ALB877372,Ma che Hit,single,2023-02-24
ALB130194,Così Leggera,single,2021-10-22
ALB986816,TooMuch,single,2021-06-25
ALB166359,Bloody Mary,single,2023-09-29
ALB185242,Mayday,single,2020-10-09
ALB227271,Amsa,single,2019-11-29
ALB206368,Gemelli,album,2020-06-18
ALB503149,Come Uccidere Un Usignolo,album,2017-06-02
ALB860380,No Hooks,single,2016-09-21
ALB374796,68 (Till The End),album,2019-04-05
ALB336306,Come Uccidere Un Usignolo (67 Edition),album,2017-11-03
ALB225100,IO NON HO PAURA,album,2023-05-04
ALB522090,Fenomeno,single,2016-11-08
ALB497238,"Red Bull 64 Bars, The Album",compilation,2021-05-27
ALB132917,68,album,2018-09-07
ALB243912,Tutto bene,single,2016-09-29
ALB363731,Vita Vera Mixtape,album,2020-06-05
ALB112794,Gemelli (ascendente Milano),album,2021-05-20
ALB195870,Venere,single,2016-09-29
ALB621717,BLOCCO 181 – ORIGINAL SOUNDTRACK,album,2022-05-27
ALB286611,La Pelle Del Puma,single,2018-02-16
ALB766436,Going Hard 2,album,2021-09-02
ALB494875,Partizan,single,2019-06-20
ALB292387,Hellvisback,album,2016-02-05
ALB139422,LOCURA,album,2024-11-26
ALB460252,20139,album,2019-08-23
ALB222816,Cos'è l'amore (feat. Franco Califano),single,2019-09-20
ALB995132,Thori & Rocce,album,2011-01-01
ALB389070,MILANO SOPRANO,album,2021-07-09
ALB295608,F.A.K.E.,single,2019-03-15
ALB526807,SPACCATO,single,2020-05-14
ALB863041,DON DADA,album,2023-04-13
ALB763686,Ora O Mai Più,album,2015-05-05
ALB746519,"Hikikomori (feat. Niky Savage, Emis Killa)",single,2024-11-01
ALB190236,"Istinto Animale (feat. Guè, Annalisa, Ernia)",single,2024-05-10
ALB292868,Jingle Bell Trap (feat. Boro Boro) [Version I],single,2019-12-19
ALB525072,The Road to Diamond and Platinum,album,2019-07-05
ALB395038,Sweeping The Nation - Volumes 1 & 2,album,2006-10-03
ALB349381,True Story,album,2004-07-15
ALB268860,Colpa Delle Favole,album,2019-04-05
ALB244919,Fragile - Nesliving Vol. 2,album,2009-11-13
ALB486941,Maldito,single,2017-12-08
ALB817721,Home,album,2004-09-01
ALB387307,Ego,album,2003-05-01
ALB962887,Andrà Tutto Bene,album,2015-02-12
ALB206473,"Voglio di + (Nesliving, Vol.3)",album,2013-04-23
ALB794414,Le Verita' Nascoste,album,2007-01-01
ALB321855,L'Amore E' Qui,album,2010-01-01
ALB932134,Vengo In Pace,album,2019-03-22
ALB452693,Immaginazione,album,2019-05-16
ALB908167,Nesliving Vol. 4 - Il seme cattivo,album,2023-03-10
ALB963514,Spirito Libero,compilation,2008-11-21
ALB506363,DeBÍ TiRAR MáS FOToS,album,2025-01-05
ALB101865,Home (Remastered Version),album,2004
ALB176458,ann[ego],single,2022-12-02
ALB607690,Nella fossa,single,2014-04-03
ALB328215,Trafficante,single,2022-09-22
ALB354396,KETY,album,2019-10-18
ALB692638,Nesliving Vol. 1,album,2009-05-20
ALB334186,Kill Karma (La Mente E' Un' Arma...),album,2017-02-10
ALB869166,Portami al mare,single,2024-07-12
ALB128053,Viva La Vita,single,2018-06-08
ALB360711,"NOI, LORO, GLI ALTRI",album,2021-11-19
ALB147401,BATTITO,single,2025-02-12
ALB320526,SANTANA MONEY GANG,album,2025-04-10
ALB162003,Nesli Park,single,2007-01-01
ALB969192,SIRIO,album,2022-04-07
ALB767182,Turbe Giovanili,album,2002
ALB289701,Oceani e tsunami,single,2025-01-17
ALB368355,Non é una bugia,single,2024-05-03
ALB370250,Guarda come flexo,single,2017-09-20
ALB572807,Arte,album,2019-09-11
ALB659526,Piano Piano Way,single,2017-12-15
ALB545829,Facendo Faccende,album,2023-05-25
ALB908507,Me lo sento,single,2017-08-04
ALB119748,HARDER (feat. Low-Red),single,2025-01-31
ALB693557,BlaBlaBla,single,2022-02-18
ALB980911,SKUSKU (feat. Pyrex),single,2021-07-01
ALB787374,Come se fosse normale,single,2017-04-07
ALB156878,Caldo,album,2020-07-02
ALB162395,BINGO,single,2019-02-15
ALB468480,Demone,single,2021-04-01
ALB388302,PULL UP,single,2021-11-11
ALB243928,GUARDA COME FL3XO,single,2024-05-17
ALB997268,Il Passo (feat. Samurai Jay),single,2020-04-23
ALB299443,Arcobaleno,single,2019-05-03
ALB641241,Esse Type Beat,single,2025-03-21
ALB479371,Pochi Pochi,single,2023-01-26
ALB898852,PLAYER DEL SECOLO (feat. Guè),single,2025-04-04
ALB912112,MI FAI IMPAZZIRE,single,2021-06-17
ALB447496,CUORI SPEZZATI,single,2024-07-05
ALB347865,Bandito,single,2022-12-09
ALB473472,#SI (feat. Tony Effe),single,2022-03-25
ALB572981,Leave The Light On,album,2004-09-06
ALB586107,Vp Drive 1,album,2024-05-31
ALB506861,CONNESSIONI,single,2024-10-04
ALB678302,Lento RMX (with Lola Indigo),single,2020-06-30
ALB703047,Idas e Vindas,single,2021-08-13
ALB458954,Mambo Salentino,single,2019-06-07
ALB300603,Storytelling Therapy,single,2021-09-29
ALB737203,Clapback Freestyle,single,2021-11-19
ALB653020,NIGHTCRAWLERS,album,2022-10-27
ALB336292,Focus (feat. Seth Gueko),single,2023-09-14
ALB373858,Minha Missão,single,2021-01-28
ALB567736,Yo Soy el Primero,single,2017-03-03
ALB576116,Regardez moi,album,2017-11-24
ALB635494,Lungolinea.,album,2018-06-29
ALB325313,Banzai (Lato blu),album,2020-06-26
ALB876305,Banzai (Lato arancio),album,2021-06-04
ALB381892,2004,single,2016-10-21
ALB308824,Banzai,album,2022-04-25
ALB881446,Undamento 01,single,2016-06-28
ALB553628,Storia Breve,single,2022-06-10
ALB348352,LOCURA (Jam),album,2025-06-04
ALB346952,Istantanea,single,2020-04-07
ALB358914,House Party,album,2022-11-03
ALB374177,Chic Nisello,album,2017-01-25
ALB698254,Telechronic,album,2023-05-26
ALB871325,X2VR,album,2023-11-17
ALB903727,Display,single,2021-12-12
ALB840575,Butterfly Effect,album,2018-01-26
ALB701240,Butterfly Effect 2.0,album,2018-09-21
ALB864377,Petrichor,album,2021-02-12
ALB443206,Carillon,single,2015-12-18
ALB927488,Pianeta di Miller,album,2024-03-01
ALB482352,Supereroe,single,2016-06-27
ALB302408,Tutto quello che ho,single,2016-04-29
ALB404357,Ti amo ma,single,2016-05-07
ALB518324,Take the Rainbow Train,album,2023-06-30
ALB508041,DUE ALTALENE,single,2024-02-07
ALB287898,La somma (feat. Martina Attili),single,2019-05-17
ALB174840,Grazie a me,single,2016-05-07
ALB642769,LA FINE DEL MONDO,single,2023-05-12
ALB948347,UN MILIONE DI NOTTI,single,2023-10-20
ALB527419,FRAGILE,album,2022-03-18
ALB241956,ODIO A LA LUNA,single,2025-03-07
ALB718485,Songs The Beatles Wrote,compilation,2009-07-01
ALB224464,The Way You Do (feat. Valentina Tioli),single,2016-05-07
ALB741965,SANTANA MONEY GANG,album,2025-04-10
ALB120850,SINCERO (feat. Alfa),single,2022-05-20
ALB737987,FLOW,album,2023-01-27
ALB761977,First Rain,album,2025-04-08
ALB615613,Blaze Of Glory,album,1990-01-01
ALB997150,Acid Rap,album,2013-04-30
ALB944614,Mr. Typo Track #1,album,2025-03-03
ALB983688,EP1,single,2015-12-15
ALB155051,Nightmares That Surface from a Shallow Sleep,album,2006-01-01
ALB542686,The Message,album,2012-02-24
ALB632413,Madchild Banned in America EP,single,2011-02-15
ALB984739,Scatola Nera,album,2019-09-19
ALB989506,Davide,album,2018-04-20
ALB454795,Nonostante Tutto,album,2016-01-22
ALB951301,Senza Di Me,single,2018-12-21
ALB936303,Dire Straits,album,1978-10-07
ALB456807,Ragazzi madre (1 Year Anniversary),album,2017-12-15
ALB214717,Kepler,album,2014-05-27
ALB723407,QVC8 – Singles,single,2018-12-28
ALB217540,Gigante Gemitaiz,single,2024-09-21
ALB250335,QVC 10 - Quello Che Vi Consiglio Vol. 10,album,2023-12-14
ALB369226,QVC9 - QUELLO CHE VI CONSIGLIO VOL. 9,album,2020-11-06
ALB273923,fuorilegge,single,2025-02-12
ALB646139,Eclissi,album,2022-05-12
ALB212728,"Detto, Fatto.",album,2012-11-30
ALB565434,Vero,album,2015-06-23
ALB580111,MM Vol. 2,album,2016-11-11
ALB565953,QVC Collection,album,2018-03-30
ALB957480,Il mio lato peggiore,album,2025-05-16
ALB700512,MĀYĀ,album,2024-07-05
ALB106661,Mercury - Acts 1 & 2,album,2022-07-01
ALB937107,Enemy,album,2018-04-13
ALB652027,Guerra E Pace,album,2013-01-01
ALB643668,È FINITA LA PACE,album,2024-12-13
ALB473055,SANTANA MONEY GANG,album,2025-04-10
ALB927595,Nocturnal,album,2012-12-11
ALB725158,L'Unico Compromesso,album,2013-05-28
ALB249310,CVLT - HELLRAISERS,album,2024-05-17
ALB811285,"Nonostante Tutto (Inediti, Rarità, Live E Remix)",album,2016-11-04
ALB172225,Persona,album,2019-10-31
ALB838214,Malammore,album,2016-07-15
ALB509353,Autodistruzione,album,2016-07-04
ALB443518,Veleno 9,single,2021-12-17
ALB653584,Hustle Mixtape,album,2022-06-03
ALB564778,The Globe,album,2022-11-03
ALB251167,Ghetto Guetta,single,2013-01-01
ALB764711,Regionali,single,2021-10-22
ALB464820,BLUE TAPE,album,2024-04-05
ALB897878,"Machete Mixtape, Vol. 3",compilation,2014-09-23
ALB955888,Fenomeno,album,2017-04-07
ALB155635,LA PROSSIMA VOLTA (64 Bars),single,2021-05-05
ALB832565,Bottiglie Vuote (feat. Max Pezzali),single,2025-04-11
ALB187404,TRENCHES BABY,album,2023-03-10
ALB848160,Planet Pit (Deluxe Version),album,2011-06-17
ALB531352,LOCURA,album,2024-11-26
ALB366885,DISSING GEMITAIZ,single,2024-11-08
ALB434329,TUTTA VITA,album,2024-10-25
ALB606501,Pose,single,2024-09-27
ALB576889,"Il mio sfogo, Pt. 2 (Re-Edit) Episodio II",single,2018-07-01
ALB563215,Tradimento 10 Anni - Reloaded,album,2016-06-10
ALB140380,Requiem,album,2015-01-12
ALB840802,Cosa resterà degli anni 80,album,1989-02-07
ALB259331,Affare Romano Zero,album,2014-02-14
ALB845975,Disconnect,single,2016-02-26
ALB782244,"Watch Me (Whip, Nae Nae, Yeet) - Single",single,2015-03-06
ALB756238,Universal Soldier,album,2002-01-01
ALB211977,PETER PARKER FREESTYLE,single,2025-03-19
ALB304132,Demon Days,album,2005-05-23
ALB716687,Re Mida,album,2019-03-01
ALB122061,Before I Forget,album,2012-10-26
ALB167946,Machete Mixtape Gold Edition,compilation,2015-10-30
ALB650087,Black Panther The Album Music From And Inspired By,album,2018-02-09
ALB550540,Summer Workout 2024,compilation,2024-08-01
ALB756459,Kepler (Gold Edition),album,2014-11-25
ALB572454,Temporale,album,2017-12-22
ALB948462,LA BELLAVITA,album,2025-03-28
ALB217615,64 BARRE IN FACCIA (Red Bull 64 Bars),single,2024-09-05
ALB938740,FERITE,album,2024-05-03
ALB220120,MM Vol. 4,album,2021-11-12
ALB375654,Pour l'amour,album,2018-06-22
ALB981287,Bianco/Gospel,single,2020-07-30
ALB626885,DE PUTA MADRE 2,single,2024-10-04
ALB364374,RANCH,album,2025-05-09
ALB449470,Profumo,single,2019-04-23
ALB820715,I've Tried Everything But Therapy (Part 1),album,2023-09-15
ALB132904,In auto alle 6:00 (feat. Lazza),single,2025-05-02
ALB265003,Coldharbour Selections Part 29,compilation,2012-09-03
ALB718204,COME SE NULLA FOSSE (feat. Pablo CT1),single,2022-03-16
ALB653810,Hybrid Theory (Bonus Edition),album,2000-10-24
ALB473117,UTOPIA,album,2023-07-28
ALB917806,Anxiety,single,2025-03-05
ALB716692,Come Dancing with the Kinks (The Best of the Kinks 1977-1986),compilation,1986-06-01
ALB684074,Want You,single,2016-07-22
ALB857590,Playlist,album,2018-11-09
ALB305848,Lotus,album,2025-06-06
ALB169944,Luga Pandemic,single,2023-01-01
ALB896816,The Ascent,album,2013-03-29
ALB971095,BlackJack,album,2010-02-21
ALB622280,FDTCK - Red Bull Posse,single,2024-07-26
ALB495024,Nuovo Nuovo,album,2007-02-16
ALB864432,BV2,album,2015-03-06
ALB379719,FACILE,album,2022-02-14
ALB137554,ELO,album,2020-05-21
ALB931908,Kanaglia,album,2018-07-06
ALB673982,ELO OVERTIME,album,2021-03-19
ALB679729,Drip,single,2019-05-31
ALB502460,GOBLIN,album,2024-11-08
ALB394171,Dio perdona io no,album,2019-10-25
ALB793146,Nove Chiamate,album,2023-01-13
ALB335749,DE PUTA MADRE 3,single,2024-10-11
ALB645018,JANNIK SIPPER,single,2024-12-19
ALB984632,Candy (feat. Snappy Jit),single,2016-06-24
ALB843216,FERITE,album,2024-05-03
ALB768704,Ambara$,album,2016-04-08
ALB188994,Battiti,single,2022-06-09
ALB900210,Prova del 9 (feat. Tony Boy),single,2023-12-08
ALB214071,Mr. Komparema,single,2023-11-10
ALB862185,DIO LO SA,album,2024-06-07
ALB353140,Spotify Singles,single,2019-04-17
ALB285353,BLA o CAP (feat. Low-Red),single,2025-06-06
ALB395938,T'as vu,album,2007-05-28
ALB300541,Giorni Nel Blocco,single,2022-09-08
ALB516371,Tarantelle,album,2019-05-03
ALB720239,Stále Sme To My,album,2020-12-14
ALB425664,SANTANA MONEY GANG,album,2025-04-10
ALB712949,Junkie Spiderman,single,2024-03-14
ALB791263,Sfera Ebbasta,album,2016-09-09
ALB713406,MM Vol. 2,album,2016-11-11
ALB891642,Last Bonus Track,single,2022-02-25
ALB819818,Toto D'favela,single,2024-01-03
ALB735994,Che io ci aiuti,album,2020-07-24
ALB651067,Tropico Del Capricorno,album,2025-01-10
ALB797612,Tutti i Nomi del Diavolo,album,2024-11-01
ALB655207,Down On The Beat,single,2023-08-24
ALB866839,Santeria,album,2016-06-24
ALB906846,EMO BOY,single,2023-08-25
ALB243127,Trap de calle,compilation,2025-06-06
ALB853822,The View,single,2017-07-21
ALB510321,BV3,album,2020-10-02
ALB390028,BV2,album,2015-03-06
ALB241473,SERENATA,single,2025-05-30
ALB316279,Duet (Deluxe Edition),compilation,2014-10-14
ALB681545,North of Loreto,album,2019-05-24
ALB249196,Machete Mixtape Gold Edition,compilation,2015-10-30
ALB959255,This Is Elodie,album,2020-05-12
ALB608413,FORBIDDEN MEMORIES,album,2025-01-03
ALB870802,Dedalo (remake),album,2019-12-02
ALB656112,LONEWOLF,album,2024-05-30
ALB887270,17,album,2020-09-18
ALB533835,Stonehenge,single,2023-05-12
ALB251570,Hybrid Theory (Bonus Edition),album,2000-10-24
ALB997065,Il tempo cura,single,2024-08-23
ALB393999,Going Hard 3,album,2024-12-06
ALB281650,Umile (Deluxe),album,2023-10-20
ALB637513,Umile,album,2023-07-07
ALB651280,I Nomi del Diavolo,album,2024-03-01
ALB569191,Going Hard 2,album,2021-09-02
ALB725167,NOSTALGIA (export),album,2024-02-23
ALB195990,Wet (feat. Glocky),single,2025-01-24
ALB868360,SEMPRE PIÙ UP,single,2025-04-04
ALB679763,Routine,single,2019-12-06
ALB100157,Mademoiselle,single,2025-02-14
ALB213409,Everybody Loves Ice Prince,album,2011-10-09
ALB280825,Non C'è Futuro,single,2019-06-07
ALB839415,Emozioni,single,2022-04-15
ALB245940,Going Hard,album,2020-10-16
ALB530504,The Leaks,album,2015-05-26
ALB531435,SANTANA MONEY GANG,album,2025-04-10
ALB236313,Suite,single,2019-03-22
ALB922472,Too Clean,album,2025-06-13
ALB685692,Quarto di Bue,album,2023-05-11
ALB515835,Bieber Fever,album,2024-05-30
ALB872212,Fratello,single,2019-10-25
ALB669685,1999,single,2020-02-21
ALB163611,EP 5/6 (feat. Tony Boy),single,2024-04-05
ALB663337,Tony Parenti and His Downtown Boys and His New Orleans Quartet,album,1999
ALB451256,NELLA TRAPPOLA (Red Bull 64 Bars),single,2025-06-06
ALB388073,MANDEM,single,2021-10-15
ALB683149,Senza Invito,single,2022-05-13
ALB272798,LAX,album,2008-01-01
ALB360165,Rock’n’roll,single,2023-10-31
ALB316079,The World Is Yours 2,album,2022-05-25
ALB443868,Shawty Rxk Too 2,album,2021-12-11
ALB254543,Vincere Adesso,single,2022-06-17
ALB988980,UGK (Underground Kingz),album,2007-08-07
ALB217637,Plata o Plomo,single,2017-11-17
ALB782335,Champagne,single,2020-01-15
ALB254634,Still Taking Risks,album,2021-05-07
ALB615760,Containers,album,2024-10-10
ALB100900,Glocky vs Kiddo,album,2024-11-06
ALB141883,Dangerously In Love,album,2003-03-10
ALB230756,Futuro,single,2018-12-21
ALB435846,Gin & Cassettes,album,2021-09-17
ALB956718,Lontano,single,2018-09-21
ALB855601,Detroit 2 (Deluxe),album,2022-09-19
ALB386438,Tasche Piene,single,2022-02-25
ALB796870,YANG,album,2020-10-16
ALB571184,Milano Angels,album,2024-09-06
ALB848880,Crazy Boy 222,single,2023-02-22
ALB145552,I.L.T.G. (I Love This Game),single,2015-04-27
ALB154580,Mixtape Messiah 3,album,2007-07-18
ALB193343,Rolling 200 Deep,single,2023-11-03
ALB337434,Due Cose,single,2023-11-09
ALB670926,a me mi piace (feat. Manu Chao),single,2025-05-09
ALB478967,Baby Face Killa,album,2012-09-25
ALB218847,We Are Young Money,album,2009-01-01
ALB910432,Bigger Bag,single,2022-10-21
ALB949896,Crescent City Jewels,album,2024-08-30
ALB132429,Street Casted,single,2023-05-19
ALB104416,Street Boy,single,2022-08-05
ALB627898,Skinny,single,2023-04-05
ALB448474,Senza respiro,album,2007-03-02
ALB247313,Predators,single,2020-05-22
ALB333679,CARAS VEMOS (Remix),single,2020-06-26
ALB195792,"stories, dreams, inspirations: for my boy",album,2024-04-12
ALB382642,Comuni Mortali,album,2025-04-18
ALB296535,LA BELLAVITA,album,2025-03-28
ALB651896,Amore vero,album,2006
ALB197521,Si fa presto a dire... Brusco,album,2003-09-01
ALB633973,Mi accendo (feat. Gemitaiz) - prod. Frenetik&Orang3,single,2021-02-12
ALB263127,Playlist,album,2018-11-09
ALB296687,Fino All'Alba,album,2011-06-14
ALB215602,Quattroemezzo,album,2009-06-04
ALB915537,All In (Compilation),compilation,2017-04-14
ALB511694,Mappamondo,album,2021-06-11
ALB652010,Tutto apposto,album,2013-05-28
ALB483461,Kilimanjaro (ft. Ensi),single,2022-03-04
ALB155963,"Nun te resisto - Brusco, Tormento, 1Drop",single,2022-07-29
ALB934569,Monster,album,2013-04-09
ALB566349,Enemy,album,2018-04-13
ALB813730,Localz Only,album,2015-06-01
ALB689093,La calda notte,album,2005-08-06
ALB233745,Verano Zombie,album,2007-01-01
ALB567903,Non Dormire,album,2005-01-01
ALB572739,Guilty,album,2010-01-01
ALB385134,B.B.C. Project,single,2011-03-28
ALB775214,Monster Reloaded,album,2014-10-28
ALB525038,VIRUS,album,2022-01-14
ALB294836,La Divina Commedia,album,2023-06-02
ALB707903,"Strafatti: The Mixtape, Vol. 4",album,2022-06-24
ALB679713,BLOCCO 181 – ORIGINAL SOUNDTRACK,album,2022-05-27
ALB777009,Volare,album,2022-05-18
ALB572286,Ministero dell'Inferno,compilation,2008-03-13
ALB804207,Guardami adesso (Prod. Sine),single,2021-05-28
ALB988738,GRAN TORINO (Red Bull 64 Bars),single,2024-02-02
ALB670977,Desde Rusia Con Amor,album,2012-01-01
ALB492543,1 Life 2 Live,album,2015-10-15
ALB210455,CVLT,album,2023-11-03
ALB493473,Zero Kills,album,2014-11-11
ALB869962,INNOCENTE (Deluxe Edition),album,2023-10-13
ALB556044,Quello Che La Gente Non Vuole,album,2009-05-05
ALB306685,Pura Vita,album,2008-08-12
ALB726379,Musica per ciechi muti e sordi,album,2010
ALB627266,Mixtape Messiah 5,album,2008-11-23
ALB634330,Die Hard,album,2013-07-19
ALB704193,I Piu' Corrotti,album,2010-06-21
ALB209433,"Machete Mixtape, Vol. 3",compilation,2014-09-23
ALB829115,Lotta medievale,album,2013-07-16
ALB472641,Ho Fatto Tardi,album,2020-07-03
ALB353283,Jack uccide,album,2016-03-18
ALB493128,Sedicinoni,album,2024-04-19
ALB470745,MACHETE MIXTAPE 4,album,2019-07-05
ALB704296,V.Ita,album,2009-10-10
ALB403475,Inferno 9,album,2016-06-10
ALB830994,Thank Bax it's Friday,single,2017-10-06
ALB124953,"Machete Mixtape, Vol. 3",compilation,2014-09-23
ALB655264,Cose dell'Altro Mondo,album,2012-10-02
ALB458573,26.2,single,2022-01-16
ALB289627,MI Fist (2004 Remaster),album,2003-01-03
ALB441316,"When the Smoke Clears: Sixty 6, Sixty 1",album,2000-06-13
ALB938652,"Street Collection, Vol. 2 (2008 Remastered)",compilation,2019-10-25
ALB952336,Su le mani x l'hip hop italiano,compilation,2011-01-01
ALB561341,Politicali Correct,album,2021-06-01
ALB922788,Human Animal,album,2006-09-26
ALB732715,EP 6/6 (feat. Jack The Smoker),single,2024-10-18
ALB399149,F.D.P.,album,2012-10-17
ALB211938,Solitario,album,2018-06-26
ALB566461,fuorilegge,single,2025-02-12
ALB894214,Empatia,album,2012-05-14
ALB916913,Hip Hop Motel,compilation,2006
ALB810173,Monday To Friday Hip Hop,compilation,2017-02-07
ALB388849,R-Esistenza,album,2019-11-22
ALB957140,Tale e Quale,album,2012-12-20
ALB631667,Total Devastation,album,1993-12-07
ALB174265,"Tristemente Noto, Vol. 2",album,2011-12-01
ALB362832,I.N.R.I.,album,2011-09-11
ALB352529,"The Newkingztape, Vol. 1",album,2017-11-17
ALB189242,Faccio un casino,album,2017-05-05
ALB275634,Niente che non va,album,2015-09-04
ALB859875,Lovebars,album,2023-09-08
ALB240541,Status,album,2015-02-10
ALB421969,È sempre bello,album,2019-03-29
ALB715052,Non erano fiori,album,2013-06-11
ALB241562,QVC Collection,album,2018-03-30
ALB128701,Piangere a 90,single,2025-05-08
ALB642662,Volare,album,2022-05-18
ALB655115,From the Rooftop,album,2016-12-02
ALB620725,Mal di te,single,2025-01-17
ALB360179,piccoli problemi,album,2023-12-15
ALB124109,LA BELLAVITA,album,2025-03-28
ALB411834,Containers,album,2024-10-10
ALB354658,Ti manca l’aria,single,2025-04-04
ALB447946,Fino Al Collo,album,2012-03-27
ALB923998,Undamento 01,single,2016-06-28
ALB748506,Bottiglie Vuote (feat. Max Pezzali),single,2025-04-11
ALB689284,1998,album,2025-06-13
ALB930673,LOYALTY,album,2021-12-10
ALB274556,Senza mani,single,2012-09-24
ALB703903,SANTANA MONEY GANG,album,2025-04-10
ALB966395,Spotify Singles,single,2020-01-09
ALB388175,Guerra fra poveri,album,2006-11-17
ALB760031,From The Rooftop 2,album,2022-10-14
ALB538905,Torcida,single,2024-05-10
ALB794718,SEXY RAVE (feat. Baby Gang),single,2025-04-11
ALB315361,a me mi piace (feat. Manu Chao),single,2025-05-09
ALB494757,Hurry Up Tomorrow,album,2025-01-31
ALB459932,Il mio lato peggiore,album,2025-05-16
ALB614314,TU CON CHI FAI L'AMORE,single,2025-02-12
ALB390698,Sorry Mamy,single,2019-10-21
ALB531682,Dentro e fuori,album,2015-06-02
ALB359624,Malammore,album,2016-07-15
ALB169342,Gata Only,single,2024-02-02
ALB574376,Faccio un casino (TJ Unicorno Remix),single,2017-12-27
ALB403000,M' Manc (con Geolier & Sfera Ebbasta),single,2020-06-11
ALB448051,Non Ci Sto,single,2019-08-29
ALB291784,"KRIMINAL (feat. Guè, Gemitaiz & Samurai Jay)",single,2020-04-09
ALB373991,"La Mia Parola (feat. Guè, Joshua, Tormento)",single,2025-02-12
ALB362603,"Hope (feat. Izi, Joshua)",single,2024-10-03
ALB431556,Cuore,single,2022-06-23
ALB378312,"Spirito Libero (feat. Guè, Joshua, Tormento)",single,2025-05-07
ALB327656,Thori & Rocce,album,2011-01-01
ALB188709,Immobile,single,2010
ALB291734,Swan Songs (Collector’s Edition),album,2011-01-01
ALB282458,Pimper's Paradise (feat. Tommy Dali),single,2020-04-14
ALB679397,TAXI DRIVER,album,2021-11-30
ALB755745,The Second Feeling,album,2008
ALB927157,Mate y Espíritu,album,2016-01-22
ALB831668,Apogeo,compilation,2016-01-12
ALB925966,Llena Mi Vida,single,2019-01-18
ALB689671,RAP ITALIANO 2010-2020 HITS Vol.1,compilation,2022-10-11
ALB544175,Golpes de Realidad,album,2021-09-17
ALB378902,MM Vol. 2,album,2016-11-11
ALB274889,Back Home,album,2018-02-02
ALB437444,Doppelganger,album,2015-09-11
ALB731549,MM Vol. 4,album,2021-11-12
ALB345748,MM Vol. 3,album,2019-02-01
ALB923034,Into the Blues,album,2007-04-13
ALB583080,Saviour Machine,album,2004-01-01
ALB480668,Soldi in Nero (feat. Sfera Ebbasta),single,2019-11-28
ALB689926,Kepler,album,2014-05-27
ALB327273,Hangman,single,2018-02-28
ALB593702,Into the Enchanted Chamber,album,2005-01-01
ALB331031,For Honor,single,2017-02-28
ALB879839,Greatest Hits,compilation,1998-01-01
ALB277954,LONEWOLF,album,2024-05-30
ALB108265,SCUSATE IL RITARDO,album,2024-09-11
ALB526550,Good Vibes,album,2019-10-18
ALB816124,It's A Beautiful Thing,album,1999-01-07
ALB479150,The Madman's Return,album,1992-01-01
ALB997576,Malammore,album,2016-07-15
ALB680098,Depresso fortunato,single,2025-05-23
ALB609362,POLAROID,single,2023-01-13
ALB149086,"Rap Game, Vol. 2 (The Takeover) [Frank White Presents the Streets Headbangerz]",compilation,2014
ALB793119,Genesis,album,2017-08-02
ALB153852,Scatola Nera,album,2019-09-19
ALB245399,EAULDIE,single,2023-05-20
ALB119108,Babywoman,album,1995-03-21
ALB271909,Tales of a Madman,album,2019-08-23
ALB212951,Happy (Instrumental Version),album,2022-06-17
ALB901929,PENKILLER,album,2025-05-23
ALB718048,Scusate per il sangue,album,2014-09-04
ALB464605,RANCH,album,2025-05-09
ALB713614,Lovesick,album,2022-12-02
ALB221861,Kamikaze,album,2018-08-31
ALB740922,Madman,single,2022-10-21
ALB685350,Ironman,album,1996
ALB747132,Centrum,album,2013-06-05
ALB100356,10,album,2023-06-29
ALB601897,"Tales from the Dale, Ch. 1",album,2019-02-11
ALB474994,"The Legalizers: Legalize or Die, Vol. 1",album,2016-04-15
ALB254717,Paninaro 2.0,album,2018-09-21
ALB120669,"Madman With 2 Chopps, Pt. 2",album,2015-10-04
ALB435533,Madreperla,album,2023-01-13
ALB407079,LAVA FREESTYLE,single,2022-06-09
ALB906101,Plus de temps à perdre,album,2025-05-16
ALB113988,The Top Gun: Lex Lakaiser,album,2022-11-11
ALB298815,"The Unforgiven, Vol. 1",album,1999
ALB898619,Habemus Capa,album,2006-01-01
ALB875508,I Nomi del Diavolo,album,2024-03-01
ALB875067,Bob Dylan's Greenwich Village,compilation,2011-06-06
ALB310782,TUTTA VITA,album,2024-10-25
ALB945319,INSANO,album,2024-01-12
ALB690327,Equality (Instrumental Mix),single,2014-11-24
ALB553351,Nonostante Tutto (feat. Elisa),single,2025-04-10
ALB635126,Madman 2,album,2025-05-25
ALB788693,Northside Melodies,album,2024-05-31
ALB102867,Doubelievengod,album,1995
ALB381106,Scenario (Remixes),album,1991-09-22
ALB476536,La Volta Giusta – Red Bull Posse,single,2025-04-18
ALB809831,Top,album,2013
ALB412673,SANTANA MONEY GANG,album,2025-04-10
ALB448348,a me mi piace (feat. Manu Chao),single,2025-05-09
ALB134882,Possibili Scenari,album,2017-11-24
ALB257979,Il Coraggio Impossibile,album,2013-03-05
ALB674870,Dragonborn,album,2018-11-16
ALB660151,MI PIACE,album,2024-09-27
ALB236571,Bataklık,album,2020-04-14
ALB804104,Footprints,single,2021-07-09
ALB488007,Containers,album,2024-10-10
ALB893964,Luga Pandemic,single,2023-01-01
ALB533487,The Black Lodge,album,2015-06-30
ALB587000,"Machete Mixtape, Vol. 3",compilation,2014-09-23
ALB531134,VERA BADDIE,album,2024-06-27
ALB700747,Upalite za mnom sveće MAC 2023,single,2023-02-01
ALB887958,La Bella e la Bestia (Unplugged Version),single,2015-07-08
ALB899049,Ragazzi madre,album,2016-11-11
ALB831884,Ragazzi madre (1 Year Anniversary),album,2017-12-15
ALB633145,1969 - Achille Idol Rebirth,album,2020-09-25
ALB966477,Pour l'amour,album,2018-06-22
ALB792077,Dio c'è (Deluxe Version),album,2015-05-26
ALB759683,Achille Idol Immortale,album,2014-12-17
ALB300130,Incoscienti Giovani,single,2025-02-12
ALB789107,Comuni Mortali,album,2025-04-18
ALB774561,1990,album,2020-07-24
ALB858696,1920 - Achille Lauro & The Untouchable Band,album,2020-12-04
ALB252324,Amore Disperato,single,2024-09-20
ALB475626,1990 (Deluxe Version),album,2020-07-24
ALB217489,LAURO (Deluxe Version),album,2021-04-16
ALB213704,Young Crazy,single,2015-04-28
ALB792496,LAURO,album,2021-04-16
ALB475654,Canzoni per la decrescita felice,album,2025-03-14
ALB309272,Fragole,single,2023-05-12
ALB554755,Banda Kawasaki,single,2024-06-28
ALB895887,SOLO NOI,single,2021-02-19
ALB784370,LA BELLAVITA,album,2025-03-28
ALB425660,STRIPPER,single,2022-03-04
ALB394964,I Nomi del Diavolo,album,2024-03-01
ALB540734,DOMENICA,single,2022-02-02
ALB178664,Genesi,compilation,2013-01-01
ALB828829,Ultimo Piano,single,2024-06-07
ALB467232,Nuovi Incubi,album,2021-09-21
ALB844572,SANTANA MONEY GANG,album,2025-04-10
ALB898676,Top,album,2013
ALB597412,LAURO - Achille Idol Superstar,album,2022-02-11
ALB818803,Tarantelle,album,2019-05-03
ALB285651,Stupidi Ragazzi,single,2023-11-03
ALB627253,FERITE,album,2024-05-03
ALB464609,Ice Climbers,album,2020-09-30
ALB914290,Che Sarà,single,2022-11-25
ALB593546,LOCKED IN,album,2024-09-26
ALB738301,FEBBRE DELL'ORO (feat. Ele A),single,2025-03-19
ALB711788,Bianco Natale,single,2014-01-13
ALB811787,Ascensore per l'inferno (feat. Coez) [Radio Edit],single,2017-01-27
ALB130338,"Banda Kawasaki Rmx (feat. Zatla, Ryuk zc, Fandy, Commando, Yambo)",single,2024-06-26
ALB283011,apnea da un po'.,single,2025-04-24
ALB630620,Dasein Sollen,album,2016-10-13
ALB984560,Io In Terra,album,2017-09-08
ALB986560,Ossigeno - EP,single,2018-07-13
ALB393813,decrescendo.,album,2025-05-22
ALB594019,Dove Gli Occhi Non Arrivano,album,2019-03-22
ALB300066,TAXI DRIVER,album,2021-11-30
ALB469677,Rossetto (Intro),single,2017-03-16
ALB524321,Liam Gallagher,single,2017-11-30
ALB941653,Non Ho Mai Avuto La Mia Età,single,2018-10-04
ALB279010,Il Tempo Vola 2002-2020,compilation,2019-10-24
ALB203558,Aeroplanini di Carta,single,2016-07-14
ALB122249,"Red Bull 64 Bars, The Album",compilation,2021-05-27
ALB815899,il ritmo delle cose.,single,2025-02-12
ALB821791,La tana del granchio,single,2025-02-12
ALB900738,"odio, quindi sono.",single,2024-12-05
ALB560433,thisisme then: the best of common,compilation,2007-11-27
ALB201288,FAME,album,2025-01-31
ALB919051,SENTIMENTI,album,2025-06-06
ALB822456,Orange County California,album,2017-01-13
ALB783794,TAXI DRIVER (MTV Unplugged),album,2021-09-23
ALB667116,Botox,album,2022-10-04
ALB923980,Come non detto (feat. Ghemon),single,2012-07-20
ALB939715,Sole a catinelle - EP,single,2013-10-31
ALB387848,Il mio lato peggiore,album,2025-05-16
ALB664662,20 Exitos Originales,compilation,2007-03-13
ALB836353,Lo Spirito Che Suona,album,2018-10-26
ALB946942,Buona Pace,album,2010-05-25
ALB257182,Heavy Metal,album,2004
ALB709013,Nuovo Nuovo,album,2007-02-26
ALB464615,Fuoco Sacro,album,2024-03-15
ALB172135,Sotto assedio,album,1999-05-21
ALB968508,Pallottole Sull’Amore (feat. Fabri Fibra),single,2024-03-01
ALB842151,Rock' N' Roll,album,2002
ALB849199,Meme K Ultra,album,2022-03-25
ALB877590,Il tappeto dava un tono all'ambiente,album,2006-07-15
ALB481290,DJ Fede Presenta Tutti Dentro... Di Nuovo,album,2013-05-28
ALB262202,Fin da bambino,album,2012-07-03
ALB325453,Fuoco Sacro (feat. Colle Der Fomento),single,2024-01-01
ALB307363,B.B.C. Project,single,2011-03-28
ALB208069,Naturale,album,2004-01-01
ALB200816,BRAVA GENTE,album,2023-06-02
ALB107716,Parkour (Lato A),album,2021-10-15
ALB531261,Resta Vivo,single,2022-05-27
ALB851442,Touché,single,2023-11-07
ALB443954,Edgar Allan Flow,album,2024-06-02
ALB208503,DJ Screw and Screwed Up Click Presents: Screwed For Life,album,1998-01-01
ALB315970,La miglior vendetta,single,2018-11-23
ALB683636,OUTSIDER,album,2023-10-10
ALB688374,GIOVANE RONDO,album,2020-10-16
ALB534093,Segunda Temporada,album,2021-06-04
ALB787306,From Dark to Light,album,2020-11-01
ALB350999,CRIMI,album,2022-05-17
ALB202415,WE THE SQUAD Vol. 1 (SUMMER EDITION),album,2022-07-22
ALB462012,Bipopular,album,2018-04-27
ALB146321,Ain't No Half-Steppin',album,2018-05-12
ALB490924,Italiano,single,2022-05-05
ALB481999,ESCI DAL TUNNEL,album,2024-10-18
ALB125011,PACIETĪBAS MĒRLENTE VOL. 2 : MEŠKO KAPRIČO,album,2018-11-11
ALB407692,PrettyBoy - EP,single,2017-06-05
ALB602095,Young Siddhartha,single,2017-05-18
ALB423172,A Time 2 Kill,album,2012-04-06
ALB104583,Persona,album,2019-10-31
ALB742089,La légende de Johnny Niuuum,album,2012-03-16
ALB790640,1998,album,2023-11-24
ALB897060,NO FAKE LOVE,single,2025-03-15
ALB448346,YANG,album,2020-10-16
ALB123575,DELINQUENTE,album,2021-08-27
ALB277242,Untouchable,album,2021-11-26
ALB841284,May 24th,single,2019-01-03
ALB592475,Casus Belli,album,2013-02-05
ALB979051,Supercar Gattiger (Main Theme),single,2017-10-04
ALB619602,ALBV,single,2023-03-24
ALB447239,Cookie Monsta,single,2017-05-18
ALB736509,YIN,single,2019-10-04
ALB331527,?,album,2018-03-16
ALB979676,SANTANA MONEY GANG,album,2025-04-10
ALB346116,Rozzi,single,2019-09-11
ALB961139,WE DON'T TRUST YOU,album,2024-03-22
ALB218312,Genesis EP,single,2016-03-04
ALB343645,American Gangster,album,2007-11-06
ALB548792,Me & My Brother,album,2003-09-16
ALB248255,The Next Rap God 2,single,2021-11-24
ALB667179,Sete,single,2025-04-29
ALB176814,From Here On Out,album,2020-12-18
ALB730400,FEDE,album,2023-04-28
ALB804926,60 Hz,album,2004-01-07
ALB977798,Centerfold Sickness,album,2025-02-18
ALB128759,Ma 6-t va crack-er (Bande originale du film),compilation,1997-01-01
ALB146765,<3,single,2022-12-11
ALB551511,"Nothing But... Fuego for the Terrace, Vol. 24",compilation,2024-09-27
ALB430243,Eu Nem Gosto Tanto Assim de Trap,album,2020-06-25
ALB501990,Giovani Wannabe,single,2022-05-27
ALB646997,Money Maker Reloaded,album,2012-12-21
ALB498537,93 'til Infinity,album,1993-02-13
ALB461788,Desierto,album,2021-04-23
ALB593383,Late Night,single,2021-12-12
ALB858106,KINTSUGI,album,2024-05-10
ALB311669,È (BANGER),single,2024-04-19
ALB403583,Omnipotenz in D-Moll,album,2008-01-31
ALB298771,X2VR,album,2023-11-17
ALB839304,V per Ventidue,album,2025-05-09
ALB549348,radio vega,album,2025-03-14
ALB953868,Aeternum,album,2025-02-07
ALB895851,La Differenza,album,2019-11-15
ALB988908,Act 1,album,2020-07-07
ALB553467,Mozart: Don Giovanni,album,1997-01-01
ALB646924,Revolution,single,2025-02-04
ALB606095,Puccini: Gianni Schicchi,album,2015-03-18
ALB147434,S.U.N.S.H.I.N.E.,single,2015-07-16
ALB599065,Musica per bambini,album,2018-06-01
ALB694962,XENOVERSO,album,2022-04-14
ALB286064,Silenzio,album,2013-05-07
ALB639293,La morte di rinquore (14/2/08),single,2016-07-15
ALB683647,Non esistono,single,2014-03-18
ALB347688,Luce (Tramonti A Nord Est) (feat. La rappresentante di lista),single,2020-02-05
ALB442609,Seguime / Remind 2006,album,2016-06-10
ALB634275,Elettrico,album,2011-04-15
ALB395740,Tengo il respiro,single,2015
ALB262335,Acustico,album,2010-01-01
ALB827264,Never Die,album,2023-12-15
ALB568457,Razza Aliena,single,2020-05-24
ALB238879,Il Cuore e la Fame (DIECI - Ten Year Anniversary),album,2023-10-27
ALB905994,Dei nuovi animali,album,2011-10-24
ALB116732,PEZZO DI FIGA,single,2020-06-10
ALB622003,Niente di buono,single,2020-08-05
ALB714800,La Divina Commedia,album,2023-06-02
ALB802411,California Roll,single,2018-11-30
ALB237054,Non Siamo Più Quelli Di Mi Fist,album,2014-01-01
ALB264054,Il Cielo Della Vergine,album,1994-12-01
ALB416056,Comuni Mortali,album,2025-04-18
ALB308494,Dead poets,album,2016-12-20
ALB378824,PENKILLER,album,2025-05-23
ALB583928,Sinatra,album,2018-11-29
ALB882193,Yolandi,single,2022-05-20
ALB282909,Chocolate Starfish And The Hot Dog Flavored Water,album,2000-10-17
ALB978667,Hera,single,2021-11-25
ALB801949,DIO LO SA,album,2024-06-07
ALB226523,Made In Italy,album,2004-01-01
ALB875928,MY LANE,album,2024-03-01
ALB494662,Just Joshin,single,2023-01-01
ALB111199,Bollicine (Remastered),album,1983
ALB631040,Hocus pocus,album,2010-01-17
ALB852390,Crack Musica,album,2016-03-10
ALB471379,The Dark Album,album,2016-10-31
ALB647920,Twins,album,2017-06-23
ALB353672,Trap Lovers,album,2019-03-01
ALB574026,Sick Side,album,2018-01-05
ALB560498,DARK BOYS CLUB,album,2020-09-04
ALB262191,Succo Di Zenzero,album,2016-05-19
ALB957340,Hyper Sanremo,single,2025-02-04
ALB198196,La Mia Vita Rap,album,2018-12-25
ALB219122,Trap Lovers (Reloaded),album,2019-05-24
ALB578692,Black Mask,single,2017-12-11
ALB825779,Fiumi,album,2017-12-30
ALB658978,Supereroi,album,2017-02-17
ALB223295,La trap come il PIL,single,2022-01-07
ALB858265,Dio perdona io no,album,2019-10-25
ALB921367,"Dobrá Duše, Srdce ze Zlata",album,2019-12-06
ALB666017,TARANTINO (Personal 64 Bars),single,2025-02-07
ALB113930,SurreAle,album,2021-08-27
ALB584303,THE NOIR SIDE,album,2025-05-31
ALB384607,Scienza Doppia H,album,1998
ALB311806,Anima E Ghiaccio,album,2012-02-01
ALB699010,Adversus,album,2018-11-16
ALB879424,Odio Pieno,album,1997
ALB809093,Incompatibile (Hip Hop selection),compilation,2002-01-01
ALB679725,Dead poets,album,2016-12-20
ALB306382,Bentornati nel paese dei mostri,album,2003
ALB901910,"Solo lei ha quel che voglio 2021 (feat. Tiziano Ferro, Guè & Marracash)",single,2021-05-27
ALB634412,Originali,album,2021-06-03
ALB550050,Sotto effetto stono,album,1997-03-10
ALB242514,La mia coccinella,single,1994-11-13
ALB488545,Sotto lo stesso effetto,album,1999-01-21
ALB815057,Playlist: Sottotono,compilation,2016-11-25
ALB325164,...In teoria,album,2001-03-02
ALB423463,fuorilegge,single,2025-02-12
ALB922452,WE 2FLY,single,2024-08-02
ALB573556,Eclissi,album,2022-05-12
ALB165844,Pensando a te Rap Italiano Game Over,compilation,2022-02-11
ALB576622,Balorda nostalgia,single,2025-02-12
ALB177501,CUORICINI,single,2025-02-12
ALB953252,Il mio lato peggiore,album,2025-05-16
ALB853754,LOCURA (Jam),album,2025-06-04
ALB174591,Ciao Ciao,single,2022-02-02
ALB494151,Sindrome di Tôret,album,2017-10-06
ALB549635,La Cura,album,2021-12-03
ALB995656,Goleador (Gold Edition),album,2019-07-19
ALB392857,"The Illest, Vol. 3",album,2023-01-27
ALB759762,SFIGA,single,2022-06-17
ALB930955,Diamanti e fango,album,2019-11-15
ALB335900,Io Grido,album,2011-05-03
ALB171372,Segnali di fumo,album,2017-05-03
ALB980743,Elder's Advice,single,2024-11-13
ALB718358,Perché Si,album,1999-12-20
ALB302396,MUSICA ETERNA,album,2024-11-29
ALB480737,ABC,single,2021-12-16
ALB284574,Piccolo principe,album,2024-01-26
ALB890500,PRIMA FILA,album,2022-10-14
ALB678774,Jenny e la bambola,album,1974-07-27
ALB242246,XDVR Reloaded,album,2015-11-23
ALB468164,Don't Worry (Best of 2005-2020),compilation,2020-12-10
ALB362909,Ajo,single,2023-07-25
ALB985392,SANTANA MONEY GANG,album,2025-04-10
ALB762143,Luna Lovers,album,2023-10-06
ALB820399,Vicarium,album,2023-04-14
ALB353748,FERITE,album,2024-05-03
ALB111094,DAJE ANDRE!!!,single,2024-12-12
ALB408923,VERA BADDIE,album,2024-06-27
ALB507314,Anna Pepe,single,2022-05-27
ALB407078,Northside Melodies,album,2024-05-31
ALB184543,The Muppet Cypher,single,2023-02-12
ALB423205,Lovesexy,album,1988-05-10
ALB462519,HO LA HIT (feat. Massimo Pericolo),single,2022-04-07
ALB607928,Birds In The Trap Sing McKnight,album,2016-09-16
ALB675994,sneakz,single,2024-10-30
ALB939744,Ho Visto Anche Degli Zingari Felici,album,2007-03-14
ALB517470,BALAKLUB - what up,single,2021-11-18
ALB880044,LISTA 47,album,2022-06-16
ALB107747,Mafia Slime 2,album,2025-01-17
ALB833270,Tip Tap,single,2024-11-29
ALB990828,Trap Fatta Bene,album,2024-04-19
ALB443998,Gesù Bambino,album,2022-10-07
ALB332371,DEMON THALES,album,2024-02-29
ALB804246,Terrorista,single,2020-08-03
ALB218898,KG,album,2025-05-29
ALB822860,Per non Morire Mai,single,2020-03-31
ALB569476,BIGTEAM BIGDREAM,single,2025-05-04
ALB539851,Capra Records Toaster and Dj's Vol. 1,compilation,2023-01-25
ALB880285,Genkidama,album,2017-07-25
ALB150178,Triste,album,2019-05-17
ALB615551,Ubriaco (per davvero),single,2020-08-06
ALB279606,Me ne batto r'belin,single,2020-07-09
ALB825898,Paninaro 2.0,album,2018-09-21
ALB560706,Ragazzi popolari,single,2020-07-23
ALB561592,Nella Pancia Della Balena (con The Kolors),single,2020-05-29
ALB634486,Canzoni Popolari,single,2021-02-12
ALB860312,Zanzare (feat. Jacopo Et),single,2020-08-20
ALB487661,Légende Ed. Diamond,album,2022-11-25
ALB696420,SANTANA MONEY GANG,album,2025-04-10
ALB744805,FERITE,album,2024-05-03
ALB309568,SPIETATO,single,2023-05-26
ALB806131,"COUNCIL ESTATE, VOL. 2",single,2023-07-07
ALB194499,Il mio lato peggiore,album,2025-05-16
ALB127232,Pezzi,album,2017-12-08
ALB845005,LA CARA DEL MOVIMIENTO,album,2025-04-04
ALB370979,Tutti Manifesti,album,2019-07-12
ALB491856,Il giorno dopo (Gli Indimenticabili),album,1973
ALB963726,FOMO,album,2025-06-13
ALB981472,Scusate,album,2020-04-30
ALB984863,Fruit Joint,album,2018-07-20
ALB537625,Scusate se esistiamo,album,2020-05-29
ALB985747,The Waiter,album,2017-05-19
ALB771095,Teoria Del Contrario Mixtape Vol. 3,album,2025-01-31
ALB527032,Fruit Joint + Gusto,album,2019-01-18
ALB501300,GTA VI (feat. Mattak & Madman) – Prod. Kanesh,single,2025-01-17
ALB872014,ANNO ZERO,single,2021-07-02
ALB645233,Latte Freestyle,single,2017-07-14
ALB804106,Teoria Del Contrario,album,2016-10-15
ALB297838,Teoria Del Contrario Mixtape Vol. 2,album,2023-03-17
ALB252626,Ultimo piano,album,2023-12-15
ALB947059,MACHETE MIXTAPE 4,album,2019-07-05
ALB976452,LUNA NERA,single,2021-09-24
ALB447037,FACCE VERE (feat. nayt),single,2022-03-15
ALB263393,FAIV,album,2022-06-03
ALB122865,X2VR,album,2023-11-17
ALB861306,Fantino Freestyle,single,2017-04-06
ALB261790,Bluetooth Freestyle,single,2017-04-06
ALB600796,SANDRO TONALI,single,2022-04-29
ALB804352,Ultimo Piano B,album,2024-07-12
ALB155638,00,single,2024-04-03
ALB370362,Playlist,album,2018-11-09
ALB776897,Hellvisback,album,2016-02-05
ALB941329,Playlist Live,album,2019-12-06
ALB764244,Hellvisback Platinum,album,2016-11-25
ALB747504,Pippat,single,2022-05-31
ALB873589,Midnite (Deluxe Version),album,2013-04-02
ALB217602,The Island Chainsaw Massacre,album,2011-02-01
ALB538232,FLOP,album,2021-10-01
ALB479000,MACHETE MIXTAPE 4,album,2019-07-05
ALB305012,CVLT,album,2023-11-03
ALB609803,Estate dimmerda,single,2017-07-21
ALB559664,"Machete Mixtape, Vol. 3",compilation,2014-09-23
ALB627907,Machete Mixtape Gold Edition,compilation,2015-10-30
ALB920399,23 6451,album,2019-11-15
ALB884628,RANCH,album,2025-05-09
ALB773753,Fenomeno,album,2017-04-07
ALB617563,Death USB,album,2012-06-30
ALB380497,CVLT - HELLRAISERS,album,2024-05-17
ALB470222,BLOCCO 181 – ORIGINAL SOUNDTRACK,album,2022-05-27
ALB281428,S.A.L.M.O. Documentary,album,2014-06-17
ALB166665,64 BARRE DA CENSURA (Red Bull 64 Bars),single,2024-05-10
ALB551061,Rap Italiano Game Over Spring 2024,compilation,2024-11-03
ALB194006,Salmos 999,single,2024-01-01
ALB939451,I've Tried Everything But Therapy (Part 2),album,2025-01-24
ALB155834,In Un Solo Attimo,album,2018-02-01
ALB908358,A TE E FAMIGLIA,single,2023-12-29
ALB851093,Earth Hotel,album,2014-10-17
ALB421154,Daniel 2.21,single,2023-07-24
ALB160809,VAMONOS!!!,single,2023-11-30
ALB225513,Salmo Unplugged,album,2023-05-29
ALB500323,I Nomi del Diavolo,album,2024-03-01
ALB626830,Converse Com Deus,album,2018-06-06
ALB853343,Stay Real (Veramente Però),single,2022-12-23
ALB468725,GarbAge Evilution,album,2021-02-12
ALB336357,Mare Nero,album,2017-06-06
ALB448101,Live Herald,album,2007-01-01
ALB926644,Lehár: Die lustige Witwe,album,1994-01-01
ALB121109,Background,album,2002-01-01
ALB858577,FLUSSI D'INCOSCIENZA,album,2020-08-21
ALB348672,X.O. Experience,album,2001-05-25
ALB322306,BLO II,album,2020-11-27
ALB302071,Parrandero,album,2013-09-18
ALB364742,Snake Tongue,single,2024-07-25
ALB692180,Free Blank Shots,album,2010-02-07
ALB650634,i am the one here,single,2024-09-20
ALB803644,The Island Chainsaw Massacre (The Ultimate Reloaded),album,2014
ALB759017,PENSIERI SCOMODI (feat. Tony Boy),single,2025-05-23
ALB281899,Janvier,single,2021-05-05
ALB415944,La Evolucion Musical,album,2010-11-16
ALB331248,Maria Antonietta / Torno Domani,single,2017-03-21
ALB571359,Brava,album,2019-04-19
ALB604996,Amica Pusher,single,2017-06-06
ALB383038,Torno Domani - EP,single,2017-11-03
ALB113397,Rendez-vous,single,2020-03-05
ALB341653,Lama d'argento,single,2022-06-23
ALB468466,Fata Morgana (RMX),single,2020-04-22
ALB144567,Tutto bene,single,2023-06-01
ALB182685,Spezza cuori,single,2025-01-03
ALB343958,The Smash Records Story Vol 2,compilation,2000-01-01
ALB318322,Maria Antonietta (Re-Edit),single,2018-03-21
ALB459571,Acqua su marte,single,2019-03-29
ALB545112,Dentro e fuori,album,2015-06-02
ALB222183,Nella fossa,single,2014-04-03
ALB317497,Fredda,single,2017-07-14
ALB366591,Per quel che ne so,single,2019-11-22
ALB672692,Il mio diario (Giorno),album,2006-01-01
ALB866752,2 Gocce di vodka,single,2019-07-26
ALB444172,Alibi,album,2007-06-29
ALB975976,Il mio diario (Notte),album,2006-01-01
ALB296062,Hip Hop Motel,compilation,2006
ALB995520,Non è finita qui,single,2021-02-26
ALB328836,Corri,single,2022-02-25
ALB553793,Alibi+bonus track,album,2007-06-29
ALB387448,LOCURA,album,2024-11-26
ALB955497,Vieni qua,single,2025-04-18
ALB382983,"Estate 2019 (Raccolta canzoni estive, canzoni da spiaggia, musica del momento giugno luglio agosto)",album,2019-06-07
ALB185917,E' complicato,single,2021-01-26
ALB988113,PRIMA DEL PRIMA,album,2025-02-07
ALB880510,Rolling Papers (feat. Tormento),single,2025-04-04
ALB656206,The Flowering of Love - Beautiful Arias and Sacred Songs of the Baroque,compilation,2000-01-01
ALB583405,Torcida,single,2024-05-10
ALB844233,Misantropo a senso unico,album,2000-10-13
ALB477826,Qui è selvaggio,album,2011-01-01
ALB652338,Psicotropa,single,2021-03-05
ALB791377,Sotto effetto stono,album,1997-03-10
ALB332735,C U ☉ R E,album,2024-11-27
ALB101277,Tormentoni,compilation,2013-07-08
ALB533400,Il mio lato peggiore,album,2025-05-16
ALB131445,Disco X,album,2023-06-09
ALB768964,B-Lady,album,2009-11-20
ALB838093,Karmadillo (feat. Caneda & Tormento),single,2017-06-23
ALB710122,Alieno,single,2024-12-06
ALB552733,Predators,single,2020-05-22
ALB937921,Suicidol,album,2015-05-26
ALB610821,Danger,album,2013-07-16
ALB796903,GarbAge,album,2020-03-06
ALB555047,No Comment,album,2018-01-12
ALB535438,Suicidol Post Mortem,album,2016-06-03
ALB487036,GarbAge Evilution,album,2021-02-12
ALB375493,BV3,album,2020-10-02
ALB617769,Lucifero (prod. Yazee),single,2018-10-24
ALB968558,OUTSIDER,album,2023-10-10
ALB909358,MACHETE MIXTAPE 4,album,2019-07-05
ALB346610,Rotten 2,single,2024-12-06
ALB468290,Magic boulevard,album,2019-12-12
ALB601260,Per un paio di dollari,single,2024-10-25
ALB754134,Scappa,single,2025-04-11
ALB404107,Machete Mixtape Gold Edition,compilation,2015-10-30
ALB803459,2.7.0,album,2020-09-03
ALB686917,LA BELLAVITA,album,2025-03-28
ALB758768,Accepted Eclectic,album,2001-03-06
ALB563823,LOVE,album,2018-09-21
ALB921734,Milano Angels,album,2024-09-06
ALB374681,Auto Blu,single,2020-03-26
ALB619366,Mon Fre (feat. Emis Killa),single,2019-07-19
ALB541942,Soldi in Nero (feat. Sfera Ebbasta),single,2019-11-28
ALB156181,Bossoli,single,2019-09-05
ALB318392,Routine EP,album,2020-01-31
ALB197141,Angels & Demons,single,2024-12-19
ALB589617,Syrup,single,2023-09-14
ALB697463,Milano Demons,album,2022-11-25
ALB510023,Solo,album,2018-03-26
ALB594882,Dolce vita,album,2021-06-11
ALB475094,Non sto più in zona,single,2019-10-03
ALB806440,Motta Shiva Ketta Shiva (Original Motion Picture Soundtrack),album,2017-05-02
ALB772444,Dark Love EP,album,2022-06-24
ALB692632,MILANO TESTAROSSA (feat. Guè),single,2024-07-19
ALB696336,Santana Season,album,2023-06-09
ALB135956,Aston Martin (feat. Headie One),single,2021-12-17
ALB477616,Take 1,single,2020-07-09
ALB889014,SANTANA MONEY GANG,album,2025-04-10
ALB671774,Radar,single,2019-01-18
ALB407462,Schiena,album,2013-01-01
ALB163711,Tempo anima,album,2017-01-27
ALB983400,3/2 - EP,single,2020-03-06
ALB576285,Take 3,single,2021-11-19
ALB239877,My Vinyl Weighs a Ton,album,1999
ALB391317,Jackson-SHIVA,single,2025-03-19
ALB264001,"EVERYDAY (feat. Shiva, ANNA, Geolier)",single,2023-10-13
ALB162844,Spirito,single,2017-05-04
ALB755742,LUCIFERO,single,2024-09-13
ALB546632,432 Blessing Time,album,2016-08-02
ALB749555,ORION,album,2019-04-19
ALB153665,Giuramenti,album,2022-05-06
ALB469274,In Piazza,single,2020-06-17
ALB500203,Luce in strada,single,2017-05-05
ALB320321,Gangsta Grillz: Mvrda Gvng,album,2023-05-19
ALB950357,Maha Shivaratri 2021: Sai Young Adults Open,album,2021-03-11
ALB671761,Pull Up,single,2024-09-11
ALB650379,Balances & Options,album,2000
ALB442211,Soundboy,album,2011-09-20
ALB932247,Eterno (En Vivo),album,2025-02-01
ALB306730,Galassie,single,2024-05-17
ALB328534,Rap de Shiva,single,2021-06-13
ALB189667,Penna Capitale,album,2006-03-15
ALB578964,Ogni maledetto giorno (Deluxe Edition),album,2017-09-01
ALB702449,Mafia Slime 2,album,2025-01-17
ALB754539,Tetsuo & Youth,album,2015-01-20
ALB904970,Creature 3D,compilation,2014-08-16
ALB747499,Fade Away,single,2014-08-30
ALB931753,Northside Dep,album,2022-07-12
ALB723234,Prima di partire,album,2003-05-23
ALB500473,"Anno Fantastico (feat. Shiva, Tony Boy)",single,2025-03-21
ALB606219,PALABREO DEL FUTURO,album,2024-08-23
ALB339717,Suit Kale Me,album,2019-07-25
ALB478795,Guai,single,2019-03-28
ALB925713,Nessuno,album,1998-05-07
ALB933808,Seven,single,2018-02-19
ALB702445,Unpodi (Remix),single,2016-04-27
ALB416665,Banditi,single,2018-03-14
ALB407931,Mozart Nella Giungla,album,2016-02-17
ALB845380,La dolce vita,album,2014-05-30
ALB785540,Il Ragazzo D'Oro,album,2011-01-01
ALB550809,Funambola,album,2007
ALB237449,Nato nell'acqua,album,2012-02-17
ALB215032,SIRIO,album,2022-04-07
ALB433747,Zoe,single,2016-11-21
ALB912659,Il cacciatore di draghi,single,2013-09-10
ALB327689,OBE,album,2021-06-17
ALB875775,70 x 70,compilation,2010-01-01
ALB925121,Nevada,album,2020-02-28
ALB883083,Diamanti,single,2017-06-07
ALB845149,Napoli,single,2018-06-02
ALB751825,SERENATA,single,2025-05-30
ALB571112,Piccola tigre,single,2018-08-03
ALB330891,Segnali di fumo,album,2017-05-03
ALB768719,Miami,single,2017-12-15
ALB913875,Titoli di coda:,single,2022-11-11
ALB800718,ASPETTANDO LA BELLA VITA,album,2023-07-20
ALB971328,Bottiglie Vuote (feat. Max Pezzali),single,2025-04-11
ALB816767,Il piccolo principe,album,2012-09-01
ALB985502,Vado al mare,single,2024-02-14
ALB286346,Xmatteo,single,2025-03-28
ALB662485,Quando la canzone finisce spara!,single,2018-11-05
ALB818625,Porno,single,2019-03-27
ALB953047,BLACK,single,2024-11-15
ALB395672,CANADA,single,2025-04-15
ALB958526,Metamorfosi,album,2021-03-05
ALB329472,IO NON HO PAURA,album,2023-05-04
ALB582602,Nostalgia istantanea,album,2012-06-12
ALB499961,Sfera Ebbasta,album,2016-09-09
ALB785229,Algebra,single,2018-12-30
ALB455709,a me mi piace (feat. Manu Chao),single,2025-05-09
ALB658574,Giovani per sempre,album,2019-02-08
ALB205168,Freddo,single,2018-02-09
ALB256541,ALICE,single,2023-11-24
ALB608792,Patlamaya Devam,single,2020-10-02
ALB350725,CRIMI,album,2022-05-17
ALB902819,SANTANA MONEY GANG,album,2025-04-10
ALB765909,"Crookers mixtape: Quello dopo, quello prima",album,2018-02-23
ALB381979,MILLENNIUM BUG,album,2020-06-11
ALB147432,Lethal Injection,album,1993-12-07
ALB334073,Legend,album,2021-12-21
ALB450991,TUTTA VITA,album,2024-10-25
ALB476823,Cresciuto Tra i Lupi,single,2021-05-18
ALB711982,Piegature,single,2019-06-27
ALB247594,Love Sex American Express,single,2018-06-02
ALB344092,TOCCA IL CIELO,album,2025-04-03
ALB662202,Eden1,single,2018-09-21
ALB951282,Belli E Dannati,single,2018-01-22
ALB181485,Larepubblica,single,2020-11-10
ALB117629,Rimsky-Korsakov: Scheherezade,album,1999-02-01
ALB413409,Players Club '25,single,2025-04-15
ALB392942,KG,album,2025-05-29
ALB605935,Veleno 8,single,2019-09-27
ALB133785,Da Qui in Poi Ci Sono I Draghi,single,2023-04-21
ALB301044,Nelle teste degli altri,album,2023-03-30
ALB565092,Maschio,single,2025-05-08
ALB376547,Going Hard 2,album,2021-09-02
ALB356854,Tutti i Nomi del Diavolo,album,2024-11-01
ALB517390,La Canzone Di Arianna,single,2019-12-08
ALB945570,Mercurio,album,2013-10-22
ALB931949,Il mio lato peggiore,album,2025-05-16
ALB552346,No Rmx,single,2021-06-19
ALB135078,A LORENZZA,album,2024-11-13
ALB243007,Volevo essere un duro,album,2025-03-20
ALB490424,Poesie per gli zarri,single,2020-04-10
ALB166320,Fou,single,2016-12-16
ALB652676,Hsl,album,2004-06-10
ALB188618,Rent förbannat,album,2012-10-01
ALB328543,Mafia Slime 2,album,2025-01-17
ALB858707,Pesadilla Antes De Navidad (Banda Sonora Original),compilation,1993-01-01
ALB310701,Maradona,single,2013-05-03
ALB269377,Playlist,album,2018-11-09
ALB843237,DIO LO SA - ATTO II,album,2024-11-22
ALB953603,LiL Ape with Friend's Mix Tape,album,2023-11-04
ALB570705,Atlantide,single,2024-11-01
ALB800530,The North Atlantic Jazz Connection,album,2012-07-20
ALB981106,È FINITA LA PACE,album,2024-12-13
ALB388727,1995,single,2024-06-21
ALB411247,Estaba Escrito,album,2010-04-06
ALB882271,Morandi,single,2025-01-31
ALB353104,Nisida,single,2016-09-13
ALB634085,No More Baby,single,2023-01-13
ALB861917,Oceania (Colonna Sonora Originale),compilation,2016-12-16
ALB778508,Sub Zero,single,2018-02-28
ALB643811,Tropicana,single,2018-12-02
ALB906425,12 Lunas,album,2025-06-01
ALB642891,RAP ITALIANO 2010-2020 HITS Vol.1,compilation,2022-10-11
ALB525610,TAXI DRIVER,album,2021-11-30
ALB206394,Skonnessi Unplugged 1977-2006,compilation,2007-03-13
ALB363659,Regardez moi,album,2017-11-24
ALB940061,Mowgli,album,2018-03-02
ALB732178,Moment Of Truth,album,1998-03-31
ALB290106,L'albero delle noci,single,2025-02-12
ALB722283,Gratta & Vinci,single,2016-07-13
ALB101585,Jump,single,2024-03-29
ALB820244,Altri Angeli,single,2024-04-19
ALB233441,BIANCA (feat. Kid Yugi),single,2025-01-24
ALB219722,Romanzo Twitter,single,2019-12-15
ALB771435,Volo,single,2019-02-27
ALB433280,METALLO E CARNE,album,2025-05-02
ALB640482,"Anno Fantastico (feat. Shiva, Tony Boy)",single,2025-03-21
ALB221344,SWAGTATO,single,2024-09-20
ALB562095,El carnevaal de Schignan (De Best version),single,2024-10-16
ALB609547,Ladro di Te,single,2023-09-15
ALB293839,Nostalgia della luce,single,2017-10-09
ALB113754,Poverty's Paradise (25th Anniversary - Remastered),album,1995
ALB201622,AstroBoy,single,2023-07-28
ALB964882,Zebneda,single,2023-10-27
ALB775404,Classe 73,album,2003-01-01
ALB513951,Panda,single,2024-01-19
ALB993396,Sex & Aliens,album,2022-12-21
ALB512385,ASTRO,album,2024-10-04
ALB993839,DJ Fede presenta: Torino Roma andata e ritorno,album,2017-05-05
ALB329599,Dream for sunset,album,2024-12-01
ALB410372,Allenamento #2,single,2017-03-13
ALB276907,Roby Esce A Maggio,single,2024-01-12
ALB437567,'Más allá de la Luna' (música de la película de Netflix),compilation,2020-10-23
ALB847436,Body (Remix) [feat. Capo Plaza & Rondodasosa],single,2021-05-04
ALB662951,Madneda,single,2018-10-12
ALB561886,Tekila,single,2019-04-27
ALB823026,Dentro Alla Scatola (Mondo Marcio Vs Finley),single,2006-01-01
ALB317307,Mondo Marcio (2022 Remastered),album,2004-05-01
ALB771440,La Freschezza Del Marcio,album,2016-03-11
ALB441104,Solo Un Uomo,album,2006-01-01
ALB362957,Generazione X,album,2007-01-01
ALB145056,UOMO!,album,2019-03-08
ALB863079,Cose dell'altro Mondo Marcio (Special Edition),album,2013-06-25
ALB749023,Fuori di qua! (Stories) [2022 Remastered],album,2004-11-01
ALB417702,My Beautiful Bloody Break Up - Full Circle,album,2021-04-09
ALB403945,Cose dell'Altro Mondo,album,2012-10-02
ALB381018,Adderall Pack,single,2020-05-22
ALB604617,Nella Bocca Della Tigre,album,2014-01-01
ALB220586,TUTTA VITA,album,2024-10-25
ALB949198,Animale in gabbia,album,2010-01-29
ALB212806,In cosa credi,album,2008-07-11
ALB629684,Magico (RMX),single,2023-10-31
ALB275424,OH GOD,single,2019-11-22
ALB467206,CREDO,album,2025-04-25
ALB705347,What Do You Think About the Car?,album,2017-04-13
ALB567134,Città del Fumo PT.2 (feat. Vale Pain),single,2024-10-18
ALB260055,Che Aria Tira (Album),album,2013-03-26
ALB108360,MI Fist (2004 Remaster),album,2003-01-03
ALB252638,Magico,album,2022-10-07
ALB229778,Kerosene (feat. Tokyo),single,2024-11-29
ALB355346,Fuori di qua! (2022 Remastered),album,2004-11-01
ALB507464,Vieni a prenderci,single,2013-11-12
ALB448308,Parole,album,2004-01-01
ALB528867,Going Hard 2,album,2021-09-02
ALB882702,Milano Angels,album,2024-09-06
ALB123709,Il mondo nuovo,album,2005
ALB799939,"Detto, Fatto.",album,2012-11-30
ALB246737,Gotham,single,2015-07-14
ALB463447,VETRI NERI,single,2023-05-19
ALB788819,"Latin Passion 1: Cumbias, Merengues y Paseitos",compilation,2014-10-28
ALB648076,Marracash - 10 Anni Dopo (Inediti e Rarità),album,2018-06-22
ALB486544,Musica da Serial Killer,album,2011-01-25
ALB394248,È FINITA LA PACE,album,2024-12-13
ALB275498,"Machete Mixtape, Vol. 3",compilation,2014-09-23
ALB475635,NUOVO MEDIOEGO,album,2021-11-12
ALB539966,"Street Collection, Vol. 2 (2008 Remastered)",compilation,2019-10-25
ALB745778,Hip Hop Street Party Vol. 2,compilation,2009-01-01
ALB148118,Orange County California,album,2017-01-13
ALB682741,Bella Lucio,compilation,2015-09-25
ALB266807,"Street Collection, Vol. 1 (2019 Remastered)",compilation,2019-09-27
ALB649079,SANTANA MONEY GANG,album,2025-04-10
ALB364182,My Time,single,2024-02-16
ALB244776,DJ Fede Presenta Tutti Dentro... Di Nuovo,album,2013-05-28
ALB873900,3OK,album,2024-08-16
ALB815709,Chimera,single,2024-02-16
ALB927657,Pronta Consegna,single,2024-07-12
ALB260552,RANCH,album,2025-05-09
ALB790656,Thank Bax it's Friday,single,2017-10-06
ALB445662,Il nirvana,album,2014-09-23
ALB227607,L'Ultimo Testimone,album,2004-01-01
ALB623184,GIFTED,album,2023-11-10
ALB661880,Verso Libertalia,album,2021-05-28
ALB967242,Il mio lato peggiore,album,2025-05-16
ALB779075,Cieli Paralleli,single,2022-05-20
ALB480632,Leviatano,single,2025-01-10
ALB232665,Going Hard 3,album,2024-12-06
ALB425466,MURAGLIA,album,2021-02-07
ALB398739,Uebe,album,2019-09-13
ALB642780,Clownstrofobia,album,2016-01-15
ALB512296,Hanglover,album,2017-09-15
ALB694314,Lettera al Successo,album,2014-06-10
ALB566387,BoyFred,album,2015-10-02
ALB652903,PLC tape 1,single,2022-04-22
ALB594859,SEXY RAVE (feat. Baby Gang),single,2025-04-11
ALB413159,Unico,album,2021-07-02
ALB244406,MMH (feat. Rose Villain),single,2024-10-18
ALB392160,Cd Dos Meninos,album,2019-05-21
ALB863211,BARRIO LAMBADA,single,2025-05-23
ALB201081,IL CIELO NON CI VUOLE,single,2024-02-07
ALB633735,Extasi,single,2022-06-17
ALB933082,NOTTE CATTIVA,single,2024-06-07
ALB841306,ROMANCE,single,2022-04-01
ALB803464,PASSIONE,single,2024-07-19
ALB265636,MELODIA CRIMINAL,single,2023-07-07
ALB662150,F.D.P.,album,2012-10-17
ALB753486,Adrenalina,single,2023-03-31
ALB630403,Tik Tok trends 2024,compilation,2024-08-03
ALB197030,Maliciosa (From the Netflix Rap Show “Nuova Scena”),single,2024-02-27
ALB827434,DI CAPRIO (feat. Niky Savage),single,2024-09-13
ALB618541,Sig. Brainwash - L'arte di accontentare,album,2013-03-05
ALB886849,Il mio lato peggiore,album,2025-05-16
ALB769609,SEXY SHOP,single,2024-05-31
ALB607584,Che cazzo ridi (feat. Tedua & Trippie Redd),single,2019-01-04
ALB792340,Paranoia Airlines,album,2019-01-25
ALB437905,DISUMANO,album,2021-11-26
ALB135059,The Globe,album,2022-11-03
ALB691734,ALLUCINAZIONE COLLETTIVA,single,2024-09-21
ALB269413,MILLE – feat. Orietta Berti,single,2021-06-11
ALB110952,PROBLEMI CON TUTTI (GIUDA),single,2020-05-15
ALB603271,BATTITO,single,2025-02-12
ALB309083,BIMBI PER STRADA (CHILDREN),single,2020-06-11
ALB563808,LA DOLCE VITA,single,2022-06-03
ALB793639,Penisola che non c'è,album,2013-06-18
ALB536810,MEGLIO DEL CINEMA,single,2021-09-24
ALB243651,Pop-hoolista,album,2014-10-14
ALB193642,Pop-Hoolista Cosodipinto Edition,album,2015-10-09
ALB611173,Vivere Aiuta A Non Morire,album,2013-01-01
ALB587316,BELLA STRONZA,single,2025-02-15
ALB753057,DISCO PARADISE,single,2023-05-25
ALB951850,Before I Forget,album,2012-10-26
ALB873186,Diecimila lire,album,2016-03-15
ALB126219,Il mio primo disco da venduto,album,2013-06-18
ALB500770,VIOLA – with Salmo,single,2022-10-14
ALB870951,SCELTE STUPIDE,single,2025-05-02
ALB181668,Copia Copia Copia,single,2024-12-13
ALB723894,ROSALÍA,single,2024-05-29
ALB939402,CRISI DI STATO,single,2022-12-09
ALB112372,Comunisti col Rolex,album,2017-01-20
ALB766474,Il diavolo non esiste,single,2014-03-07
ALB128677,CAZZOMINOMINI,single,2023-07-06
ALB247396,"Watch Me (Whip, Nae Nae, Yeet) - Single",single,2015-03-06
ALB156918,Justin (Deluxe Version),album,2016-04-15
ALB961796,Sig. Brainwash - L'arte di accontentare Diamond Edition,album,2013-11-25
ALB275480,Comunisti col Rolex (Multiplatinum Edition),album,2017-11-24
ALB529626,Piangere a 90,single,2025-05-08
ALB911645,Keta Music - Volume 2,album,2015-06-18
ALB346288,Non cantiamo mika,album,2015-06-01
ALB482234,Squallor,album,2015-04-07
ALB841468,Carte Blanche,album,2019-07-25
ALB622966,Cattive Compagnie,album,2019-12-24
ALB693505,Lucio Dalla,album,1979
ALB231044,IO NON HO PAURA,album,2023-05-04
ALB112826,Sottosegretari alla presidenza della Repubblica del True Metal,single,2018-05-21
ALB622390,Walkin' Bank Roll,album,2007-10-30
ALB741564,Ho Fatto Tardi,album,2020-07-03
ALB250038,Ordinary,single,2025-02-07
ALB660038,The Real,album,2021-05-25
ALB466541,Show Me Love,single,2025-02-07
ALB872319,Vangelo II Luka,album,2021-01-14
ALB512489,HO LA HIT (feat. Massimo Pericolo),single,2022-04-07
ALB468199,Hot Fuss,album,2004
ALB865423,"Sogna, Ragazzo, Sogna",single,2024-03-06
ALB210713,SANTANA MONEY GANG,album,2025-04-10
ALB361102,LA BELLAVITA,album,2025-03-28
ALB624993,Caos,album,2022-03-18
ALB649440,Punk,album,2018-11-30
ALB324472,I Nomi del Diavolo,album,2024-03-01
ALB442083,Esse Erre (SR),single,2021-06-10
ALB288492,Sfera Ebbasta,album,2016-09-09
ALB496659,SIRIO,album,2022-04-07
ALB706185,Persona,album,2019-10-31
ALB342728,"NOI, LORO, GLI ALTRI",album,2021-11-19
ALB667084,Santeria,album,2016-06-24
ALB100713,Status,album,2015-02-10
ALB805518,È FINITA LA PACE,album,2024-12-13
ALB811888,Santeria (Voodoo Edition),album,2016-12-02
ALB302645,"Status (Inediti, Rarità & Live)",album,2016-01-22
ALB920529,"Red Bull 64 Bars, The Album",compilation,2021-05-27
ALB288289,King Del Rap,album,2011-01-01
ALB600839,Marracash - 10 Anni Dopo (Inediti e Rarità),album,2018-06-22
ALB133298,Roccia Music 2,album,2011-10-01
ALB490193,Marracash,album,2008-01-01
ALB412275,Fino A Qui Tutto Bene,album,2010-01-01
ALB246306,"NOI, LORO, GLI ALTRI (Deluxe)",album,2022-12-09
ALB826897,64 BARRE IN FACCIA (Red Bull 64 Bars),single,2024-09-05
ALB110628,LA BANALITÀ DEL MALE (End credit song “Qui non è Hollywood”),single,2024-11-06
ALB460927,SANTANA MONEY GANG,album,2025-04-10
ALB953295,La Tipa Del Tipo,single,2013-01-01
ALB396952,Hagakure,compilation,2008-08-18
ALB358000,Monument,album,2018-12-07
ALB867377,L'Angelo del Male,album,2024-04-26
ALB382127,Fastlife 4,album,2021-04-08
ALB503262,Achille Idol Immortale,album,2014-12-17
ALB937776,"Machete Mixtape, Vol. 3",compilation,2014-09-23
ALB248347,Che Ne Sanno I 2000 (feat. Danti),single,2016-07-01
