SongID_Original,SongTitle,DiscNumber,TrackNumber,DurationMS,Popularity,AlbumID_Original
11367dfb-1d08-4414-8aad-6c8a26c6bd4b,​polka 2 :-/,1.0,3,207761,46.0,3dd46f40-cec3-4457-bd9f-c6639cc19e8b
0eea0981-3c44-4ca6-85fc-8b9ac7ecd58e,POLKA,1.0,3,207761,46.0,
8333ceb1-14bd-46d4-8728-51e300863ca8,​britney ;-),1.0,1,193544,39.0,
2185bdaf-338a-4620-b258-03466031e149,CEO,1.0,2,169000,47.0,c7d72638-21ce-4b53-af00-e2b86db26aad
1a8cc8e2-ac02-4ba9-bb26-4ddf6d700e55,LONDRA,1.0,8,194779,41.0,5ef855af-21a4-4033-b591-a24eb6e53d27
43bef1a9-07f0-489c-9b5b-7e6d03edf7f6,BOHEME,1.0,11,200329,29.0,
6e1ba791-8268-470a-8e4c-b3eab971afa4,LOBBY WAY,1.0,3,171230,23.0,
47a3f110-eded-4228-a46b-2585b2015ef9,SLATT,1.0,6,168513,24.0,
5485de5c-623d-44c2-9a68-a3063a49f5ce,MADE IN ITALY,1.0,1,178080,50.0,2456866d-89e8-4059-b641-0ad90a63af2a
43e57157-eff2-42cc-9120-2bcba903c1aa,ROSE & ROVI,1.0,1,188534,27.0,
18944190-7249-4031-9628-528357d5c20e,POLKA 3,1.0,1,160645,40.0,89329ba0-f3aa-4137-9157-66b0f078da3a
6834e8e7-3c3b-4fd7-81af-6d5366070f6e,COSANOSTRA,1.0,2,136737,25.0,
43062d4a-3b31-41a7-991b-9d9f2c34b30e,NUOVI GAY,1.0,9,210369,21.0,
32de92db-dd5e-4806-8c84-c111dcf1372d,OCCHIO E CROCE,1.0,4,134437,23.0,
6e2886ab-3692-4b41-8aaa-60ec4e3e2fca,​life :-(,1.0,4,129560,26.0,
ed350760-c5a0-446a-9039-693a91aeae19,RAF SIMONS,1.0,7,61922,21.0,
10792ba0-05a0-46c5-9a50-deb3121e6409,SLIME,1.0,10,159809,22.0,
f7c60440-b565-4fa7-a1cc-bdb54f492ba2,TU MI FAI,1.0,12,167729,23.0,
003d7a36-dec3-4f87-8cd5-b98423e05186,PARADISO,1.0,13,140210,21.0,
d740aebe-8421-44b9-a3c7-9aabe0d40cd3,​no love :-),1.0,2,190500,23.0,
854ca6d4-94c2-45a5-b57c-ee8816cdca0b,​fantasmi ;-(,1.0,5,206550,25.0,
720f724b-d4d7-470f-b475-ae26ee481866,Facciamolo,1.0,1,141706,21.0,1eb43555-1584-4a64-9070-a65dae058dfc
0223d06a-b1fa-4717-8384-0a4244e539ac,Freestyle #redbullnext #essemagazine,1.0,2,169000,47.0,
658c5916-15ba-441c-b9c3-460ef2f68f4c,Scolapasta,1.0,10,138560,48.0,2edc0eb1-9dfa-44be-a40f-953a2c60e5af
bf009f84-0767-46a1-a30b-4b918f8d06dc,#IORESTOACASA Freestyle,1.0,10,138560,48.0,
fb58b4cb-4447-4feb-aef7-75a029022a3c,Fatass,1.0,1,152343,11.0,962e963c-9033-40ca-abe3-0635e5cfaea6
88e427d8-6755-41e9-8642-87f6e8bee855,Ok ok pih roh toh toh !,1.0,5,111541,17.0,d3586b1b-9541-403a-9884-c6992435639f
c2ab9f1b-79d1-4843-be50-0c804783e569,Exodia / 1tot,1.0,4,156933,19.0,
31ccd80b-c1c6-44ad-a72b-9435bbaa493d,Ramoscelli,1.0,1,96595,17.0,
6de6f0b5-7aff-4c2d-b381-c970ecf2f71f,Sono Io !!,1.0,3,144000,19.0,
92ef74a5-56d4-470c-beca-d7591d514435,Rovesciata,1.0,2,101333,18.0,
bba4c63d-01e6-4ca9-be2f-72bd496a9b9d,ceo 2,1.0,2,169000,47.0,
6cc791fe-e43e-48d2-b97f-33b6215bc618,Lil Peep,1.0,5,97593,21.0,60c618d7-208a-4327-9092-89e2b1fd3f21
d62c1f73-9b59-4afb-96db-9a20fb1563b3,ABC,1.0,10,138560,48.0,
adafac6f-074f-4c1e-b002-d4150e385c68,ALIENO,1.0,1,111966,10.0,4aea4419-5e1b-4d9e-be2b-22ff00c68072
ecc1addf-952d-43d9-9a7b-f45a0fa9e296,Teschio,1.0,7,179277,14.0,
b053925d-d93c-4126-8d67-71ff830bd79a,Mattonelle*,1.0,10,138560,48.0,
5ee59a02-f8bc-42fb-bfba-f494eec5b0b7,BELLU GUAGLIONE,1.0,1,174545,41.0,67addcab-a7d3-4ec7-8b84-48e3e7c0e978
2cabd46f-8ac6-42c8-a119-51aded9d53a6,Acqua Panna,1.0,5,155178,0.0,33569bf1-2652-436b-9bcf-dd0dae62a52e
71cae07a-bf2e-4c5b-8c5e-c20753001fc4,AIDS FREESTYLE,1.0,10,138560,48.0,
7a07c241-650a-463f-875f-57ffb6280059,0.25X,1.0,1,107532,41.0,
b06b3a1a-219c-4540-bbd4-68519bf7b483,3SOME,1.0,1,122076,31.0,309b0608-ac07-44bd-b7c8-fa6b3a191fdf
5d2302db-74c2-483c-b23b-cc978dbcedc9,A te e famiglia Freestyle,1.0,7,169263,70.0,fa0a368e-741d-40a0-97a1-d6b002fc4e54
904bb63f-5848-421e-a6d2-c18e8cd96d60,​non è normale,1.0,1,188761,27.0,dcc263ec-5b29-459e-a582-633c94ffe938
05bb0cd8-64b9-4eac-9e12-1581de096bba,TECKTONiiK,1.0,3,181960,44.0,
8bca1ae1-08d9-466e-997c-79bc42940d74,Rosa Chemical,1.0,1,149196,51.0,3d14d605-8f91-4194-a813-bceae9f47e06
5ec5452c-7131-4cce-ba05-1e4d02fc5041,bRAtZz,1.0,4,187397,37.0,
1474754d-3eaf-43d2-b309-2fb32f27196f,Akureyri RMX,1.0,10,138560,48.0,
c1889802-f604-44c3-a73c-ff409e687b86,TIPO DI N,1.0,6,169000,36.0,
2eff944b-0cb1-477b-8684-a09581b653ea,#ERAMEGLIOSEINGOIAVA Freestyle,1.0,10,138560,48.0,
e6401dd6-4651-47ed-b7db-324485f24d5a,Blackout,1.0,1,157941,21.0,06f8b0f4-549d-4b75-a8c1-7931beab1645
d48bc8b4-5292-44ca-ac28-73e1efb9e9dc,X&V,1.0,5,143389,34.0,
fd8a8dfc-d134-42ba-b953-cc788252daa7,PANTONE 17-3930,1.0,3,162406,47.0,d35e9e34-3c1c-4ac9-a5d2-e3c2f865b98c
27fe14d9-7be9-44dc-b003-599c7d68ebec,Dovreicomprarmiunacollanacomeimigos,1.0,10,138560,48.0,
e615a575-9197-4b20-b776-19933dfb49c0,Kournikova,1.0,1,99692,6.0,7a137fc2-78f0-47e3-91ae-594058d76ecc
d1ade178-477c-481e-9c7e-64b459e55c89,BRITISH PROV 2014,1.0,2,170760,38.0,e7498041-aac2-4e83-8cd4-5ce0483065f8
2789de44-9d1f-458a-a443-c6e909552ffd,Dissing Eminem,1.0,10,138560,48.0,
97156cb7-156c-4c98-b17c-a450c9e29ae0,I’m dead,1.0,1,255518,44.0,986fc1af-03a4-4364-8f52-60ab149824bb
98bd6c43-4626-4451-9276-58fdf895ab9d,LATTE +,1.0,10,138560,48.0,
38087a9b-5d43-47c6-802c-9997ed5cc419,I need some sleep (Intro),1.0,9,1304000,5.0,d0ad505c-bd6f-4c5c-ab9e-3f38de96c548
5624b5dc-cdbd-4905-ba31-2bc9b3295729,esse Type beat,1.0,2,139888,61.0,47b0310e-eda4-4cd4-ac6f-bd0af5f444a4
5d4090da-8304-4d3b-9f49-03eace8795fe,Punk ’a Piana,1.0,6,168513,24.0,
0d91e8d1-be18-4938-b613-5a16d878163a,Ritratti dell’odio,1.0,10,138560,48.0,
b31958a9-987b-40e3-a6e4-2fa69ccf9c52,Keep on driving,1.0,8,336960,34.0,48b45559-1420-4cd7-a36c-322e971cc492
3bd980b1-0d2b-4961-a3cf-c0901d4d8c22,Alone rhapsody,1.0,10,138560,48.0,
5000fd95-9196-4fae-a0bc-6bc8102224eb,C. A. S.,1.0,2,170760,38.0,
b87433d5-e7f4-45f7-a0e7-4a323ecb0e79,One Take FM Free Mic,1.0,10,212573,2.0,e8671ff0-dcc9-4764-8726-5c34ee69f553
eb981f6d-3136-41e9-8d73-4cc7fe2778e2,Nel male,1.0,1,198949,23.0,d4f87aba-5fdc-40b6-b6fa-5c6cf3fe4b6b
acee5d6e-2a07-4998-9c56-3a8283d3cbbf,Luciano Pavarotty // Glock,1.0,4,186000,40.0,df3cfef2-3f00-45df-a9a0-c0893877dfac
9b88a5f7-2bba-4cb9-bc2c-c84008ca3f0e,RASTAFARI_freestyle,1.0,1,149196,51.0,
c421cb07-91aa-4562-801f-1f60760ef409,Groupie,1.0,1,161357,36.0,63dff550-8726-4cd5-b165-68d35241a485
5c240015-2cc3-4a6f-a48e-0ed12b5096fe,PLAIN JANE Freestyle,1.0,7,263013,58.0,d480e3cf-93df-4ac7-a395-47ca7ac4e5c3
86418b67-c540-4189-993d-c94c358c78ab,Male o Bene,1.0,1,175047,33.0,3bcacb71-c825-4b0a-886f-a318bf240b89
c858e367-6049-48a4-92c0-19135fc67693,WIMBLEDON (64 Bars),1.0,7,185777,37.0,720a81fa-b5f0-4788-b934-370aa83222da
464f60c8-0e6d-4ddf-8835-408e70d4e8d6,Grizzly,1.0,1,128390,22.0,d603ce1a-65c5-4c2a-beb0-c6077a1d2873
a61cc46d-0614-4357-a7a3-cf51fa4af878,Morosita,1.0,1,161250,30.0,9f1b360d-5e8e-42fe-85e8-bc89636b33bf
b1377fbb-aab4-40f0-9b98-24b09bf2dac3,3ND,1.0,1,134482,25.0,2d411cd9-d7ef-4872-ac3e-485fb437bc8e
62c70b07-f05d-4c39-aed7-cf10585b4a2a,Chiara,1.0,6,188017,37.0,99b971c2-7cf3-4e2c-82da-52eed26486ca
57efc190-4a3d-4a9e-92c8-f70536f62e05,Vaniglia,1.0,1,136585,19.0,2b9375ba-be9f-4b58-9271-c39e6cdbe776
272afead-da3d-4ffa-87a3-b8a333294e2a,1 2 3,1.0,1,118453,37.0,9b69a9af-55fa-4dae-9e1d-c876cdbcf162
dd56522e-ff51-43a6-be56-af16f029f7a8,TONICA,1.0,1,120050,31.0,28483613-208e-44fb-b1e8-abf96d2ff704
939baa44-4d57-43e0-8bab-728e529dd2fb,BUM BUM TAM TAM Freestyle,1.0,1,171118,1.0,3b39cabb-ec8e-449c-ba11-4519894f027a
a369c6b0-90e8-4768-98b9-278101a4a149,Chicas,1.0,1,144666,17.0,0785b487-257f-44af-b363-8ec8e610cb10
d2650833-22ee-41df-bcb7-d53a0af7d3e5,BANDA,1.0,1,86000,18.0,06a18c7e-1175-48bb-b2ee-fd2acc1d1fe9
dfdaf9d0-0eb2-404f-82f6-f30980213f72,Fenty,1.0,1,147038,17.0,2324c4e4-eeb8-4c1f-9901-2df31dc0c79b
74a2f231-b72e-40da-bc60-b8fba3abb76e,Dip Freestyle,1.0,6,140000,15.0,5ec9d8a5-0cd1-4b52-83ac-b17c4753d740
04865bcb-3dbd-4101-be2f-8e47908aa734,Fya,1.0,2,174500,21.0,
efea2784-cc71-4650-a71a-b0175a79e712,Narciso,1.0,5,207428,28.0,
830c69f5-3071-4e6f-ab1c-e32e35e90429,Comunque Ciao,1.0,10,170465,23.0,
c0fe3f53-4945-4586-b221-40ce097e4785,AIRBNB,1.0,1,144222,20.0,714b5bc0-be54-4e5d-afca-c6206249c34e
039671d2-2fa9-461b-9e97-3f4258c211b2,Roberta,1.0,1,143095,23.0,946fd899-977e-42ba-ba7a-0e5819097af6
2cf7f3fd-e547-4226-b4d1-d9e39c1da07d,Cringe,1.0,1,136470,23.0,c81ea6b0-f45d-4c65-84b0-bd9cdbaba940
1f7cca78-5dc1-46e2-bfa2-4963d0e15c05,SUPERSEX,1.0,1,148888,32.0,a248c127-8910-4d00-b706-822ec73b9d03
0b6cad1d-b4c4-458d-943d-fae051972d0f,Stupida,1.0,12,159513,16.0,
004da273-3853-492e-8b31-d604bed4302e,Meno Male,1.0,7,174985,24.0,
3a7e76ad-7556-457d-939a-6193579ec7bc,Monica Bellucci,1.0,14,158577,17.0,
a99d960d-2536-43e7-aeb0-a1768b618a3e,Crisalide,1.0,6,188017,37.0,
447c330e-d9b5-40ae-a76e-82aafdcda0e6,Lesbo Chic,1.0,13,161939,16.0,
fd8dd7f1-15a9-406f-9ea0-d6a098fd11ab,Ragazza Ladra,1.0,9,159406,14.0,
598f9de2-e9a6-479b-b9f3-ebe576d4385f,Regole,1.0,1,142080,22.0,c28397db-9d66-4117-9bd1-9c4ac4522757
aa49e3d0-7b6d-4059-9934-55ec7648e1a9,Real Talk Freestyle 1,1.0,1,149333,2.0,a258d903-d7b6-4cbc-91ea-dc4eba0d26bf
7b127ad7-6e0d-4eff-a7cb-c4342c832745,Démodé,1.0,4,144175,19.0,
6246203e-b1e4-440b-8ec8-6809041cab49,Contro Tutti,1.0,3,183250,12.0,
009ea636-ce52-4727-814e-236ff3abfacb,COVID19 FREESTYLE,1.0,1,186566,5.0,25b816ca-8ccf-47c5-80c0-5d7aadc733ca
ba37327e-2402-459e-8414-fa0e373fab4b,Fili Del Tram,1.0,8,172445,14.0,
e810984a-09ff-4fc8-91e0-a012b30cbb96,Bambola,1.0,11,158258,15.0,
e7f803fa-8bda-42e9-a935-ffddf580724e,Dentro di me,1.0,1,157050,25.0,65b69ba1-7de0-4866-8206-9d2bc19752da
b855d377-8981-4e0f-ae07-7f828da72c51,Come Le Storie,1.0,1,181176,19.0,5e2eaeba-6efd-48d7-99bf-28cad31c1a6c
9b422d7e-728a-4637-a532-aff51873f86b,Intro,1.0,2,163520,13.0,fcf81f4e-aa56-490a-a365-c53e9a025ef0
ba14b0fb-eb75-4f40-a4a4-c23763292e12,Memento,1.0,6,192611,59.0,14006abc-4b19-477c-85cf-3e13c9acc33f
a94f83f1-9f4a-4ea4-afc3-93f3ecbc567b,MAGA Freestyle,1.0,13,356317,40.0,235bde4d-fddc-4594-a3ef-9c9f28fd381b
b51b3ac9-aafb-4b91-b429-7da211752f09,Missed Call,1.0,12,242293,55.0,25ea52f3-d27e-45f6-aea8-209569ee8f99
6b712def-c30c-4342-b8e5-b31dce46a6c2,La prima volta,1.0,1,126857,30.0,3be88614-0cd6-46ed-982d-747ec128ca6c
03f54055-355b-47ad-a024-37b87be185d9,Mood Blu,1.0,1,135277,25.0,6f6ad0b4-8cd2-46f2-972d-9002144744d1
75b7e97b-5e7b-4d44-8072-a7a83304b890,Warzone Freestyle,1.0,10,150315,5.0,98ea23d3-ca36-4f7d-926e-5f179a521420
116c1802-b3a7-41fe-b3a3-32d6934fab67,Rolling Papers,1.0,1,122448,36.0,4a18fcf0-05c7-4fc5-8adb-f76ea6a03984
6e9b3509-b41e-4878-9613-d28fe0b4ff68,Mantra,1.0,10,263274,0.0,eb2613ab-3364-4d09-810a-5ef51513507c
9a7569e0-8f1a-41c5-9785-5cf83ba4b9d5,Creep,1.0,6,216521,32.0,2e2696fa-b4c4-433d-a38d-ede94356c8f2
b96e3fed-c693-4e66-8cf5-43f7f70f055a,Fotta Torinese,1.0,8,166120,56.0,c3cbb1a5-cb62-4f50-8177-abce8d4fde1d
dcd6851c-3f23-43c9-87ab-c63abba7f792,Anima su tela,1.0,1,169531,11.0,116e2482-e8e0-4c1a-a8cf-5c1e7eb7fbb4
80f7f66a-ba81-44e8-ab83-92baf9057eb3,Ibridi,1.0,6,198260,66.0,3179b454-3483-49a9-8e9e-ac099487ec34
e26522ef-a5aa-464c-9b87-3ef4531fc8a9,Murder,1.0,2,186008,63.0,cc8e5e90-27f9-4795-bfbb-86fda87c2df8
c4a1e641-121b-4ce0-98f4-e9b7c472aa0b,COVID Freestyle,1.0,1,186566,5.0,
0f22b1c2-c868-4272-9b82-f4bbe73b9cf3,Limonare,1.0,1,137714,17.0,2f607336-a259-4b05-af04-5044018fddd9
e79b2d88-7ba9-4a07-98a5-fd8f66885815,Fear and Loathing,1.0,12,367520,47.0,e29ccced-73a2-46b1-b68b-04ca54c4f522
9a41331f-45ba-44a9-a38d-0cb7644b9df3,il filo rosso,1.0,1,187403,68.0,0cb51818-46ed-4bf7-9c24-da33404a6e16
e7921c6f-e07a-45e7-9b18-42c01712f339,Cin Cin,1.0,9,180094,68.0,c0386347-acbc-4ea2-baf4-55b6d4dc13e1
5f688288-343f-4a9b-b2ff-23d70101a94b,"TesTa TrA Le NuVoLE, pT. 2",1.0,3,180000,57.0,
c731072f-c2cb-4df2-bded-463d380adc01,Chiara Ferragni,1.0,10,209552,71.0,24c7ff17-7484-4292-a63d-673f07cd3043
1c3167b8-cd6f-40d9-9cd4-6edb02767a5d,a me mi piace,1.0,1,140816,75.0,26b122af-01a5-4cb1-928c-8ad19b15db09
b1edcf75-3f76-41e3-8a45-f6b2699424b7,"Sogna, ragazzo, sogna",1.0,1,269850,61.0,da704105-e2d4-4a4c-9d29-e53d1f41c83b
2d9a41a0-d9c3-4477-8ff4-2413e512207f,"Testa tra le nuvole, Pt. 1",1.0,5,143399,57.0,
970939aa-47ce-43ff-9b92-4978815780a8,SuL Più BeLLo (Out Of My League),1.0,5,164999,52.0,
80a60db0-88dd-4727-abc9-f0e823cafeb3,sofia,1.0,9,175411,52.0,3c7e268c-bea1-4eb3-a31c-8341735ce73a
b74a779e-6593-465f-bb3a-04d0a1b91165,​bellissimissima,1.0,1,157031,70.0,b72e209f-4949-4d47-aca1-d99892c4bd43
12fd7355-6467-4a18-8fd0-4ba9ef00704a,Prima O Poi,1.0,1,222738,36.0,37d061f3-9c97-4420-9636-faf42dfe06c1
69f5873a-b2bb-4cad-aeab-748e93dec340,Wanderlust!,1.0,1,203076,49.0,
77bbfd61-4dc1-4397-9c76-a80e7c481575,BeVo TuTTa La NoTTe,1.0,7,168426,53.0,
5a6ac281-dc9a-43dc-a534-d329b4d54318,SnoB,1.0,2,170760,38.0,
7a60eca2-2682-4c2f-a219-3a5ae2463fd9,vai!,1.0,4,156923,68.0,
9613da3b-13f0-4f03-992a-1d24e8cefc69,Il Giro Del Mondo,1.0,2,213560,48.0,
9ade82ed-b406-407d-aace-cad412511d27,SaN LoREnZo,1.0,6,202990,58.0,
b2a24f0c-6dde-45a0-b073-c28cba39743d,Dove sei?,1.0,7,257142,47.0,
1f244351-6d73-455f-9f92-1f7f2f53f59c,"Testa tra le nuvole, Pt. 0",1.0,4,172975,38.0,
0615fb4d-1d77-4384-b1a5-e3b78040f9e7,anna,1.0,4,181570,63.0,f2babc93-d096-4c1d-927e-d3bdf4633a3e
ac07c4a5-949b-4643-af95-3157e4ca13d2,tante mila volte,1.0,1,198320,56.0,
664589e0-3dfe-470c-98f2-0845e137e77b,ma so che era innamorato,1.0,2,140816,73.0,
9d5bd59c-140b-4741-a1ad-90a618cc0291,Temporale (24 marzo),1.0,6,201286,34.0,
0d6f953d-8ffd-46a3-bd02-d1d9738dc896,frida (Interlude),1.0,7,93414,46.0,
50e18432-615b-4951-9ad8-6773df6c1127,Mica Male (2017),1.0,12,223009,75.0,04b2687f-5a92-40ef-a050-eb496b263454
f63d78a6-b00d-4f15-b545-c67a2ee5b15e,Disegno,1.0,3,172000,42.0,
14151cc7-a443-4d8f-b04d-9021df302e6f,SNOB FREESTYLE,1.0,1,216322,5.0,7d38054e-0fe9-4db4-8ba6-bc888cd56465
8d03c386-bd4b-4715-92d1-a644315dcc1b,vabbè ciao,1.0,6,160268,64.0,
5c4337a4-c5ac-497f-bed0-a3c6cf49433b,CI SARÒ,1.0,1,180714,62.0,1345f731-5edc-4366-beb0-122e75360d4a
225d406f-808f-4cfd-8ae2-ef4f71e85502,Tempo al Tempo,1.0,1,155629,73.0,cf758f1f-a4cb-4ba7-ae07-1d8f12b2f93b
dac1b4b9-560d-442b-94fa-06e778e6575c,NoN La AsCoLTare,1.0,4,150360,43.0,
a5c07df7-8183-4894-88d8-0f542d0ab641,PARIGI,1.0,1,159125,46.0,5256eb48-88bc-4af3-833d-51453aac4862
db9737b6-0a05-471c-8cfb-a765884be297,Confusi,1.0,1,424565,0.0,a81440e0-b760-40e2-8a09-5f85d202f666
82041fc9-c845-4c1e-a60c-039623464164,PARIGI RMX,1.0,1,175489,41.0,7f67181d-2091-4fc3-b7b2-12879c930606
b5816827-647f-4b52-a292-85bd08ef5b1d,Serenata - From “Forever Out of My League”,1.0,1,138500,42.0,d110d099-6056-4349-9bc2-f23523a9f216
4ed13c97-3761-436e-a8cb-592114248d04,NoRd,1.0,6,202990,58.0,
a8ec4615-ab5b-4b0d-842e-264cb2c76001,Le Cose in Comune,1.0,1,151624,59.0,9f3c0cf5-fd23-465a-99a4-3242a431f781
9881defb-bc42-46ab-9f73-6f2f8793a3d2,You Make Me So Happy,1.0,1,142062,50.0,52d5f813-469e-4a40-bb3f-791a4d19b811
e5faa6f7-fd19-407b-aef0-83415ce0cf45,nei tuoi occhi cosa c’è,1.0,3,146823,49.0,
3f066d00-2d3a-4162-8227-8038d2d6fb66,come il sole,1.0,3,134985,56.0,
15560d5d-a9bc-425a-a9ca-60af2cebacdf,5 MINUTI,1.0,1,167162,55.0,44f07b51-dd64-4a55-a8ac-757cf50f65d2
c70b3145-6a88-4c69-9118-362d24abcf8c,SoLd OuT,1.0,9,138320,29.0,
72d9b028-adc8-4bbc-8d78-e0c6ae991100,non so chi ha creato il mondo,1.0,5,187403,71.0,
64544f4e-c598-4fa9-80bb-758c8b248160,StuPefaCenTe,1.0,10,143653,42.0,
81291f21-775c-4b92-8825-7be3e4a9a02c,il mio colore preferito,1.0,8,188311,44.0,
96ed149e-db54-4ba0-89fc-8cda7c29a8e0,dormono tutti,1.0,5,73762,50.0,
b6dd8299-b219-40ac-aed3-e32e1af6935c,ma tu come stai,1.0,10,180446,42.0,
b4b4ba42-e7e5-4a0d-b803-f8bfd214a683,NoN RicORdo il NOmE,1.0,8,147720,30.0,
1ac6f4ac-dfc0-43ad-88c2-d2d25e1f6658,Disegno (Piano E Voce),1.0,10,153163,31.0,
d258dce2-80cd-43c7-b3cd-ce8b75df6771,metti a posto:,1.0,16,112795,42.0,
d51532aa-33ea-4dfb-83e3-a0854eea6713,Wanderlust! (Piano E Voce),1.0,11,191501,31.0,
2ec6da09-1841-41bb-88cb-0cb6e2bbe059,WNDLST Freestyle,1.0,1,216322,5.0,
3d9ec9ee-eb02-4cc9-9cb0-7a2e8201269c,Alfa (Intro),1.0,1,109000,45.0,fcbf3344-0281-41d0-a7c6-943fb4c5cf33
16ef5d92-d300-4e72-8080-c3206e272b08,Mica Male,1.0,1,219794,17.0,ce54570e-687f-47a2-88d3-7e7a1a505594
fb469eb1-718a-4501-b7e4-c405b1fe6588,Supernova,1.0,11,208947,27.0,7552538d-59b2-4193-b611-ccc386823def
9d274c00-4958-4a40-8fe4-10e0e111210a,105 Mi Casa Mashup: Alfa con Cin Cin su Davide,1.0,1,187403,68.0,
4c0cbd80-3f37-43af-b11a-f7fdc36b49c5,COVID19 FREESTYLE,1.0,1,216322,5.0,
5c440062-e2af-42d5-892f-a1e9a1b702c2,Cerco un posto,1.0,1,99674,37.0,d407c0d8-f6a1-4256-be23-a8b73d3fa6a4
010140c6-ae08-4fa7-ac73-986247213c8c,Il mondo immobile,1.0,1,140816,75.0,
dccd968f-23fe-4201-a8f6-eb86f9e5c414,Stelle,1.0,1,174000,0.0,2f2f5367-d9c7-44b2-9682-d37276442fe4
16b69bed-21b8-4918-9832-ae896e6031d3,Tanti auguri mario.mp3,1.0,4,211360,69.0,d3e035cc-e14b-4732-b408-eaf1166bfd00
7c1dc3ae-492e-4344-aeca-787da791aef7,Via,1.0,1,569260,56.0,437a1827-d17e-4db1-9837-e9cf2d1b889b
d0c8f528-c3ca-44a3-a86d-083a1282d8fc,Wndrlst Freestyle,1.0,1,216322,5.0,
47e00bbc-3020-43a0-8bb7-8059bf9fbc05,Jet lag,1.0,1,194355,13.0,17cff96d-24ef-4168-8a28-0f64223acbc9
991b7443-f08c-4fb4-9387-802a3de63e5f,Papillon,1.0,1,170077,5.0,3bf3d00d-b9af-4cac-91db-ac9a63f87243
db1be2fe-125b-4888-91e7-2828008b1a13,AM Freestyle,1.0,14,242480,13.0,913c17b8-6cba-46fc-9a72-a9e2dd1f948e
27435b25-8ed4-46d0-ba0b-0b68cb6301f5,Okk Freestyle,1.0,1,216322,5.0,
111a2229-f32d-438e-823a-5e7ebb4ed998,Vivo Così,1.0,5,154229,46.0,7c372411-fd8e-4a95-87c5-919e4be88e82
e32507d8-c82c-4a01-9a1c-e6dfb6bb690d,M’ama,1.0,1,232986,38.0,13c6da1b-e1ce-4c50-b87f-d3160bcd3db6
da6faf3a-b4ec-4bae-827b-6533a7c9b8f6,ACUSTICA CI SARÒ,1.0,15,290426,2.0,6d96d4f4-78cc-4c3b-ac80-7ca0cb0f2cc4
052312ef-d35d-4c10-a491-b9ca5e825b2c,Ti scorderai,1.0,15,172654,66.0,79b17dae-b31a-4e13-8543-6840953ebdd7
0d7690d6-3b28-430e-abd8-1bfbc7af5872,Omega (Outro),1.0,9,68000,1.0,9f6d728e-4a5e-4723-931a-fe3ef70bbff0
b17757bf-a297-462b-bba8-f99b802ac43c,Ubriachi fanno cose freestyle,1.0,1,221204,56.0,b16f6176-eb6d-4121-8675-7a02f5c7d433
eac042bd-a8fa-4385-b105-a7ea8dc924c9,​blun7 a swishland,1.0,7,167760,56.0,997ce099-b53a-4bae-b91b-7cc651604725
2de4e0ec-2f63-4fea-992e-2114425bc9c9,​oh 9od,1.0,9,204467,57.0,
6695e3a5-0f19-4883-98c4-3ef87c66bf04,​fuck 3x,1.0,3,161266,59.0,
065f347e-10e8-4bd9-8998-513bb8a6ad7c,​sw1n6o,1.0,16,184037,51.0,
9138bff7-d1d9-4150-b044-2029971f0c93,​ch1 5ei te,1.0,15,183762,56.0,
14fcf6d6-ca7d-490c-ad68-d98e1993743f,​m12ano,1.0,12,188426,50.0,
0823e919-01fd-42bb-a263-2654b4494876,​occh1 purpl3,1.0,13,187821,47.0,
c06e7f5d-d949-4ae9-8a56-d73d87abbe8a,0ffline,1.0,1,201094,58.0,0cb4431b-e09c-4225-80a3-cc14372a8ddd
afd900e9-79b1-4bfd-8413-c78d05e9314d,​no14,1.0,14,176440,49.0,
0740123b-66b2-4b57-94d9-6632d7d8249a,​pers0na2,1.0,20,251511,47.0,
f3b433fe-dc8e-4b12-8b08-ff5cb2e4708e,​m8nstar,1.0,8,164825,51.0,
1d1ee5db-44da-4a5b-aa81-339063d0f7c9,​scuol4,1.0,4,169588,52.0,
6896e604-d208-41e6-8ae8-904f0c4d1a03,5olo,1.0,6,123039,45.0,
409eb0ae-49fd-4a1a-a38e-c87733c80eeb,​come fa1,1.0,2,128774,49.0,
ae504fa4-6270-477f-9e58-ad96185f58c4,​gua10,1.0,11,177223,46.0,
4b8b1c2e-879b-4819-be27-6ce7dfb9801f,2ollipop,1.0,3,149305,47.0,
ee635740-1f2e-4a60-b648-94f00e12e88b,6itch,1.0,7,150753,47.0,
f338dd49-c5e3-4ccb-bad2-648eff6736b0,​s!r!,1.0,15,237701,58.0,75c15371-915c-4d99-abb9-76d57fe25271
ad4b8fb5-e41d-4b48-9b2f-df7ee38e605b,​molecole (interlude),1.0,11,125089,52.0,
0584108e-a9bc-4cd9-b428-4c5afd38de75,7rapper ma1,1.0,18,86666,41.0,
ccf7d57a-68e5-4e27-bc1d-13727c566b77,​parano1a k1d,1.0,12,144098,44.0,
d4b54c1b-7e36-460e-8c22-2936c6a0e03d,​c!ao,1.0,19,212920,55.0,
c9e1220b-09ba-48f6-a36d-5775acc8a7f5,8rosk1,1.0,19,171733,44.0,
9f922000-fa22-4d1e-9707-4efceaa3f81e,​bubb1e 9um,1.0,20,118717,43.0,
f866d657-b2f2-4775-a0eb-987d2ffbc80b,​m%n,1.0,6,112430,51.0,c279673a-f917-447a-bb38-c42adec5ac80
d407ea30-5410-45ca-bc77-c73c50d5fdf8,EGLI È IL RE,1.0,1,177433,48.0,3d1f2f3a-3e42-4ad5-a1df-3b09514d32b6
f60e872f-8886-474a-89b7-8074a8783eee,Dimmi Che C’è,1.0,1,182078,60.0,
1e142190-a60a-423a-8406-8b0a1294196a,POSTO MIO,1.0,2,200842,57.0,
a65d182a-6efb-43f8-8c1c-1440d28473b4,!ly,1.0,4,206494,59.0,
1fd2c0e2-c31a-45c7-8fc6-7efa2ca7e639,​r()t()nda,1.0,7,159592,50.0,
b1a5523f-c07c-4f26-8523-e40fddebd124,Loooser,1.0,1,182078,60.0,
5553caab-0754-4bfd-bcd3-7f7486ac266c,​mi @mi o è f@ke,1.0,14,128266,55.0,
abc2007e-b980-403d-8d5e-8a078b9fa27e,​l%p,1.0,5,176290,49.0,
ddce414c-c726-48ee-aeed-736d9ebaed5f,SO CHE CI SEI,1.0,6,172343,52.0,
343c480d-9a42-4be7-ac69-61c927acc579,​mar+e,1.0,1,177433,48.0,
91113096-7b35-46b6-8a84-0124a09539d6,​come t! vorre!,1.0,9,197786,46.0,
030c06f6-0959-4342-b85c-df8eef1a176e,​sci@ll@,1.0,12,184786,48.0,
22c5eb2c-806c-4f7e-bd14-f8ea41000ac7,BLESS SU BLESS,1.0,3,160285,51.0,
02e4f17c-36ad-47bb-b0dd-175c09f7f998,​rock & rolla,1.0,10,177106,49.0,
90244265-0526-4be5-bb20-cb62b286c1c3,​okk@pp@,1.0,3,142373,48.0,
4f7a0cbf-2c27-493c-b46d-c05e5ca429af,ONE KING,1.0,7,151508,49.0,
b3387c60-7825-44af-b93d-40e1785d5289,_bilico_,1.0,6,143746,46.0,
130bf366-7c30-4c46-9c7c-1180dc8e995a,Annabelle,1.0,3,161266,59.0,
45217a38-eade-4374-8466-dc72437817b5,COME POLVERE,1.0,5,194275,46.0,
6d7bc041-121c-46a8-8fd0-9634a9bc6b0b,​ye@h,1.0,8,156616,48.0,
e7842d55-e5bd-46d9-a1e0-50e40e98a3bd,​cas!no nella m!a testa,1.0,17,147106,51.0,
3e7a8d85-58bf-4625-b800-f1e7803b99d7,OCCHI MIEI,1.0,8,154163,45.0,
59bfc667-f6be-4568-8c66-627a99d75a80,​r!va,1.0,13,170343,49.0,
b07d677b-0476-4d87-a9bf-b81819230595,BACK TO BACK,1.0,4,137608,46.0,
b76889e1-f346-4a18-bcb2-1aff5967b46d,​w()ah,1.0,18,163540,47.0,
40a7af24-d24e-49c4-9542-4e8b1ee8acf9,Gumball Freestyle,1.0,7,167760,56.0,
c95b0928-d65c-477a-a578-386c378cc2ae,​b@by nel bed,1.0,16,120440,43.0,
8911ac53-26e3-42f6-b43b-3763444a5ec3,Rockstar*,1.0,15,183762,56.0,
febed2c0-931d-442a-88a5-255bd02d5032,+ bla se c’è bling,1.0,20,114408,42.0,
11bb3c42-53d6-4774-80ab-280048e931c3,6 1 akkollino freestyle,1.0,5,138558,21.0,e241ed6c-6b32-41d9-92f3-c22e96524baa
ba718436-f8b7-4b9c-8b6a-880f22022278,URAGANO DAMN,1.0,1,202357,45.0,216ab655-47b7-45e6-b402-455c33fcaa7a
a1f4a6da-7e3a-47d4-b1a9-fa9393ddeb98,COVID-19 Freestyle,1.0,1,186566,5.0,
aadd45bd-1496-4ea5-b81c-bedf16b577d9,6itch 2,1.0,7,150753,47.0,
a3113cbc-ae99-4621-9003-588541e4b8b6,FVCK GO551P Freestyle,1.0,1,176170,31.0,6bddc627-185b-4b82-806e-31b29e0a0e5b
9ee169cb-8a8f-47f7-a3bb-ff3c7190a7fa,​no chance mai (no champagne rmx),1.0,1,180833,29.0,6568339c-f24a-4822-afbe-2ce501916865
39d4695e-30da-4e8e-9097-c0b8316d0392,Thalloween,1.0,7,167760,56.0,
36243ac0-c606-49d4-9f2a-af50d5c6ce95,Purple,1.0,1,44575,32.0,02b115c2-31fa-45c1-9032-890bdff964d9
f76cd7f6-e270-4619-a415-b9d89ebd5e1a,Particolare,1.0,3,161266,59.0,
e1e05195-996b-425a-a00d-99e2e5741f02,Veri Fra*,1.0,1,192096,72.0,
79981e5b-e191-4209-9c52-c4d55dd2ce2a,Blunt*,1.0,7,167760,56.0,
bcbe57d2-25ae-479e-99df-c7b2f1c2205f,Buon N***** - RMX,1.0,2,177545,65.0,8c36201a-f7ec-4656-b9fd-b61524797d89
75f94772-8bcc-45ef-aadb-0109819ee63e,Bugs Bunny,1.0,6,152440,53.0,0a137d40-3e37-46e4-ab96-9722836aa3db
89675011-9557-4746-806d-7e301d897a2c,Coraline In Love,1.0,1,186964,97.0,e39ed2de-5b4c-426b-9657-e94690ff5b71
12717acc-2a2c-4f3f-b128-9080d7c7ada1,Skkkkkrrrrtttttttt,1.0,3,161266,59.0,
61453738-8d46-4119-a7af-ea8985d5864f,Drilluminazione acu,1.0,7,167760,56.0,
beb6ceca-6a66-4dd6-a942-8a8b29b9fbb0,I.B.F.M. rmx,1.0,3,161266,59.0,
1e5f7928-b581-45a6-91d1-5ed5e0962e9a,Cazzeggio Nella BV3 House,1.0,3,161266,59.0,
d19ef12b-e2ca-4a26-bbb4-07d459819d42,Roba illegale/Coro*,1.0,1,173000,16.0,997d724a-047f-4074-80f0-ec7968a17dd4
4b8b501e-852b-45c3-a38e-4c207334f8fd,Non ti interessa*,1.0,12,206896,69.0,
ca14dbbd-4584-4de9-ab8b-d303e9ae1477,No Sleep,1.0,9,200040,91.0,4040dad2-3e76-4447-a9ef-6c981cea0100
474ca6c3-e767-43a0-b1f2-03e75e081c55,​coltellata versione per fatte salì la pezza,1.0,6,176146,55.0,1353e400-1640-444d-82b2-ee523e764da3
da859460-9208-443c-b0d9-01f4c3ef2ea2,Quasi le tre*,1.0,12,207346,68.0,b0f35b4c-146a-4b10-a24e-38a210ba2ae7
2a45871f-5874-4e91-9b21-38d30c2dd0db,M8nstar Acustica,1.0,1,166281,11.0,c3cb12e2-b3f1-4047-b689-ecb2c11f2733
fa1d678f-1b68-4127-be89-a61c878c9b52,​ao,1.0,19,212920,55.0,
91182f55-963f-40b6-b0cb-f611e202b230,Dulcis in Fundo,1.0,2,231480,39.0,05bf4ee1-7592-4186-8ef2-e690159379fe
df0c611c-860f-4fc8-a4f7-bda495a7fd36,No Champagne,1.0,8,142615,69.0,
a10f640a-b072-4b9c-8afc-a1758ef5b414,Night Cherry,1.0,17,203161,2.0,279fbff1-e213-4c37-8e55-1f4879afb19d
39e96caa-8d50-4748-b234-0947040a1b08,Fuori dai guai,1.0,6,210400,48.0,c461fdf1-51ad-4742-93d6-681180ce19fa
02c557ad-6b24-48b6-85a9-b72f0a30bf8d,Ice Gelato*,1.0,4,201845,66.0,60860b97-bd48-40dd-a2af-e2343eb339f1
ad182037-0636-4670-a2f3-c2a197072462,​baby dopo che uno sconosciuto t’ha venduto una caramella,1.0,6,176999,74.0,
41fbba46-c2b8-4ac8-8941-6708ed3eac48,Ch1 5ei te presammale,1.0,5,207092,2.0,df30ee0b-3b7d-4251-9589-c43f39937632
aebf35dd-fc5e-4a51-9ae4-b60a12cdd68e,Fuck 3x dalla traphouse a youtube,1.0,2,182245,76.0,
03a66675-dd28-48ea-a00a-d01af61ecfd8,Circus,1.0,15,183762,56.0,
f50ae817-4c05-4d7a-9e66-b9ac162ffaf8,Among sus,1.0,1,110153,29.0,77c029f7-12d8-415c-b0d2-87341fe5c19c
965392da-e856-4713-8b72-523ae7de0dfa,Lil Trapboy,1.0,1,207202,26.0,6d37b099-8a96-4e76-a3ba-12c2be9c262c
466fdde2-1816-40f5-91c6-45119162cea3,Moonrise,1.0,21,174360,47.0,
49853313-6083-4763-ad98-849c246e3448,Sbsm try not to cry challenge version,1.0,1,2749933,23.0,a8630126-4867-4ee6-8a0b-a36500f18229
7712fc7c-b504-4b0a-9afb-07fef6000f31,I Don’t Give a Fück,1.0,5,191999,70.0,
62dc5566-42c1-4d57-86af-08fdb4ce3f35,Swaggavamo a scuola,1.0,1,84088,23.0,1f8f1cb4-1185-40de-8a5c-fc222028aeca
47eb9bf4-b838-45c1-ac39-186f8cef1dd5,X 1 mex sgravata impazzita col beatbox,1.0,3,174746,49.0,
ff8341ea-ff0b-456a-bc53-69a0f565a2f1,Trap house,1.0,1,179545,64.0,5b2f1c9d-717a-4972-9cab-aedbe8881a38
fa50f8d9-ca45-4096-9444-a0f3dbe97c33,Fuck*,1.0,3,161266,59.0,
b2198054-4cd5-4cf9-85e2-b124c2aa7ff1,Wickedboi,1.0,3,161266,59.0,
afb13e9d-46bc-4634-a040-589b319a84f4,Uh x6 yah,1.0,8,195750,61.0,
8514111a-26cc-4d82-8147-440c4b3e5a0a,Whats poppin freestyle,1.0,10,97804,24.0,2948ee83-dbd1-4ed4-917b-2b135272134b
265e635a-ff5f-4c91-87a6-c5cbe6ed8240,Chu9ju9,1.0,7,167760,56.0,
2805cde3-e0ae-4cbf-b767-724758f7b764,Dove Sto*,1.0,1,183520,73.0,13131ca4-d707-41f0-8c12-cf57d2d2180b
66da1612-80b9-4e69-b78d-70d1dff83537,Nuova Car,1.0,14,190825,49.0,d5121911-4158-4ed7-89ff-0d4866a91040
8feb1d77-3e69-4b2a-918a-9f2e7bc34aaa,Mad world con le righe delle lacrime sulle guance,1.0,1,156180,1.0,929ef3c0-ec6a-4e72-9381-bb4e022c8dd5
50fbc6f4-3bba-40d3-a999-71a932b6d4dd,2ombie*,1.0,3,161266,59.0,
387506b7-c4f0-468d-92df-cc94050abdb8,via da te,1.0,6,226906,82.0,
2b7ef321-9235-4074-9a26-78dd6f125490,Shawty,1.0,12,184931,53.0,75442dba-7f4d-4ff0-a71e-cfb29bf5e979
e2386e99-bb72-4215-9376-7e15175a6176,Kiss You (F**k You),1.0,3,207400,60.0,
ca9e43a8-e324-4f90-afb8-cfe19c0f1cc6,Primm Ca M N Vac,1.0,1,147906,25.0,
f38ce291-8bb8-488a-a8b5-d5c8b5550633,Ma Xké A Me?,1.0,1,156226,28.0,a046c980-9841-4c87-a1d6-a380b1c0e3d9
41c4f792-48cc-4ebf-af61-3404ecd46b5d,Sincer,1.0,1,221204,38.0,857652b1-4ac4-4fd8-bd68-4f6cc85b3834
a3c79ef4-b672-4ad6-ae0f-93aac70b4149,Ngopp ’A Di,1.0,11,182240,23.0,
82559dc3-df3a-4576-be6b-375e5293c0eb,ATM,1.0,10,154653,27.0,
06c9a3aa-0775-4976-b98f-ddcf71ed992e,Tutto L’Oro,1.0,6,181960,24.0,
c0e7e1e7-0d7c-4222-8738-54bfc0b672c3,Money Cash,1.0,2,146480,29.0,
ee297f9b-a7a1-46f6-83b4-619a3438a699,Champagne Problems,1.0,5,155120,35.0,
022857fe-c371-4ddd-ab36-248b7350c38d,Basti Tu,1.0,4,178200,28.0,
4d3024d1-58ec-44b4-87eb-99adc4e136ad,Thanks,1.0,13,138106,25.0,
9085996c-6ccf-4511-8e96-e16a4afc5609,Baby U,1.0,6,159000,28.0,c5036458-f704-4df7-b5bb-64f6096035f6
6ae31677-4a26-4ada-ae10-088fa672deb6,Marijuana,1.0,1,174600,33.0,ae605b9d-3c50-4d3b-9cbd-7f959b32ad2c
cd610c93-d646-4f0b-882f-54d50548bbc3,Solo,1.0,7,180626,26.0,
d1b27357-8d11-461c-ad02-2b0c66a2d7e9,Matchy Matchy,1.0,1,150508,26.0,
9f57b64a-78c2-4a26-b3e0-b56909df1af2,Montana,1.0,3,207400,60.0,
f127154c-1950-46d6-8203-45618f9850a0,Justin Bieber,1.0,2,172137,23.0,
05214eb9-669b-45a4-9cc0-a305f366961e,Fuck that Bitch #1,1.0,12,135226,54.0,b24fc80a-e29f-4b0e-be73-8d90a3c94a80
5b3bfdad-ce28-4b14-8733-cd14d57d719a,Teng Sul A Te,1.0,3,147443,26.0,
ac22f475-9ee4-4ac3-9564-84f24b1f9fc6,Verde,1.0,5,150769,25.0,
fadb9c91-c1b0-48f8-824e-3696dea93b70,Club Paradiso,1.0,7,145920,22.0,
90b6dc60-84de-4ef5-a178-a41423f3cafd,CANZONE D’ODIO,1.0,10,162969,69.0,93532fa6-28a7-408d-9e61-5aa98ed63234
dd796db9-5b27-47b2-ad6a-ef947bc92568,Morto mai,1.0,4,145640,65.0,3baf2734-3c0b-499f-b918-551da0fede8f
3c6b7c46-935a-4456-8a08-c48265150242,100 MESSAGGI,1.0,7,318492,57.0,a5d100e1-3e78-49bd-9e07-088965114060
8ae8cbb2-f87c-450a-bce3-09539c48282a,MOB,1.0,10,213613,54.0,933a8b6c-8dac-4322-9616-fe92f1e19f12
39e2a822-cf7c-43aa-87d5-298f90877ed9,J,1.0,1,145121,55.0,f4824dcc-9ac4-44ec-a17c-8efbb01c2e1b
329f1a45-d3d3-4d83-a749-3f56d28dd6fa,MEZZE VERITÀ,1.0,6,226424,59.0,
8b2db511-407c-42e3-9d9d-944c3caff39b,Ouver2re,1.0,1,185930,48.0,06692dad-319e-46af-8ab5-3a70f5e4dbfe
0005f236-4b3f-4f2c-a00b-6f5cd8ba55e1,SLIME,1.0,6,208233,57.0,
23566153-d536-4907-9f16-fc47b81f15f6,ZERI IN PIÙ (LOCURA),1.0,10,255666,54.0,4642d2e1-ba5d-4676-9322-357eb6c41169
62f5d5f4-45e1-4b5f-b38c-c8d005267cbe,Catrame,1.0,10,200146,56.0,
ce323f59-a16e-4fb3-8b0b-305c85d242dc,ALYX,1.0,2,183027,60.0,
2acc49ba-486a-413f-9a10-850a865d212a,2 TIRI,1.0,3,162982,54.0,
06ac12a5-bd9d-40a7-a773-2c0b5089bb76,Gigolò,1.0,2,164301,60.0,
c2c0fef0-7190-43e4-8543-dff2085179e7,Ouverture,1.0,1,213573,43.0,
fd825d10-5deb-4377-b7e5-8853ac38d3ac,Lario,1.0,5,190186,47.0,
367c4c68-1346-4fb2-b93e-1386dc567d5c,FENTANYL,1.0,4,188081,66.0,
5518f4d2-f9d7-4c01-9733-ab2f25c4885c,Re Mida,1.0,4,145640,65.0,
3c32f395-18d0-4548-9af7-5a221adacda9,Netflix,1.0,5,153826,51.0,
b2b8eebe-436c-4269-bc5d-d1f588d8757f,Porto Cervo,1.0,15,233680,54.0,
43d80d79-dee7-44fa-8223-1763f91c345a,Iside,1.0,13,152733,52.0,
f51e4fd7-9129-43d2-84db-bceda2ac9cd2,LIMBO,1.0,10,159154,52.0,
985f5121-869f-43ca-b38f-e2b1d9cf59ed,Gucci Ski Mask,1.0,14,205640,55.0,
5976deda-6a0e-43b0-8ce4-99bf3f8fbc73,ABITUDINE,1.0,1,254266,58.0,
e0d1c593-766e-4c17-87c5-9515f8ba9815,PIOVE,1.0,7,155862,63.0,
f269da28-4276-4f28-9e57-76320b7f4b27,DDA,1.0,3,165920,44.0,
a0a48516-b3d9-41bb-a2af-b220500b862c,OUV3RTURE,1.0,1,172862,51.0,
a65f4eb5-2ff8-4978-a161-3fb65a150bae,MONCLER,1.0,4,177746,46.0,
29fdb1f3-4617-4f2f-bb17-12fbd1e2aa60,BUIO DAVANTI,1.0,17,189642,75.0,
4c5a5863-a3c9-44fa-8df9-534174b34cac,FRIEND,1.0,8,148403,51.0,
63f97d8b-5db9-422c-a1b6-3476c9735fce,Cazal,1.0,8,185720,47.0,
b36cc153-68ea-4885-8741-b45a8044f85a,GHETTO SUPERSTAR,1.0,8,242808,53.0,
67887bab-bbe3-48ba-a13c-ac2f918836b7,Diablo,1.0,1,173658,37.0,1c130074-e397-4d75-aeca-0e423c1843ed
8dce0303-0a09-41ef-99e0-b85cba3f5cd7,L’ERBA VOGLIO (Geordie),1.0,9,153173,48.0,
1fdc8d10-2703-4e32-9a8d-25f43911f014,24H,1.0,9,215826,47.0,
92e35282-487f-4a8e-8ba8-209d8228d579,MON AMOUR,1.0,5,153680,52.0,
b921fbc0-330d-4df3-a79b-d7210e7aa0c1,USCITO DI GALERA,1.0,15,172654,66.0,
689d176b-b7df-4b73-95c5-bb9e90d96e64,CENERE,1.0,1,208323,66.0,
fd3af29a-cd8d-484f-8fa3-0c155e45b327,CLEAN,1.0,7,143533,49.0,
7427fe7f-d6cf-4b83-ab54-c6f39a16bab7,HOT,1.0,5,249773,55.0,
d1344982-f0c7-4ef9-a79b-56d130c6010e,-3 (PERDERE IL VOLO),1.0,3,184846,57.0,
b2e73461-2f25-48f9-b888-f74c9d17c05a,MEZZO SPORT (64 Bars),1.0,13,132428,49.0,
8291c67a-d038-4d4c-8133-689547238b21,CERTE COSE,1.0,2,207989,57.0,
01b4699e-5793-439e-a04b-0d4206e89c97,Silenzio,1.0,11,213346,41.0,
b1647ede-cd5d-4237-996a-84c842dda1a5,VERDI NEI VIOLA,1.0,9,183132,57.0,
0fc9d464-ab43-4ee9-adb5-a658365899d3,Superman,1.0,6,175293,46.0,
e8bc50bf-29f5-4b4f-8712-4b313bf44182,NESSUNO,1.0,13,148452,60.0,
5f9526b0-9aa7-4124-a0a0-35498d23f701,ALIBI,1.0,2,178051,52.0,
56cbb0f1-fa14-4701-96dc-cb0ac438dc5b,DOLCEVITA,1.0,9,204803,54.0,
3a69265b-4f1d-4293-87f4-011c95783230,TOPBOY,1.0,10,206493,53.0,
c9c179ca-38d9-4114-877e-0855893655fb,Maleducati,1.0,6,230106,39.0,
93ff7bab-c9a2-46e1-bb49-1e437b417e1c,Million Dollar,1.0,4,190862,48.0,
6603f68a-fe40-428c-a017-a39dc55f0bb4,Box Logo,1.0,2,133853,46.0,
5d4fc051-62f0-4f76-b358-30066f42e673,Per sempre,1.0,1,143200,43.0,
6f381fef-f99f-4a65-829f-418dfafa769f,SOGNI D’ORO,1.0,4,157467,57.0,
d9f7c256-9731-4dfe-ad77-f5e54c15621f,Povero te,1.0,11,193040,41.0,
f62bf6ce-59be-4205-8786-ae3ee733260e,NULLA DI,1.0,16,178937,49.0,
f9685da6-6f59-4906-a015-63422acf3965,MNM,1.0,4,230040,40.0,
a59e81e9-ca65-472f-82a8-613b9b0ad484,CASANOVA,1.0,2,173760,55.0,
7cabbc0c-b368-49fb-a469-8ade2d694fcd,Dry: La mia ora,1.0,3,124714,42.0,
ed948090-2b49-4a77-b461-f116debb1f17,ESTRANEO,1.0,12,202222,54.0,
4d9dfa67-0684-4981-a099-b24ebbcdbc05,Bisturi Freestyle,1.0,3,205660,35.0,afb311ee-9394-4057-934f-4eb6a781d520
4d7632f9-8068-4171-aeb3-de431b1a249d,Desperado,1.0,12,158213,43.0,
f869ade0-67f9-42be-818f-187d1319fb4f,Zzala,1.0,10,213613,54.0,
0878642e-bc90-4f1e-a585-153b6165bc2d,PUTO,1.0,11,173142,47.0,
77ab349b-b241-4e5f-ac83-4e2130862b56,CINEMA,1.0,6,201139,52.0,
fc4b48fd-b631-4acd-b2e0-d9a66e27da90,Lario RMX,1.0,1,193676,43.0,62aec667-51b5-40d8-83ec-88080894b5c6
1a60271e-3599-4a2e-8ab5-06eeef5f3f43,GIORNO DA CANI,1.0,5,176213,56.0,
4859595f-f471-48bf-b745-13f0d8019d44,MALE DA VENDERE,1.0,8,186190,55.0,
75349a60-5afb-47cd-8046-ac5f08d9e429,PANICO,1.0,8,188564,66.0,
f6484c8e-01d4-4cfb-9256-2ec4062e13d5,SENZA RUMORE,1.0,12,229147,55.0,
4480a618-45ab-4eaf-9ec2-8fdfd5653d88,BUGIA,1.0,5,204226,50.0,
136bdea2-2c81-47a1-ad90-fa6541b4db4b,JEFE,1.0,9,195393,45.0,
0f8716c0-9348-482c-a86a-2a00bd6d093d,MOLOTOV,1.0,3,160204,58.0,
ca26a0e4-4c9e-4abc-8a35-4fcc29cf8793,Morto Mai (Piano Solo),1.0,3,160374,59.0,61c05cd2-f692-449a-8d24-4063b03d6773
835e3203-4484-477b-bdc8-775600236153,No Selfie,1.0,16,167840,41.0,
b23c5c48-97f7-4936-9f14-619dec9cb052,OuverFOURe,1.0,1,179619,54.0,
f34a597d-b1d5-42f3-afd5-51ef5f5815b1,Take Away,1.0,8,193106,38.0,
32726f6f-9f73-4a26-a1d6-50ab28534aa7,Frio,1.0,5,129062,44.0,
6022fad2-a978-4e59-93cf-e92c3d58126f,Origami,1.0,2,150226,39.0,
68ae5ef5-2ae3-4488-8c76-1796fb964c37,SAFARI,1.0,3,187034,54.0,
3da620c7-3f69-48c5-8889-5de0b2677656,2 Cellulari,1.0,7,160053,46.0,
3022fba8-9e34-4ea1-9036-c6c62e448d31,3 PALI,1.0,14,192827,47.0,
e3a07e3b-7d6f-4484-94be-95a79a3a08c5,ZONDA,1.0,1,217190,49.0,0eb68e4c-50ed-48e3-afa1-e3cc2a4a1ace
b96f6994-2d19-4107-b6bb-09844699f2fb,REPLAY,1.0,17,191406,47.0,
6ac2d8c8-b152-4b51-b15c-8a8c8af666ec,PIOVE (Concertos),1.0,3,171025,45.0,cd87282b-b382-4fad-b0b7-dc5b35a79b81
571a12dc-5174-42ea-8f4b-aa4c5c15b657,430,1.0,9,213600,35.0,
b7d691b3-6ca7-4b4d-9dd5-39adcb74179f,Fuego,1.0,1,123523,29.0,2f6da0b8-2872-49b8-8413-be62e6b4e088
cfd32051-6e7a-47a3-8743-33fd1c03c951,Come Le Sirene,1.0,1,214285,74.0,05ddabcd-1899-4010-9080-dbd36e8418ac
91e76962-1896-4b94-bab0-340538423a5d,Catrame (Piano Solo),1.0,7,218000,48.0,
c3fedf74-b86e-4d5c-9e06-11d8cae46939,NESSUNO (Concertos),1.0,6,178920,46.0,
e7ef8bdb-3ab3-4e21-89c5-e9c9c92aa0aa,I.B.F.M.,1.0,1,183471,28.0,cedc5449-4b95-4d75-8a57-7f379fa19c7f
5c726389-287e-497a-900e-cb354adfc6d9,Poteva Andarti Peggio,1.0,8,215133,39.0,ae41d62c-1480-45ae-9657-0f64ffd19221
086f1941-b784-4c70-9ed9-8ac03517eae2,Wall Street Freestyle,1.0,1,110400,35.0,6cb72e2b-c98b-42cf-9dd4-aaa1a8849335
7b185448-a576-46cf-a213-2068b832e2ac,N70,1.0,3,267360,0.0,e3b9737d-4fd8-4128-821a-c7d8ed13389e
a2f51a8e-61d0-4523-a7d9-860a55965e9a,Jolly Freestyle,1.0,4,120360,42.0,5c62de22-2853-49d2-8a2f-7b311e838e29
26eb0233-66ea-4655-ba73-c99318b36b33,24H (Piano Solo),1.0,6,199852,40.0,
99194988-b486-488c-9cf5-f244cc846d81,Replica,1.0,17,191406,47.0,
9444a5a8-c637-4d04-9a96-663a2527f419,Super Santos Freestyle,1.0,1,107727,34.0,fd85c21e-7897-4f4c-9749-a768606029c5
fe080060-fdfc-4fbc-92dd-fafb9140e9ad,Re Mida (Piano Solo),1.0,3,160374,59.0,
26b595a3-2823-48c8-848c-c10115430acd,MI ANTHEM,1.0,6,129408,43.0,58d48349-c3ef-44d9-87a6-5289a57dd2ff
57299f7b-cd0d-42d1-9071-ec9606c9bb7d,Netflix (Piano Solo),1.0,4,157286,42.0,
f05ad393-4dc8-4dfb-a62a-0daf130fc331,Non Sei L’Unica,1.0,14,166366,72.0,b8a9c851-c362-48f0-8b52-772bf3ec861f
5996c84a-5f5d-45a4-b6c4-31fc624e3eb2,Sto Magazine Freestyle #8,1.0,14,197853,24.0,dd70b9d9-b1fa-4fce-97ea-a8da7423de28
0a46b1cc-8948-49ca-9242-8519d5bc01ba,Superman (Piano Solo),1.0,5,176000,40.0,
d5fa5ba6-230e-4bdd-b0e6-7a194e27e9bf,Ouver2re (Piano Solo),1.0,1,113000,38.0,
e4107129-a93f-4670-801c-3ace9fbfd5f5,NESSUNO (Demo),1.0,12,207346,68.0,
ab90fbf8-bac4-4310-a858-1f4a34d1ba50,PIANO 20,1.0,1,167782,0.0,e4ed2fe0-0cc8-4d51-8fc4-296766f480a4
c176813c-81bf-4285-b6cd-9588c81642e9,SENZA RUMORE (Concertos),1.0,5,236448,50.0,
6139de78-c00b-4b4d-ace6-906394e52450,Desperado (Piano Solo),1.0,8,168416,40.0,
af4ad0a8-91c6-4389-a86e-2e78c4dc562c,LIMBO FREESTYLE,1.0,10,159154,52.0,
4b9b1f36-7bf3-4ec7-804b-3a8a27eaeab3,The Exchange,1.0,4,334743,84.0,cf3e68ec-78b7-4ec1-95b1-17ba34c210af
205e331c-00d7-48d1-8a2a-e7c04556fc1b,BSMNT 105 Freestyle,1.0,1,169411,63.0,8c674a33-26dd-4248-905c-7fd1a2760e39
9f076765-3fc0-420b-a5be-32262f14bf40,Cerotti,1.0,2,207989,57.0,
d8bcadf8-dbb4-4b8b-a45f-05ab1edef234,Beyblade,1.0,6,198260,66.0,
ae75a08f-ff9b-4be3-b326-084706cfb3f5,PANICO (Concertos),1.0,4,186986,46.0,
3aa6e6be-7d4a-4dfe-b6df-c3e6ded3978b,BIG Freestyle,1.0,2,157659,6.0,86990bf6-22cf-4cd6-83ef-d041acefa84a
4c2d5074-ede4-4539-819b-ae944e9b8566,#NSSAUC,1.0,15,172654,66.0,
b8b913b9-1b8a-471b-a27f-53d1afbe976a,È Vero,2.0,13,362506,0.0,425272e0-0337-4681-9445-19c5cf679949
5dad2757-a2dd-4fa2-91c2-14b971417dfd,ALIBI (Concertos),1.0,1,199308,44.0,
429ed8b2-1ef3-4143-9b23-e29cab06c8a4,NULLA DI (Concertos),1.0,8,187759,43.0,
7539187f-cbcb-4b28-8ed9-54d883ab8f44,Tempo*,1.0,9,159872,8.0,ecbb15b0-3341-4cae-b294-72bc822f3ae1
13b58493-3e7e-4981-8fca-ab331383ef96,In Tilt,1.0,12,226041,68.0,
0b31fb35-ba34-426a-8598-4f8631613ee4,Tommy Jeans,1.0,5,223786,65.0,e3b3121f-a6ac-47b1-9546-efd1e586ce2e
6bc48192-bf6c-46a7-9235-8f646b8c0018,COVID FREESTYLE,1.0,1,206281,0.0,d3253fed-9725-4227-9915-6fd16cd09260
acff445a-0b68-4f12-9c20-e9cb3092cdf6,INFINITY 333,1.0,6,293439,31.0,969b2c3c-a8ca-48cb-9f47-cb2168db54cc
195ec09a-6172-4c87-8d4e-bb01a9029980,MOLOTOV (Concertos),1.0,2,169450,45.0,
f17864d7-9c91-47bb-9bda-f3958e71d793,Maradona,1.0,8,79106,0.0,d07c25b9-8297-42c1-be23-1954562cd5ca
241965c3-1331-412d-a5f0-bdbb2e435746,USCITO DI GALERA (Concertos),1.0,7,161819,43.0,
151bf664-f7ec-4046-a5e6-1236b983d7bb,Da Un Po’,1.0,32,187973,2.0,6b0b0098-3edf-422b-a937-223e42f9c087
3c55ae37-21cc-45f7-be2c-410165122ee8,22 (Freestyle),1.0,1,151337,20.0,f6fcc0a9-e95a-4b8b-b1ea-5882dcb2f4ca
11e11a95-f48a-4db4-b1ed-64c1332607cd,A Me,1.0,13,132428,49.0,
1b3e44c1-f9d4-4798-8608-40ac3f011352,Ayrton Senna,5.0,6,217493,15.0,a6cf6c02-a9c3-4c69-89ce-7d4c11c4ee9b
00b68858-9c54-4d52-ace3-4443e6b47642,Sulla Luna Freestyle,1.0,1,213280,35.0,927b5a4c-e6e5-46f3-bc6e-17cf3be23626
bcd24e0e-03ec-486f-964a-77af8936a0e5,PIOVE (Demo),1.0,11,173142,47.0,
b00bbaed-49c6-49ae-9e3b-54675b463e8b,Montana,1.0,11,173142,47.0,
849659cd-4494-411a-b97a-ae5a6c5973dc,Goin’ Up (Freestyle),1.0,8,218637,38.0,39a042cb-48e7-49ad-b304-4b6304df459d
8becfc7b-769d-4c3a-8e58-4206b374f73c,May Day,1.0,1,181739,13.0,0a523152-f09f-48cb-aafd-8776f755f538
de015b1c-8dee-4581-b466-df1497956c26,Nasty Girl,1.0,1,178775,94.0,0ae98e02-5017-48dd-827a-927b7867c6c5
4987b26e-589f-486a-be18-dfec5708b7ba,Può Accompagnare Solo (Freestyle),1.0,3,229253,64.0,
9b4664b9-64d6-423f-a093-d9f58f364b41,Outro,1.0,10,259031,0.0,5d39946c-6d3b-4434-9f75-90dd12e3901f
f679ec11-bc81-40bc-8654-036bbf8b9dcf,Candida,1.0,17,189642,75.0,
bb2af0f7-8408-4481-9fbf-54ba4e7d0981,MOB (DJM),1.0,16,167840,41.0,
1825e5e1-55f7-4353-b11f-2854e00d7223,LAST BARS,1.0,30,290892,0.0,de1fad09-c3f1-49db-bbba-20f5821d4e40
ef37af7f-6f6c-4d64-ab6f-7eded748e4f5,Intro,1.0,1,150588,3.0,9244eaaa-f022-41d1-b3c0-73058f964df2
671135a3-1cea-46ba-8721-9fd0b37af6c5,Sofisticato,1.0,17,189642,75.0,
8223f8af-0bc3-4573-99d8-ee8142d9ca3a,Come Si Fa,1.0,13,405160,0.0,b460a9ec-4bf9-4f0c-ba86-aa6a02c9ae0b
b8bc9580-3f0e-488f-b65b-fd0c7355052b,Vince Carter Freestyle,1.0,11,217840,6.0,7606377c-9d52-44b9-a935-50a52ce0e8dd
711dbbc8-6131-4efa-88f3-255889b22bf5,Putas,1.0,6,198260,66.0,
6c037954-56f3-41d2-b82a-a64df9d1e6d4,Non Ho Idea,1.0,10,200146,56.0,
a87552a0-95ec-4951-8b71-6525e8be4866,105 Mi Casa Mashup: Lazza con Gucci Ski Mask su Xanax!,1.0,17,189642,75.0,
b418446c-307b-407f-93c3-cb949386e427,Destiny,1.0,10,120600,0.0,fa6b8b61-1ea5-4bfb-bb39-95b0e015ae35
c10710ba-4f34-4235-b454-d2a859c29bb4,Free 12 bars,1.0,4,207352,14.0,8936629a-e050-4651-86f4-7d27e93cb312
69d07f34-22ec-4dff-92b2-617b9bc3a601,Sto Bene,1.0,5,135911,19.0,3ff4faf4-c093-41a8-ae6b-e03067c45e70
637e33e7-c58b-4fd7-a91e-a791b4eb0b35,Deja-Vù,1.0,1,208879,0.0,35d178ff-9a2e-400b-a6f2-5546724f6dae
a6ae35dc-0a8c-4943-b420-371ba3b88f57,Stai Giù,1.0,3,42440,0.0,fd43b5e0-8b62-4bd4-afe6-f6d7208c634b
fb4b5a86-a139-4009-aede-c7dbaed61668,Outro (Destiny Mixtape),1.0,1,142040,6.0,8d3268f7-d97e-4a2e-877f-2def2ec94eb3
8732d111-e2f7-4965-b8f0-be11ded6e312,Lazzarrata,1.0,17,189642,75.0,
b1150b22-696d-48bc-9739-1c3619733ce2,Complesso,1.0,1,217143,0.0,5516d716-94c8-405e-a4ca-a75ddd781d41
c86f0688-59d4-44d0-8edf-d7b48ba9e656,Why Not,1.0,8,216880,92.0,a51a37c6-81c6-494d-bb1a-0d26f7066b7a
5b157f20-17c3-4413-a602-75c7a6d61bc9,Fresh Freestyle,1.0,3,205660,35.0,
61411df3-04db-4074-a25f-bb68c4997c03,Senti Che Botta,1.0,12,195234,62.0,36b24665-ccc5-4d3c-9937-915c6acf2bcd
272bc11b-69d0-4b52-919a-809656c014d9,Non Ci Serve,1.0,10,200146,56.0,
cff7acf3-9495-4ef0-ab56-67a966b609bc,Silence,1.0,4,381818,1.0,c94d2a9b-864d-45bb-adf3-1b9a8b731fd4
87eb1435-21bd-4434-b854-f02d58438150,Real Freestyle,1.0,3,205660,35.0,
2259d7ba-d525-4621-bf4c-bfaef6a6fdf7,Triplè,1.0,17,189642,75.0,
c21be4ad-d711-43e3-862d-52f3d12d5beb,MEZZE VERITÀ (Jam),1.0,6,226424,59.0,
f4c369aa-1b25-46fc-8149-f5581920d9b0,Freestyle Grezzo,1.0,3,205660,35.0,
4778d188-d947-4ae0-adf2-e4bcd0271d6d,BUIO DAVANTI (Jam),1.0,4,189166,60.0,
cc096c71-1577-4175-86e4-8489f9179c0c,GIORNO DA CANI (Jam),1.0,5,176213,56.0,
da6f7cd4-f1e3-454e-b296-13025434b1d9,ABITUDINE (Jam),1.0,1,254266,58.0,
1b936c2b-46c0-431f-8cf7-f69b4ce8cba1,100 MESSAGGI (Jam + Opera),1.0,7,318492,57.0,
451dbd73-6f86-4c8d-b92c-4bf423dc8cf4,Come Me,1.0,2,218709,0.0,b27df6e9-48db-4778-abb8-a0f460bcf732
fe5b099e-d2c3-4a1d-ac8e-42e64a90000a,Not The Same,1.0,9,193043,67.0,
2642249b-61d6-4d62-ab5d-53a4892a4fbe,CERTE COSE (Jam),1.0,2,207989,57.0,
cfdd284c-821f-4201-9411-cf6819f2bb2e,CASANOVA (Opera),1.0,2,173760,55.0,
fbb211ef-3676-436f-a7d5-74e47d19ebcf,-3 (PERDERE IL VOLO) (Jam),1.0,3,184846,57.0,
e05db856-14e3-4d1b-96bd-ba026b950442,OuverFOURe  (Opera),1.0,1,179619,54.0,
2b06bb3b-a790-46ef-9c9a-b6e721261765,DOLCEVITA (Opera),1.0,9,204803,54.0,
02adf4a2-5640-4596-9af1-910ed01c8b83,HOT (Opera),1.0,5,249773,55.0,
18d51d23-d410-43e4-86b4-4de8a873479e,ZERI IN PIÙ (LOCURA) (Opera),1.0,10,255666,54.0,
b72cfad3-345a-4c3f-803d-cb56af5045e9,SAFARI (Opera),1.0,3,187034,54.0,
562717e5-0c92-43e3-8851-6dc71d1f543e,-3 (PERDERE IL VOLO) (Opera),1.0,6,181038,54.0,
82ec0c3d-1512-454a-9f2a-8a0ed9a62e60,FENTANYL (Opera),1.0,4,189666,55.0,
2561be83-9d04-45ad-921c-b7fb4f58b689,GHETTO SUPERSTAR (Opera),1.0,8,242808,53.0,
1e75d767-739c-40b3-91ef-c8661b4d5774,Christian Rap RMX (Freestyle),1.0,3,205660,35.0,
c794a5ac-2c59-4b28-98a2-0ab5c7f02e8b,CERTE COSE (Opera),1.0,7,219225,53.0,
b5a5cdac-481a-4376-9f95-5e66a7497c7a,Intro (Destiny Mixtape),1.0,1,155715,5.0,e9271e83-750d-4085-bbaa-2fc23b261d03
d611d9ed-6de8-4c29-bc83-5fbc92355828,Papparapa’,1.0,7,246400,46.0,b7dc7d12-a174-4d2d-b301-733ef1b4623b
ec59255f-2f20-4ab0-b466-45271eae34d8,Non so più chi sei,1.0,13,299999,36.0,
755b8a90-0348-4cf2-b403-361c0566bef9,La miaccade llade scacru,1.0,6,220695,16.0,
f1c5c8a9-d3d5-45f8-9e03-362267f76f2d,Mezza siga,1.0,11,166015,52.0,9d03c77b-1667-4ef0-a5ea-70daf938463a
1964d1bb-5167-4ec8-8726-9b81122b8be5,Bataclan,1.0,4,185280,39.0,a5fff4f6-aeef-43bb-ba33-89662bc6794a
d2b28b12-8a78-4733-b71c-827bf868ac5f,Emme I,1.0,7,175483,41.0,cc6638f8-a3d6-461b-bb15-b47e7474c9cd
13f43403-f626-450e-bb20-a0ae1f978ab0,By Myself,1.0,9,260800,31.0,
a2591570-1d09-44fa-b3bf-9d6574821b22,Più forte di me,1.0,10,202142,40.0,
65c01248-1a0a-43db-94e4-2c5c91941cf7,Lasciami solo,1.0,5,160574,39.0,81af2143-50b5-4a7d-bada-c36883f389ee
b8dbc38a-1675-4bdb-b7c5-2ab79b097833,A me non sembra,1.0,5,240000,16.0,2bd4468f-d353-4a3a-8af7-38ff5f851ef9
85fdd6c1-a5c0-4955-82cb-b26c8e5941b3,Nessuno,1.0,11,216206,22.0,
9fa7da0c-ef50-4442-bf0f-3544b45a8689,Madunina,1.0,3,200000,31.0,
e05c8ac9-9d04-4bc9-8c5f-ab54cbb2ee80,Vivo (Intro),1.0,1,180000,29.0,
b7adec98-cad5-4f95-9d18-85c2b1811bf5,Avengers,1.0,6,182500,31.0,
8746e29a-36b2-4f38-81e3-e8d7e0d14d05,Un sec,1.0,8,152941,32.0,
64c08998-c5a6-48aa-9f78-9b563ccfa12e,Six pack,1.0,9,210960,43.0,d3c12f64-db42-4292-94f1-7cdff793fb7f
6dcd40b7-43dc-47bf-bd93-c7b8846043d4,Sul serio,1.0,4,207407,27.0,
87881665-5b07-45bb-88a9-8749694cee43,"La miaccade Llade Scacru, Pt. 2",1.0,9,233221,10.0,53bf854d-b4c0-4090-ba75-68c37ed26809
1b5e8e12-6b10-44b5-a148-e2e32701af68,Oh Yes (freestyle),1.0,18,140000,34.0,
752efb17-4919-4158-93c5-2af2ff3e12e8,R2R,1.0,3,152903,45.0,
fc6c5f13-610e-4a8d-bb4d-961bee86bb6c,Gemini,1.0,11,166015,52.0,
7d6a5456-253b-4155-b65c-41d80648b6c2,Canne,1.0,3,190588,31.0,
55f8a1cc-e0c5-477d-9955-865bc019f734,Madafacca,1.0,7,171958,27.0,
ae5c481a-c606-4e5c-bfeb-516575bf160e,Come un boss,1.0,13,204255,30.0,
72f4c386-7e32-4a75-aee7-8227f1c4130c,La Bamba,1.0,3,181384,22.0,e90154fa-ef65-44ce-95d1-5731e1aa90dc
afe3c919-0de1-4f52-be35-5956a0774593,Comodo,1.0,8,155141,17.0,1554024b-b99e-417e-832f-639efc041361
c2a069e9-3720-4589-ad4f-f710df3e9fce,Sale,1.0,10,162666,18.0,
aef70270-8d83-4c3d-9409-8f13e6e4b0f3,Fahrenheit,1.0,2,224191,18.0,
70ab1840-9110-4ec0-b0b6-368a64878563,Basta,1.0,5,213818,16.0,
65303a6c-a6ca-4378-b0c9-38368374aa4d,King Kong vs. Godzilla,1.0,1,164820,43.0,
d980e2b5-9ba9-4312-bf08-afd04e73a5bf,Vieni da me,1.0,9,184791,22.0,
e353ac9d-5804-4291-804c-4879d687068b,Ben fatto,1.0,2,125346,26.0,
2c383ada-3897-4c29-9850-6d93b7c5c9a2,Radici,1.0,16,198688,24.0,
80c7e086-c528-476e-aa38-aebb7bcabcdc,Old man,1.0,10,122487,35.0,
ff487224-4fd8-4292-9d31-81653ceaa421,Tre Goal,1.0,2,153038,22.0,
6b3e54eb-031a-4db7-891c-9100504d8287,Costolette,1.0,7,192666,57.0,25ef043b-1492-4166-b20e-bfdc2f69e0a9
284fb5a7-dc02-42e3-9d39-ee40d6f57d01,Party boys,1.0,5,165473,26.0,
9af8c2b1-48ae-463a-a66a-95dd730207e3,Cemento,1.0,8,142666,39.0,
426be618-772f-40af-a0a4-5a24ec26baa4,DM,1.0,1,158571,16.0,2aaca042-3330-4c19-baff-0cd4786670dd
76c6077b-e97a-4c2e-bfe2-ec068dae81ea,Domino,1.0,4,205200,37.0,
25e6ec29-fff1-4e8d-867c-310dc09e842d,Posso,1.0,11,207272,22.0,
045bd9a3-c0e0-4872-be0c-a01cae3a6a9d,SICARIO,1.0,9,124674,36.0,
2a0c096f-d648-41c3-96e4-ab6a2782d212,Hooligans,1.0,7,142040,29.0,
f0d95e28-0b25-4ebe-82e8-6cd49358370a,Hyp3r,1.0,1,141714,22.0,
8ba6f8f5-52f9-4e55-bde3-393eafdcb2e5,Lo sanno,1.0,1,134475,18.0,
1da0c97c-c540-4627-9f91-658c18a99277,Non è cosa,1.0,2,147381,36.0,
ac1f8695-4674-4978-97b1-122ec57c9fb4,Sembra ieri,1.0,3,254823,15.0,
e175101d-4047-4e0c-96a0-4fa136ba386a,Back2Back,1.0,7,226829,22.0,
47ec0f63-8c08-4ae0-bed6-68e89a5beac6,Oh Shit!,1.0,12,136800,27.0,
b9c22062-e5d0-42d7-9ea4-bf83b26d37d2,Tagli come Sorrisi,1.0,5,157500,41.0,
d1a85575-7bd8-45cf-8801-03d144dccf78,Savage,1.0,9,181237,26.0,
396300b5-caed-4501-981c-09d9274ac8ce,Pop pop,1.0,4,141761,17.0,
a214cbf1-2965-4cb1-bbc7-eaedd7c0fc8d,East Side,1.0,14,186153,23.0,
bf3ddeaf-bf99-4f14-bb30-df2317311381,Hasta la vista,1.0,6,141030,22.0,
133e545e-8bf6-4102-a07c-4e84ca034e49,S.O.S. nel mare,1.0,17,192755,24.0,
55942941-317c-4509-8733-d573f40b7940,HH level up,1.0,13,123789,26.0,
86a1315e-8f1f-4211-b728-6dc71fdc63ff,Zibby,1.0,11,177297,15.0,
0b328a39-29e9-442b-8e35-4dc9d66145c9,Enne e,1.0,9,152967,29.0,
fd489c95-3e62-454b-afe5-fe20af9db98e,Comodi,1.0,12,177735,13.0,
a1bf8bdd-a13b-43fd-8f47-e0b1f65a74b3,Un minuto,1.0,7,147175,30.0,
be5155b1-1120-49c5-9912-efab4e1c665d,Muñeca,1.0,15,178500,20.0,
afa4f2fe-a377-4687-a89f-08623cd16324,Mollalo Nerone,1.0,8,192295,14.0,
40882631-2ef8-4d14-b737-887e9ae19a59,Mi sono innamorato di una stronza,1.0,4,164307,16.0,
d40ce3c8-6a8c-4b87-b21a-43984b1e0bf7,Very good / Back to basic,1.0,10,229925,31.0,
7bae51d2-4d88-4d2f-b38f-fcad884d3e78,Oggi no,1.0,3,211636,19.0,
091283c9-8952-4494-9a20-118b4c53d9e0,Uno fisso,1.0,10,204800,22.0,
86ab685f-c897-438d-a9ea-a395860df664,"Piacere, Max!",1.0,5,134000,24.0,
c9f9213c-ea55-4593-9a5e-56b108f1b9f4,Seconda mano,1.0,2,147555,15.0,
b04eb87c-b2e4-4384-8f50-8d514ce7290f,Nei casini ci vado io,1.0,12,160500,24.0,
8076867a-c45e-4686-906c-3ae48fe8960b,Il Genio,1.0,4,105560,23.0,
71e5ba6e-e5f0-43b6-9fa0-c0bf5b3798f7,Foschi Al Zzoca,1.0,2,161797,13.0,
1e00a8f6-cd27-408c-bc03-05508c706682,Entertainer,1.0,7,175483,41.0,
a04acc4b-4693-4fa5-a795-938e7035da5e,Quando nessuno guarda,1.0,12,162901,31.0,
4652a5a0-a3a5-46a5-898a-90d82fc445c0,Hey Mama,1.0,6,172920,31.0,
f46cb19b-18c3-4070-97d0-1ab957a140c4,State Of Mind,1.0,4,172173,10.0,
8a3ed4da-1fac-45c6-a9ad-a4800e9530b2,Beh Ok,1.0,13,166000,54.0,
2f7e0f05-df90-424f-ab0d-772adf7ba13e,Jackie Chan,1.0,4,199927,13.0,
61dceba3-c9fc-4832-9182-ced15ba28fd0,Street Food,1.0,2,190874,18.0,
24b6e4a9-3c28-483f-aa9d-ebd256b0719c,Eroe,1.0,7,145711,17.0,
514b2126-3bc9-4ea5-9c67-c81b3dd8f9af,Cuban Link,1.0,11,194070,30.0,
fc26364e-cb43-4368-955f-4f394171a4a8,Sweet Sixteen,1.0,1,130909,14.0,
c0ac0a22-e83d-465d-b893-798989321463,Tic Toc,1.0,8,175200,16.0,
4575cd5b-62f7-45cd-85c3-e0daf40c4ec5,Niente è gratis,1.0,8,192000,17.0,
c6087c99-44ab-4b35-ad6c-274d76450364,Contronatura,1.0,6,174000,51.0,
726b4542-e5d4-46e4-baec-e47f0b899c8d,Pazzo,1.0,1,142800,11.0,40460bd0-1732-479b-8e37-b0ca77c40bbd
26050eb2-8c2c-4459-81b3-042c66e08991,Pronto,1.0,5,230857,14.0,
7c877a73-e269-4245-8192-00c7c1675c8f,Terza media,1.0,5,190775,13.0,
27a344e2-13f5-42e2-ad7f-92637ba3dad4,Ci penso da me,1.0,3,153488,14.0,
02a0fd58-96d4-48ae-8b42-7cd026b30a4d,Danè,1.0,9,208140,15.0,
cb7e6047-1379-4833-95f6-a2c7c3480205,Emmei 2,1.0,4,200869,52.0,
34bc4dec-4b2b-4f25-bb8f-114e46b940a4,Penkiller,1.0,1,163278,51.0,
88e44d29-8182-483c-b4a5-4bcdb73e3455,Big Show,1.0,3,138750,53.0,
950e267d-3a47-4b27-b0eb-fe9ec5f6314c,Bandolero RMX,1.0,5,174857,36.0,f310fd0f-5243-4425-9a8d-c654700d25b0
b458b204-a636-477a-82d1-c2773c21da7f,Karembeu,1.0,1,164885,9.0,
ef079a5e-cccc-4dd4-88b1-32bec4db72fa,Andiamo,1.0,4,196040,10.0,
64f9a4be-0bcd-4996-935d-c455e51cc170,Lebron James,1.0,1,101877,14.0,
2114706d-4d83-40f4-b394-e5c4fd9d05b5,"1,2,3",1.0,5,213626,30.0,e3d3a5fe-90ad-4df3-a66d-e31f937a7a17
604cb73c-587c-4317-8591-ff454d6754ea,David Fincher,1.0,2,196388,11.0,
e8ac9ecf-952c-4e65-8ed5-33bc355fde64,Il più grosso,1.0,2,151153,53.0,
d14e0372-dcb8-47f0-858b-36ac81529c35,Sei tutto fatto,1.0,4,205333,10.0,
6299c651-9d67-42c1-ad18-e8c96e12f0d8,Loser,1.0,9,194086,52.0,
0b0927b8-845e-4dd2-b98a-f6e0f9adf757,Sto Magazine Freestyle #12,1.0,14,197853,24.0,
7c3bc13c-14c5-48b4-a351-65958d151fa7,Il Nome,1.0,2,167314,11.0,
2eb96e6b-6e3b-499c-af88-f5a1680d420f,Leon,1.0,4,240822,11.0,
896fa37f-d044-4695-be74-0230f5add067,Monstah,1.0,2,208000,12.0,
ef7bc11b-8b11-46b4-9a9d-6f5dd8e392f6,100k,1.0,14,130586,12.0,
e4f3c0d8-1c5b-4a41-9395-4bc291088634,Il cielo è NeroBlu,1.0,19,139591,29.0,
eb967c2e-565f-4ad9-8634-486074737184,Money Booty,1.0,6,172903,9.0,
0fe3f889-e039-4514-89f5-96aa7b7d3a65,Non Dirmi,1.0,3,212000,4.0,
c8964e69-df51-495c-a990-d48599d68d83,Numero Zero,1.0,5,160574,39.0,
945f25f4-2ac6-4b88-b5c6-322cde025fa6,Che Palle,1.0,10,174915,52.0,
b1fa64f3-26bf-4248-b918-9d02e739f49c,Ci sta,1.0,5,204662,14.0,
e0eb173c-7fb8-4ad6-9e1c-9576f9cea69c,Quanti soldi hai,1.0,6,211200,10.0,
1874ded3-ec22-4cb4-8165-1b86a82519b5,Rosso Fuoco,1.0,6,227520,32.0,
06db0249-48b0-43b9-9095-02bb61c99f92,R9,1.0,5,132675,10.0,
a248f4e9-8cb8-4903-a9b5-fae5160c2843,Brambo Freestyle,1.0,13,100440,16.0,
36a3ae53-5bc0-44aa-b867-821232071492,Sì ciao,1.0,2,167266,9.0,
4d0bc7cf-de84-433e-8fed-4a3709739e3f,Coreo,1.0,3,191523,30.0,
bb189ae3-32e6-4a1b-94fb-bff1e24e135e,Il Cantastorie,2.0,4,163073,63.0,3b6f5212-5eb6-482d-9ee3-8bf595cf099c
9bf6135e-0649-4ab7-9158-4f7affaf51bc,Il sole non passa di qua,1.0,8,202285,10.0,
a189cd08-0490-4939-af2d-79b17fb5c47e,B.U.F.,1.0,1,176774,22.0,09f173e2-6350-48ff-b4b0-909272364bce
7c9e8a3b-1f10-44e8-ac53-1e7bcaa70e28,Whatsapp Audio,1.0,14,167040,48.0,
2c0768f8-4768-497f-8e04-f19e4dd33784,Project,1.0,2,162947,31.0,
839b3bbe-dc34-40e9-a8b8-80d4333462bc,Domani,1.0,12,152941,48.0,
61920844-a8f5-4113-8707-5bb9e87d15fa,Zip Fast Rider,1.0,3,109844,11.0,
de4d5f5c-e82a-4a2d-b39e-4635f49d596d,I Top Negri,1.0,6,200254,8.0,
600ca87d-7a6f-42f8-95d4-dd2e3c7d55dd,Mi Tieni,1.0,15,155887,49.0,
04359ffd-dbb2-4174-b192-7b7919612462,Pezzi di noi,1.0,8,186666,50.0,
8408ccd2-ed8f-4b43-b9b6-c6d50fb03e71,Escamotage,1.0,6,62118,9.0,
d3ec840e-fe6b-4333-b0e8-01a365150e21,TNFG pt.2,1.0,6,219558,12.0,
bdc244af-c1ac-4ff1-90b0-1e2b80c8ebbf,Brava Gente,1.0,3,152903,45.0,
3570a4fc-e95c-43d0-be31-bad14ec3295b,BYG-MCF,1.0,7,131419,7.0,
7752c560-6c91-47c2-8745-884cfe74f0a6,2P solo,1.0,12,58461,10.0,
471e3f29-9b38-4228-b1b7-0856568a141a,Street Banger RMX,1.0,11,101407,12.0,
b6e71ec5-57dc-40f4-9edb-395f6b838c36,Workout,1.0,4,146222,28.0,
adf8ec70-a245-4778-b07a-65edaf53d167,Non serve,1.0,11,191020,48.0,
e4677019-1bba-415d-b8d3-02bdd994820b,Sangue Amaro,1.0,13,100440,16.0,
5e35f43b-2c59-4e99-a12d-7ac2c949c90a,Parlano,1.0,12,91115,10.0,
c18482b5-db62-4497-a407-de4d0ef7e80f,Swipe,1.0,3,135384,11.0,
333cb974-1562-417f-9bf4-0cd502c8cd05,Mayweather,1.0,11,166015,52.0,
86ebcf44-fbd4-43d8-9f73-074b0548a7a8,Real Madrid Freestyle,1.0,1,107650,11.0,
9494874f-07f7-4b21-b2c1-88921ba92620,Non Ho Chiesto,1.0,5,168929,10.0,
59689b0e-a499-4746-b7a3-71c8819bf740,Mai più,1.0,5,180133,10.0,
730f28d7-09d2-478b-9e64-f31b1ff6947f,Succede,1.0,13,165128,28.0,
51a2ac8e-3db7-4436-af4c-4b05a794e1a0,Acufene,1.0,16,155480,45.0,
ba4e40b3-7a73-4bde-a424-cea3c8a31a56,Give Me The Watch,1.0,4,124580,9.0,
8ea222de-5ecc-4019-9584-566060d9e3f1,Igno-Swing pt. 2,1.0,3,150648,6.0,
24f084cb-e4b3-432e-a0c8-588c20a2d746,Da Noi,1.0,6,204000,41.0,d2bf4150-3c2b-49b8-a92a-61e85329dae5
6400b992-0d9a-4b4e-9c1b-1ef25530bc03,Non Vi Capisco,1.0,6,133459,10.0,
3f70c828-1a49-4010-bebd-86a632e1be71,La Piazza È Mia,1.0,10,107520,10.0,
61047ecb-bd2f-4619-98b8-bbb9f09d788d,Mustafà,1.0,1,96313,5.0,d2a35f6b-3f8e-46c9-81d7-a24defbc5548
96241961-dbc1-47d0-b7c4-d1a8e63c57fc,Tre Mani Di Donna,1.0,9,69015,9.0,
c4f61da9-7bc9-4788-bbfe-8fd765679977,Mcf Kingdom,1.0,3,135280,6.0,
87b2e9c0-8b18-41bf-93e3-1a98a73f0a54,Intro,1.0,1,180000,29.0,
18bd799a-09c6-4fe6-bcb7-f5f1642c7cfb,Las Vegas Freestyle,1.0,1,134857,44.0,b2f3299a-d9aa-4e69-ad04-4435ab742fd4
c4067462-28f5-47c8-92dd-5ecf5f2ecc04,Another Day My Blocco,1.0,4,210373,100.0,4666342e-3294-4761-a71e-a6260715aaf7
c01f6657-2ca4-4722-aa33-d03eb10c9108,"Reebok, Blunt & flow",1.0,6,185946,5.0,
3a4cb920-12c4-4985-ad58-f6d8d49d08e3,Au Chante,2.0,9,261545,5.0,fdadcfe7-7632-4589-aa34-2d6011a80973
f913dec0-9268-45fb-9314-78cc77495577,Il Mio Ambiente Fantastico,1.0,2,182245,76.0,
bfab953a-c976-4060-959d-e9705e9c7f2f,T.P.N.C.,1.0,10,174915,52.0,
1b68b2ff-6678-47c9-8427-13d228e46fd2,Mister X / Gargoyle,1.0,10,187615,45.0,31ff5eff-c4a4-4b60-b411-32b2fa2240dc
364046d0-c63f-4af2-ac82-42c7cf05401a,Picchia Forte,2.0,2,159910,55.0,
08c3984c-ced6-4bc1-b8be-6447a228b6a4,Marco,2.0,13,131080,3.0,e6b55760-40ff-4db2-9aa7-7cf3f8628250
c19cf324-5478-46c5-b954-671ab46598a8,Spliff E Bong,1.0,12,158573,26.0,
72207ace-7004-4416-a753-fd2cf5f41144,Luke Cage Freestyle,1.0,16,256134,5.0,fc5cce39-d463-471b-9464-871d82ae18de
dbb8f745-4307-4b48-b045-f7362a67521c,Cheddar Fuso,1.0,1,144976,54.0,c8993d02-e170-44cb-8e3c-f943f3cca906
c777d14f-f2d2-43fb-9ad5-3b9235d8bd1b,Vai Con Dios,1.0,1,164820,43.0,
bd74bdf3-98c4-4012-a3e4-e0135e5df925,Cazzo Ti Guardi,1.0,4,185280,39.0,
a2839576-bb76-4cbb-9e3f-4faa600c0424,ATTO II,3.0,15,343573,14.0,6eb51974-ef17-4bcf-97e1-d9f149e53dde
eec4fd98-f424-4aa2-96b4-4c62f1cd3425,Maxtape Soprano,1.0,1,152558,60.0,7ac80770-82ca-402b-b763-5f90fa303085
f9aeda6e-8d70-4b52-8fb3-b9fb7f01b465,One Take FM Free Mic,1.0,5,215594,64.0,8a32b607-43f3-44f3-ac91-693a34cefd29
5bf5bffd-54d5-4b84-b2a4-dd86d8da1fa1,Pizza con piña,1.0,1,114224,22.0,a061667b-022d-4236-884f-670cf5746056
18c9ea40-b7a3-42e3-ab81-246232e45261,La Coca,1.0,3,214813,48.0,1873e529-8c52-4afc-b74a-fbdeaf0cb600
9ca25f9d-3289-4005-8208-a61b7bcf434f,Ganja Friend,1.0,13,176091,51.0,08c5b4d6-6c59-4c57-a13c-c7ccfa399ad6
1381331f-9577-462b-8e31-816070575676,Lei,1.0,1,176000,53.0,446133d3-67c1-470f-84d0-49ee66e10b17
39e54fbf-f29c-4eed-b689-7ee57955172f,Il Vizio (Dedicato a chi rolla),1.0,3,189101,40.0,bccf4ed2-d9f2-496b-846c-e64bdbcab4ad
b920ec36-12d7-4f33-bcc1-f606a5585535,L’Ho Vista,1.0,8,212200,50.0,
b3cc7d0b-9fab-4be0-a53c-5b8ab0ed0297,Principessa,1.0,7,266147,42.0,
130d3a07-0177-4764-a8f5-c078adf4461a,Ganja,1.0,13,176091,51.0,
dec1daf7-6168-40db-b247-315df73905bf,I’&I’,1.0,15,148666,43.0,
cc89a860-1f80-4786-98cf-283d43f62293,Babilonia,1.0,6,188824,39.0,
b7350d69-0aaa-46be-b0b3-163123e63601,Classici,1.0,3,226000,28.0,652e5a89-98e9-4984-925a-9cab27bcbbe3
7948a054-8586-4d94-b9ba-72cfeb52f304,Tentan Di Fermarmi,1.0,2,155360,42.0,869ef528-d6d0-4308-8352-129fe098d0a8
c228acd7-abc4-4f9f-b51f-116103db0dee,La Mia Queen,1.0,12,198500,41.0,
d3170cee-c2fa-44ad-ab16-1784716587f6,Bomboclat,1.0,5,187213,38.0,
816f311b-0e16-438d-973d-8aa517168beb,Non È Solo Religione,1.0,11,175081,33.0,
8134e7a4-ed1f-472e-9a09-a26c02de9846,Joka Smoka,1.0,2,120120,9.0,85bf81dc-0252-43df-b7c1-39dd020c3622
1562bf16-1618-442a-86b6-ada5c45eab5b,Trendy Gal,1.0,12,264576,35.0,
d7f8ed68-60b3-4f8b-abcb-07c4c67b22d7,Come una rapina,1.0,6,180000,29.0,
fd39b1b8-fe63-4507-8533-19094626f780,Mi Yerba,1.0,4,171874,28.0,
4f9a9efc-1a66-41e6-83c3-89bbf9720057,Canto Nyabinghi,1.0,9,256069,25.0,
45d4bd75-2229-41b2-96a8-19612ded91fd,Forse Mi Giudichi,1.0,3,229102,25.0,
8316a616-2286-4206-8fea-1a3b42c96aa2,Guerrieri Del Microfono,1.0,7,236466,17.0,
a1aaef21-7175-453b-8176-48746a8fe31e,Lo Riconosci L’aroma,1.0,10,153901,29.0,
e01c3403-84a9-4c98-8e11-36f954fee873,È solo una pianta,1.0,2,141500,27.0,
c3e8a5c0-132f-4f05-a7f9-c8f46867bfd1,La Massa Rimbalza,1.0,2,180047,27.0,
881a45b4-3c26-46fc-b674-f474fd478c49,Sound Bwoy’z Killa,1.0,4,188653,20.0,
0432040a-96ed-4183-86f2-b1394a1670e7,Glielo Leggi In Faccia,1.0,1,217263,36.0,a8a19f37-b931-4973-8d47-5a76d7b23deb
bed3bd05-0b35-4a4a-b252-70a023310cc4,Fyah,1.0,8,193293,26.0,
d93afc0c-669c-44a9-8cea-0845b850ec76,Dovevi essere mia,1.0,6,226906,82.0,
33dccfcc-7283-460b-92ac-8c863d929106,Periferia,1.0,12,161840,25.0,
b9284f49-fa43-4eec-a5f4-8cd8a38f7eb9,Lo muove a tempo,1.0,11,128500,35.0,
66de8d89-e474-496e-a13c-2d5f079e0d98,Ma Ormai...,1.0,14,214645,21.0,
c290b0b1-4b9a-4f4a-8988-adcf24005e84,Chi Troppo Chi Niente,1.0,8,238515,21.0,
7809613e-2fc3-4baf-9acc-c04a32c98e0b,Rise To The Top,1.0,10,158960,9.0,
d42755d1-920c-44ce-9522-5fc32b8f758a,Cosa Sarà,1.0,5,192933,24.0,
7c5cd755-59f9-4dd6-953b-ccf52f54af01,Rende libere le masse,1.0,4,185000,14.0,
106b9deb-87dd-486f-94fe-f2d51af5b030,Stile Selvaggio,1.0,5,166184,20.0,
767ae4f3-4771-4666-9bd8-a2795c823b5d,Lo Sanno,1.0,9,134333,9.0,
d24c3004-822b-4bb5-994e-f9d4ec2e46d3,Rastafari I Me Sa,1.0,5,211426,7.0,51ea258f-2117-45a1-adab-18246b051259
93df75b2-3c3a-4185-ba10-54c660efaada,Le bimbe,1.0,7,189133,25.0,
8f4ae298-c591-4d8d-be0f-d3b2b99d877f,Ossessionato Dalle Liriche,1.0,11,212480,15.0,
e4197773-d025-4384-a7fb-411563548f22,Un minuto in più,1.0,3,201133,26.0,c1cecb47-ad07-4f14-9998-f891cc068ce8
9bc7ea9d-f3db-429e-8ccf-5911cb30374f,Bad Man,1.0,13,175120,15.0,
658b2849-c4e8-42cc-ae0b-b2c1843c5f37,Intro (come un uragano),1.0,1,52091,14.0,
99c9e105-705e-4172-b5fd-d2ee1f6fe0f0,First Love,1.0,13,256000,95.0,9895fdf1-476b-4b0e-9e95-a476282ffc10
83f601df-ff81-47d5-b789-8be8246c0494,Istinto Animale,1.0,9,190946,20.0,
6718fa0c-da51-48cf-9655-b8c733846eb8,Rise Again,1.0,2,239200,22.0,
456c21e0-da5d-4ddc-94ea-8199bc799ed9,Uno spliff a testa,1.0,6,206186,27.0,
039e4b2c-37d9-4c37-a8e3-8e9cf1252740,La Bestia,1.0,3,147186,26.0,
bc9aab9b-fe48-41db-9f60-06fc2501dae8,Original Musician,1.0,1,232888,24.0,
0a3038e6-5cf7-423d-a7fe-efb5ae33aac9,Credere nei sogni,1.0,7,206386,29.0,
e34dd4f6-9dd1-46d7-9545-8b75fd9b8856,Trandy Gal - Radio Edit,1.0,15,226059,21.0,
bb451ec5-1edc-4312-904f-128e727f044c,Come Un Cane,1.0,6,211346,9.0,
1dcc8b26-a8bf-435f-a311-1984b4027402,Mondo Oscuro,1.0,10,172066,18.0,
948fe472-0e2f-4583-b6f2-b9129ffb8c58,La realtà,1.0,2,208266,15.0,
d050043c-44a9-43f4-accf-2da89f8c33ff,Sua Volontà,1.0,14,192173,11.0,
6a0b06c0-1367-4dbf-aa64-78e03917df55,Spero Che Non Succeda Mai,1.0,14,175546,30.0,
b5afa89f-007d-4ec0-b153-f5033c8633f8,Raggae Party,1.0,11,128500,35.0,
492c6b91-1e75-4b56-8319-5fbc69e3a640,Vibrazioni Positive,1.0,7,206386,29.0,
74b5d6ab-bdec-4e8f-b201-4be86fda3f70,Con me,1.0,1,179533,21.0,
e37f777e-c159-4835-bec4-fb27f800830f,La Donna Perfetta,1.0,11,158253,24.0,
79f82afb-3354-44e0-8543-96580f94c612,Dem a Babylon,1.0,8,185640,23.0,
b60dbb1b-ca26-460f-a4ca-b7c4753c8a1d,Chatty Bwoy Dem,1.0,7,182465,3.0,df5903e4-b1e4-4db6-b592-49976fd5bade
26682e8b-fc93-4123-8b0c-5ac09bf1fef5,Il tempo non conta,1.0,6,188986,20.0,
b6bbfbba-5598-478b-a030-b19e3fe34995,Non Sono Solo,1.0,8,187800,12.0,
8afff7de-2849-470f-a03a-cc9d052396eb,Notte,1.0,11,179253,9.0,
fc549ae1-de2f-4a8f-bb7e-c7891abe3ba3,Jabbering,1.0,13,220880,16.0,
fc46c966-abd5-4788-bc38-fa3b6e883538,Bellissima Giornata,1.0,2,163693,22.0,
27922a3d-5715-4003-82f7-d0a6fce2a38f,Si Aprano Le Danze,1.0,4,159400,18.0,
80e01bf5-db38-4afe-b7b9-e811c45a19b8,La Gatta,1.0,1,244026,10.0,f1f8ead3-9d79-4db2-bdfc-74f191cb9c36
f94fb114-4f11-4810-ab79-ed1b8eb277c1,Must Affi Survive,1.0,6,236253,10.0,
870f45a7-f55f-4844-a21a-3fc51d5e311b,Dritto,1.0,3,193893,7.0,
f7f7e74c-0620-4ea6-bfec-a7e3add59302,Non puoi nasconderlo a me,1.0,5,175880,24.0,
2b8f3e38-8691-4755-a5e0-51e3d8902a25,Riddim Maniac,1.0,2,180047,27.0,
95326b95-67c1-49ea-ae7c-ef4d7612dafc,Intro (Dinamite),1.0,1,32439,4.0,
504e3006-5f10-4f80-937d-6c9a8784a15f,Dice il vero,1.0,9,161080,9.0,
8c3dbc06-e48a-45f1-9123-a78672d9e0d6,Comprare il talento,1.0,12,134826,7.0,
43b9e6a0-ba55-4672-bcf4-24dd6458b70b,Se scende Babaman,1.0,10,197040,10.0,
04824cf2-676b-48ac-8236-b6b7bc58a147,No Man Curse,1.0,12,251066,11.0,
4ddfbcb2-9bd2-41b3-b5a2-a36df0f757f7,Io Lo So,1.0,1,176000,53.0,
6ea07015-5b23-42e0-8ac4-f734e6c5f407,BUFU FREESTYLE,1.0,1,234000,41.0,0c2d7ac9-83cf-489b-8cee-963d80932841
38d0981a-5337-4420-b3be-ee8251ce07e5,UFFA,1.0,2,215999,56.0,fd7e98ac-d673-4486-b429-a18623ab94b8
ba1595fb-9167-4baf-8c8f-d4febb8905bb,ZITELLA,1.0,1,147199,52.0,
63e369c5-9c09-418a-abd2-e3559cd8d766,TEKKEN,1.0,1,174461,54.0,ad1f83a2-9950-4800-b6d9-cd7974a17263
51f0b2c9-ca6a-4879-949c-566a4055831a,WAO,1.0,1,149464,58.0,74044103-5a1a-49d2-a1a6-132627fc8652
96028e5f-68da-4483-883f-cf8936daecef,YAMAMAY,1.0,1,162499,55.0,556d1b67-ccd9-4f8b-ba5e-390065cf7fdb
f0926e4f-b220-443e-b413-b1aac994ac0c,NO EX,1.0,2,147599,52.0,939c0ba9-52ac-4620-9808-3b2cae1cb6fb
1c0140b8-c63b-4dc7-893a-acdeda26d4af,BLA,1.0,1,137684,47.0,88483514-5deb-4af1-b3a8-66c1c69f2862
9f7f6835-f2e9-4052-bbec-1f194f376677,KIKI,1.0,3,182857,49.0,5b50337a-4671-4c54-bd3d-c288bf63fb22
81104164-d09b-4aa9-84bf-d63a0de04a91,COLPA MIA,1.0,1,149999,49.0,53a353b4-158f-4686-b44c-caf05450149f
f7fe15f8-a1a6-46a4-bf3e-4e71ce32f47d,SENZA FARE POP,1.0,2,151174,46.0,
5d29a9e6-0aa9-42a7-8847-d0d2323b62dd,SPOILER 2,1.0,1,141459,59.0,2c1dadf3-aaf3-4533-a131-c8b1ebfe576e
6ed3055e-12a8-4380-95b3-bd30a1639871,Spoiler,1.0,1,141459,59.0,
6bc6f035-d6fe-4bb0-8e69-1a098f057ba2,FIUM FIUM,1.0,1,152999,44.0,
d084ba15-04fd-4c3a-90cf-dc4d61c9695e,PSYDUCK,1.0,1,162461,59.0,2b23aada-77ea-41e5-a0db-d3187fb7d50c
a5f064a1-ddc8-4f31-8f61-69430a7d71a4,WARANZA,1.0,1,118199,44.0,48797988-286c-4ef2-93dd-f15f8b30d9b9
53d96ee0-2790-4bbb-9504-2a126d0bdd6e,FASHION,1.0,1,149684,40.0,0b63beea-31c8-419c-b96b-d9a3f6f11bbc
360d8c2d-8f5a-4c39-accd-d37308210c99,WABBUO,1.0,1,119999,40.0,
05cee04d-a93c-4180-820c-5282cfd777dc,Bahoa,1.0,1,141781,38.0,d948a61f-c17c-484e-8944-8971d02e7f12
6b3ffdfb-d0ea-4e9f-a3bf-39aa57a1fb2e,Gx5,1.0,3,195083,39.0,
766f48a2-f4f8-4955-99f5-63ee4e195cfc,esse Type Beat,1.0,1,209454,2.0,84c20c0a-0141-4476-a481-e15c1bb68ac9
3a5b69a1-e680-43d0-9220-6ae6d1d755ff,TE LA COMPRO NUOWA,1.0,3,181999,38.0,
57b703f3-f1cb-460c-ac50-3576cf45ab07,Wawa,1.0,1,153986,36.0,1a8de14f-e856-4778-b0a3-c36c1f4347b4
3d5867cc-fb47-4542-9f01-722e4ae34d12,Da Solo*,1.0,1,234000,41.0,
c2460dd9-d8e5-4c0e-98e8-497b6b069806,Alaska,1.0,1,113877,38.0,32ea34ed-d1ae-4fb6-a139-7363eab1a032
15828e50-b5b9-487a-b52d-0ca8bb193845,Trust No One,1.0,1,187340,40.0,a7bfb389-efd1-4db1-a200-5017ce3992d9
d78965a6-da8b-42ef-863a-467d11aefc32,My Baby,1.0,1,153402,35.0,946cd5bd-38e1-40f3-8ac5-122dbc80823e
62e053fc-0dee-4e4f-bb93-fcbdb84485c7,Ghost,1.0,1,234000,41.0,
fe999e55-cc6a-42e8-8a56-4d64d8e61974,Oro Addosso*,1.0,7,169263,70.0,
3338e721-e940-44e3-a403-7193b0dda709,Rottweiler*,1.0,1,234000,41.0,
b1759be3-2099-47e2-b0af-78bc71388ee5,Stupida*,1.0,1,234000,41.0,
b11c0a17-013a-4afc-b5cd-b6dcb5ed679b,Lamborghini,1.0,2,218400,58.0,d4817f04-0b7c-425b-8bf1-1186bd9280ac
ae10e718-a9d6-4883-8413-454d645466f0,Ti levo le collane,1.0,15,176000,56.0,60cb7c5d-e3e2-4bf7-8540-05d419c47461
f7a9267b-59d2-40ba-89af-9a2dbd94f05b,Brivido,1.0,11,227693,69.0,6d57537d-533a-4b73-b185-1c41265a8062
ebb10c3e-97b7-4ef2-a67f-3d3e22ee6a98,Smith & Wesson Freestyle,1.0,4,130434,58.0,0014b6e1-ef2b-4e4c-90da-25a2333f4d05
24150b50-d2c6-42f5-8362-fba0b3a5f063,Alex,1.0,3,208571,52.0,
b692c658-9b7f-43e8-a37e-f557bb22077e,Chico,1.0,2,201931,66.0,
2d13e8a9-4762-4b49-8275-f45716cb50ec,Lifestyle,1.0,2,129625,55.0,
d5f92fec-f15a-469a-b9b3-1f263a1111b3,Eravamo re,1.0,11,182232,62.0,31016c76-3a90-4e4e-8caa-5548d7671dba
0cee0801-153d-4563-b4da-b76d2d871063,Medellin,1.0,9,195820,52.0,
1a0a4369-e255-47d0-b4ae-c2e86f4e93bf,Cookies N’ Cream,1.0,4,201845,66.0,
05204da1-d174-453a-ad59-33aa910737f3,Cyborg,1.0,10,205928,51.0,
eb81fde1-7f07-47e8-a4eb-757106952783,Bling Bling (Oro),1.0,5,208506,67.0,b3a6162a-f173-4aeb-b1e3-9ec7fe65c7db
33446639-b870-4878-8ebf-b769e118bbd1,Mollami,1.0,8,155133,55.0,
d8e6ec6a-e7c2-4dea-863f-83fd118ed600,Il ragazzo d’oro,1.0,4,271426,47.0,898e40ee-87bd-4e7d-90ea-386684265b34
7794cd2a-728c-4b02-8ff7-54ee4c5195a0,2%,1.0,4,211840,66.0,
35f555a6-dc1e-4dbc-b88a-1d6cae846702,Veleno,1.0,6,194106,59.0,9e86f519-53b9-4168-979a-d9f48089ce0d
932bd34a-8f98-4ec9-9c38-cb6b09698119,Modalità Aereo,1.0,11,190480,51.0,
2731e3e5-0b30-4914-a152-6f5cb95c0984,Relaxxx,1.0,6,208293,47.0,
762c780b-5503-4b3f-a016-0cf577fa1033,Equilibrio,1.0,6,263200,44.0,
f92b6bb0-f976-457b-83b3-d5093e466a7d,Saigon,1.0,4,218666,51.0,
f9bcf831-952d-449f-8977-7b725d132bf7,Vero,1.0,11,182232,62.0,
ebc96b63-66f5-4c09-bb7e-b0c5bd1f3627,Fuori orario,1.0,12,199253,49.0,
12ff10d6-c950-4e99-b137-a21988e75d21,Tu non sai,1.0,15,222000,39.0,
8a7c8b94-264f-4575-8bdc-c55e4f2793c1,Ti ricordi?,1.0,17,203571,49.0,
85a80eab-ab45-41e6-bb9c-feff3eeb9ca9,Immortale,1.0,7,200514,61.0,
654ee19c-4298-4d19-9858-820f4bbe337a,Punto su di te,1.0,11,208626,56.0,
5883af66-6ea5-4a90-a867-0b639973135c,Tuta di Felpa,1.0,5,220870,40.0,74b0af71-0451-46cd-890d-06ce25a7dc5a
f5d2b54b-fb11-415a-9b4d-fae3b6a52ee3,Champagne 4 The Pain,1.0,5,226285,52.0,
7742eef1-5d5a-486b-910b-b8e457fcc4a5,Voodoo,1.0,5,205346,60.0,
161a9b7d-dfaf-453b-974c-39e4d7cf9948,Trap Phone,1.0,2,200533,56.0,
481203e6-a4a9-48d9-9c16-e2f57ee2c0ae,Stanza 106,1.0,16,193421,45.0,
1fbb722e-ed32-4658-a534-386b0ccfe440,Lamborghini (RMX),1.0,1,248708,51.0,cfb6d5d5-2d45-4f2d-a857-889c296e0f31
1c793781-849f-4ffe-b2cd-6553cca9a61a,Wagyu,1.0,6,154285,49.0,
dcddc2cc-5ca8-4626-81bf-4a2e693ba685,Futura Ex,1.0,8,190666,55.0,
42e266ed-187d-4aac-8d5c-67e4b81af98c,Blitz!,1.0,4,180266,55.0,
5284b1f9-ee21-4c36-8b27-86f56b5e6c2a,L’amico degli amici,1.0,1,179368,41.0,
b45bb6f5-dc3d-44a3-acf1-5de4af94b988,Fast Life,1.0,13,164000,56.0,
846230dc-cdf0-4ba8-b922-5be897b4e688,Marco da Tropoja,1.0,7,137931,45.0,
fbec8f8d-7110-4016-9190-46cfd33b6b42,Bastardi Senza Gloria,1.0,7,156720,55.0,
02f8241b-8400-4cb7-910c-ff53efe1f0ce,Trinità,1.0,15,206853,44.0,
7c228fa4-09d1-45cd-9dc1-49bd6fabb293,Tardissimo,1.0,8,197676,52.0,
12aa1216-60de-49f3-a7aa-101f2fc3dc7f,Oro giallo,1.0,9,219906,49.0,
af03599d-019b-48bf-8d11-b09a612c0d8b,Scarafaggio,1.0,8,197333,49.0,
dacdf62a-b794-4d9a-bc5b-7df3f9345bfc,Italian Hustler,1.0,9,163214,54.0,
fe8b9efa-43f3-428a-bb33-b943eb5ef565,Vibe,1.0,2,151586,71.0,aa1d7165-4504-4227-823d-b4835325323d
834b710f-3f79-433f-a29f-c899ceacadce,Prefissi,1.0,1,195662,50.0,
15a76754-646a-4fb0-80ce-e1b92cea2f02,Montenapo,1.0,3,188253,44.0,12f607da-21bc-4a73-a2d7-53132dfc73d5
ceeea2aa-bc5b-4fef-a7e0-e9caef2fa2a5,Oro e diamanti,1.0,10,220493,45.0,
8fcc829d-a08e-48c1-9bec-e43a5fe493c3,VENEZUELA (64 Bars),1.0,12,137142,47.0,
7fb6933e-3f08-4215-b0c6-888031000ff8,Daytona,1.0,5,162666,45.0,
41efc881-385c-4e8e-9c72-25dd708020a8,Il tipo,1.0,3,158000,43.0,
6fefc292-f4b1-45dd-9a44-4aed8945ef16,Piango Sulla Lambo,1.0,3,201749,52.0,
4e67b991-15a1-43dd-bfb6-6f2fa03446b1,Gangster Of Love,1.0,2,165243,52.0,
25744c6b-5bb0-49f1-a537-a83a8f96a92d,Denim Giappo,1.0,11,145301,42.0,
76deb691-213b-4a04-946c-a3b5a1f220ad,La G La U La E pt.2,1.0,1,145433,46.0,
3955e18f-2e3e-45bf-a42e-a5e25ee99475,"Fredda, Triste, Pericolosa",1.0,15,171080,49.0,
5a7f3bcc-3c24-4efa-95d6-55f47b09814c,Le bimbe piangono,1.0,2,224760,48.0,
a9b33af9-2010-4259-ab58-31cc136d5d7c,Guersace,1.0,4,194000,63.0,
1bb920c3-b848-4122-acb9-8512732656c0,Rose Nere,1.0,4,272973,53.0,
3bb007d7-c7f2-4315-b2f8-8304d270de58,Lunedì Blu,1.0,11,241287,51.0,
524f56a4-a0f4-4ac1-9b99-c18ff4613eb8,25 ore,1.0,5,185379,46.0,
0b0d91eb-de01-4d12-931c-86bebd087ad4,CO$¥MON€¥,1.0,8,108510,43.0,
0dfb2e62-55ec-40d8-a4e2-bc843a0eea10,Domai,1.0,14,178253,52.0,
36b72f1c-b7c0-4105-8648-06c745e866f3,Trentuno giorni,1.0,14,197800,60.0,
5f1cab72-c597-4c03-ae78-b1866269c427,Bosseggiando,1.0,3,200800,41.0,
938ccdc2-a900-4cda-8e4a-e635cdd9788a,Giacomo,1.0,11,203076,41.0,
4cbdb128-88c6-4a7d-bd6a-81d5af312f9b,Scappati Di Casa,1.0,9,240400,48.0,
1d6c8d07-f580-40eb-9cb2-a4f618a33a62,Borsello,1.0,3,202826,58.0,
f8e37d5e-f379-4988-a148-a5a9d629fa2a,Fuori,1.0,19,281080,57.0,
673f4da0-7ae7-4b40-aec3-41e9264e7b5d,Need U 2Nite,1.0,5,161506,52.0,
c40e019f-9255-4c6a-8fb2-c6a2b5903abc,Oh Mamma Mia,1.0,1,168240,75.0,
71aeda6f-6918-4204-badd-5880aa3da5e0,Mercy on Me (In sbatti),1.0,13,184186,39.0,
9d57f5d6-0732-4c9d-9135-7e7752a23817,Milionario,1.0,3,201400,47.0,
01161b4e-49c6-404c-b7c8-87ae6a4c8255,Non Lo So,1.0,14,174673,62.0,
72f80b4b-b367-4f55-b2c0-ccddd7fab4f6,Tuta Maphia,1.0,2,212145,49.0,
cc3e9ea9-d52e-4598-b178-2297c74893da,Babysitter,1.0,10,209840,57.0,
ef3423be-64a8-427c-a166-023d32542312,Akrapovič,1.0,5,172714,69.0,
6423ecc3-70db-4505-a0db-af63df61ba3f,Parte di me,1.0,6,172312,45.0,
22f9d323-5986-49b6-8125-7b26b124ae11,Vita Veloce Freestyle,1.0,14,97297,42.0,
1a56dfd8-7181-4915-aa18-0b64dcd04430,Babyma,1.0,10,207142,48.0,
5d011000-5be7-4007-8604-e2bdbe416164,T’apposto,1.0,1,194586,37.0,
95c59d3f-39c8-4e64-b3a6-4b4f97421cc0,Mi Hai Capito O No?,1.0,3,173415,46.0,
2db57dc9-6311-4f6b-9707-4b5641ab41e0,Mimmo flow,1.0,7,222146,38.0,
bf85fd2b-25ed-414d-b295-ecf631866433,Pain Is Love,1.0,10,175227,55.0,
66ca7aa3-e9d0-4dc4-818d-61e2de561beb,Squalo,1.0,4,229213,47.0,
79e14664-7b43-456f-adc6-797e44b8c90d,Occhi Su Di Me,1.0,7,259990,35.0,
e9022784-30b3-4f96-85b5-e6b7956dec96,Claro,1.0,6,126946,46.0,
4f2bee45-4dd3-45a2-9252-f86e1e0f217a,Niente Photo,1.0,1,158920,36.0,
f463ba18-0b16-438e-9d08-676fe838ebaa,Me & My B,1.0,12,148831,42.0,
6566e1fc-4ce7-401d-a37c-f977e997a3a8,Meravigliosa,1.0,4,168266,68.0,
eca042a7-8fc5-410f-860b-88f6b614a146,Nessuno,1.0,7,195549,46.0,
73cc876c-d037-4d37-b607-afa42efac791,Dem Fake,1.0,12,179577,34.0,
ce8a5789-bcb0-4e79-9e17-e092ba2728da,La malaeducazione,1.0,10,238666,36.0,
c4d5ee7c-3c58-4d54-90ba-e58ee30bedad,Pequeno,1.0,4,194000,63.0,
569bb299-096e-4586-ad39-a821bdcdd6d8,Te Quiero,1.0,5,239256,27.0,
88b352f2-571d-43d6-91b6-0c625f225574,Free,1.0,10,218507,60.0,9a71100b-30ab-49c4-9237-6769898928d3
a7e4c39f-06c9-469b-b59f-655b8fe1291e,Chiudi Gli Occhi,1.0,10,182153,46.0,
62f47ea0-8b68-4944-a406-381b611cc27e,No Security,1.0,14,195960,34.0,
ad154ed9-1001-4e32-a76c-821fc1982dd4,Senza Sogni,1.0,10,175946,43.0,
624fd1d2-87ea-4b3b-8953-556f5c044aec,Mollami Pt.2,1.0,8,155133,55.0,
6c7b28dd-1fa9-4fe6-8ad4-2a3fe4cebd0a,Ultimi Giorni,1.0,3,183440,44.0,
dd14daeb-b153-4b0d-80d9-829656a0725d,Nouveau Riche,1.0,9,191106,34.0,
cdae0b28-f4e5-4ae2-9d22-b2c06c6f94b9,Miserabile,1.0,13,183053,40.0,
8335d797-513a-4af5-9e5e-3e78d94959d0,Non ci sei tu,1.0,5,189040,37.0,
8e0f0879-05b8-4613-8c2e-60a5d6fc816e,Interstellar,1.0,7,220186,42.0,
cb3deb58-23fb-44bf-bcba-e661874c7661,Sponsor,1.0,12,125527,39.0,
9e13e859-639c-4472-b3e7-3927d95f6725,Movie,1.0,11,178709,59.0,
760a3462-4ef5-4ec6-9f62-09753f250270,Hotel,1.0,12,227320,49.0,
53d4e6cb-bff2-4d4a-b0f7-954ad0a84df7,Io non ho paura,1.0,6,155386,32.0,
92892c6f-803e-4b02-af72-cc11d0a923d5,Il Blues Del Perdente (6 Gradi Di Separazione),1.0,9,185120,40.0,
bcb13769-b0b1-4174-90a9-f126d8cbd822,Nicolas Cage,1.0,13,181428,36.0,
a4620523-f59b-4049-91dc-6d81ed34a5cc,Too Old To Die Young,1.0,16,202855,43.0,
c32e6802-89dc-4552-8c32-814a443544d7,"Un Altro Giorno, Un Altro Euro",1.0,2,206013,35.0,
ab029257-fc3f-4364-b56d-d24334629e38,Léon (The Professional),1.0,6,162519,39.0,
4bdaa11a-1a30-4708-a745-24c60897c70e,Pappone,1.0,14,209920,38.0,
89c38010-e7ab-47d0-aa1e-8148daa5596a,Tornare Indietro,1.0,10,214986,39.0,
4238c99e-b0dc-497f-b229-c63425549723,Il viola,1.0,13,222440,35.0,
feba446e-35b5-4c94-a3e0-f760661e1de3,Lontano Dai Guai,1.0,9,220813,44.0,
a7205ec0-fe7b-4ddb-9690-a7aa02389ffb,Hugh Guefner,1.0,1,79786,39.0,
87b12330-b20b-4416-a006-ae597c0afde5,LOCO,1.0,2,137514,48.0,
f94f0df4-be73-4ca1-9586-ae7cbbd427b0,Da 1k In Su,1.0,11,205186,39.0,
db836028-2be2-4ce1-bc50-839c6626c82a,Da 0 a 100,1.0,3,197714,57.0,
7764308a-e08a-4901-8033-4aaa17ee99cd,In Orbita,1.0,5,262186,43.0,
d1908da5-e676-4798-aa1d-673202d06800,Giù Il Soffitto,1.0,2,200640,45.0,
49bf61e4-f378-4c2e-9965-d72b9ffd3ad2,Disclaimer,1.0,1,93562,33.0,
24554a07-f7ae-4541-b737-074da655d23d,Uno Come Me,1.0,6,210720,46.0,
36b2ebc2-1463-4cfb-9664-583404a88d7f,Le Tipe,1.0,9,161640,56.0,
a03b48b4-281f-44b6-90a2-70c3bb1d55de,Doppio Whisky,1.0,14,203531,41.0,
c68d0892-5c45-4942-8d92-5d94efc6851f,Maledetto,1.0,10,200189,49.0,
b6a65521-3792-455d-904a-45ba6536e999,Conta Su Di Me,1.0,15,220040,34.0,
92827542-2895-4322-9d0f-2d75dc4bc79f,President Rolly,1.0,5,182693,30.0,
f77930d6-25c9-40aa-8f9a-dbd4811f6454,Capa Tosta,1.0,12,193108,41.0,
7f2274fa-6bfa-4be7-b030-7e51cd226d72,Come Me (Comm’a Me),1.0,6,203062,33.0,
f6c27767-d7e1-44e8-bc8e-60eec2a5e3c7,SARAGO (Red Bull 64 Bars),1.0,1,143414,49.0,ca6a53e5-039a-40f0-8959-9463bffcccf7
a8b39e59-da8d-4afa-bc8f-30167a147e2d,Bam Bam,1.0,8,215453,36.0,
c242c85f-4b88-4e32-909b-9025071d6c09,Mattoni,1.0,16,387264,48.0,bd7c3166-3c65-4d86-88d0-1196d99f92a8
c23c51e3-8c40-47b4-8f90-9190d16144e7,Business,1.0,1,217760,42.0,
8d11e118-25d7-4d33-94ff-f5f912daaf6f,Gazelle,1.0,6,150769,56.0,
6e5de2d6-05ad-4ce0-86b0-9a23bd42b388,Big!,1.0,10,234840,34.0,
fec2e710-e20a-4a20-9c59-801b8d0d10ec,Non Mi Crederai,1.0,14,216320,29.0,
9f69165d-d7f7-4f29-8354-cf5ccad81c44,Sobrio,1.0,9,155600,41.0,
c8925320-5834-4d0f-ab5e-f7e6c49cbbe4,La G La U La E,1.0,8,162373,52.0,
475d37ae-f122-4a3b-9f7d-bd99f0d7c36e,25 ore RMX,1.0,18,183724,45.0,
322addfb-498d-42da-ada4-6f9fe708b0da,Lungomare Latino,1.0,1,185280,32.0,98920a77-dd3e-4909-b081-dadaae9a3c53
9b682dc3-9e5b-4176-82e2-416d798cb36c,Dichiarazione,1.0,1,156800,36.0,
945f36db-e476-4099-b334-2890682bdfbf,Hey Baby,1.0,16,183813,38.0,
9948edcb-f4f4-4cb4-9523-761333e5feaa,Come Se Fosse Normale,1.0,1,175542,30.0,cce671e4-0d88-46e3-9dd7-fd6dc0e5afd7
9e1dab0f-aaa7-4995-91a3-f71d2a816ccf,Astronauta,1.0,15,151177,50.0,
a75e0cf9-8a69-4902-bd8f-d44b5abfbdd7,Guersace (RMX),1.0,1,255306,31.0,fc691ded-a484-473a-987c-ae2b6345c4a3
6a951022-32c3-4eb2-92ff-eac74edd959a,Millioneuro Boy,1.0,8,206324,21.0,
5a1348c4-1366-42b8-b515-b317fdffb115,Nei Tuoi Skinny,1.0,7,187764,53.0,
af122be6-6148-438c-8895-dce7d8fab677,La Mia Ragazza È Gangsta,1.0,17,205493,50.0,
f979b40a-e8d3-4f96-8798-873d5c938ea2,Sempre In Giro,1.0,9,307245,42.0,
4a62f180-29c9-4c4b-b7c3-ebb438314ae9,"XXX, Pt. 2 (Hardcore)",1.0,11,269613,36.0,
ce17ff6f-6201-4fc0-8bba-05369a9031ab,La G La U La E Pt.3,1.0,8,162373,52.0,
62a79b73-6873-4534-aba8-e238ff461aa4,Figlio Di Dio,1.0,6,177666,38.0,
c2c7961f-3a01-44f3-94a9-c905543d481f,"XXX, Pt. 1 (Softcore)",1.0,7,192826,34.0,
a4cd11d3-1347-4f23-8fa8-7dbb62564d57,Non lo spegnere,1.0,5,196400,36.0,
14d1caf2-f486-408b-98b7-22a9dc8cd53b,Musical Mafia (Sinatra),1.0,13,161624,37.0,
12004901-8b2a-4c8a-99c5-e6075b930a80,Il Drink & La Jolla,1.0,3,230546,37.0,
2040a891-5125-458c-b02f-e690a374ea60,Amore/Odio,1.0,6,142236,37.0,eb769034-d596-46d7-8022-9cd419c5195f
477f9c60-350a-4870-9c1c-19bbf9dcdd04,Diventare Grande,2.0,11,230117,35.0,285713f5-040e-4330-a5e3-65dfbceeba81
a0a46060-6c22-48ed-9ec0-8732959f63ce,Forza Campione,1.0,15,242250,13.0,8d016a3b-db1b-4591-acd2-bed6ccfada88
00dbd442-f12a-4812-b2f3-357e83f1c8c7,Kalispera,1.0,12,192520,51.0,
eeac6d4d-f0ff-40db-8daf-0263938700fa,Bamba,1.0,2,137853,33.0,
5aed1f0c-baff-4176-920c-6f6727a01b70,La mia collana,1.0,12,210360,32.0,
5f8ccbe0-867a-45a9-a453-46e311f7eee4,Indelebile (Inchiostro),1.0,7,230440,33.0,
c454c7ac-11a1-433e-979b-6e98b76c6066,Bravo Ragazzo,1.0,11,227693,69.0,
3bd876ba-97bb-4067-9c51-3ad54d22c55d,Quei Bravi Ragazzi,1.0,21,241703,35.0,
522c7b30-ce17-4bef-b220-874de8c08717,Cose Non Sane (Interlude),1.0,9,44589,33.0,
d026d661-da9b-44aa-b164-00364ca83f0e,Nei DM,1.0,13,216000,49.0,
f0c58f09-a492-437a-8e2e-1bf02664b3bb,Puoi Toccarmi,1.0,15,231133,37.0,
38c35a37-2d8f-4c89-8d24-499f9560ab03,Guè Pequeno imparanoiato per il vento in maniera insensata,1.0,4,211840,66.0,
36bbb6eb-3967-4e02-ae84-72f5522d09af,Pillole,1.0,13,221733,28.0,
e18cbad3-76d9-44c1-9f56-24016497b1d2,Dedicated,1.0,4,236000,65.0,
286e7ac5-eab6-41b1-a30b-76a2d8366f45,Easy Boy,1.0,12,238000,34.0,
4979b925-1cd7-4d30-b332-e53b828adddf,Ruggine E Ossa,1.0,14,205720,35.0,
6e036527-9c21-4e5c-9e20-d14ce8900874,#Bosslife (Bosseggiando pt.2),1.0,20,210322,19.0,df83224d-8a1d-4482-97a7-4e805ed1989d
86bde79e-69c3-479d-a7ab-6af15bfcb311,Amore O Soldi,1.0,6,194220,4.0,428844c1-3fb1-49d0-818c-9fb6d1c13eae
e5045db5-c3f7-43d5-806a-120a1e7fc87d,Barbie Vs Marley,1.0,18,214720,32.0,
4c082d6c-0910-4998-9897-0835b33edc5a,L’Idea Sbagliata,1.0,2,218400,58.0,
70e3d52c-3a95-4702-9716-ac3770d3578b,Grezzo,1.0,12,281546,28.0,
f0b469d4-1d9f-4525-a62e-ed0442b31c39,Sul Tetto Del Mondo,1.0,8,216093,38.0,
024e09f1-c6d4-4dfa-acf2-d513ee0c30a2,Merda in testa,1.0,5,171502,15.0,55779954-5e8c-424d-ae57-b6f9cb996630
e174840d-eac4-4a3f-ab02-79d6a97e4dfa,Stiamo Fuori,1.0,13,164000,56.0,
90b7c39b-0468-4f32-af0e-4af18c169784,Duemilatre,1.0,7,178775,59.0,
bb09cb74-6c95-4e7f-a4c6-bff36a412ce5,Il contatto,1.0,1,213269,60.0,
010b8db7-2dbe-4d66-b892-7c7502edfd96,Lamborghini (German RMX),1.0,1,248931,17.0,7f6f449c-f5da-4796-b00c-c772bf7880f8
b574227f-fdc1-419a-a353-bceca6294726,We Run The Town,1.0,19,189000,21.0,
d5f286af-9b84-4e2b-8d74-32ac8d86593e,Supermarket,1.0,5,195291,61.0,
1fa7406a-9a9d-4539-a705-cdc8c9086928,Che Nessuno Si Muova,1.0,3,240719,26.0,f744dbe5-525d-4c17-981b-3c278225cf9d
2e9ea7c3-e31e-44b9-9bc7-eb30c76bbaa2,KG Anthem,1.0,6,247111,58.0,
c5f2b393-c3d2-439d-a25d-4c8570752975,Come Mai (Itaglia),1.0,13,242400,29.0,
2354871d-7a2f-41ca-8c0a-a661cbd97eca,Signora,1.0,25,215520,23.0,
9ab5d1f3-7774-4284-a94d-bfd4db6116f7,Si Sboccia,1.0,23,216704,37.0,
4f5b8071-a5f8-49db-b0cf-61cca52a2d09,Rimango free,1.0,10,218507,60.0,
8c649902-34db-4a95-9d7d-0c64f5f361c5,Champion Sound (AI29 Anthem),1.0,18,189027,22.0,
1ee16125-4867-499d-aa66-7bea8dbc5056,Crhyme Pays,1.0,2,168143,59.0,
0f604ff5-7188-440b-8f79-0f0534567e61,Non sei con me,1.0,9,196679,60.0,
569a632c-cf65-4db9-9187-fd11f1dfd34a,Rap Stallions,1.0,2,218400,58.0,
3de100e6-7868-4339-a96d-57ace389e114,My Girl,1.0,2,137514,48.0,
893d07d4-5cef-4105-8519-f3fd3a6f46c6,Fiumi Di Champagne - Tratto Dal film “Natale Col Boss”,1.0,17,177149,29.0,
3d3a5ec3-4f00-4be4-a37e-ee0ec8de1051,XXX Pt.3,1.0,13,182256,37.0,279e87e3-13fe-472d-aaf8-a557edc8cd66
98e58596-e8b3-4377-ba90-dc890c5c04b5,Follow Me,1.0,7,236466,17.0,
9ead3930-45d7-424c-9385-90d3cec0bea0,Diventare Grande (Lazza RMX),2.0,11,230117,35.0,
99637ea0-0f32-48c5-8190-a810fd458d78,Scrocchia-Rapper,1.0,2,218400,58.0,
f48da9a7-9c77-43bd-b4f7-872272183b58,Oh Mio Dio!,1.0,24,198646,25.0,
27688026-9307-4623-bd4c-a037a23832eb,Bulletproof,1.0,12,187242,56.0,
1fc39bf5-b59a-443f-851a-6eda49650fc6,Connor,1.0,3,186511,58.0,
33a2ac6b-da08-443b-a53e-fd17494d594c,Gueddafi,1.0,2,218400,58.0,
0e994a25-a556-44ed-bc9d-514695601d33,Mollami RMX,1.0,10,190451,18.0,
3c5ab25b-77bb-45e8-960f-d1220a124ae8,Dogofiero,1.0,2,218400,58.0,
21cd035b-8517-4d8f-9ad0-7168c19ea5f1,Seconda Famiglia,1.0,2,137514,48.0,
5cacf41b-19ba-435d-b727-cc3d0abe3555,Nell’Uragano,1.0,2,218400,58.0,
5e6e37f9-96dd-417d-8189-ad11acdf917a,Mind Your Bizness,1.0,12,233769,21.0,d7ba3e5c-9819-414e-a22b-ddcbcdd9e2ec
3182ba5d-ecad-49ac-82d5-d3516f2eb8b3,Per Chi Mi Hai Preso,1.0,1,165633,8.0,47e382ea-21cc-4d1f-bbef-5a801745875b
c02f1b05-ae79-4633-9de4-60c181058e0e,Middle Finger (XL & Rock IT Dissing),1.0,2,248866,10.0,d67c4d10-9b50-4897-a24a-2e27a2550f17
b88eadd5-468d-4d59-a997-caa3a4c1a803,Boss!,1.0,3,200800,41.0,
07140795-3b6b-478c-97f8-ec71e35c9c3e,Trafficanti Di Sogni,1.0,4,188473,31.0,
5364872e-8c56-43a4-8577-198fb69978dc,After Hourz (3 am),1.0,8,166000,58.0,
1cd4dcf2-bc7a-4c41-b90f-b7636d7e1ab3,Classe Violenta,1.0,1,234083,18.0,
a7eaaf0c-c990-464e-afd6-6bf9f49817ee,Power Guè (Big In Milano),1.0,6,247111,58.0,
e3c879de-12f2-4fcc-9afb-31d0df112bff,Rompiossa,1.0,2,218400,58.0,
892bb61f-68e5-4667-bfaf-47e1a0cceaba,Dichiarazione (Young Miles RMX),2.0,1,138750,26.0,
9f19c89f-bdc3-41b7-8327-e6c488fb63df,Piombo a Tempo,1.0,1,234032,20.0,
ced6acf0-3631-4213-a38d-b80b3d863623,Il Ragazzo D’Oro (Charlie Charles RMX),2.0,4,251351,23.0,
946edeac-5406-4b2c-819e-eb2e7b77cc07,Fresh Come Una Rosa,1.0,1,198480,23.0,34f7dcc7-755a-4e2c-ba5b-47fbb98be4e7
25339554-da31-467e-872b-77535bb6b90c,Grazie a Me,1.0,5,171502,15.0,
af388914-58e5-409b-a095-9cd1413b4eab,Oh Signore,1.0,2,218400,58.0,
5ca34a2e-b167-4891-9cce-8bc6fa9e6b42,Bumaye,1.0,5,171502,15.0,
a8c329d8-43d3-4517-8259-afda5f4dbb43,Io Non Ballo,1.0,6,247111,58.0,
073e7f8a-6ee9-4c3a-8692-f31c55059e72,Smokin’ Combo,1.0,1,159248,23.0,35a12f64-8065-48d2-ae0e-946f7b8cbbdd
954ed3cb-e12d-4c4d-a46d-25221540f761,Non Confonderti,1.0,2,218400,58.0,
49da004a-5d7b-4f29-9f9c-c7f4b7ab519c,Dogologia,1.0,3,236226,25.0,4ab488d6-be88-4dd1-9424-b59e2d4de904
1629c7dd-949e-4f0a-9295-ff643d460e65,Non ci puoi avere,1.0,11,168618,54.0,
c5ec2ed3-128a-40ad-9657-ed6ed820d76a,Mixtape King,1.0,5,171502,15.0,
9dfaf013-ff87-4245-912e-1c3e3c2dc9b8,Brivido - Soundtrack Version - The Opening,1.0,20,247767,27.0,
5d2d7137-9442-4344-a774-993a2b8e6318,Rap Quotables,1.0,2,218400,58.0,
e01b4541-4f43-49a5-b5e6-359b02e6170c,Fai Il Bravo,1.0,25,186731,20.0,
1f301ee1-6f89-44c5-95a0-47b55c6b1169,Ultimi Giorni (Shablo RMX),2.0,3,205445,28.0,
ce27ae89-314c-4010-9e43-bbaf14f2c41a,Lamborghini (Swiss RMX),1.0,1,185806,18.0,8c05f4ba-db3f-46b5-90cd-d7f186100fe7
7c31620e-bf47-4c6d-a7bd-ee71b656f4c1,Figlio Di Dio (Gemitaiz RMX),2.0,6,162666,28.0,
0f0a8ad0-4f4d-4dbc-bf7c-3559bd991bf0,Giù Il Soffitto (2nd Roof RMX),2.0,2,164380,25.0,
f1667b44-bc4f-4a15-b282-8e4d7a496eed,R.E.B,1.0,11,227693,69.0,
22606326-2842-4beb-8099-405b4263efa9,Partito D.O.G.O.,1.0,9,219386,11.0,7a02b426-89d3-460d-ba12-4eac9d6a29b9
b2ab5f9b-7e7a-4cdc-ba77-c946862c5fd4,Come Piace a Me,1.0,1,198480,23.0,
e3a2bcdc-f681-40c5-b7fe-aa9f3ed0b3b6,Voglio Lei,1.0,1,290280,37.0,9c852303-63e6-40ca-b018-63e0dac53bbb
7f88bc9f-ac47-4b1f-9396-b42d5dfba15f,Più Pesante Del Cielo,1.0,4,273777,27.0,
f3586212-e257-4323-adc7-a084f446e342,Vite Veloci,1.0,2,218400,58.0,
c8042353-e627-4ba6-a6c2-a44e9f3a3062,Big! (Drillionaire RMX),2.0,9,218972,27.0,
9ed5e384-88ea-4bde-8d3c-3f4ff7d97cc0,Nella City,1.0,7,292261,5.0,b91881a4-5f7c-4538-bf62-5c3375063547
ce539d59-43ba-4d0b-8eb0-7ed69bcf697b,Seconda Pelle,1.0,2,137514,48.0,
abf73b08-9d80-454d-b155-bebd7182d9e9,Amore-Odio,1.0,6,142236,37.0,
2aee5765-a386-4435-b4e2-56eaa07ff6f1,New Pussy,1.0,2,203493,33.0,e62bce51-0516-4044-ae42-4d5d93ded7f3
dc8dc64a-2ef0-4cfa-a5d6-7242d13e2101,Droga Rap Uncut,1.0,4,242746,26.0,91df9453-6bae-46b0-9cc4-4c243b9a188c
35a5d282-b46d-4b77-8609-d183fa22d73b,Bomberz,1.0,2,218400,58.0,
f5c9f5ea-5586-4d67-b14b-5e6d2f3644b2,Il Blues Del Perdente (6 Gradi di Separazione) [DJ Harsh RMX],2.0,8,199148,24.0,
ae101255-1c39-4d57-967c-fd357a313e8c,Trema Il Palazzo,1.0,1,283626,41.0,d0c4ab0e-b4fc-4884-b919-74e817dd183a
acbc29c2-6cd9-4f2d-bd9f-f3e31d9dd1fb,Castigo,1.0,2,218400,58.0,
862edd0d-4028-4de6-8938-a8b8aff0b259,Luce,1.0,4,219904,45.0,
18c69427-f86c-4795-badb-3bea440b708c,Non Lo Spegnere (Junior K RMX),2.0,5,226428,20.0,
e90bdc6f-1f19-471b-8d9b-b6826baa54ff,Sgrilla Loverz,1.0,8,195506,40.0,f8c5c765-d870-40f4-a9b4-2fb0f84eef5b
1c3c5a0b-ce21-4838-842b-5c43bbd4b15c,Il Sesto Senso,1.0,5,170724,6.0,4f6af679-dd8f-457e-a262-f640d17ad16d
e290d625-1d2e-41ec-8b27-d6575b32b395,Sangue,1.0,2,269154,25.0,acfbf3c7-f52f-4e3d-9646-902e9e5c3a63
3772bf3d-7ad2-4fb6-8974-2d2275fb82df,Colpisco&Sparisco,1.0,7,292261,5.0,
723ef6d1-3f8b-4465-977e-9be9040d2c68,La G La U La E (Don Joe RMX),2.0,7,169756,19.0,
db1f40b4-0d58-47a0-9261-02394a09b9c3,Street Cinema,1.0,13,164000,56.0,
02123d4f-ff79-40f2-bd4f-8d813e60d791,Traffico,1.0,28,176146,0.0,7ee8adb3-0f82-4f52-8e05-bb1b54e1cf13
491f47e2-4855-4251-968a-e3471dc76c67,Pizza Connection,1.0,5,171502,15.0,
f375fa35-e2b4-4551-ac0c-c401ed5363b1,Giudizio Di Dio,1.0,4,183306,14.0,b64f9c4b-2102-4866-a484-bb17d066934e
360341be-d9b0-453f-ab4a-1c58190da650,Rivelazioni,1.0,2,218400,58.0,
d12e0b27-95df-414c-94b6-4f80e6637f5f,D.O.G.O. Meets Prestigio Click,1.0,5,171502,15.0,
03ffa1d4-7a19-4ca5-821d-3ffca54044fa,La Fetta,1.0,2,218400,58.0,
9b50ef25-9d51-4e05-9f24-c53c20716965,Pillole (Night Skinny RMX),2.0,10,195348,18.0,
2c5d28a2-91e0-4d07-9650-46d4ab40a078,A’ Vita Veloce,1.0,13,164000,56.0,
7fd7b19a-2086-4712-927c-a44aff6f2ed8,The Infimous Dogo Gang,1.0,4,183306,14.0,
64dc03c1-5ca6-4e04-9f7c-8629aeb515db,Figli Di P.,1.0,6,177666,38.0,
0b0fcb95-97cc-4b44-93fb-04e43ff3280f,Fuori Orario - Acoustic Jam Session,1.0,13,223326,23.0,
4014ad22-09a9-4a40-891b-5f9ead2520ed,Sinfonia N. 7,1.0,1,248708,51.0,
1ed8be9a-7800-4255-8de3-54b8a04e74ea,Rap Roba Fresh,1.0,1,188630,19.0,3db18afc-b60a-4a9a-a22a-d602a224579a
6a899451-9dfe-4a90-ad2f-80612af22928,Dopeman,1.0,2,218400,58.0,
ff339939-f79d-41aa-bce4-6dc72b174a89,Fattore Wow!,1.0,8,195506,40.0,
33f9a69f-a84d-49ab-8cce-7e97a4bd3f94,Monster Weed Intro,1.0,2,200640,45.0,
adf132f2-68e6-46ca-9834-8bcec02eadf3,Rose Nere - Soundtrack Version - The End,1.0,28,232000,26.0,
acfbedcc-318e-4ab6-b8a3-7d983c7c63ed,(S)compensi,1.0,2,218400,58.0,
f5e377fe-3560-46bb-9026-6d96fdb60d2c,Inedito (1999),1.0,2,218400,58.0,
ba233f4b-8165-4852-b317-2295f02b9701,Dammi I Tuoi Milioni,1.0,10,180137,75.0,7adc2fc9-f042-4263-a65e-209f3d6d0a19
8ce8287e-6005-4695-8137-fdf20b837511,Strade Di Fuoco,1.0,6,208293,47.0,
a750a26e-9168-4926-80f8-bb3122c62737,Angeli E Santi,1.0,11,253413,8.0,58c223f0-cafd-4279-a110-d2d67a9fadeb
f9466d26-96dc-4667-812f-e033f2837522,Cartier,1.0,2,218400,58.0,
92e373c0-fe8f-49ee-8333-2513be824a80,Snob Reloaded,1.0,2,218400,58.0,
77fd483d-80e5-4035-9cc4-abf3d5afea84,NBA PROMO ITALIA,1.0,2,203493,33.0,
ffe9fc4c-4365-4908-b4dd-c3a70af8c816,24/7,1.0,6,240053,13.0,203d238d-183b-4e48-871a-96292dcd6183
8501ba31-d0ce-4346-8f99-12ce0bbe8f51,Milano-Roma,1.0,6,247111,58.0,
69d1cd12-2d4a-4c08-afba-fad84a62da5e,Grand Royal,1.0,7,292261,5.0,
a0bdf99c-1e2f-4640-ad59-d82df2ace64e,Killer Verse,1.0,5,196400,36.0,
e6f8d0eb-c09e-4af1-b6ea-27ff64ce0437,La Bella Italia,1.0,5,284386,28.0,f4f3cd16-483f-4926-9c1b-5b7f2910d871
e03b7f49-5f29-4563-87c8-ec4345334b6c,Tutta Roba Mia,1.0,6,247111,58.0,
8a827aed-2049-4e32-83f9-cde9aa3f8f7f,Catrame,1.0,2,218400,58.0,
939a21ba-e0bd-446f-905e-fbe2e4b16bba,Menomati,1.0,2,218400,58.0,
4d5dd9c0-6c4a-4b0f-8d3a-5bafe6e799a0,Megalopoli Suono,1.0,1,179513,51.0,634a2c5f-95a7-4fc8-b48c-6806002a4954
34952e24-481a-493c-bc55-975cdb13cd30,Life-Stories,1.0,13,164000,56.0,
9b3555f9-a157-4914-b7a0-fa188234f4f7,La Bomba,1.0,4,183306,14.0,
2993f44a-5d5b-4363-90d8-027176348b4f,Senza Censura,1.0,13,164000,56.0,
88e97ee8-f904-46df-8800-3099a34ec4cc,MM & Guè Pequeno,1.0,14,216320,29.0,
efd1fa4c-1348-43b4-b462-e54a03ba4b37,Lontano Outro,1.0,1,179513,51.0,
10a40584-c2d5-41dd-95f3-259700a629d8,Immobile,1.0,1,276546,9.0,f0df6503-e854-4ee1-91ca-74e652aa67db
0dc47c1c-48c9-4e47-a3fd-dda762601778,Role Models,1.0,6,230160,32.0,0a6e1d7e-6592-48c1-9626-afcd6f11f32f
44e46c05-9e5c-4ec3-ab05-b292b6ed9166,Chi Ci Ferma,1.0,9,219386,11.0,
2f4772cb-c9a2-415e-a73b-e98d8533a3c7,Tutti I Giorni,1.0,2,206393,20.0,579cae80-0c32-4bb7-bb43-8c9aa8edde44
6ea302dc-9ee1-4b91-96f7-215739057871,Cookies N’ Cream RMX,1.0,4,201845,66.0,
9dd503d2-9c20-4f92-b710-cabe8f7abba1,Frangetta VS Club Dogo,1.0,9,219386,11.0,
3052ab21-a1fb-4546-9fc8-a3032a060974,Fanno Ridere,1.0,1,198480,23.0,
6856e344-be0c-4765-b65d-14daef498d69,Criminal Minded,1.0,9,285658,7.0,4952443d-c0be-4605-95bf-ab0f9fc3321b
d86b6315-1505-4868-b525-f5b7fb4df47a,Musica Narcotica,1.0,1,179513,51.0,
d40401be-725d-411e-af55-78ce7210fe78,Nun Ce Provà,1.0,10,165000,0.0,dd3e706b-488d-46a4-8983-2b529c7ecbdf
abae3e91-685b-499d-b5f1-f201665ef6d3,Sinfonia Numero 7,1.0,1,248708,51.0,
e151a93f-56ca-4152-9b5c-5065ff268985,Rendez-Vous Col Delirio,1.0,6,260413,42.0,f2db0a47-c51a-491d-b96b-0dea33a021c4
1b9bfa5b-b1fe-4149-bca2-ace91f28c82a,Capo Status,1.0,5,168133,28.0,759853d6-c2eb-4cbd-8901-a62812440d3f
98a30e5f-7692-42e9-b94a-3ccb35d129c8,You Know NA-MI,1.0,13,164000,56.0,
ffcf34cd-2f78-45dd-886f-5f523fa9bce8,Squalo - Acoustic Jam Session,1.0,12,215798,14.0,
cc9d2082-edcf-4fda-89b3-fe8e5433167c,Fuck Tomorrow,1.0,2,137514,48.0,
702d1f98-9721-4ffa-92b4-9a8d5f86864c,Amen,1.0,2,218400,58.0,
0ecba477-9d71-426e-b4d9-df3fba742131,Dangerous,1.0,2,218400,58.0,
17c81df2-f5fd-4346-b10e-3aa3f5cbb097,Lavaggio Del Cervello,1.0,1,283626,41.0,
97c50a78-edcf-4e31-929b-5b109e67b76a,Real TV,1.0,12,155373,30.0,74ce4ceb-516f-4cd6-881a-0a2ff14374cd
ff268f5b-8b64-4240-8dd6-8465cb7e395b,Red Carpet,1.0,15,220040,34.0,
a54d3952-0cce-4cd1-b0ae-b4ba9471d09e,In Alto,1.0,10,241554,8.0,b966d84b-09a9-4649-863c-705c8988a67d
0aca3bae-de55-44ae-bc8c-608912861903,Fai Quello Che Vuoi,1.0,3,224835,7.0,f85afee8-2b97-4f83-be32-598b5d2e1eb4
c4f706d3-e8f1-453f-b926-b939bbe4b0dd,Scambi Di Materiale,1.0,4,183306,14.0,
343ff605-42b6-41a8-a80b-0ad251d01ffd,Eravamo Re - Acoustic Jam Session,1.0,14,161615,13.0,
2a23ee00-49de-439e-9058-a905cdf00890,Stop That Train,1.0,1,249600,89.0,1a053c75-f479-45f6-81dd-4e49e3d3183f
ebf9e4d2-b789-496d-b579-0b50c2bc71e0,Guerrieri Del Microfono,1.0,7,236466,17.0,
b9aa8c94-8e5b-4225-acc2-c87458765ab2,Supercalifrigida,1.0,1,130285,37.0,09021fd9-2351-47ff-a476-311802d05cc5
d234f124-d008-4721-9179-7b0bb7e0f4fe,Il Mago,1.0,1,187623,41.0,16757dc4-b6c1-4cb3-bd23-1356c2eed13b
390cee40-5313-4dfb-b363-fbaa9e20fda6,Schifo,1.0,11,274025,23.0,cd589ee7-0cb8-450f-869f-43ba27f42e2b
739ec719-5463-4f43-8b28-c2d465a2c81b,Risatatà,1.0,3,221323,24.0,
0db1f51f-bdfb-440e-94bc-c813a3e48d4d,Amnesia,1.0,10,220754,30.0,
98f0b56b-b082-433c-81f7-c72c6a70d21c,Tipi da club,1.0,7,199728,17.0,
e4ffdea9-22cb-4c92-9499-4ce5fa58f0a2,Empatia,1.0,5,235350,17.0,
570e11ae-f006-4945-8754-f9d1b6bdb22e,Donne,1.0,6,253639,16.0,
5c899737-4810-4a4c-a124-e298b60c6374,Scimmia,1.0,1,201015,29.0,
8b00a6a0-2865-4f42-87ed-171699200e68,Giostre,1.0,4,275587,13.0,
f66afde3-6b9f-484c-9e97-064fd240135e,AMEMÌ,1.0,1,194833,19.0,4fbffecf-6973-4f46-a9d4-a3abee3565f1
63432ad6-178e-4f54-add5-dc7940f99b2d,Ballo,1.0,2,196568,27.0,7e7c0893-3088-4540-9a88-c07c1de55ab6
e4f68313-1007-4c3c-935a-ad7e4dcae944,SBA,1.0,2,140725,21.0,
0553bff7-fb76-4ae5-a835-147a3c1bbf4e,Chi,1.0,9,547121,12.0,
b5e695e9-17c9-44ae-9223-c3c17a07be85,Erbavoglio,1.0,1,247000,15.0,c5a6b728-6abb-48f9-86e5-d0ba03f5987e
8ed51c37-56a6-458d-b20e-407accaf84c6,Pistolero,1.0,14,212062,14.0,f1cfcd62-b0c4-4a33-8ef0-85a9e4592127
f2d8ef27-280d-45ea-8052-59138aae201a,Tachicardia,1.0,8,237600,22.0,
df406d6a-0565-4d40-9fb2-c1b1b803c4ba,Missili,1.0,3,206133,13.0,856c078e-9d88-44a2-9b8e-c8aa5b501041
d9b6aa3d-366c-4380-9549-0feb113b6180,Parlami,1.0,3,214749,30.0,
4852d8a1-9557-4ce2-8847-cc68578594de,Senso,1.0,5,182160,12.0,
b5b94305-81b8-47f9-867f-8323118eb6f7,N°1,1.0,5,203546,32.0,
775739ea-9339-4e81-9a1c-9ed25964f48b,Vaderetro,1.0,2,130253,14.0,
6587b05d-5af5-4173-a182-e9b41fdd3d9c,Je suis désolé,1.0,1,192835,27.0,
45632099-3fac-445d-be0c-06907203d887,El Matador,1.0,4,169712,30.0,
fa219ee7-06d0-47c5-be97-289075bcbe00,Risatatà RMX,1.0,3,221323,24.0,
7efb4730-c0ed-4665-abae-ac8b996a3caf,Tutto,1.0,12,236725,7.0,
9e45ed30-abc2-4acc-a2cd-d7d42063354e,AH,1.0,1,145090,31.0,6928cd02-6994-48fc-8ce9-b7ea6a015a6f
f699aa98-8632-480f-9f6b-08845808c578,Balb & Tando,1.0,1,207626,13.0,
efbd3208-d2ae-40d0-b7a8-2c8d5bf66ca0,Ba...ba...baciami piccina,1.0,3,160769,17.0,3e92b7e5-dc15-42a1-9889-2afc91045fda
7d53f00c-d400-41ea-9791-2cb429fa6e0c,Lalala-Lalala-Lalalala-Lalala,1.0,7,182241,16.0,
c99674d0-0d1f-4028-aa30-02462a4cfd0b,Ovvio,1.0,4,236133,15.0,
7104ee3f-fa65-48b4-8d6d-9b7c27fdd090,Fred Astaire,1.0,6,182880,22.0,
1ab6b629-62ca-4ea4-9a0c-1e1aba053088,O.M.P.,1.0,8,194564,16.0,
646a268e-4dab-48a6-a763-53576a151585,Karate,1.0,1,143316,24.0,cb698ac5-edeb-4ff0-a757-9646c4956edc
d95e8032-53bd-484a-b4db-fd28b341501e,Dinamite,1.0,1,144444,26.0,e306d55e-ec31-4016-b6e7-e56e6c60aa74
1521fcf3-cbd2-40d1-a35e-24d69aa3dfcd,Paura,1.0,1,199626,23.0,036263d2-9ec8-4a40-831c-8f26e67bc9a3
a8096149-ea19-4c2e-a15e-eb43feeaf616,Sparirò,1.0,1,206896,26.0,b7bc7caa-b9d8-4a1a-bb8d-dc88fd6ee41f
c72d2c43-a929-4b93-8bfa-8ac0ccc20e58,Mon Ami•e,1.0,1,174545,17.0,b9783e00-32f7-4731-a2fe-54f7579f140a
7326b0fb-ebd2-4853-840a-cab4da7b40c4,AMEMÌ (New Edit),1.0,1,194833,19.0,
356b1e57-79fa-4f09-9142-70b3881bdd47,Mandibola,1.0,1,191000,18.0,8d2f82c8-8225-45dc-8b72-cba8317e5bcb
6dde8498-bd42-4b6a-bd6e-5e7a58f2d83f,Macho,1.0,1,202105,23.0,346a525d-6ed3-4d1c-964a-358985d309c4
f27ee1bd-7d26-442e-8fae-1cb5fda14fc2,Lararì,1.0,1,164262,20.0,e7170d6d-76d6-4968-ac28-87a814582317
414a1952-6ca2-4357-86cb-2e266da7ac1a,Brucia,1.0,1,129032,20.0,a205cb87-0ff9-45ea-b0ec-a9c99824a0ef
ec17d57c-0eae-4e92-8db0-d4e03ad3fa36,Lev 26:6-8,1.0,1,133421,17.0,fdd6cc54-690e-4e32-9a6e-a5625364e90c
91252a50-25d2-42c5-9031-38e777a235a2,Attimo,1.0,1,177600,17.0,07f1ee58-6930-46d8-851c-04a1c3041605
4c649c82-2e8b-4b8e-9769-7030b254e1e1,Banana,1.0,1,111114,15.0,ec0d7399-f438-4bab-b462-e040305c417e
45cfb56b-a07a-4ff6-a61e-23102173365f,Sir Cavalier,1.0,1,192000,17.0,8616cfb4-8d04-4b57-a437-c799230d94a4
7eca70ad-8004-48ae-93f8-dfdef9a0264b,Tutti Frutty,1.0,1,138352,21.0,3e891ec7-fa0c-4e7e-ab77-173126ed9a52
9964b6a6-4d2e-4979-b9a2-17ab91b8999c,​rosa naturale,1.0,1,183870,27.0,692b021a-d284-4072-834a-8f52b07f044e
0441790c-56dd-49b9-8955-c0504dd95c89,MAMA,1.0,1,171144,36.0,86392397-0d24-42c6-8874-4be0842d993b
27ac656f-a209-4e65-a173-6f490548245b,"Ti amo, ti odio",1.0,1,197714,26.0,82da959f-c0d8-4cd0-bdec-b34a7f8e9473
5d8ceb48-879b-4b3c-b510-e79c87063125,What U Do To Me,1.0,1,186466,24.0,384a4a07-401b-42d1-8119-9e618b0f45e2
7216751d-5167-40e2-8e31-bda5c850127f,00:23,1.0,1,137445,18.0,e5bfbce6-938f-4382-b0e1-461bc31661f8
023086fd-c4a8-47ad-8ee6-140116d1568b,Drink,1.0,1,190013,16.0,6a3c10ee-7380-4609-8432-ebf24bcc01cb
e4560c01-7b69-4c64-9b9a-f08e72c70f8c,Body Adi,1.0,1,210633,13.0,beb1feec-c1c0-4f31-9a27-1839e98eec2b
a30b2bb3-7cdc-4c98-a7fe-1403bcab6535,7 Giorni,1.0,1,168568,16.0,3fd07610-1073-479d-9de4-6a65fe819dd9
cc4af514-091b-4a8c-a956-3fd584ca2ec3,Caffè e Lacrime,1.0,1,219930,22.0,c4c9b0b7-b9cf-436c-88ad-7167060af128
e21460d0-debb-4ebe-9ece-8f7442aad1b2,Doo Wop,1.0,5,233346,10.0,
c218cc04-d81c-45e6-a9f6-2b1a6740a4a5,Rusinè,1.0,5,162666,15.0,8184282f-0cba-480c-b44a-82f03dea85bc
58495a06-1b81-44c6-b161-af43a632eb60,Nella tana del mostro,1.0,1,181343,13.0,4a71f2ed-ffce-4219-a50c-48722f4432a1
ea0e7c8b-f62d-4b83-9d67-eeaa58e80a23,SETA,1.0,1,165394,14.0,
1ad5d3e9-af0c-4dc5-8223-4b7dbbb2f0e9,Melancholia,1.0,1,184784,17.0,001af8d1-82ec-4e4d-84d7-cf4af91f19bd
483a7484-730b-43c2-b783-728a01c15d39,PHONE CALLS,1.0,3,174600,8.0,
0882527e-c435-473c-8b76-b8d0ab8c25a5,4L,1.0,4,193903,13.0,
a89213e0-b739-4612-ac5b-0de4e981522a,Animal,1.0,3,223813,17.0,
17df8b81-0a04-4efa-a061-7edf781c01e1,Down On Earth,1.0,2,180107,5.0,
008c49c8-b85c-494e-95b2-cfd8656e455b,Confetti,1.0,4,239146,8.0,
cce1d352-5a74-462b-9165-8a5d9fb4527b,Cold Water,1.0,2,192933,9.0,
e0af75dd-8e07-44f4-ad1d-e34f5082a274,Heavy Dirty Soul,1.0,6,201546,9.0,
9a952421-057d-42ee-aad5-c8f34d965cd5,Giovane fuoriclasse,1.0,14,221973,60.0,57870891-07d7-4525-8b64-d7daade9b4c5
c7400aa6-d6c9-403b-88f7-b88b0eeeb798,Allenamento #2,1.0,1,151421,61.0,56d2dfac-6c6e-41b7-a05a-d2aa13425d43
293bc5d9-4ef1-4278-847d-79afe1fad298,Tesla,1.0,3,185146,67.0,
929aa32f-3aed-4d08-807c-827742495cc1,Ne è valsa la pena,1.0,8,234600,61.0,
36a793ab-0df6-4f61-9d0d-fdcf4a58292a,Nisida,1.0,1,236000,60.0,73048a38-2882-47c5-afa0-67c3f5790a94
d5438ba7-eda3-46ff-a0b5-31f901df84c5,Allenamento #3,1.0,1,166404,56.0,355ab5f7-fea0-4ed4-84f7-82bdb593d8e0
7aa44f11-ec01-41f7-ad2e-7fd984e3367b,Uno squillo,1.0,11,208813,65.0,
09ba4f23-436b-46d2-8233-2b4c5893133e,Forte e chiaro,1.0,13,219173,61.0,
9c33bfe3-dbc5-4388-abd9-47bb384f8922,Non cambierò mai,1.0,9,208920,52.0,
e55f73f7-1570-45bf-9511-77103f66abb9,Allenamento #4,1.0,4,170078,57.0,bf87a356-fe53-4b8f-9a38-31b3ff8ad984
9b5b28e3-bcb4-4d4e-bf7d-7178da80b5ed,Allenamento #1,1.0,1,151389,50.0,6e5a5035-cebf-46e2-b270-1235d5170bf2
e32b7566-6c29-42e6-a4cf-ab97a4c4a875,Vabbene,1.0,12,195613,56.0,
af23bc8b-f279-4aa7-aa11-ffff019fb8ca,Giù da me,1.0,2,180653,50.0,
9581e252-4bec-4f1e-afc0-2ec9173644fd,Come me,1.0,5,197253,50.0,
c397b0bc-53df-4662-9c25-7d0e2d1ab3a6,Billets,1.0,17,198536,55.0,c9afd61d-4125-44e0-b39b-f66637feb9b0
216c901b-1eae-4383-88cf-b7b30df11b46,20,1.0,1,241800,51.0,
c6bab42d-c4fa-42a1-a1c8-6bfff9151856,Interlude (Ora è la mia ora),1.0,7,135506,49.0,
b9a8ada9-d24e-4efc-ac29-3c9f5ba29e88,Non Fare Così,1.0,11,192786,64.0,
ee5dbd3d-ca76-4af1-88d8-f4123d0ef188,Non si ferma,1.0,1,217573,41.0,66ca3ae6-01de-4d45-b64f-76681d467ec1
0611a9c0-80b5-49ed-8403-69fb9bd26b7e,VVS,1.0,3,184320,52.0,
67411928-ec9e-494c-a0dd-bbe2010f7b3f,No Stress,1.0,10,180871,51.0,
0befc0a9-cb18-48e1-94f1-1a57e08e32b7,Plaza,1.0,13,214588,67.0,8202e75e-33ee-49d8-b10f-1bde1be33a00
cd21df60-a35b-47a8-b83b-12eaef959f40,Nike Boy,1.0,4,146413,41.0,
3009443c-4fab-4f1c-8a30-f88d5da9f232,Richard Mille,1.0,9,226233,42.0,
622689dd-06ad-4c94-b6d4-81753a663b9f,OMG,1.0,8,196969,51.0,
2b455ba1-2941-44b9-b1bf-8a2495d44742,Money Rain,1.0,3,156674,58.0,51748b97-8345-4a1a-a84a-abc2534736ce
73ce0997-eb47-463c-b46d-ddcc3eac1f15,So cosa fare,1.0,1,175068,46.0,4db13d41-98e5-4b17-868b-8acf669ca09c
69076b3f-e750-4895-b3d8-90eda392a090,Fiamme Alte,1.0,5,208276,46.0,
b22ac241-8e24-49ad-a319-56861bb64085,Street,1.0,1,242600,52.0,
222be90c-73f4-4b81-8bbb-486ad7c8882c,Coupé,1.0,16,176585,54.0,
3ae4cfef-bbed-4e50-8af5-9c85e04bd29a,Demonio,1.0,6,190666,57.0,
e924004e-77f5-45e9-b3a8-8c1a98fad4bf,I Miss U,1.0,7,183439,61.0,
688c6526-b6e6-4bbe-a99d-3ac74bd47233,Soldi Arrotolati,1.0,9,151515,67.0,
49fc1871-169f-413e-8adc-bc691dd4c1a7,El Chapo JR,1.0,10,202546,33.0,28b0ebdf-12d2-46d4-ad9f-0a92ed88b47d
09c2747d-4b2e-4553-a62c-fb4758f0cbbf,Sto Magazine Freestyle #2,1.0,1,193044,27.0,f66d0aa1-3174-4f40-b5cd-7468f5ff84db
25a8971e-f1f8-4a80-a824-6be39489df31,Nuovo Inizio,1.0,1,171125,62.0,b748d9e9-af5b-4dfc-a6f4-9414652f363b
fcdcdad5-0ecb-4e45-8d3d-19e8d4f04a7d,Mai come vogliono (Freestyle),1.0,6,195651,8.0,f9612161-5c0d-4653-b62d-e4337c9de81f
b8df18ba-ec0d-462c-b881-dd87b42b2e9d,Track 1,1.0,1,133193,40.0,
d92a2b6e-cd92-4db3-be41-206fba5922a6,J$ JP,1.0,6,208346,41.0,
948fe380-29d4-4e45-a688-c6f33fd501a8,Ancora Qua,1.0,5,164177,59.0,
a89f8d13-df16-491f-bc0c-2adec5e58544,Sottovuoto,1.0,4,167999,69.0,
b355f0cd-3526-4acb-82ba-7170894747fc,RATATA,1.0,18,214603,57.0,
a1d689d5-9304-41eb-b09d-b4dbbd045519,Nato Per Questo,1.0,18,167076,47.0,
732713ff-43c8-479c-8c67-09f9c1c9008c,Ferrari,1.0,12,185379,37.0,
6b240152-bd80-4e3e-9f12-8fa259e31383,Ferite,1.0,4,181565,70.0,
ec92f29e-a52a-44cd-b489-0a220772b5ae,New Jeans,1.0,7,125893,32.0,d9c51d03-7a8b-4651-8680-92316751ff23
e513374a-a165-4f37-a271-4c11e4407d3d,Acqua Passata,1.0,2,189120,62.0,
1a594ac8-af95-4ae2-952a-e3c0dc45592e,Capri Sun,1.0,9,199680,69.0,2849b095-afab-4be5-98be-129a36c15b79
79db1133-a117-41d6-b529-105b2f55a589,Lo So Che,1.0,4,181565,70.0,
c44b7cb2-dbe1-490a-8613-4b62ef104638,La Ca$$a,1.0,8,207789,63.0,
73d4b66c-3e84-4e41-9936-ef77541753d7,Ultimo Banco,1.0,16,177575,44.0,
c4275bea-8205-481a-9697-2fc704368c79,Memories,1.0,13,156183,53.0,
b5537823-f656-4a31-ac4f-e4c8e17443aa,Borse Hermès,1.0,1,160509,61.0,
bd9f99d4-65b6-424e-940f-c1e49da89821,Oh Amore,1.0,6,225132,52.0,
8df3dbc6-ec9c-4716-a427-a608040856e0,Dal Quartiere,1.0,3,171315,25.0,d15462bb-db8c-4cdd-a828-2ab8c6d2a018
42bd44c0-aa87-4216-927f-1b0fe9e340ad,Taxi,1.0,10,194386,39.0,
06344fa7-a6e9-4bbc-8469-fbab29733f66,Tutto Passa,1.0,9,163673,31.0,
7e169f3d-df1c-488d-a149-1eb5a498a64a,Baby Girl,1.0,10,137399,53.0,
8f43fe77-b5d9-4079-9918-b9bdce88a7d5,Tevez,1.0,15,138000,37.0,
dac95cb1-1f24-47bc-9da1-f4fef7b17a69,Mi Riempi Di Chiamate,1.0,12,192196,56.0,
9b24d71b-20d8-49ab-9b7e-bbd5f533d207,Envidioso,1.0,17,196758,52.0,6e7e806b-7d91-42d4-97e2-592302c97408
bc708175-cb3c-4c7d-a05c-9b0c9aef8734,Pochette,1.0,13,169846,41.0,
0b4c43be-d395-4a43-9763-c529cdf14ae0,Ho fatto strada,1.0,1,172500,43.0,b970dbc0-263b-4cfb-892e-46a998591dc3
caaca990-d7d4-4aa8-af7c-57dd3007f39a,In gamba*,1.0,1,151421,61.0,
782feef1-d14d-4f46-8528-91bf5c316b03,Busy,1.0,8,160235,49.0,
a3c2967d-2b3d-4445-bbb4-e906e24aaf70,X FAVORE,1.0,1,358413,56.0,05d105da-f973-4bf3-9b5f-003faa74e6d9
40e9cb78-4e12-41c5-9d34-3aad9c5688b8,Successo,1.0,14,185847,35.0,
dfa5a68d-78db-44e6-854a-bf91deedbacd,Nun Me Fid’,1.0,4,221654,21.0,
0e3613f8-18bc-4d5d-a83b-02d0043dda4b,I Soldi Parlano,1.0,1,194711,44.0,dd695ca4-a262-4e4e-af79-595a7cc6b70c
98aa75e5-6808-4de5-a5e1-a946125be64e,No Drama,1.0,11,177637,47.0,
f327c014-d0cc-43d9-906e-59077532cca7,Non Basta Mai,1.0,1,144512,67.0,eeedd4fb-b9b8-4cf5-994f-720adbe96896
d7a66f00-86ff-4835-be20-996d34afb741,Freddy Krueger Freestyle,1.0,1,99327,44.0,fadc3950-faba-4154-a449-6ab8905caa36
f2b8c33b-bd8f-4a85-872d-751c8c57441b,Goyard,1.0,4,164087,48.0,
fd96a54f-d22d-46be-ac90-6c31681edb2e,Tutta La Night,1.0,14,167999,49.0,
e62df9bc-982e-4ed8-a579-cce22883943f,Panama,1.0,2,172988,46.0,
8e7125c3-04ff-4069-ac9a-2e422723b77f,RapStar,1.0,11,167234,49.0,
657deae6-1c73-4e3f-8be0-8ba57cd62f2b,Stone Island,1.0,3,177230,47.0,
f5819e6a-4661-4c6e-b7a7-ea4eb8e460ce,Solo Un’Ora,1.0,17,177599,46.0,
278ccf76-41dd-43ac-a62b-a7b1d20465fd,Giro coi miei (Freestyle),1.0,1,152163,24.0,8b44033c-6a41-4ff9-a012-1dca801c60a8
af4da4a1-4d3a-4a0c-bc60-523d614273ff,Non C’è Love,1.0,15,167102,48.0,
8044f8c5-e5b9-4785-ac4a-bd91ae02a739,Sto giù,1.0,1,193044,27.0,
a61add41-bd1e-43df-9c06-31ac579d5b5f,Loro che ne sanno,1.0,5,201684,26.0,
19936339-446e-4bf4-a58b-448a3b681386,Hustle,1.0,9,199680,69.0,
4fd9568c-f670-4b15-b098-ea3cda92e17b,Dolce E Amara,1.0,5,183356,54.0,
0cc816eb-dfb6-45d8-bcc1-383fe7d7a937,Nati Bastardi,1.0,3,151090,55.0,
ba24b051-d80c-4247-87be-f5cea607b068,Fino All’Alba,1.0,1,157168,58.0,
47039d38-429a-46ac-b82a-91c1f486a1a0,Tutti i Giorni,1.0,1,222981,29.0,f03fa3dd-6dec-4f97-af99-53298535a54e
fb266d49-9145-4b44-8719-743f03a146ff,Nuovo Canada,1.0,5,184601,43.0,
9528e676-a21b-4759-a018-01e8421c471d,Pronto,1.0,4,199333,36.0,
366c792b-5d37-4fd8-b6dd-d2c8b792d04f,Everyday Everynight,1.0,2,244536,41.0,
f67dd71b-4e0e-41c1-866d-e470c7034251,Money Time Freestyle,1.0,5,109213,50.0,
82f52436-2d89-47e3-b59b-4419e6231d8e,Paranoie (BIT),1.0,6,233239,41.0,
9483faae-00ca-4e32-aac4-98141ca51d44,Air Force,1.0,7,176223,40.0,
f19a1415-d05e-4218-943f-f1a63d206f53,Nonstop RMX,1.0,2,181668,58.0,98926edc-5b01-4ae4-86b5-b944aa52179d
d258eacb-899c-4146-a212-777c93181a8c,Hennessy,1.0,8,148333,43.0,
820a2f8f-67ac-47c6-a70d-49500c242c9e,No Game,1.0,1,159947,20.0,
c32b6fef-c6fd-4196-93df-2acb3dbeac7b,Non Bastano Mai,1.0,12,165957,42.0,
a3beb292-3ff6-414a-ab25-baa46935ea7a,Giungla,1.0,10,140010,51.0,
36c52c24-097e-4b9e-bbb7-5217c65f4f0d,Bad Boy,1.0,1,160591,63.0,39bfb7de-5086-419c-aed8-5827971bbf06
40627726-1d10-486c-8cac-d24d8dd252ae,Dimmi Tu,1.0,6,194549,47.0,
5f26bf54-64a0-434f-8654-7454003f7422,For Pecché,1.0,5,122553,0.0,776a898f-62e4-4e7d-83d6-a8af07cc73b8
cd98a714-97e6-478b-a472-3f86d87513c0,Mayweather Freestyle,1.0,1,1106572,13.0,08d357b1-9dc6-4c1f-804a-dbb2d5b3a7fd
e839489d-2167-426e-979a-3d127c84b69a,Forse sbaglio*,1.0,10,180137,75.0,
3a644506-977f-48d8-b727-bf73c6a28907,105 Mi Casa Mashup: Capo Plaza con New Jeans su Totiana,1.0,4,181565,70.0,
77043f4f-8ef5-41b1-a3f1-c11ad2b342ea,Trap Take Radio 105 (2021),1.0,1,1106572,13.0,
39720005-418f-4abf-b115-e0a9debdd411,Sulamente Nuje,1.0,7,205834,31.0,
82a8f454-1da2-4bfc-8ba7-d8c1ee00c239,Capiti Male,1.0,6,228411,18.0,
a58c34be-77fb-4e1c-8ede-f83a26dbe4cc,Abu Dhabi*,1.0,1,157206,34.0,e6200ecb-fec0-42f5-82f4-8d21eb77617b
26bf867d-c2fb-4b34-bdec-13d6f0de120a,Il Nuovo Album,1.0,1,152163,24.0,
56d89da8-1053-4e6e-af18-468a8090cb11,Poco Amichevole*,1.0,2,181668,58.0,
48ea7895-1ee8-4454-9bdc-7ce20a6b7747,Don’t Panic*,1.0,1,147714,1.0,09780047-6730-4e25-96d4-e8ac00e773b5
1eca7dd8-bff4-43f6-8fd7-f3a71e072c1a,Vari Conti*,1.0,1,222981,29.0,
09be702e-9348-4d82-a9ae-027e7d5c94dc,Trap Take Radio 105,1.0,1,1106572,13.0,
f308baba-186f-406e-9087-f15bc725a1fa,7 miliardi,1.0,1,167089,53.0,07f4bdd4-9395-44dd-ae03-5ab4fd78b089
c0348062-eba8-4731-b75e-4284f0a490ac,Amici,1.0,8,180950,58.0,
315ac5b4-e9b5-41e7-b93a-84eca0f39d20,Ansia,1.0,2,216000,43.0,
2fd76d2f-c095-464a-b242-e335c33d0e86,Sabbie d’oro,1.0,4,232000,51.0,
8f583f67-bd9c-4104-8291-9fda666e30dd,STUPIDO,1.0,15,187431,60.0,61af9c7d-3b62-4552-9e5e-7f8b06adc624
cbed00af-8869-499b-a467-91e48ce0de07,Miss,1.0,10,197585,53.0,6720ec03-8b0b-4146-93cc-ec76170c553b
53a59401-f10e-4c99-ba25-aedcbba2a353,CAZZO CULO,1.0,3,233865,42.0,
777e80dc-5979-41c6-9500-26e6875d7ef7,Scialla semper,1.0,8,180950,58.0,
ad300e67-94c0-4561-b7b7-7811d9d1843d,Polo Nord,1.0,12,249303,53.0,
af9c9177-e8f9-4c8a-86f5-ed86881da302,Moneylove,1.0,3,172538,62.0,85483bce-0e08-47ee-a60b-70d7250e5390
c7185616-4d78-4099-9584-9d77e799c61c,AIRFORCE,1.0,5,220235,58.0,
5c85cdaa-ef83-4b93-af15-1032abd62726,BUGIE,1.0,7,229343,44.0,
6f4cb3b8-acc3-4e8f-a487-ba57d2cc12bd,X3,1.0,9,140592,45.0,
0d9a6c4a-b1d1-4c1a-8acf-860b092cda51,Totoro,1.0,11,195452,45.0,
a91ad5eb-fb6f-4474-9959-09688cb56fda,Cella senza cesso [CSC],1.0,9,156969,45.0,
66aeb6d4-8d7e-4c3e-95e4-a4c8ec9cf9aa,Ramen girl,1.0,7,146043,48.0,
f660e102-e07e-46c8-8f6a-0fc79832d291,Cocco,1.0,3,164756,48.0,
d957fe9f-aaae-49e9-b669-0cc1c4a1d912,Soldati,1.0,6,147577,37.0,
c41f2e10-b682-4fc9-a796-013a92da544f,TROIA,1.0,9,214785,48.0,
aae89a2c-c294-4f4c-9863-21017d7e9f0a,FUMO,1.0,11,230600,39.0,
a2a5e3e4-6916-47dd-80a1-f503968c216a,CASA NUOVA,1.0,1,184234,45.0,
9187e831-a058-4458-bb56-99337bb012d3,DEBITI,1.0,2,144370,41.0,
26ba1b81-f31d-4495-bb80-e21f71293012,G,1.0,5,161506,52.0,
da367c28-93b2-4a10-9b84-b789223acf48,Criminali,1.0,1,241134,32.0,c61e5807-6b78-4893-8c47-10440d834fb1
2ce8ac50-a1ca-4531-b505-1430c0ec3f0a,Polo Nord (Emodrill version 2019),1.0,13,188891,36.0,
26eef026-a7fe-4df2-9084-7f662d03121a,BREBBIA 2012,1.0,14,168605,54.0,
06ecd795-3437-406f-8d02-395f93c091c5,Non Parlarmi (Outro),1.0,16,211258,45.0,
788325fa-7fe5-4b9b-b70c-238dfd1ad592,SAI SOLO SCOPARE!,1.0,4,187419,38.0,
06e8d6d9-683d-4695-9712-99554f5ae3c4,BANG BANG,1.0,10,141540,35.0,
2046f550-1c28-4db1-9396-9d619126f009,Straniero,1.0,4,176343,57.0,
a8992083-5ff3-4a7f-a334-e8c732431c53,Miss (Emodrill version 2019),1.0,10,197585,53.0,
b4ffa793-38c3-4299-8692-1d18be8ac44d,Doppietta Freestyle,1.0,4,176343,57.0,
54f2e74f-87b8-4587-ad56-1f81ba022f9d,Polo Nord (C+N Progressive Mix),1.0,12,249303,53.0,
a8bab524-34ed-4f0d-af22-e6a059b433c0,BERETTA,1.0,12,162040,39.0,
38a58707-108c-4af5-913e-0363798b1b50,100K,1.0,8,210784,35.0,
efb7f899-e863-4e7d-8be3-ea71e9087bc9,Baklava,1.0,4,176343,57.0,
a3c38425-847b-4eab-89d7-ffae0ea0bb38,Diluvio,1.0,2,192072,44.0,
0343d3e9-315f-4a23-97ac-818e7eafb019,Totoro 2,1.0,11,195452,45.0,
8d84c9df-52e7-40d6-8333-bd2dbfa5c882,Le Cose Cambiano (Lcc),1.0,10,174586,42.0,
cb4d793b-fa9a-4736-9e5c-b0c421480c59,SOLO SEX,1.0,13,176055,35.0,
9a70ea32-ab3b-4326-96d3-cf8a25a77c24,Senza Di Me,1.0,8,150693,48.0,
c9fe09ba-0564-4596-a689-05b263700487,Massimo Pericolo (Intro),1.0,1,190464,34.0,
ada2aa36-7cac-4a09-83b0-bb5354ea48dd,Tu Tu Tu,1.0,1,195419,55.0,0a5c91c0-1773-4899-866a-a4ebe8609af5
af80d870-c7c7-4a6f-8d63-cb46183b5645,Fils De Pute,1.0,7,205885,38.0,
00e8b9ff-1e46-4881-89bd-77cbf73b6e59,Totoro (Emodrill version 2019),1.0,11,195452,45.0,
59222752-305b-4691-aa56-96d1f79896ce,Insieme,1.0,14,155248,41.0,
bfd37480-4a4c-4a42-ac02-9867062944f8,Di Persona,1.0,12,153048,39.0,
b61fdf0f-2053-4770-8c28-e390b7d51a11,Come Aria,1.0,9,195887,41.0,
6f8884b9-d9b9-413b-9213-02c3da5eb594,Ciao Frate,1.0,6,141146,43.0,
04ecd309-5eab-4278-970e-ac0d2fa5c01e,Povero Stronzo,1.0,13,192141,34.0,
f1211d0c-51e4-4551-aaee-5da64782d32c,Sarabamba,1.0,1,241368,30.0,2901c03a-0897-4dfc-adbf-7e2188d2d7d2
f8c538a8-5672-4de1-828c-b5eb4eaa977f,Ancora Qua,1.0,15,168263,35.0,
9ac59221-0b7b-4263-b06e-ab5543e0ecb9,Ivan Zucco (Red Bull 64 Bars),1.0,1,182937,34.0,9aa20682-b4ba-4227-bf6c-145280cc80a5
607792ab-872d-47ab-8a93-0fa97532fad3,Tony Montana,1.0,2,195000,40.0,b3d24fcf-92ef-4675-a89b-86e6edc20a33
e4eed090-55a4-4473-96f4-2db80d63b72a,Punto 3,1.0,1,191489,2.0,a672d218-06e0-48ee-8911-0c821118c2fa
c81c9134-ab3d-41d7-99a9-1a872006deaa,Punto 4,1.0,13,173717,25.0,ad50ec22-aa9d-41e0-8488-42ee398b1c61
79fc5648-9046-4b2a-9bc9-3a3069c51cff,Punto 6,1.0,1,191489,2.0,
3255b119-114f-41f3-91b8-3054be7868aa,Gavirate,1.0,1,202591,35.0,
d77462d5-7da2-4fe3-98fa-92a1f7154cd5,Elimini,1.0,3,124543,35.0,
3c2cd8ce-612f-4759-aee7-8f36dcaf6836,Punto 1,1.0,16,211258,45.0,
32b09464-5475-4b2c-a10e-5c3a46be00a1,Paparazzi,1.0,4,176343,57.0,
afe2f206-794c-48a6-96d4-3647b4f8aa03,Mood,1.0,4,157590,34.0,
ee68ac98-bb99-4308-b941-8fa334e3af38,Straniero RMX,1.0,1,236910,40.0,62be500a-491c-4a6e-8e46-989f4dc6d32a
62335a0e-05d2-47b0-86cc-96b7f4d8b9f0,Punto 2,1.0,1,212331,0.0,72c323f6-6252-491e-a365-fa04780f2944
0bc5c50a-1a09-49ad-94b6-ec138fda0adb,Punto 5,1.0,13,173717,25.0,
1941480a-55b6-4d96-91d0-4c46cbf66812,Red Bull Paga (Red Bull 64 Bars),1.0,1,194500,33.0,b3978e00-2560-4824-b2f2-189795d5c0e5
6de338a0-05aa-4d2c-be3e-6ec4d3ae92e9,X3 (Versione 2024),1.0,1,153078,0.0,dd94593c-0872-4385-b1e3-32d1e1eac4dc
260b745a-ac84-4034-ac69-b52b98bea86e,MACHETE CONTEST #jointhecrew2014,1.0,7,208621,51.0,8f577352-ebcf-4ab9-adbf-3f3ce3f0e49c
f635df97-6bb9-4f89-b42a-d91e884a3e91,Non sono cambiato*,1.0,4,176343,57.0,
1bfff563-0b16-49fa-ae0c-0755ff287c1d,Yolandi,1.0,1,194374,49.0,a6e06c76-b61b-46d3-842b-e0eef07bee70
a671bb70-47e9-487b-91b7-95ec86fa17b2,Benji & Fede,1.0,1,211000,29.0,5fefdcf5-15ab-4186-93bc-7f4b95f301cc
cf3a0f16-2d98-4f76-afdd-bd732770a390,Suicide Squad,2.0,2,219213,52.0,9d1eba11-027c-4541-83d6-129230b68304
f5d74644-e2b6-43af-89ee-b28ca47b43ce,All’indenno,1.0,3,200280,26.0,b4c992d3-7ec2-48c1-a4a9-9b3c055bb780
3f5e0ba1-00e8-447e-8ff9-9706c53d06be,Un pò un pino,1.0,16,170413,30.0,
9e19eb67-e025-429d-b3ae-ef866560d46e,Psicopatico,1.0,9,205013,63.0,
e3ab1b75-0b3d-4ae0-a249-1d7f626f548e,Tourette,1.0,7,243916,25.0,1e8bbe3d-8c1e-41a2-af20-fff53c693d48
27c0bf45-fd20-4184-9ed4-13b354c6259e,Parlerò di te,1.0,12,249800,32.0,
b49655a2-c5d5-4d2b-a012-e9aca49ac0fe,Succhiamy,1.0,1,194374,49.0,
245cd934-280d-4514-aedf-9bfa171a349f,Te Puzza Freestyle,1.0,11,153373,20.0,
5834c798-fb94-4431-b691-b15b561f7ea2,Porca ma donna,1.0,6,226906,82.0,
c94ff084-6a5a-4c7d-8288-55314b836471,Luna,1.0,2,174190,22.0,
39f41e77-f561-4e28-9c17-754a6f35d1e4,Benjamin,1.0,12,249800,32.0,
447d78e5-3a4f-476f-9722-5ef8e2a19d37,Magnate la merda,1.0,10,192626,19.0,
2584ae1a-7ec8-49b1-a9f7-217a15325b21,Hallelujah,1.0,1,156000,35.0,2c1ab287-4b5b-4071-b2c7-87c0b1d7f5fb
90621a5e-8b4e-49a8-8b25-9026df21eb07,Le pagine della nostra vita,1.0,1,215333,20.0,130df48e-6bbd-40f6-a3bb-071a9184511e
375747ca-6ed3-4578-a023-abd5a7d4f746,Anna,1.0,4,181570,63.0,
c8d65b29-165a-4583-8ec0-5c052f428b7c,Questo mio caffè,1.0,4,183321,58.0,1042f887-fd09-409f-adf4-86cdb6202918
500e0308-acec-45de-a87d-991cd791c562,Fuoco,1.0,10,212500,19.0,
273a222d-ae8e-4e5d-b1ab-bb518e33fba4,King Del Trash,1.0,1,198788,22.0,2cf82e3b-77c9-472e-bca6-8f5ca29732ac
cc96652a-ac1e-4507-bfb2-025842409fd7,Black Ops,1.0,8,172519,53.0,5c711329-2093-478f-bd8a-b072a45a8b8f
5a5d165c-c997-4631-867e-22d35d3dab00,In fondo al bar,1.0,1,121411,24.0,54abd910-80c1-43ab-9fff-e467fd6fb5ff
05c3fb10-6dd8-4334-a659-b13d40673740,Charles Manson,1.0,9,246410,11.0,
6e54fc8d-71d9-444c-9b5c-60410ed3f5d9,Cancer,1.0,13,218720,13.0,
36f5df43-a278-4d7a-8ecc-4d30f6b08f7d,Esmeralda,1.0,6,206193,23.0,
e33d491b-33b5-4750-9ca4-9662ca43d1de,Zitta e baciami,1.0,10,180137,75.0,
a74e3d03-e17d-4de8-8499-ad7fa981f8dc,10 Gennaio,1.0,1,490730,1.0,bea73976-fa03-47d9-9677-1123284dd44b
828c8a07-7483-4b42-8f92-ebed2903483c,Intro (Jolly Mixtape),1.0,1,155715,5.0,
d9ee5e54-771a-4c2e-85cd-a659d3e448a6,Yes Sir,1.0,4,168461,13.0,
1f7bd81d-15a0-4e3c-95d5-c2e308492024,Intro,1.0,1,46000,5.0,
07474b75-8984-4d37-8929-89c2634254ae,Paranoya,1.0,7,201054,48.0,adfc69c4-5e27-44b2-b7b2-dd0cf1af15bb
d0624563-7575-4eb8-bd0f-e93106bf0483,Stupido iphone,1.0,5,209074,13.0,
3072c584-841e-4531-b5d2-20dbecf35a4c,Killer,1.0,1,185946,26.0,78050a9e-af6e-47cb-90e0-23efd151d031
e6cb3eba-7ee5-4f1d-85d3-731c7e958efe,Ballare,1.0,11,146162,23.0,
68383397-7382-4987-a31d-a4cf335cadb8,Ma sciushhh,1.0,11,166133,55.0,6fed9e32-70c1-4ac8-914b-7c0900cc0fbd
be8eb617-8e80-487d-9202-54609ce57a89,A.A.A.,1.0,3,200280,26.0,
15c87437-57a4-410d-9b42-e86bcd99d15a,Penz,1.0,3,139115,10.0,
4e6612e0-e769-4e66-9d61-c20d4b14c036,Andale,1.0,8,172384,10.0,
11158a34-f3e0-407d-8b64-80d20f6fbe42,Noi,1.0,4,170840,64.0,eaa250c4-52d2-4521-81a1-32e4cea13845
723a6c56-1a75-41b7-90ac-408c988daa88,Benvenuto al sud,1.0,1,140816,75.0,
f68306b0-a30c-42df-af4a-2a44776f252a,Fin A Massera,1.0,5,173842,72.0,7fb05582-b0b8-44e3-b318-a5ca41a2768e
1dcc0252-d70c-4c67-8482-579469b34bed,Jolly Freestyle #1 🍌,2.0,12,397013,21.0,763fb86c-1b8f-4159-a02d-f21c09a2bb31
9a98b2fc-f0e5-4c0f-952c-1947e120c6d4,Gli occhi dell’albero,1.0,4,189624,14.0,d5a6ee57-a9d6-4c5e-98de-38073c7d11e2
c782b63c-5c8a-4675-ae5e-5dafcc3e9fc7,Valium,1.0,1,130061,36.0,524caf4f-95ba-4207-bd01-c45976f265cb
e5566e19-e380-4550-a9b7-f61b5f383a37,Non dormo più,1.0,1,221403,72.0,b3ab50bf-9e93-49eb-a68b-b072605f6000
e3633d05-7e11-425a-847c-f1904128338d,Scrivere Ridere Vivere,1.0,4,156923,68.0,
55b5e3c3-2f5f-47d5-ba8b-91bf794df617,Respirare,1.0,1,238597,21.0,d0e0c3d2-010e-48f4-9602-3e378d246b34
aa0eeb5e-115f-4968-8c08-8c662e330f77,Jolly Walter,1.0,11,186626,51.0,e6da6f11-f9b6-471a-877c-2ba51ca5a10f
c94f75e4-90dc-407f-9032-acd9d7814e88,Chi vuole un po’ di hip-hop soul?,1.0,1,380000,23.0,74eabdb7-54b3-4d82-b4cc-1d4ef12010e7
df033384-48b9-4eec-ad5f-927fd385bd2b,Alice,1.0,1,138750,13.0,
e3ca147d-db14-4917-9fd4-4a166ae301f4,Oh Freh,1.0,11,166133,55.0,
249b9ca6-3361-4f1d-b048-897c45a61424,Silent Hill,1.0,1,190755,11.0,93282b3b-54ec-4670-b4c7-b798f8bed632
ce156c7f-7f27-40ae-9f39-86dafbcdd364,Ti vorrò ancora,1.0,2,170874,12.0,
2ceb9c7c-f586-42a1-a69e-f5f1234e2c0d,Ma vaffanculo,1.0,1,186284,12.0,5d25cbf3-0e61-4b8f-af7c-85ffa854cf0a
195511ed-c79f-478e-9be6-6993b4a62761,Tt. ok,1.0,9,159713,11.0,
8cc2b42b-8936-41cd-9c3b-8fa030bd6796,Je t’aime,1.0,3,162500,19.0,
0f5985e9-03e9-456f-9733-f5e23210fc7a,Dick Tok,1.0,4,123823,14.0,
5e29f233-666d-47a8-9d80-e50ef61f7779,Il vento più caldo,1.0,5,234125,9.0,
c5036585-b090-4f6d-997a-6bac26424274,Con una sega,1.0,13,189194,10.0,
f7957a84-f803-4444-ac54-5879ddbac0bb,Miele,1.0,1,190318,12.0,60828220-7ee4-43fc-b161-5df4857ca953
8b5fe4e1-b4e6-41bc-a8d3-715f7cf9da6d,Paow,1.0,2,74271,10.0,
c4af360c-9a71-4b30-a124-8ae32d1d9c5d,Al cielo di Roma,1.0,7,212375,11.0,
6e46548f-ef4e-4fad-a9a4-71788de577ac,Povero,1.0,6,137472,12.0,
651f6ecf-16f8-4eea-964e-fc561d356f27,Jolly Freestyle #2,1.0,15,87318,14.0,
86c16620-6d03-4aef-9f14-b156f7455d67,C parl a fa,1.0,7,135872,10.0,
0e743cb9-e8d6-4ef2-9544-b0a229dcd1e0,Sombrero,1.0,12,135322,12.0,
d288edbf-be08-4fb8-b86f-84eeb1b70106,Sto fort,1.0,14,136495,10.0,
ca00cd74-4107-457c-9557-d9800095393a,Preghiera #1,1.0,11,166133,55.0,
8a9e4b01-6d51-4f03-9151-148a9af878cf,Parlerò di te “Unplugged”,1.0,1,196261,12.0,8a117387-3058-435c-8127-01f746d78409
b8b988a9-083d-4e58-b844-8c3df462e334,Benjamin Freestyle,1.0,1,211903,12.0,12c3dcc3-94db-4dd2-addc-0150b3dfc69d
02d0ae14-c863-4d9d-b00e-85740204e503,Domenica sera,1.0,6,203000,6.0,
3e5f4f39-6c85-4cd8-9fe7-988363b1d39e,Quant’è bello far l’amore,1.0,10,179790,8.0,f5ec94ef-4dae-449e-8e49-6f7f750909ac
e26eba00-888b-446f-b1dc-88003b5310e6,Belfast,1.0,4,181846,16.0,
fdb9614a-9869-48f3-8cb0-f789e61b67bf,Sgeladu,1.0,8,129031,14.0,
fe1146d8-432c-440b-bda9-3974ff59a543,La gente mi fa schifo,1.0,11,185000,9.0,
215f3884-05d0-4199-afbc-93db904a28e0,Galassie,1.0,1,201676,13.0,
f2b2dcf1-a6a3-45d2-b51c-b971c52c3e55,SARAH,1.0,1,190059,17.0,2ab81ec6-8759-47f8-9c3d-87621a1f5237
e2346cd7-bb27-4f23-8463-7e83f14728b6,Ti ho sognata tutta la notte,1.0,1,177303,9.0,54579f64-0159-4aef-b34a-7077f86fee69
120686a3-eca8-4ae8-8f0d-42ba62f5dda2,Faje chell che vuó,1.0,5,171371,13.0,
2e6d416e-411b-4ace-b274-e568c399415c,Sei bellissima così,1.0,6,226906,82.0,
8829bef3-d0a7-4ef8-8415-64398a3cd243,Oslo,1.0,7,181898,15.0,
d32b301e-4f34-4f32-b740-e69b643c61f3,L’unica cosa che ho,1.0,9,185620,10.0,
d589824f-b8c3-4fcc-8b47-727880b10899,Nike,1.0,2,191334,8.0,
af9f035e-c54a-4f41-bac6-9ebc78805f69,Simona,1.0,1,154500,13.0,27a4f6f0-470a-47cc-9ff5-2f073bd49f67
93083d85-7d59-4855-a894-1eace584b744,Dondola,1.0,3,151548,11.0,
2a6bb2ef-956a-46a4-88bc-ba56c6ee9fcf,Je T’Amo Ancora,1.0,1,206871,13.0,898b415c-6e61-482a-997a-4e5b7a92e2d6
0dcdbabc-83aa-463c-afe9-900f5b05c4c8,Lucciole,1.0,1,137299,50.0,06811766-e628-4927-bc68-b8065248e495
744eb069-a28c-4a5a-a1c2-6ccab5f5769e,Aime-moi avant la fin du mond,1.0,16,223367,1.0,c85f337f-8098-4c59-b59f-a933090782a5
44cd7202-c312-40ef-930a-ab38a610c4ab,Sugar,1.0,6,145975,7.0,
a8acb6d7-b56f-4f90-886a-50d2628db849,Due gocce nel mare,1.0,8,164531,8.0,
838657c1-eef4-48d2-aab9-dc66c4f2809c,Non posso dire un c**** Freestyle,1.0,6,226906,82.0,
5f7e29bf-aeb3-457c-b46e-ed24fe8cd725,Notte stellata,1.0,10,206242,58.0,fc3c199c-7f88-4a72-bdab-c3b7ebdd56e7
f64fbf49-530b-4a14-8bfb-6a1ade08e628,03:33 Freestyle,1.0,6,240107,3.0,9a3c950d-7bcd-409a-83e7-14b577f453fb
5d6b591a-3801-43b8-8706-768341727636,TUTA GOLD,1.0,1,178467,63.0,f1af39d5-2110-4c60-9b7f-8dc9813757ff
6d778198-c3d6-45ce-8026-9ff4d34f72ce,Soldi,1.0,1,195133,67.0,6692a559-1905-42b8-a7b0-afc7e4c39885
616ce673-5024-4f38-a247-a90db4dd6c65,Barrio,1.0,1,165245,59.0,c506d86c-da54-490e-b86d-9dadcd4b98bb
8b7d38cb-fd68-429c-be61-814246a19fc7,Brividi,1.0,1,199146,64.0,ed4ea324-4613-430c-a551-043dc37abb8f
69419c3c-ee21-4737-8119-3393b30a4d33,Rapide,1.0,13,243624,53.0,3deae65b-d053-4e52-bf5f-1bb8886d65eb
37c45571-067f-430c-8e86-1a38df8cf939,Moonlight popolare,1.0,1,215708,44.0,acae9e1c-46d4-4f9c-8af8-c9f0b7bc836a
2a678280-9b4b-42e0-b440-0f00f5f376af,Dorado,1.0,9,178302,54.0,
8b214ee5-e0d6-48b1-a0ab-47c561b6f76e,Inuyasha,1.0,1,234274,49.0,1fde3efc-7053-4543-8486-92cc20b0f8a7
9c634af7-145f-4887-9919-3841f3d91232,Gioventù Bruciata,1.0,2,197760,47.0,
9a15baac-c389-4941-ae95-4f47f1326fa0,Uramaki,1.0,3,176640,44.0,
e2f833ef-fd7f-4f95-bb42-c3ad8ea4c160,T’Amo,1.0,11,272916,38.0,
f41d6c25-d919-49bd-9158-287348f380a2,Klan,1.0,6,179076,48.0,
961bea2e-545c-4575-9b06-7154fe278616,Milano Good Vibes,1.0,8,178373,45.0,
638afd9a-c459-4d63-ae05-a552a5674ddb,Asia Occidente,1.0,6,229466,40.0,
c8bb0855-e489-4eb2-b68b-55527bb0abf1,RA TA TA,1.0,1,152383,61.0,ec20a4d4-9e52-4af8-8cd4-2a62567ac005
f4286de6-243f-44c8-a5cf-66e80647faf3,SEMPRE / JAMAIS,1.0,7,192991,51.0,
56de4422-4e66-4137-9950-2d4db8a97ad7,Talata (٣),1.0,10,188496,44.0,
e0cac6eb-78c4-4d47-a23b-2a290dcf5a14,Il Nilo Nel Naviglio,1.0,4,187053,48.0,
fc8f22e5-a5c7-4b0b-8306-1eb11c2717b8,Rubini,1.0,8,228362,53.0,
4fa1a96d-3e6e-4a71-9b3f-a7ed121ea787,NEI LETTI DEGLI ALTRI,1.0,1,152383,61.0,
87be4844-3dbe-412e-b32a-53f648db6772,Anni 90,1.0,5,197466,36.0,
dff775aa-1765-4e8b-ba58-ee8b71d19ef7,NEL TUO MARE,1.0,12,208956,39.0,
8c1d0ce4-bbfe-415e-b788-653357cdbb4c,STELLA CADENTE,1.0,14,215469,40.0,
3b54ba8c-a1df-42cb-8813-93ab9f2ee379,Mai Figlio Unico,1.0,10,178973,35.0,
b1c519d8-92de-456b-8d4d-5c3a6b27b908,Zero,1.0,7,259489,39.0,
ba679d4d-d6d1-49c2-a5da-34ebb9e82c8b,PARADISO,1.0,13,182786,43.0,
52e4ac7c-8925-4e24-a2b4-cfb4dbe899bf,COCKTAIL D’AMORE,1.0,1,204590,46.0,58daf3f1-58d5-4372-a924-6523c8ceffe0
3ad7c28a-3776-45f0-b6f4-3c21d2a496ef,SOTTOMARINI,1.0,1,173558,54.0,27ef1694-765d-4651-94b9-f4e1f3d57174
29608a6c-3693-42a7-b294-5fb64607ea70,BAKUGO,1.0,10,168241,39.0,
1eac6e24-85df-49d9-84d1-c5aed8f6f2bc,Remo,1.0,7,188080,42.0,
d4ae849d-26e8-4a33-b7ec-6184cf7e23fc,Kobra,1.0,4,180340,46.0,
7dc032bd-1b66-4e11-9955-caaf4a471d61,Ghettolimpo,1.0,8,228362,53.0,
91d5a19b-026d-4544-b94f-b74b5d004a80,NEVE SULLE JORDAN,1.0,11,180969,44.0,
8dae457a-9c26-4f57-9f1a-922acb422a62,Karma,1.0,12,213538,38.0,
473f7f18-0691-4dc8-9e1c-1a5f6b7cc483,PERSONALE,1.0,4,153609,57.0,
93991481-7953-4206-a259-f17e12a0a71b,TUTTI CONTRO TUTTI,1.0,9,185080,38.0,
8f1b0ddc-a461-4bd5-8cad-7a3a0fc50ff6,Sabbie Mobili,1.0,9,190733,36.0,
711bebb3-f47c-487a-a55a-b0e0f2021d49,Baci Dalla Tunisia,1.0,5,240816,34.0,
0ab5d462-6ce7-4b0b-846d-628f067673c9,Icaro È Libero,1.0,14,175431,33.0,
c12ffabf-cbd7-439c-9a41-a05f6bbbdeb0,Dei,1.0,1,143392,35.0,
b48e7f6d-5e91-42b1-9648-04f80a77e2ec,NLDA INTRO,1.0,3,90228,35.0,
4cf33174-77fb-4827-84a3-8c13bed363a5,Klan (Spanish Version),1.0,15,179077,29.0,
deb43958-8c94-4ae3-addb-a8664ed63650,Soldi (Bonus Track),1.0,8,299061,63.0,22758441-eafa-4e92-9c31-d2fe1788240a
ad8d007c-47a5-4578-9eb2-a6cbfcf5b5f9,Dimentica,1.0,1,201251,38.0,6c208fcf-02f8-438b-a53a-1e3460cc62b6
82bb9b0f-c8f1-47d8-8122-8a03c6a31e2b,OVERDOSE,1.0,5,126439,43.0,
75c00825-bfb2-41da-9630-f75726faeb74,Pesos,1.0,1,181333,36.0,1955bb1e-0f20-482e-a5a9-b58740445aa3
6739d443-1bdc-4f3f-b2d2-87c12fe374e3,Eternatena,1.0,8,228362,53.0,
27cc9c1c-39c4-4a3c-b4a2-274ba4ca4abd,In fondo al mar,1.0,5,184946,30.0,aeee3732-449a-41f8-b26e-f5894c9f2035
ea287c59-f179-4857-808a-fd03fa945675,Redemption Song,1.0,1,160179,23.0,e73a54a5-0777-44e2-a67b-3de1d05dbe1f
56c1e6df-554f-42da-94eb-f17b8daaf74b,Luna Fortuna,1.0,8,231426,23.0,98454028-fccc-4366-96f7-36ec3280f43f
c0db003e-c5d0-4b0b-9339-95dd185c0725,Dorado (Solo version),1.0,1,485407,24.0,c784e88d-5c53-47b4-b43b-a1b073eeb90e
9973a157-3a4a-4949-aa7b-19013e1d1514,Piramidi,1.0,3,178467,59.0,
85036669-2b00-4f99-a566-2cd6cef52f0e,Calipso (Acoustic),1.0,8,228362,53.0,
6ad54ccc-9e58-4320-b2b5-6b8a99809bf9,Inuyasha (Versione video),1.0,3,90228,35.0,
55e94c45-c15e-436d-a95e-79d505f955db,Africa,1.0,1,231000,36.0,e5652c09-8d2f-47ab-97ad-f2617052755f
a641aca9-b0e4-4914-854a-af71c5a753f2,Rapide (Acoustic),1.0,1,243624,25.0,92c20eff-31d7-4844-a733-bbcca8a58fcd
32c66661-86df-41b5-97a1-5f7865d3472a,Zero (Demo),1.0,9,192779,20.0,883d931e-770c-4775-a5d7-a200b5508d0f
abdaf3bb-11e2-4a1e-b6d4-338819abe8e5,Inuyasha (Acoustic),1.0,1,234274,49.0,
33d5f9a6-9ffb-4c33-b768-e46f6b5cfb54,Baciala,1.0,9,196586,23.0,
800b1a37-716a-4a26-bf5b-62242c6e9119,7 Vizi Capitale,1.0,1,197857,37.0,576af7a6-5366-433f-9b29-67ff8f9d5320
31a34236-c0b3-404e-97ba-b1a5cf001f34,Supercafone,1.0,15,230133,52.0,3a19f244-3d33-4503-9a8e-f4e7c23a5112
c0552853-56d6-4457-a3c9-0cd139aade9e,Cuore Nero,1.0,1,237633,28.0,292c04f0-5d7e-4a33-8dcb-77a67d0a9bef
432015fa-1bc2-4fcf-b797-4977477c9676,S.u.b.u.r.r.a.,1.0,2,259586,26.0,
f3885d17-7776-4b55-bcdd-332fe2d8f0fd,La grande onda,1.0,4,192080,52.0,a81b69c5-aba9-4375-bf57-b29fada86466
1c016338-f921-48a2-8f2a-725a57ef1220,È ora di andare,1.0,6,213498,25.0,
6a525bcd-d0f8-4549-8784-9b84c742ff17,Roma Calling,1.0,11,217893,20.0,4749b56d-55fa-4b7e-9a02-d56860a8e26a
339a8dd1-f61d-4898-bd63-6a9d16a612c5,Scivola via,1.0,7,256043,19.0,
5fd25bce-114a-4660-b782-07bdf2f0cc83,Troppo Avanti,1.0,2,218253,40.0,3c721eec-7d64-4944-a715-a167506d882a
fd60fd7e-4b55-4e60-ae4a-f2bc6c393a01,Spingo io,1.0,9,208266,30.0,
475b76d1-1100-4888-a567-2ec70d6a3935,Fiore dell’infame,1.0,4,190191,20.0,
c2bcbf0e-0bfc-41b4-927c-15103efcd5da,Un’estate ed è finito,1.0,7,250880,22.0,
20f6368d-9521-45ed-a9d4-f3510310fe0a,Di noi,1.0,14,185320,6.0,560a2825-8156-4b19-bcc7-ba8429141489
60d95857-827b-4ad2-9cb2-8372aff1ded3,La giostra,1.0,5,201700,18.0,
a819efe7-2ba2-493a-b21b-dea66f3c994a,S.u.b.u.r.r.a. theme song,1.0,3,58402,20.0,
0ba87e5d-be68-40f3-ade7-458321371616,Solo per noi,1.0,2,218373,13.0,
1b13c527-151d-4297-bd9e-1e8629e6b94c,7 Vizi Capitale (Spanish Version),1.0,5,304973,3.0,abb5c055-dd53-4597-b7af-ae8c299f49a9
d4c9643d-4cf5-44a5-bb3c-49da525bc5a0,Supercafone (1996),1.0,15,230133,52.0,
6ef7eab5-52ea-4cb5-b65d-6ee1ff19583a,La mossa del giaguaro,1.0,17,229200,39.0,865e5ea1-1827-4433-ad61-4ef1ba7023fa
e4fe8bb4-e444-4b12-a37f-57b1ba040bcf,Piotta è morto,1.0,7,180920,26.0,
da22bfe5-2749-401a-8bf6-0dfcabfe1b56,La Forza Che Scorre (Taverna VIII Colle 1996),1.0,1,250054,10.0,2da1ddd9-941f-4d7f-9fe4-6f932a98d911
2ff3dec4-56c2-4d47-b450-e70d75ee2789,Roma 2000 International,1.0,7,254173,14.0,
3d7a0721-9fe1-47cd-9a8f-28611831aaf2,7 Vizi Capitale [Suburra Radio Edit],1.0,1,197857,37.0,
1adfce9c-43d9-45f9-962d-d1a673e66c89,Lella...e poi,1.0,11,202485,16.0,89d02823-10a9-426d-a669-732702511653
ca7ff100-615a-4dd0-bd00-f6e104447161,Ma quando!?,1.0,4,312800,13.0,
eb6f13e1-6273-4f9d-8ff7-5a4ae457268e,Lode a Dio,1.0,1,181348,23.0,
eaeb3a92-b9a0-4ad2-a643-5105be41697f,A cena dar Trucido,1.0,14,89266,6.0,
26bac54d-1568-4970-986f-5ac2d7a9afbb,Dimmi Qual’è Il Nome,1.0,2,191333,28.0,
ab61a987-d273-4c5d-b994-71833f7b7756,Ciclico,1.0,13,230600,26.0,
a797c12a-e8c3-4efe-9b86-9d3afe7d1e96,Su di me (Outtake),1.0,7,223834,79.0,2edeb0cc-b3f3-4412-b359-dcde1d3c7e58
f788cff1-41a6-4ed6-b12c-6424a4e28451,Ma la vita,1.0,1,181720,6.0,
7e58e820-6ea4-4659-ad35-4ad616c7a9d4,Tequila il mambo del Giubileo,1.0,6,213226,32.0,
7c074eec-4665-453c-b411-51341e556e3a,La Valigia,1.0,6,257693,18.0,
231fa2c5-c7be-408e-9d96-456ef4adf656,Odio gli Indifferenti,1.0,7,180920,26.0,
751888e0-a3b2-484d-8d80-9e36364e1aad,"Sotto, Sotto",1.0,3,248173,9.0,
270eda84-0d40-4054-859e-341d68d9f67a,Comunque vada...,1.0,15,230133,52.0,
7e36ec5f-043c-4a32-9d41-f73670d08086,’na notte infame,1.0,3,225405,22.0,
ee86e481-176f-4cea-b761-b332ebf48da8,Maledetti quegli Anni 90,1.0,6,199560,9.0,
a829729b-92d3-4f43-aa9b-199287004406,Professore,1.0,6,100080,17.0,24c4e9d5-6e0c-47a4-8fd4-d3d594b1e730
fa0421e6-a56e-434a-a263-bfbc0123c0d8,Serpico,1.0,2,192994,21.0,
7366da1d-6653-4fcc-b198-d3c6ae2dcb2a,Barbara,1.0,12,204040,26.0,4c2ecd09-372f-4e5a-9ad3-ef57fe47a6df
00f48acd-9990-42f3-9c4d-f145f78c5fe4,È ora di andare (ff rmx),1.0,9,196764,18.0,
6a447874-7f13-40c2-a392-96dcffeaebc0,"Piazzale Lagosta, 1",1.0,13,169400,2.0,
e2ec63cd-d810-47fa-9239-fd5e87b9db71,Incompatibile [Originale],1.0,3,204933,4.0,9ca3ab10-9032-44bf-bf5b-62fc2a49b55e
6657091c-e61e-46a4-8fb7-0dd76c20b609,Overture,1.0,10,134633,16.0,
c00eb360-0b68-4237-bd45-1826cd154e1d,Il tempo ritrovato,1.0,3,199040,4.0,
08922220-171b-4586-a81e-f69355eec23a,Hai mai,1.0,4,212693,4.0,
a96c0f2e-aa55-4603-be9c-f8f65c391ed9,Il meglio,1.0,11,264826,11.0,
d105ff3e-9fe4-4c0e-9dcd-fedcdcbc3076,Bbw,1.0,8,187000,7.0,
21afc16c-6f8c-408f-be65-195c887cfc0a,Troppo poco,1.0,4,206586,3.0,
52bb23c2-c059-4e33-a475-ae6a20ed4a6d,Eurocontanti,1.0,1,189080,26.0,86ee1c52-9ac9-45f2-aba0-f621ee687a58
941a5d19-0604-42cf-8a75-43a2dde6a5a6,Goccia Dopo Goccia,1.0,2,211466,3.0,
48b59164-46fb-4cf9-b8b8-9fa0660f3035,Freak Mama,1.0,6,211306,20.0,
7c3f7e45-3530-4e10-a720-8cb8fc4d7196,Diario di bordo,1.0,1,240866,8.0,
e26916f2-eec3-4612-a6ce-3fbc0cd8ed9a,Sempre là,1.0,3,206333,22.0,
cad6c449-a12b-48a7-9893-53dbdca6fbfe,7 Vizi Capitale [Strumentale],1.0,4,241592,6.0,
3585af01-9de9-4694-94e6-f8b29baf870b,"Sì, sì (Un pezzo maschio col fischio)",1.0,5,214333,8.0,
f4ad39b4-5886-4345-8bf4-227ae40903e1,INPS (In Nome del Popolo Sovrano),1.0,3,240320,4.0,
df8cc2e6-bed0-428a-a82b-bfc9cdfb855f,Single,1.0,5,205706,17.0,
48a3e070-9576-4dd9-9c4b-65a94daa840f,Se se se se,1.0,3,206333,22.0,
5e8cf2f9-0e7a-45cf-80d7-445ce3112da0,L’Amore cos’è?,1.0,10,269775,11.0,
6ddae441-1a79-46ac-805f-e80625e8e79a,Ladro di te,1.0,10,216933,22.0,02f60f56-7c71-4b6f-81d4-213d04ada13a
173b526e-c4ab-4ded-addc-7d2b29427515,Casablanca Beat,1.0,10,192840,5.0,
1aedb1cb-40ef-44a5-8724-1a5209c5dec0,Bella,1.0,10,216293,4.0,
6f843569-19e5-48ba-b7fc-1020a720258e,Le facce nascoste,1.0,5,194480,5.0,
e6c3bcaa-0267-4b02-bebf-391cca4c38a9,Io non rido,1.0,10,164600,2.0,
53e99f0e-2c52-4f3d-a789-827e4f75b1a6,Ode romana,1.0,6,172073,12.0,
80774510-475d-4dcb-82dd-48b50e8b628b,Io non ho paura,1.0,4,202575,13.0,
bbda65e0-50be-4bd5-abf4-cc1f3bdc065b,Ognuno con un sè (2024 vrs),1.0,7,243074,11.0,
ee413961-8c52-44c7-8bde-9393180ac6b4,Figli di un temporale,1.0,9,198636,12.0,
796db261-6d2a-4393-a5fa-21d41ad86a7f,Chi non lavora non fa l’amore,1.0,1,183826,3.0,
6399746a-9380-4331-a991-00d1ecb9f5f1,Il Domatore,1.0,9,158973,2.0,
5a18df0f-b8c2-490a-b2d5-9ab20d8e606c,Mai Mai Mai,1.0,8,133386,4.0,
a2fe334b-a76a-474e-9baf-7a1972356470,PS2,1.0,2,182773,7.0,
d563e8d3-62cb-4def-8fbe-1c6209c4b1b9,Giovani d’oggi,1.0,3,188946,10.0,
1f778071-147e-4b58-b83d-976fa700d6ad,Tutto mio,1.0,1,272000,0.0,ec38fa3f-ecf5-4924-9b7b-0d4469c7b534
cfd28def-6c0a-4f85-9ede-5c6621f9f3e9,Pazzo di te,1.0,12,177986,2.0,
be4f34da-37f0-4ee3-aa6a-ca33f48cfa78,Ognuno con un sé,1.0,7,243074,11.0,
ca578613-7f85-48d3-b116-38ca3bb203bb,Multi Culti,1.0,2,218253,40.0,
5fcfb685-b3c7-490d-8467-c52236393fb4,Hey,1.0,7,195466,6.0,
39100ed0-3825-420b-9f18-0c665649e5e2,Questa è la tua notte,1.0,5,234813,2.0,
acc7fa8c-d261-4eed-b435-44d092f4c8b4,Ragga,1.0,8,172773,6.0,
d904c799-bab5-43c0-9a98-4a7ca950577e,Ciao Stellina,1.0,6,103640,1.0,
0145b5bd-0f07-4d05-b50b-60a39bb26d26,BossaRoma,1.0,9,184133,14.0,
ddf1c0fd-d1c7-48a0-a1d0-0a1d71c30b24,Antipopstar,1.0,8,269306,1.0,
d1f42359-744b-4638-bec3-8f479030e67b,L’antagonista,1.0,6,245426,3.0,
42e26fd6-1724-48d2-ab1c-b69eb4b2fbf3,Anime in bilico,1.0,2,215306,7.0,
a1b862c8-01e5-4425-89e2-c652f4e82321,Riflessi,1.0,3,338693,1.0,
74e611d8-13d7-4775-88a6-0d529dce3fcc,Ridateci la Piotta,1.0,1,67093,2.0,
af792abd-8473-40f3-94bf-50c565dcdd1f,Pago le tasse (e che c___o sto comprando_),1.0,5,174893,2.0,
db60ca8f-3f51-41d3-b80a-f159c9b01076,A misura d’uomo,1.0,4,189760,2.0,
46853711-1031-4098-bd08-28a913d4ff51,Fly away,1.0,9,227200,1.0,
d1b837ab-a532-4d1e-92e6-321c9bd178ca,Incompatibile - Strumentale,1.0,4,204800,0.0,
12800c06-21a5-4eb5-b58a-fe39e405bc6d,Non fermateci,1.0,14,206546,2.0,
1ad9a504-b113-4d0e-af1b-f82c2001e993,Tu parli,1.0,12,272640,0.0,
f74d7001-fded-4858-b2a9-5924daf664c5,La Valigia - Strumentale,1.0,5,264133,0.0,
1f03b890-ce16-4933-ab82-ccb7d67958d1,Non ti lascia,1.0,13,209733,6.0,
fabe1118-72ed-486b-a906-6f59983505a1,Chi non lavora non fa l’amore (Bad boy version),1.0,14,185520,0.0,
3c6cf3a9-64e8-44d9-b659-1a7b4826adae,Fumo bianco,1.0,1,251830,48.0,6d6c68bc-3878-4542-b152-52842834b38a
da8f0f1e-eb5f-4da4-bdec-3b13434573dd,Sciacquati la bocca*,1.0,1,224210,47.0,a951cc11-3b2c-4761-ae39-ffa069321384
289db79f-0265-4a8d-b2b2-3b21713a47f1,Dale,1.0,1,199322,45.0,5dc21b2c-c7a4-4369-aff7-acc0225e1537
a4214648-ac3f-4412-b9df-fbfe3206bb93,Bitch 2.0,1.0,1,224210,47.0,
243fce2f-2fb1-4587-b535-3ae8bdf126c9,Sister (Pastiglie),1.0,1,227200,43.0,443b3353-87ef-460a-b6d0-e9fd15e1b0e1
7aaad4b2-f439-4512-9b16-8f0111bc71ff,3G,1.0,1,209900,44.0,7ed45bff-25dd-450e-9faf-25b1a08d3e7b
5f1f8fcd-ea89-4b28-9c52-de53431c869e,Bella Così,1.0,1,228247,43.0,4a8add9b-2e2c-4a6e-9b00-738d7780563c
ad71c669-c80e-4880-9317-526a8ca4ea62,Sarebbe comodo,1.0,5,192857,38.0,c1a4730a-bb1b-4749-826c-8cc4f5f4ef6c
8ec4b794-7c94-4477-859b-68a09ba5d088,Mangiauomini,1.0,1,156923,46.0,119aed5a-d11e-4932-9a05-c0ad37024019
92ce3904-499c-40ff-823c-9b1ae4f17e61,Coca Cola,1.0,1,195598,24.0,da7f2b0c-0f8a-4b0d-8d19-a669c90ce5ce
eb16f248-dbaf-46a1-9def-86d94d81080a,Nel Prime,1.0,1,118800,51.0,2b858395-6348-4a3d-8745-b175ea244355
d0024452-de26-44fa-91b7-0af98c68bee4,La Voce di Chadia,1.0,1,150500,27.0,bf721d1b-38fb-425e-a1e4-50d0dcb2df1f
610b640a-7f7c-49ab-8891-863bfd2fef00,Bitch 3.0,1.0,1,130145,27.0,88818287-5622-4faa-add8-6c558fcbc5df
afdf8a00-e68e-4755-9ee9-743fde97a056,Le regole della bitch,1.0,1,126500,28.0,0cd9a3c3-92c2-474c-bc71-00ca3f181e92
03210556-7172-4db0-bbee-fac11c280c31,Donne che odiano le donne,1.0,1,219360,24.0,e23b3f33-55fd-4883-adc2-4a9b8dfefaf6
e0fd2d0d-1a4a-441c-b0e5-2e114596414c,Non mi uccidere,1.0,1,214500,21.0,8dbd0029-779d-48b5-90b7-386212a969e7
a610951b-8f4f-4df7-8c83-a5328a8cc65c,Criminale,1.0,1,162580,26.0,2ff28221-2367-4254-af29-be311acac58c
94bc55b1-99e6-49cd-90cd-3252e9966278,Figli del deserto,1.0,1,127036,22.0,c16b579e-cd9d-44f2-ad02-de44a326b706
6376ae14-8ff3-4c9b-8918-d2976ae924b3,Tutt* stran*,1.0,1,175206,19.0,d551b16b-3ea1-4169-8c4f-6713d7bb2da8
79df773a-31cc-40ee-bb5a-5e05a34a7d27,Griselda,1.0,1,117600,33.0,78509f4c-d6eb-4f6d-816c-3f32fb950b98
d1f81319-8479-4e6c-86a4-891f73fcb356,JEFA I FREESTYLE,1.0,2,336993,8.0,d6b128ed-3e73-4b29-a1fd-6bbd9950b465
fe45964d-e214-4104-9fae-99a1639546d7,Bondage – la gola,1.0,1,181343,20.0,86e85465-47eb-42ae-a8d3-64ec2dc00c6c
df6068dc-f691-460c-b84d-95de9e19f13d,Filo spinato - la superbia,1.0,1,198521,21.0,37291390-ee9b-4fd6-947a-df5a9d8751b4
6a873d4f-8658-4bae-a4ce-dd4fd513e10b,Sugar Daddy,1.0,1,113814,30.0,5f71bb04-41ca-4bc6-b54e-2575398a5565
d687ea25-ff30-483a-abbf-b1b442a55658,Bitchcoin Freestyle,1.0,1,189125,25.0,85882281-5010-4052-ae4f-3658bf4d6963
bded62b2-8592-4b0a-b05c-551a4c98c175,Gangshit,1.0,7,199200,52.0,bdc56bdf-5feb-4007-bde8-2a00b956584e
eb539bbc-1402-462a-8781-69a74f4e731a,La Cosa Più Bella Che Ho,1.0,10,250840,47.0,30012203-991c-4db8-97bb-bb4511c373b7
89f48d2a-e4bc-4085-a9dc-a6a40cf9d3a0,Hola!,1.0,6,245666,41.0,
44a1099f-97e3-4d29-82c5-62f570a7c54a,Un Giorno All’Improvviso,1.0,9,180863,76.0,
436f698d-4449-49fc-95d8-80f145afacb7,Joint,1.0,8,268706,36.0,
340671b2-22c0-4da4-8c2f-02e55745033c,Gandhi,1.0,1,102800,36.0,
5d225cc4-ee92-4e39-9dea-9a3ebc72af12,Dio Rap,1.0,4,245800,29.0,0a666791-d540-4307-94c4-733a765e767b
fab262ec-9080-4c17-bc77-2d9bb1ebb1ff,Come Fa?,1.0,1,195725,28.0,e97d1a7c-374f-40c4-b4ef-f2b2d77d5daf
d2e8a5ca-2920-4a38-a369-0d0ce359366c,Cos Cos Cos,1.0,3,233022,48.0,f31cc44a-752c-4338-a160-b987b484bd6e
6f5eb47c-68cb-47b7-a0be-834375df75a1,Alleluia,1.0,3,230053,27.0,
af8bc8d9-0ff2-4437-b369-6e71e0cca335,A Capa Sotto,1.0,12,246106,20.0,
ad584814-9e24-44d3-a5b7-697e950e40f1,Guardando la luna (Napoli RMX),1.0,1,198522,52.0,523b3a1b-1b12-423d-b26f-5b00e95a0c6c
003d3bea-1349-4d38-8408-2adfa5b5a04f,Cenere,1.0,3,240946,33.0,
76f76eeb-1b56-4328-bcf0-b9a42d9566ab,Mare Di Notte,1.0,4,168933,41.0,
78a9388f-bd8a-4fb3-8fd0-201b0392fa66,Un Palmo Dal Cielo,1.0,2,222426,30.0,
0a2850ba-2fd9-4e67-93ef-ed6a25d25cab,Smoke Bong,1.0,12,158573,26.0,
00844b3b-47b5-4b28-991f-9db50caf5f26,Babylon,1.0,9,187373,32.0,
2e381e93-725a-45da-9314-60e4f9d793cf,Tarantelle (Che Ne Sarà Di Me),1.0,5,219653,35.0,
b24c65f5-4d2b-4333-a6c6-ce66cf34a5e3,Tutti Scienziati,1.0,4,234266,29.0,
60263983-d76a-4f15-a52f-f2b84deab833,Uè Ammo,1.0,1,234706,20.0,
fd987948-b098-48bd-aecc-516c59260a43,Voceanima,1.0,5,251491,27.0,
bf526bc0-4b89-4897-987d-8dfc73868dc7,Quando Sono Lontano,1.0,2,208573,43.0,731a8caf-5b4e-46ac-a45c-2288b16633df
37a9e267-6054-46fe-addf-e9939d3dc5c8,Versi Di Te,1.0,8,221386,33.0,
5f9f9b4d-2ace-41ab-baa4-441bf47b07bc,Diario Di Bordo,1.0,14,197853,24.0,
8731876a-60b3-4482-a0a3-2b80a1e4c11e,Fumo,1.0,6,267069,39.0,
582f193e-96ef-42f7-af7a-afa1bacdc584,Freddo,1.0,11,167773,31.0,
5a1fffa8-028d-4a98-882f-1504f8e82e19,Chi Vuole Essere Milionario?,1.0,10,166120,35.0,
4622c4e5-9292-43a5-8003-26727f5a5301,O’ Vient,1.0,2,245479,43.0,0f66f892-6d64-42fa-99b1-3380978be9a4
145c846f-55ab-4df7-9b73-bf224d8a2f60,La Mia Follia,1.0,13,213786,28.0,
a8da53f2-fe62-48e6-b8a2-efeee40fb9a1,Spartanapoli,1.0,11,189053,17.0,
e819af84-7bc4-4f93-974e-e825810377b1,Luna,1.0,1,198522,52.0,
f116d3fd-a076-4f21-8edd-3d93a442c9db,La mia musica,1.0,4,243933,24.0,805fa471-8065-4bca-ba88-9c5f5c3b0f93
13e678b5-d693-4db3-bbcf-9da8b1d7d08a,Oracolo del Sud,1.0,9,275833,35.0,
b62808b0-ea43-4cf0-affc-9731879e5ced,Keep Calm E Sientete A Clementino,1.0,5,236120,24.0,
2519c0eb-266e-4691-a489-1f1ac0c0dd8f,Crazy shit (VM18),1.0,12,184605,28.0,67ea718b-1ba1-417c-b2e9-aa29f841a280
95eee27b-b197-4385-8f4d-a140fbae0556,ATM,1.0,3,182939,32.0,
d5be831d-bce6-4e1b-8cf3-f56b2830b1c1,Toxico,1.0,2,211160,34.0,
64dfec68-90a6-491b-a1ce-d795849c2414,Stamm Ccà,1.0,2,223240,17.0,
517b28e6-a0e8-46dc-ad47-3e0532d035a6,Capate storte,1.0,11,149092,26.0,
261e6d4b-f90f-43df-966c-5dab35298407,Top Player,1.0,17,227382,33.0,
095f5769-29d8-4423-b0ef-bcd959216074,Desaparecidos,1.0,7,192146,42.0,
957f09af-562b-4eba-88ba-fef256c91dc0,Sempreverde,1.0,7,217760,25.0,
3a269414-7e7d-4806-90e5-95257f5f692b,Emirates,1.0,6,204735,40.0,
c2dd3aa0-f154-47cc-ad9d-6198aa753640,Eclissi,1.0,8,194162,28.0,
3ee4741a-e678-4e3a-98a4-fb7afaa4f5cf,Revenge,1.0,4,189100,32.0,
fe67ef83-61b3-4691-ad77-4e69432876b3,Ragazzi Fuori,1.0,6,202480,28.0,
cf0c171a-9786-4fe4-8a2b-c60fe15ab42f,Paolo Sorrentino,1.0,13,241480,17.0,
4bcee8a3-05c5-4949-abad-170e167a2782,Boom,1.0,15,241309,28.0,
eee102f8-8ef5-4f03-a7f7-660af835d9a2,Don Raffaè,1.0,19,207386,38.0,
70d37340-b938-421b-a626-9e7624d0ea36,Lo Strano Caso Di Iena White,1.0,1,236682,30.0,
531a8353-1c32-4227-a27a-8e933f91ed67,Amore lo-fi,1.0,10,199493,35.0,
72b2a932-fc1d-4741-a828-1df784b55de8,Pianoforte A Vela,1.0,12,247486,30.0,
5392b514-a789-42c9-93f5-a2b6afb7eb79,Univers,1.0,1,221988,33.0,495f961a-ac44-4256-bbf1-c878b6717e3b
985c863d-2dd4-4a96-aa65-f180d478c7a8,The dark side of Iena White,1.0,1,137546,27.0,
f3729c89-b6bb-4b76-bca7-8b77e554ab09,Dedicato A Pino Daniele,1.0,20,202813,34.0,
10bf3636-d2de-4f27-819d-1126452c5b1e,Black Pulcinella,1.0,7,192146,42.0,
b58da46b-9336-47ed-b2fb-585deddc0643,Electro Cage,1.0,20,212986,20.0,
cdf1748c-5f74-4473-ab61-1edadbb3f1d3,Sound of Napoli,1.0,5,195866,27.0,
6d7bb49e-8838-4209-bdf1-7e5cba4979c0,Dalle Palazzine,1.0,8,292266,25.0,
3c94969a-08c1-439c-bb0a-e411566ba730,MKCNF8,1.0,13,184741,25.0,
c0d10fd6-dbf0-49bb-a6b7-a5221c633295,Amsterdam,1.0,1,217692,21.0,
0dc03e6c-8a2f-4fd2-a5de-de20326fb66d,Giungla,1.0,11,213252,33.0,
a6421a92-1efb-4b8f-8351-9cfa42950507,Non passa mai,1.0,14,167398,34.0,
7e74bba7-c628-4c11-9fc8-7f494d8069ff,L’età ré Tass,1.0,3,190746,25.0,722b5056-e4fc-470f-8b2d-fdab152821a4
552ec6da-b643-4794-b138-08c7eb5ae0ea,Profumo Di Strada,1.0,27,274437,21.0,
1f449d23-7f8d-466a-8d74-ed92fb9a6cbf,Coffeeshop,1.0,9,183520,19.0,
a8e79b13-e062-4013-af33-1e52e7b43883,Deserto,1.0,7,190853,15.0,
a4c70a7d-248c-49c4-a88e-9ab2e27f6d6b,Messaggeri del Vesuvio,1.0,28,398613,14.0,
29ba526f-01e8-4efd-b772-907b46351f99,Obbe,1.0,23,285680,14.0,
5155565a-580e-49ce-817e-2456034c48b1,Strade Superstar,1.0,2,208338,27.0,
b65985c0-0e21-4961-abd5-280059b7bc7f,Dal centro all’hinterland,1.0,16,275147,18.0,
90052bb2-aea8-4306-ad24-a89181dfae81,Sotto Le Stelle,1.0,11,212704,30.0,
91a34bbe-5baa-4b6a-a2ac-625cf9392b2e,Spiriti & Show,1.0,22,223290,21.0,
777daaa6-c735-45a4-b2d9-7901040aad4a,La belva umana,1.0,9,100608,26.0,
2fa7be44-5413-4257-ae63-b1fe72e9a016,Messaggeri del Vesuvio II,1.0,28,398613,14.0,
63d8e1ea-04a4-4fd8-95d0-e886344c5d50,Rovine,1.0,1,232906,25.0,
bb935676-3a61-4275-be4f-6ad067c0fa75,Partenope,1.0,1,186583,27.0,c93fd9c5-bf86-4497-9233-79e32b5a6ad9
7b44bfdc-fed2-44bd-b9b4-3eba7f975094,Da Che Parte Stai?,1.0,4,199980,34.0,
421d6825-946d-40ea-adba-7901ad62ef69,Notte,1.0,7,225320,52.0,beb9dea2-909e-446d-8850-a23557b17ecd
f8682fda-ec13-4b49-bdc7-c2061623b79e,Woodstock,1.0,19,191133,20.0,
d81ebab9-6396-4710-90f1-1169b70115af,Senza Pensieri,1.0,13,296560,26.0,
dafdbca5-c910-4ff7-b617-af110df052e9,Questa Volta,1.0,3,268991,18.0,
de3d1106-e6bb-4d4e-b5a9-44ec259ab24f,Ghiacciai,1.0,18,207297,21.0,
04a19e78-b263-41c0-a300-0b4c6fb28ae5,E’ tritolo,1.0,24,232122,16.0,
2194166b-51f7-487c-9599-cbae906c5749,El Señor,1.0,7,256557,20.0,
8ba3cf57-297e-45e5-87b1-5125e54d03a1,Aquila Reale,1.0,5,201960,22.0,
149bea5f-9766-4752-9f00-0910d1ebca13,O’ Cazone Largo,1.0,7,224813,21.0,
f7fc65c3-6ae1-40b5-9249-05494931ebb2,Finale Di Fuoco,1.0,12,235480,13.0,
2528c8f9-7b0b-487e-ac52-68ecb302510d,Mea Culpa,1.0,2,245479,43.0,
c1cecb56-c45b-4ff8-b709-4d8b70125f36,Al Tramonto,1.0,17,194560,14.0,
4cc7d607-f785-44fb-8b25-90e0c13ae939,Solo Un Giorno Nel Quartiere,1.0,13,231667,20.0,
ec25bc43-3b5f-4839-80b2-8485d51bc013,Funk Allucinazioni,1.0,5,210240,17.0,
db877e3d-be48-4926-90dc-15875b294b1d,La Vita Del Palo,1.0,7,219466,15.0,
f87ef42b-f18f-4219-91c2-775d11d71627,Buenos Aires/Napoli,1.0,7,236574,25.0,
1aefec7c-ba59-4354-98fe-13f54474109f,Hannibal rapper,1.0,5,189826,12.0,
113ac210-a73c-4ad3-8ea3-6d7cab09785b,Lettera al Telefono,1.0,10,181906,11.0,
529464b9-f585-48b3-917b-a9ab5b4a7c0c,Senza Controll,1.0,3,142605,0.0,00d341a9-e07d-4ee9-ace3-a2c562a19bd8
6d7360d0-7fbb-4ca2-88ab-64445fff1da6,Spari Di Parole,1.0,21,272506,13.0,
b55bac45-dbf5-4e90-91fc-7d6decb47cec,Sorridi e vuoi fumare,1.0,1,156754,45.0,dc24aa3e-beeb-4739-861f-2291a1e075d8
77827c5a-c71d-47d2-b0a1-4f1d7b3ff95f,Sei Come Sei,1.0,10,216768,28.0,
fc3c41f8-8a8b-404a-a44e-81cc00c4d1a8,Passano Gli Anni,1.0,2,178346,17.0,
9e40631d-d279-42da-b82c-f7ca38d8d7f5,Inchiostro,1.0,12,239182,17.0,
6ca345c5-b7b5-453f-9bf4-82856411b546,Fratello,1.0,6,170237,22.0,
e6c845dc-9b45-4368-973c-53f185fee605,Señorita,1.0,1,171063,42.0,128273d8-aa5b-4952-89c6-4dcb468aa8ed
8a646638-20be-4a77-97bb-6711b564419c,Butterfly Effect,1.0,6,188906,10.0,
d8d08c9a-c6dc-43a9-aca7-eda21c4b39d7,Giordano Bruno,1.0,25,265826,11.0,
2d2a7247-22e4-47d5-937a-6ce068e37f94,Infamous,1.0,3,233022,48.0,
4e81e1c3-de00-466f-a24a-e404d7f3f7bc,Animals,1.0,3,187466,12.0,
0d1a4e15-6b62-4a80-aae1-0d7a425320b9,Mutagenics,1.0,6,254466,11.0,
07546bab-2218-49d7-bb70-ea9b6dd291d6,Tekken 3,1.0,24,277447,10.0,
9b35ebdb-a545-4ced-bc14-c5a29f356f55,Il Re Lucertola,1.0,17,237264,11.0,
5e2ec80f-3ee9-4d83-bec2-42ea6a5b936a,Risata Di Una I.E.N.A.,1.0,8,205866,12.0,
81c0f5d5-5390-4d8c-ac10-cb352ee2a064,Selvaggi,1.0,14,190066,16.0,
c83c0551-85ea-4316-8a1a-956f009b9804,E Continuo A Camminare,1.0,4,196706,15.0,
bacb42dd-fd70-40c9-b3d1-251a39f10043,L’Oro Di Napoli,1.0,26,201429,13.0,
3162eb66-c6c1-4999-b5b2-ecf2473cc2c1,Real Talk Extra - Clementino (Tributo a Neffa),1.0,4,194723,11.0,ec445889-0d4b-48e1-8db4-d588904f4e66
8ff92266-b275-4c7e-b1a1-3b43788d5e3f,Funk e Therivati,1.0,10,180493,16.0,
451d828f-32d5-43e3-aa58-4e7c41c8ab25,RIDO,1.0,1,291606,8.0,c3323452-c523-4d41-83ae-5796b2919cc9
2020db4d-bd16-405c-bd6e-68af201895e7,Pregiudizi Universali,1.0,9,208893,10.0,
c40ec5d0-5e42-46d4-b3f0-11f982ad5c56,L’Aroma Da’ Loma,1.0,2,178346,17.0,
21686e5f-b762-4a88-94fb-f4875765b340,Chi Vedo?,1.0,8,227760,12.0,
d18d8d2e-463d-4452-a3ee-54840e11f83e,No Problem,1.0,13,243986,10.0,
c3462fd7-2066-4cbb-b122-0bc483dc8f16,Sipario Chiuso,1.0,3,254016,41.0,7993bce7-672b-4ec5-ac0c-aa0695630318
263170de-b85d-4bbc-a1f3-e60ef6bb7996,Intro (Napolimanicomio),1.0,1,80173,8.0,
55474fc9-2bbd-4fcd-8f5f-f60efc79b98b,In mezzo ai mastini,1.0,11,243346,13.0,
d4cb5bef-256c-45b0-9291-c0a898757cf5,3maFlussoKappa,1.0,1,152558,60.0,
eec43909-5cff-43b5-a357-18a63e583ae7,Va Bene Così,1.0,15,244127,11.0,
f2b50639-d7e4-4e9c-9e2f-46ab2fd25eb1,Sotto Lo Stesso Cielo,1.0,18,244866,17.0,
48ffe6fd-cc1c-4a6e-9521-5277702f2328,Check Check,1.0,1,219357,78.0,95006fe0-cfee-4a5b-959e-7bd3a4a16fb3
f7ff8d87-7adb-4863-8d22-a15b2bec9f46,Che Hit,1.0,14,233748,11.0,
cb563fbe-5174-4e32-8b60-526f5e1a022b,Lettera Alla Musica,1.0,1,191506,15.0,
0ec856ba-c2b3-49ec-8fa0-971a3ec4d5ad,Sipario Chiuso (Napoli RMX),1.0,2,178346,17.0,
9b14de0c-0f54-40c7-8027-5452f084f1b1,Outro (Cibo Per Il Cervello),1.0,20,82760,6.0,
afdd8e9c-49b6-484f-be27-23a1b4e0afe9,Vai Vai,1.0,2,209371,0.0,0ecafda6-6d21-439d-820c-ae4083ed3c9a
c926659d-3c1e-4211-95cb-e07448c181fc,Riflesso,1.0,11,195732,50.0,
f256e2b7-2fd2-4fd1-a6af-18857155141d,Clementonik,1.0,16,206750,12.0,
336f7396-56df-458c-8082-f82708d1c51f,Deliri Anonimi,1.0,3,233022,48.0,
75262285-6a37-4128-b87b-3ea29de0a43b,Futrà,1.0,10,250840,47.0,
2f3b710d-b5f1-4b73-a12f-34d1c99e4d4e,Made in italy,1.0,23,98682,12.0,
c2b175f0-c379-4db6-bbca-a2ba1b672ffc,IenaFlexFun,1.0,1,198522,52.0,
a27b26d3-cdc4-4677-ad03-e6d943877fe1,Fantasy 3666,1.0,15,290413,11.0,
f0e674fc-d34c-40b7-bb65-64983db9fc6e,La legge dei più,1.0,12,125826,9.0,
7a5c5111-b086-4504-af63-b14a5c533447,Intro,1.0,1,80173,8.0,
e9292a37-5cb1-4aed-a91f-fd8b5c04f09b,Stai senza cartucce,1.0,14,171146,9.0,
d5bdb4a2-5da6-46b4-87d2-09b366f8d523,Napoli Zoo Safari,1.0,19,189069,12.0,
8bbfb687-31d7-412d-a2e9-30e415bf41a9,Musica Suona,1.0,5,229613,16.0,
d91c554e-9b6c-4cd2-b73c-473303257280,Chernobyl,1.0,28,278000,8.0,
7c95a30a-c74f-4785-ae55-81d916227c03,Se Ne Cade,1.0,9,212480,15.0,
6b6b7d0c-e453-448d-9e80-6090966eea9a,Bad Pulcinella Freestyle,1.0,1,234706,20.0,
1be9ec3f-0a5b-45f0-8d10-9f8079d74233,O’ Vient (Unplugged),1.0,8,226226,45.0,0cb32e2c-5aa2-4680-8605-64d0408cc5c5
01fb849e-dd2f-48d9-9001-4665fad2cf2d,Pianoforte A Vela (Unplugged),1.0,3,174773,22.0,
e918fdc9-3644-4fe1-9d3c-d1155b170474,Aquila Reale (Unplugged),1.0,7,225626,11.0,55c4f627-4369-4246-aeb6-5549591ce474
c39cc14d-1570-4605-bbe8-d7eab02f5499,Puro Bogotà,1.0,6,264213,53.0,0d7723b5-4362-41ab-9ae0-3499f0daa7da
b8ebffd8-d0d9-4321-8aab-b09679c95ab8,Nato Per Questo,1.0,3,226732,62.0,944e8874-1a9e-4499-82b4-1069043bd0bd
6b2f4186-16e9-42a3-9429-e47695377dd0,Note Killer,1.0,7,264689,55.0,9ef14675-c56d-4408-b5a2-fd482c9803cc
95af22b3-14be-4ff6-bcc5-c5eb4d7e9206,Hardboiled (Sabotatori),1.0,2,185586,57.0,
5da58504-1747-4196-a0ae-aa5aa935074d,All’Ultimo Respiro,1.0,7,269386,58.0,2a79c1c1-f2fc-4133-943e-e6ce10872069
ec8e22e1-ee2a-4d54-ba1d-97e4150c39f8,La Stanza Dei Fantasmi,1.0,19,248903,41.0,
c1b3695a-6da2-4421-9894-3b662d947411,Tana 2000,1.0,8,209032,32.0,
fccff917-a816-4713-92ad-09828819fdf9,C’era Una Volta In Italia,1.0,1,185168,55.0,
547fbcea-5d7d-48ff-88ef-362c74842b5e,Cocaina,1.0,12,249893,41.0,
815d4698-ee7d-413a-a06b-2a4501b6dda1,King Of The Jungle,1.0,5,200643,58.0,
eb9388b0-bd26-43c2-ad0c-8f5831576997,Lisa,1.0,8,205188,58.0,efdcad2d-57ad-4ca4-abf5-0b64cd75b19f
435b3f88-75f6-4b85-866f-814a4d78b846,Mafia Del Boom Bap,1.0,2,185586,57.0,
6c920e1e-d538-430c-9b73-88a8ed4b3112,Milly,1.0,6,185041,58.0,
078d3121-e28b-4156-bc04-61d0c4c353e2,Cronache Di Resistenza (Hard To Do),1.0,2,221806,45.0,
f9b269ff-5a3d-4d93-b440-019e08816e3d,Malafede,1.0,4,168130,51.0,
c537eac3-8461-4597-8c0c-017f2071463b,Indelebili,1.0,11,198946,45.0,
205bb262-ab71-439d-9068-3f10b60723b1,Ciao proprio,1.0,6,245880,45.0,
d58556b1-ef9b-4815-977b-c07bebe066d0,Rap Soprano,1.0,3,226451,41.0,
2af5a3f1-3ac3-422e-8d25-95891ebf19f2,Vida Loca,1.0,12,194322,41.0,
112da8ea-f391-4b0e-8928-936abdfba5fc,Tu Non Sei Lei,1.0,9,179879,45.0,
e602f22c-22b3-4600-9872-360d6e238b9b,Soli A Milano,1.0,8,230841,56.0,
460d86f8-0083-4129-a026-9760a28a77d9,Phra (Outro),1.0,20,228387,33.0,
c6245554-685b-45e9-87b8-3b3620ad3cca,Selezione All’Ingresso,1.0,10,318835,33.0,
6e08583c-57c5-4ce9-899f-4774833d4e19,"Il Mio Mondo, Le Mie Regole",1.0,5,215026,49.0,
5184720f-f13d-4865-9628-cee9ef7d85b6,In Sbatti,1.0,7,169453,51.0,
1af1b15d-ec25-4e85-a88c-d53b2c8acaf0,P.E.S.,1.0,10,228906,60.0,38fd4322-446f-4a36-937a-abab9380950f
5236e396-3c93-481f-88f2-eea7e31d7bc3,Una volta sola,1.0,5,202885,45.0,0c0b986e-2d70-428a-a3a1-a98c5bd6c00f
6863f170-90c9-40b0-9d72-9c15884ab0fd,Kyobo Ni Tsuki,1.0,13,243096,34.0,
ad6f19d3-59cb-4c7a-87ef-ea23136930a2,D.O.G.O.,1.0,2,224526,40.0,
b4dfde0c-a664-4a37-9e2a-9ba3cab9d7ea,Brucia ancora,1.0,6,251133,47.0,
39d6a7f0-6e99-48b1-9c02-01b43bf7b766,Noi siamo il club,1.0,10,228906,60.0,
8ac6276e-eb4d-4087-960a-636ae6debfec,No more sorrow,1.0,15,252958,31.0,
7befc5f6-28cd-4622-9cc4-4560a87df1e4,Briatori,1.0,9,195020,39.0,
524de20d-1029-43ce-820c-44ab50f8e46c,Sangue E Filigrana,1.0,6,182709,30.0,
cb4ed993-7982-4c1c-a058-9de34d1c59ca,Ragazzo della piazza,1.0,8,296853,39.0,
7ddd3558-8d91-4acd-bc51-f8279250e733,Se tu fossi me,1.0,15,242360,30.0,
013833e3-edce-4ad8-a8d1-d51179cc4541,Dolce Paranoia,1.0,13,209386,37.0,
3851df9b-b6ed-4758-8ead-544ebf891863,Fragili,1.0,6,265050,48.0,
b862829b-4c01-43e4-a0ee-c79fab4b0d4b,Meglio che morto,1.0,8,242080,40.0,
020e5839-b949-42b5-8996-01037eedd1aa,Soldi,1.0,5,269660,39.0,
9624d57d-bb13-404f-a47e-dffdaf143bf2,Spacco Tutto,1.0,2,225320,42.0,
635e504c-e87b-4076-8eb7-897891957302,LLCD (Ladies Love Club Dogo),1.0,15,264689,38.0,
b32f52dd-6acf-4ad1-aee4-0eadf2fa055b,Il sole e la luna,1.0,10,212853,35.0,
3ea7ea6b-be6f-42e6-ab30-6606d09dbd7d,La testa gira,1.0,8,195250,37.0,
8abb7019-b3d6-4e40-a589-0b3dfdc6f113,Falsi leader,1.0,7,220449,30.0,
328db57b-1d5f-42b3-b2a0-d09cbb562796,Frate,1.0,10,163621,44.0,
7c7535fc-f155-4185-92bd-3cc653650cec,Ora Che Ci Penso,1.0,10,191960,30.0,
cb082c0a-1ceb-47c2-b555-3858bbbedd5e,M-I Bastard,1.0,4,193053,39.0,
a47d4868-5185-4d56-80fc-44510a73fec6,Amore infame,1.0,12,228560,36.0,
5ee12c69-36bf-44bb-b9a3-2b139cca27c9,Voi Non Siete Come Noi,1.0,1,204826,37.0,
5ac07b44-94f9-48be-a206-fc073fc17002,Qualcosa In Mente,1.0,4,225677,34.0,
eae4a0bb-a340-451f-8652-543901aee3f7,Indecifrabili-Dangerous!,1.0,9,293957,31.0,
0b054219-e50e-43da-a265-3163b2828714,Per la gente,1.0,3,219266,38.0,
270a7d34-e83e-4a28-bc8d-1bdf91b3a3ac,Weekend,1.0,3,221237,48.0,
47bb7a10-a7f0-4ff7-88eb-3bca6a57b051,Nuove Nike,1.0,11,246106,27.0,
56af2d79-3278-4d64-9a28-ca55d46b9c8a,Chissenefrega (in discoteca),1.0,3,196706,37.0,
b4b1ea43-1963-48a2-929f-b24b47992136,Notte prima degli esami,1.0,13,254000,29.0,
bbe6b853-9d26-435b-975e-f24db17b8375,Tornerò Da Re,1.0,8,246200,42.0,
19968f80-1dc9-43b7-8b17-45820fb52790,Incubo Italiano,1.0,1,216400,36.0,
6aeb5bce-1337-4814-9caf-203a08ebcd92,Tutto il mondo,1.0,6,260413,42.0,
6f7d6274-f03d-4836-a7ce-f7b7127c723e,Confessioni Di Una Banconota,1.0,9,239893,31.0,
43536de6-fbc5-464e-859e-29083452855a,Sai zio,1.0,4,196510,45.0,
1e59048e-a971-4f46-b605-0072fd5da5df,Intro (Mi Fist),1.0,1,82064,26.0,
b1b77153-4f24-47d7-b18e-b61d69fa97da,Butta via tutto,1.0,4,245040,32.0,
7c30508a-7cc9-4ae2-9de1-412e5c048fa1,Cani sciolti 2006,1.0,6,218406,36.0,
fa6c74f6-7456-4a95-af89-b704aa674bd1,Droga rap,1.0,1,207000,31.0,
6c3dc06f-4d81-49e6-b948-140667443f0a,Non sto in cerca di una sposa,1.0,11,234453,28.0,
27e4fd35-7549-44b1-8db1-07f77293b676,Ragazzi fuori,1.0,14,214893,31.0,
abbca3b4-7d1d-453c-9f7c-f6c12f2d8fbb,Anni Zero,1.0,4,226586,32.0,
0f2bcee4-7871-4174-836f-df85b6ddad81,Sayonara,1.0,1,167424,36.0,
23c7d46b-5caa-4023-a06f-a0a79fb5b484,Erba del diavolo,1.0,6,230706,34.0,
0a927f42-65b9-44cd-b17e-4414bb19085f,You Know NA-MI,1.0,1,202500,1.0,291d60f2-e154-46e7-aa37-1466698e65f8
75c6dbc2-7248-43c6-927e-5b95da65a744,Tutto ciò che ho,1.0,11,219213,33.0,
f0099361-44ef-4eba-a2a5-0b329aff9a74,Mi Hanno Detto Che,1.0,2,198826,35.0,
5eea0f03-bb19-4abb-884d-9dbfa601ce77,Don’t test,1.0,10,237653,28.0,
8dc79ae9-00f0-4600-86d0-3c7933b96824,Due modi,1.0,14,206435,26.0,
a4fc9126-34b6-47a9-8991-5333d7e9526a,La notte che rovesciammo l’ordine,1.0,3,172802,35.0,
2bdb7fe7-f18b-4f75-b639-42c66644785f,Ignoranz Verse Pusherz 2K,1.0,18,127354,33.0,
dff8b107-7cfe-473c-8454-e402554e443e,Spaghetti Western,1.0,7,199040,25.0,
1020a096-4b0a-4a58-993e-5e13b90b22fe,Tornerò Da Re - Pt.2,2.0,8,202853,11.0,09cff659-7984-4753-b35d-83086cda1927
c88195f0-a208-4c7c-8cce-2bf305f54560,Minchia boh,1.0,16,209080,39.0,
7374b449-b0cc-49a4-906b-475cac0d85d4,Se non mi trovi,1.0,12,182266,24.0,
899fd00a-a99e-49bf-b43b-354936007576,02 Massive,1.0,14,280786,27.0,
419e9e22-54b8-4a62-8481-358a99db16bb,La Verità,1.0,3,239413,28.0,
5cf941fc-ce7a-4ed3-b635-d9728204196b,"Sangue, strass, paillettes",1.0,15,222706,28.0,
6fafd23c-ff68-4b7b-810c-e30f8add8833,Sangue blu,1.0,9,235080,37.0,
70bb566f-dab5-4527-9959-98a783502fda,Niente per niente,1.0,1,99711,29.0,
863b992a-9a60-44a7-a5e1-8f38921a37b0,Cattivi esempi,1.0,2,216400,27.0,
658dac4f-eb54-4150-9458-007d9c46186d,Collassato,1.0,13,251080,29.0,
ba9ad271-a93f-48d0-9f8d-b172374498a7,Giù con la testa,1.0,8,233626,30.0,
5f0d1f11-53c3-4c7d-ba6e-a90d3a80ec69,Sgrilla!!,1.0,2,222253,27.0,
396e46de-8a6e-40ad-9c1b-9e80b0504194,C.D.,1.0,1,185168,55.0,
5adeb738-7e44-4ac8-a4f7-29ef92dac9e0,Giovane E Pazzo,1.0,12,210333,30.0,
c6ee57b5-1af3-4d43-975f-48306384527b,Tanta Roba,1.0,4,242746,26.0,
817759ed-cedf-401b-a858-bfb9911e73d6,Fino Alla Fine,1.0,15,185160,30.0,
6d1a4af1-d7f1-4cbf-afc7-560f99790545,Saluta i king,1.0,2,208958,32.0,
f65b4c26-ceed-4b82-a457-49dfb5531b96,Un’altra via non c’è,1.0,13,274041,25.0,
460a8700-9c22-414a-aabe-0210f44ddbcd,All’inferno,1.0,3,221080,27.0,
baf673c6-b2e9-446c-9f4b-b80c6e78bb58,Cattivi e buoni,1.0,13,182090,28.0,
8bbb0074-e8bb-4667-a9e4-cbe55b4bc54e,Dogozilla,1.0,11,181120,31.0,
bf2c9304-8159-445f-a711-004bbc6447a8,Zarro!,1.0,9,264437,27.0,
021cb033-5de5-434b-b69c-cc5f0c2f7277,Gunz from Italy,1.0,11,211306,27.0,
3e6b384e-be6b-49db-9b86-fef64a713a55,Dieci anni fa,1.0,14,218527,29.0,
5cc55b79-8b2f-4bd8-bf92-ed0577d245aa,Richiamami domani,1.0,9,221560,28.0,
52b7f711-70be-403d-b1f6-b791483fdbe5,Siamo nati qua,1.0,7,242142,28.0,
f924f16e-dc96-483b-ab10-e1cf2b4148d2,D.D.D,1.0,3,226732,62.0,
d34d87ca-bbb9-4bf9-aa86-7b8e3211ed28,JCVD,1.0,5,182760,27.0,
bbba4f2f-4b85-4620-bf84-9d676498f20b,Boing,1.0,7,222480,29.0,
c9cf07ea-f3b3-4918-8fa8-476c9ebc1904,La Chiave,1.0,14,198453,24.0,
19709850-f4c0-4316-ae6f-4c323b7179e1,Qualcuno pagherà,1.0,14,248053,25.0,
a60cf47e-524e-4004-a9cd-862d07402234,Infamous Gang,1.0,13,260959,23.0,
f6acffe8-51a0-40c0-b9e5-95fbc64e217d,"Nè fama, nè soldi",1.0,10,228426,25.0,
5cd603c1-9d66-4305-a093-d00f17a2a32e,La Triade,1.0,2,185586,57.0,
09c7af6d-1c9b-4ae6-9057-ffc820359362,Dicono di noi,1.0,11,231575,27.0,
cd86b553-47f5-4fda-be19-0fdd18888e4e,Ciao ciao,1.0,6,245880,45.0,
bdbec6e1-f8b4-4720-832e-b1b1dcd3b0cc,Start It over,1.0,10,195811,28.0,
228782a0-6792-48ae-a5e8-daaa2a3c6bf4,Niente è impossibile,1.0,5,221986,24.0,
174cc0e2-ba0e-4172-9d65-70b2fa205e30,Tutto quello,1.0,12,174948,25.0,
598222ac-0b28-4150-8015-04131e72ef10,Quando tornerò,1.0,12,212361,28.0,
474f566f-6787-4b09-8fc5-346d60aa758a,Meno felici ma più furbi,1.0,1,31400,19.0,
b53f01f6-310d-4a1a-8461-906ed6bbef04,Hc Lover Click,1.0,2,185586,57.0,
0215fe4d-20f9-4de2-9d5e-cec477d2e10d,Interlude 1 (Mi Fist),1.0,5,34064,23.0,
e2cf3537-ec30-4d3d-8c65-e8f19a2fd6f9,Ruff Combo,1.0,6,260413,42.0,
e0aa93f3-f8e7-46c4-8781-521b93e5c95f,Totòlude,1.0,17,32515,23.0,
535f83b9-c45b-4e26-9311-c9a203e4d81f,La fine del mondo,1.0,14,189626,22.0,
212378bc-216f-495f-a0d3-f306b5adbd5d,Tutto ciò che ho 2,1.0,6,226906,82.0,
7028f7c2-ae48-431b-884d-f11d9bfbd5be,Ciao ciao 2,,,,,e6bf3ea7-ad1b-4898-aba1-fe89c22ae184
e2dffe80-c79b-4b3c-8486-0f818251d42f,Lontano dallo stress,1.0,10,228906,60.0,
f4ba5082-a3cb-45d2-b6a0-e3e5e0926eaf,Interlude 2 (Mi Fist),1.0,5,34064,23.0,
086c52d3-39bc-4e86-9b32-a19c2d7c89c8,Minchia boh (colonna sonora ”I 2 soliti idioti”),1.0,16,209080,39.0,
31f78538-f6ec-481f-818e-6754395827e1,La Stanza Dei Fantasmi (Rmx 2K4),1.0,19,249939,22.0,24c7c40e-05f0-4e53-bd8a-0c3f48759878
7d8c5d96-67b1-419e-83eb-c0289ba17ae3,"Scopa, Bocce & Scala",1.0,9,251697,10.0,2403e1fb-d940-43e4-b7a5-08c48a41217b
c9d8747e-ed35-4eee-901c-9c1c4522d2a4,Spacco Tutto (Green Edition),1.0,16,209080,39.0,
a1d6a590-97a6-41cc-8812-162f96a3be5d,In Mezzo Al Banco,1.0,7,223120,37.0,1ac12746-8122-49c5-9fd3-b7265819e16d
1b3e80ba-486d-43c5-8aa7-38c68d0f74fa,Zona Di Comfort,1.0,10,147000,41.0,9a55aa04-8a79-4799-a849-45ced15adc75
8d23ec22-6df4-49f8-b1f3-0d4d3249c230,Bikini,1.0,1,201653,22.0,fe65eb03-99a6-4498-b109-0574b7cc1996
7f62e215-89ae-40c7-b55d-b3e4bebbbbb2,Butta via tutto Reloaded,1.0,4,245040,32.0,
1ded9a1d-0056-4cca-b7e8-a69c470090d8,Mi Hanno Detto Che - Redrum Version,2.0,2,200906,8.0,
cbc3177a-26f4-423b-aa92-9899a7c79a1d,Tornerò da Re Pt.2 - Redrum Version,1.0,1,255306,31.0,
77b3233e-c66a-4f3b-afb1-2eda5f4ef640,C.D. - Redrum Version,2.0,6,255093,8.0,
b2ebbb6b-ca79-433f-b9d1-d1221aa67e76,Mi Hanno Detto Che - Censored Version,2.0,7,198640,7.0,
a9431e9f-78b1-484b-9542-ae3ce458966b,Tornerò Da Re - Redrum Version,2.0,4,244226,9.0,
3dd111d1-4e2f-4ca1-b69d-d8a74f5f4b18,Dolce Paranoia - Redrum Version,2.0,1,208400,9.0,
db65aead-279e-4d22-aece-177f37577548,Ora Che Ci Penso - Redrum Version,2.0,5,203920,8.0,
2699bfe5-10bc-4f4a-bef3-03bdeb4e8495,La Chiave - Redrum Version,2.0,3,200893,8.0,
85ddae7d-6566-4c24-a618-4172efb6c176,Le Mie Amiche,1.0,5,256666,23.0,12fdfb74-6d96-4276-9f70-a795620e4b8b
546591a5-8afe-40a6-a5c0-b94d90d2a42b,Parla Piano,1.0,2,269973,21.0,c8068725-0075-48eb-9c4f-ee2256266982
380cfe57-971f-4541-ba00-20190df6dae8,A Testa Alta,1.0,5,292600,17.0,
c73570c2-6d5d-4624-aefe-502751a4371f,Questa Fly,1.0,10,275973,9.0,
34e11a8f-9763-4682-a9e5-c2c3b45c380d,Dammi Ancora,1.0,1,225933,10.0,39a6093a-fe68-4904-9e53-2df7b169a688
1bf1af76-6504-451f-bc05-1477a89bade3,In Media Ci Sto Dentro...,1.0,4,257839,13.0,
b5042b4c-31e0-48bb-9a45-248bc1271553,Fly Pina,1.0,2,228826,11.0,
b82c35d2-65ec-40a4-af79-67c6769ed0ac,Piovono Angeli,1.0,1,313093,13.0,
f77dad43-b62e-4da7-b724-bef2a3093cc1,Stessa Gente,1.0,8,281493,5.0,
9466ee13-8cc2-4dc7-8d8c-99d3f654442f,Io Non Ti Ascolto,1.0,4,225160,12.0,
458ab46e-950a-4d65-ae87-5b19affecb23,Scegli Me,1.0,7,266200,9.0,
6d409ab7-53f9-4818-8c0a-a051d51d11dd,Niente Per Niente,1.0,3,262106,5.0,
216a4cc3-a49a-429d-917b-644ec32782c1,Rocco,1.0,6,318933,7.0,
bf5dce6a-9a21-4c58-877e-bfb697e11709,Sveglia,1.0,6,252000,5.0,
9698c4b2-084b-44d2-aef2-fcbd1bc55aa1,Mezza Luna,1.0,9,229493,6.0,
f7067223-d054-4014-8b29-8289b39b642d,Che Caldo,1.0,3,242462,7.0,
656b2fd9-b012-44cd-8377-62466e4f7edd,Costa Caro,1.0,10,217333,5.0,
3fa41286-fcc9-4a41-b65a-1405d24a5492,Cin Cin,1.0,7,233440,2.0,
93b18c98-b01d-4781-bc03-a4efb3657231,Tu Sei Cosa Mia,1.0,3,277880,4.0,
445a1ae2-e408-4b92-b9d4-be419e727019,Mi Guarda La Tua Bocca,1.0,13,238520,4.0,63ea6621-aaf1-434c-8493-5057949a4a77
c7c45e0f-df50-425b-afd1-91f3813412c0,Ed È Così,1.0,7,224666,4.0,
b6d0ea5b-825a-4d8e-abd8-6fb37f163c4c,Entra Aria,1.0,11,576160,2.0,
0aaaf0f1-9e0e-46bb-b93a-8551f2528b7e,Da Nessuna Parte,1.0,9,277666,3.0,
bf9526ab-ccde-40c1-97f9-55ff09238532,Tu Non Hai Mai,1.0,4,219760,1.0,
322bde5b-efdb-42cc-9299-7721f97de59e,Pronte A Tutto,1.0,10,211013,0.0,
29636090-5f97-4522-873c-ccb23d289486,Io Ci Sarò,1.0,8,285626,1.0,
0550ab42-d25d-4b75-b501-a9c411549f35,Non Dimentico Più,1.0,5,261440,1.0,
38a22f98-6fb6-493b-8cdc-e4694aafc018,Come Ti Senti?,1.0,2,282640,3.0,
4057031d-9228-4d19-97bd-f175336ba8af,Warriors Don’t Cry,1.0,9,277880,2.0,
530670b0-cbac-416c-b609-86d78b55a848,Intro (2017),1.0,1,179920,23.0,f4ef5f55-11d5-4a37-b8a5-803aaa788b1a
bd0f80fc-bcc6-4cc5-9b90-03ab775115d8,Ghost Track,1.0,1,686968,15.0,7d39655d-1d99-4989-a5cb-6d2be1cfb0e6
43a10620-97fe-4287-954e-a0eecbb1b8bf,Intro,1.0,1,69933,3.0,
e4dea01e-9552-40ab-b2fe-67c43b067b39,Cocco,1.0,1,155271,11.0,2a22af2c-ecd4-43f5-9d6e-5b91b868f163
174f2569-bb94-4e22-a3d6-2b41fd43befa,Buio,1.0,1,145620,6.0,925a4b30-634b-4fe5-a0d9-132e3bb0db5d
4ea870d2-9799-4f81-b628-448298f4ff1d,In The Jungle,1.0,1,174705,8.0,26d56bfe-3327-4e19-971f-0be091b243fc
b9851cc4-1e8c-4da8-ac17-c98f2f93f6e8,Stavo pensando a te,1.0,10,264573,69.0,d8b55362-87a8-4ac4-a46d-b26a8dc5bea3
429bfd2d-05a7-4b25-82f1-be33308e7206,Momenti no,1.0,6,259666,50.0,64e30115-d5aa-4d81-9c75-f5ce4a8ee8fe
395a73b2-61cf-4c0b-9443-4ae844239a19,Gonfio così,1.0,2,219986,48.0,
3f70c361-f6e8-4334-b052-d77cd22d98d3,Vip In Trip,1.0,8,236253,60.0,04c5e7f4-03f5-4c44-9606-6c47a0ec8ab9
2895cc66-8e9e-4751-b174-bf22bd78e543,Venerdì diciassette,1.0,4,215240,48.0,
dec46e9f-3b25-4841-a5f4-6dd72e16296f,Il Rap Nel Mio Paese,1.0,9,276124,40.0,00714603-8f3f-4e8a-a16e-eea56ca61968
f0ae73d4-405c-416e-b78b-64ba2b2f96c0,Caos,1.0,7,179653,52.0,7589b4e4-ab23-40f1-850e-4bb78874ae1f
2804f614-8188-4e57-91a4-dea997e93576,Non fare la puttana,1.0,12,194213,53.0,
3622f5a4-1816-4533-8cb2-d662874ce491,Mr. Simpatia,1.0,15,303160,45.0,
52c1ceb5-6deb-40d2-bf66-ee299182ce76,Io non ti invidio,1.0,3,228826,46.0,
7adacfb2-2250-4fcd-9ec3-186c1427b7e3,Niente Di Personale,1.0,1,283200,31.0,367fe62f-4786-4bd9-bec0-1f211635557d
c556d56c-bb57-45b9-9358-a5d8293bf50b,Pamplona,1.0,6,224133,67.0,
f3fd4bb7-2c5d-43b1-ad61-1cbc309c6f56,L’uomo nel mirino,1.0,1,196493,49.0,
95359888-939b-41dc-88b6-fdf269c3e529,Non crollo,1.0,11,282720,47.0,
8d33be51-e5d9-4873-8201-bfc4c2094f73,Rap in vena,1.0,8,227573,55.0,
7dd209e2-70c0-4e26-8161-6920f2ea9bb9,Come Mai,1.0,1,206920,44.0,efd64645-ae8e-41bd-9d08-c8fda489d45a
697a02a4-a3d6-42ee-86b4-334ebd6cf129,Noia,1.0,14,284253,42.0,
3d363615-dd16-40b7-b968-4c34dfd004ef,Fenomeno,1.0,3,199533,62.0,
7d037ae1-8778-46cc-af7f-28533369ca30,GoodFellas,1.0,2,216426,41.0,
f03a6acc-686d-466f-ab26-96d1336bdc54,Intro (Cielo),1.0,1,144520,44.0,
99099d30-9981-444d-98fc-29e4ee559f46,Voglio farti un regalo,1.0,13,249573,44.0,
e1568fba-377c-44e7-94a2-7ffd7b5f75a1,Fatti Da Parte,1.0,1,201653,22.0,
03b8f9c9-6fbb-4054-bb82-fa5278e718a3,Cocaine,1.0,13,185666,46.0,
87103e58-b498-44fe-97d9-dbb7b52aa942,Se Non Dai Il Meglio (Non Io),1.0,12,270120,31.0,9e1b1be7-7ea4-49fb-b31c-a5fe9ea6c675
ce491ac0-dd39-4b69-808e-ef75c5b22762,Tranne Te,1.0,11,239960,60.0,
724a3024-0f73-492c-9d6b-b2363c89be41,Panico,1.0,10,253360,60.0,b23abec6-cf61-4895-8e3f-cf4047ed4efd
952ce55b-65a5-4e7d-a7e7-58dc3c4f0a81,La Pula Bussò,1.0,6,244160,54.0,40d7c311-92ea-40af-a145-8afc4525cb02
a01ba9a9-d3ba-464f-a240-5f937fcc97e0,Niente male,1.0,9,249173,42.0,
a0ab248f-62b7-4a03-97dc-ce1961c43317,Applausi Per Fibra,1.0,3,294093,54.0,
a3777069-d0fa-402e-8e1e-0c21eef90b45,Solo una botta,1.0,5,226280,43.0,
455c59e1-0291-4e93-8af6-e092d6e05775,Scattano Le Indagini,1.0,1,230360,49.0,1d1973ac-9cd5-43cb-a820-40ae22d080dd
ccfb0fd1-48a1-4fa7-b633-37e56d90cbe0,Playboy,1.0,14,269227,35.0,
29644cb1-c308-4224-bd22-7cf860e94e06,Luna Piena,1.0,2,233973,47.0,
a33a102c-0ae5-4f21-8a51-df26f24ed7f2,Demo Nello Stereo,1.0,10,192560,41.0,
a3bfff68-d881-4945-867e-63be9fb6a949,Propaganda,1.0,6,213506,54.0,
36b4f7be-4c7e-47f5-af57-7e26136c25e6,A Me Di Te,1.0,6,247013,41.0,
68f6ae92-6e7a-4aaf-887b-c063993ea0cd,CVDM,1.0,1,324000,36.0,15889d3c-75b1-4aaf-84be-f0ef9718de09
4cf97336-37cd-46a3-ac46-af0913574bee,Cuore Di Latta,1.0,17,302720,38.0,
c966b213-1bab-40a8-bbba-7e544f604f9f,Come Te,1.0,10,304146,45.0,
1d801dd7-a301-4716-be06-ac0916832395,Dexter,1.0,16,331001,44.0,
5bf04f33-b68f-4acb-a271-61e20d277e8a,Mal Di Stomaco,1.0,4,225720,49.0,
791be5a4-c0ba-4837-9cea-1b1679f0a3d0,Outro (Senti),1.0,17,265293,39.0,
d661b282-1b28-4961-9c96-31d6d11e49ed,E Tu Ci Convivi,1.0,7,351250,35.0,
3e7d5821-5a57-4c3f-a51c-e9e83166fd3e,Come Vasco,1.0,5,155000,34.0,
3161b827-7fd7-4e9e-bb15-0d1965e60ee6,Dalla A Alla Zeta,1.0,3,167040,44.0,
d7c5a78f-82e3-47d3-b797-616c73a25f47,Vaffanculo Scemo,1.0,12,191266,50.0,
27064486-0b4a-40b8-80cb-1e48ec076d47,Andiamo,1.0,16,293400,43.0,
41ff599d-8b9d-477b-aedb-24968e56f4dd,Per Averti Qui,1.0,9,202306,39.0,
7cf29f6c-3c93-497d-81a5-be38f08d6090,Idee Stupide,1.0,15,287640,42.0,
44cbe738-4341-4492-abb8-d9f7eb25ca22,Ringrazio,1.0,17,292026,32.0,
41b9d269-a1c8-43bf-967f-ffa33baf4f2c,Rap In Guerra,1.0,1,200893,39.0,
f422e0db-290c-401c-87a3-d870ab43f319,Nessuno,1.0,15,197906,41.0,
dd5cea1a-71c0-4b0c-8b0a-25426f235e9c,Troie in Porsche,1.0,1,246000,31.0,
2f12bfd5-b95e-4a78-9605-84bee23dd386,Stelle,1.0,5,186106,43.0,
4e62f6ba-16cf-4601-99dc-c986e476e293,Bugiardo,1.0,1,245986,46.0,1ee80827-2396-4342-a7b2-a8aed43f4e92
64475d10-bcbf-4149-b069-dabf632a0b56,Non me ne frega un cazzo,1.0,5,209361,48.0,358cf83b-8c48-4c48-924c-6b772c54d6c3
f8c49c34-855a-4912-830d-7616e255b44f,Brutto Figlio Di,1.0,3,158786,39.0,
9675c2d7-ccd7-4037-bba1-37b61e956476,Nessun aiuto,1.0,16,276093,33.0,
e94982a6-213d-44ca-8b3f-288b4aedd8b7,Palle piene,1.0,14,222773,40.0,
31756e1a-05d5-486c-bfa8-b2c38ea2394e,Pronti Al Peggio,1.0,8,204973,40.0,
700a0ef6-1ee4-479c-90d5-435c2bef6682,Dipinto di blu,1.0,12,198626,34.0,
d8227759-f913-4b96-aef8-d34749b183b2,Su Le Mani,1.0,2,234213,40.0,
acd7b340-ea29-45b2-b6b1-bb4760f9c0a2,Cronico,1.0,9,217200,40.0,
3601e44a-157a-4bc9-90e8-11a745453642,Lascia stare,1.0,11,195493,41.0,
ab91b8c0-0646-4370-9e85-51df50a60e7f,Alieno,1.0,6,180500,39.0,
c6cf0c47-11f5-47c1-9825-e1e819a151c2,Nuovi Stili D’Insonnia,1.0,14,241773,38.0,
7f796c1a-99f7-41d7-af3d-34a97c41304e,Potevi Essere Tu,1.0,16,231440,34.0,
6163eebf-3d4e-4727-b349-9f217af5bae0,In Italia 2024,1.0,1,245292,61.0,c0cbf6c5-e153-4539-9b63-cdc85e7381b0
93c6ffbc-c047-4aa7-88b5-a9bc16199535,Sulla Giostra,1.0,4,205026,39.0,
bd1001db-6728-402e-956b-b85ce1d63444,Liberi,1.0,16,242680,38.0,
6091d090-37b5-4126-8384-2a7fc2e96fa9,Amnesia,1.0,2,301250,29.0,
69b4fe73-a77b-43ce-8c18-110692ce76ca,Da questo locale,1.0,7,258093,41.0,
e58c0436-7a35-4c0b-9fe5-00e1889749c9,Qualcuno Normale,1.0,9,200706,44.0,
1002f920-a9a4-4b67-a69b-76a53abdafa0,Money For Dope 2017,1.0,5,261493,40.0,
ac82e2bd-57fb-4f71-80cd-998a0fd14a6f,Faccio sul serio,1.0,10,178773,40.0,
f22dcd37-834d-4495-9c5c-3475eb347b6d,Le Donne,1.0,16,241546,55.0,
5d59c15c-4254-45e0-a42c-676f4b28ea51,Lascia Un Segno,1.0,2,159440,37.0,
973463a8-6811-4ab9-9f88-e3b4eafefa1b,Bisogna Scrivere,1.0,2,183000,38.0,
c6215ee2-b111-4501-9d44-a880e1b31b8e,Un’Altra Chance,1.0,5,313093,35.0,
d30c32ec-f4a9-4f58-b7a6-6a9f94bd8c94,Fumo Erba,1.0,9,165226,38.0,
0a6fc973-8a04-462e-9369-02ef31080ade,Lo Sto Facendo,1.0,1,213225,19.0,3f0e2afe-a1cf-4d4e-bbda-f4bbfd3fda71
a73a072e-c9aa-41eb-b89d-2a545fdbe652,Equilibrio,1.0,7,256666,37.0,
73b4c513-8099-4620-b60d-6236bdd1663c,La Pula Bussò 2016,1.0,6,151746,45.0,2d20fbc0-d119-49e9-a36d-057ca7388f34
2f23155c-5ba5-49d7-896a-0b81aded1034,Ogni giorno,1.0,14,311360,34.0,
ef29f3fe-79b5-498c-a808-897ca70d281b,La Soluzione,1.0,2,237960,49.0,
7f496e7f-5d4f-4cf0-b594-66d86f04fe70,Dove Fuggi?,1.0,4,188773,42.0,
59ae6d39-79b1-4f15-927c-7e95355add51,Bonus track,1.0,18,205053,38.0,
7122b8e9-0ca9-4ef5-a76f-aae2ba44534c,"Pronti, Partenza, Via!",1.0,5,222400,44.0,
b407c3d0-7636-4e34-a12d-7c88bc54d41d,Che fine hai fatto Fibra? (64 Bars),1.0,1,380000,23.0,
fc11e1cc-aa53-46ea-871e-ec095e907a1c,Amici O Nemici,1.0,12,152666,37.0,
ce4ac2bd-a522-4326-8cc1-8700f68091f0,Squallor,1.0,16,331001,44.0,
1e0a26c8-fe7a-4e9c-bf52-db5330929032,El Diablo,1.0,11,151426,35.0,
01c5555a-de0d-48ce-994a-ca18b652498c,Di Fretta,1.0,5,220000,46.0,
f13b85bb-72d9-4768-aec3-57bb3fadfe8d,Mi Stai Sul Cazzo,1.0,8,214920,39.0,
bcdad706-91d5-4c88-a51d-4582f086044e,Invece no,1.0,13,243120,32.0,
3e2b3f31-2ab2-4179-8039-5934bf249540,Trainspotting,1.0,20,379013,23.0,
a5f965a6-c558-4b67-bb50-d920c9f33e93,Il Tempo Vola (Original Extended),1.0,10,199906,35.0,5a6535ee-2cb6-42d7-ac0a-bf10d23e2b45
f94cebc1-a649-4fd1-a2b2-e4bc3efee769,A Volte,1.0,10,236000,29.0,
48f8eb75-52f3-42c3-9cd5-17ea3f2546bb,Red Carpet,1.0,2,215946,36.0,
ff9b2975-e66b-4264-9997-eab238f2394e,Incomprensioni,1.0,10,263453,34.0,8cb93af1-5391-4c3f-b51d-88e973242045
fd79f791-8783-4b61-bed4-73d657f06b13,Escort,1.0,2,230440,37.0,
3cbf0e20-828a-46e4-8cb5-979f946fe245,+ -,1.0,1,183520,73.0,
5a8bfb5a-b05a-4e44-b066-6b26af290d4a,Tienila su,1.0,17,142520,38.0,
1be4d258-b75d-4cd5-9c6b-6c61393cd799,Coccole,1.0,11,208066,37.0,
74189fc2-1a5f-424c-8b66-37432c991c8a,Insensibile,1.0,10,259453,34.0,
0f884b4b-eef8-4d83-aac1-2aba0dce8b73,Andiamo A Sanremo,1.0,4,313920,33.0,
e5159aea-e1c5-4c23-800c-274523edf06a,6791,1.0,1,191013,31.0,
6bc1a487-5243-48f7-908a-737d04f622ab,Rock That Shit,1.0,4,242000,28.0,
4c22b3b0-0929-4d96-a195-bbe6a6ac9da5,Tutti Matti,1.0,14,315226,33.0,
19f4273b-d8ce-4727-9d23-2b0d64c5fb5c,A Casa,1.0,11,264843,28.0,
c537f48f-c1dc-40e2-8a5c-6a630f27790a,Di Noi,1.0,16,266093,33.0,
7692ff34-741b-49ba-9103-0ffa7805b5c0,Controcultura,1.0,8,236253,60.0,
7da6204d-4aab-4d1f-9693-f1ea518dc191,Luna,1.0,2,233973,47.0,
6d3b24e8-a1e0-4b57-8de5-fcd149c1cf63,Dagli Sbagli Si Impara,1.0,19,279306,31.0,
e2d61761-b8cf-4e1f-9b6d-b7f8e90cd495,Ogni Donna,1.0,5,278120,36.0,
f45e90c5-f593-4913-8bbb-b4e5f44e85a7,Le vacanze,1.0,15,285026,30.0,
22e88580-d925-4b6b-9812-9a390206a288,Guerra E Pace,1.0,10,253360,60.0,
0e06cd50-3ebf-471a-a5da-1dfa365bc61d,Cento Modi Per Morire,1.0,6,315560,37.0,
f8108ef7-2253-4c22-b366-8ca750499384,Lamborghini / Rime Sul Beat,1.0,3,327124,25.0,
0dc86dcb-ec09-45cd-877f-6ba2e43a90b6,Sento le Sirene,1.0,18,245449,26.0,
6287c1ae-8d82-4432-a081-6572b8980095,Dio C’è,1.0,19,236360,23.0,
f967a76c-67de-4fa7-94b2-61286059eb72,Ma Che Persona,1.0,17,178386,34.0,
718b9c5a-f940-4529-a467-9362a88785e1,Felice Per Me,1.0,8,215053,27.0,17ec5f29-d56e-41eb-9905-afdefc7fd47c
a2b958c4-9e86-4944-8bb1-d4b886feaf11,Sempre Io,1.0,13,221413,32.0,
11e01105-82ba-4bd0-904b-2343d79ffcdb,Cane Mangia Cane,3.0,4,237066,20.0,
5817f24d-2e26-4a3d-a87c-9eeca86b1654,Voglio Sapere,1.0,21,292187,25.0,
ce4b0ac9-0d06-420c-9725-3c2c3cfb8c33,In Italia,1.0,1,245292,61.0,
08b76ade-4253-4b3d-8e6a-5a1f521d7da1,Spara Al Diavolo,1.0,6,222533,32.0,
a9ed321b-034d-4bcf-b7ab-5a2a47197685,Speak English,1.0,3,237906,31.0,
fa62e125-0507-42ff-a200-dcededd491ae,≠ (Diverso),1.0,5,270293,45.0,a60d3cd8-03c8-49c8-8388-a6a467ddef8f
727c3e9d-735d-4cc2-8019-4c61407120f0,La Solitudine Dei Numeri Uno,1.0,9,224106,30.0,
c0bf79a5-3caa-4f20-8856-f0a38c18b9bb,Che Culo! Che Figa!,2.0,6,238000,41.0,
4935d05a-06e8-4ddb-9dab-da2aa2e05402,Fuori Norma,1.0,6,240666,35.0,
75f4cd20-c9a7-401d-8cbd-07675c3d5c4c,Sono Un Soldato,1.0,10,250773,32.0,
ab8a5b3e-f774-4c1b-9c5d-53242510f0e2,Quentin Tarantino,3.0,2,166506,25.0,
a340f01a-e82e-45b3-b18e-fa7abbc66289,Cattiverie,1.0,8,193333,35.0,
cacfc18e-ef3d-4610-a138-51e4ebf6ba45,Cosa Avevi Capito?,1.0,8,199625,24.0,
22cf988e-74e8-4075-b3c9-9d686d531393,Brut,1.0,3,158786,39.0,
29842803-4042-436e-950f-7c0bc02b8b82,Il Triangolo Sì,1.0,13,228333,36.0,
deb4590a-2a7f-4b3b-80f4-6cec1db58ff6,Idee Stupide 2016,1.0,10,178773,40.0,
dffed8ea-3f8c-432c-90f9-5c5504e430cc,Ci Penso Dopo,1.0,7,144626,36.0,
83251bc3-ad2b-44b2-866b-efe09ffa11ab,La Posta Di Fibra,1.0,10,300826,33.0,
e9f17c3a-aa4a-41d9-89be-10388ca25b04,E.U.R.O,1.0,15,246942,28.0,
cd26bd80-53af-4d91-9632-b4f4cb722726,Che Cazzata,1.0,16,240053,49.0,
c7268f9e-1213-4852-8b9d-41eb1ee1434d,Che Gusto C’è,1.0,1,183520,73.0,
94054c19-c9c5-4a48-9ed8-50c2c91e51fa,Non Potete Capire,1.0,12,192973,33.0,
d764c564-1fe9-429f-895d-d3c015812e89,Nel Mio Disco,1.0,2,237960,49.0,
2ac68676-f623-4378-98ee-59da6e17bfc9,Rompiti Il Collo 2016,1.0,9,149386,32.0,
3d5148b3-c8f0-4f86-ad00-35e112c8b5ea,Le Ragazze,1.0,11,261466,32.0,
4cf044be-7a68-43a5-a861-fe111481d4c5,Fai Come Noi,1.0,7,293266,33.0,
fb243ca2-9d05-4264-b109-1f666cc2ccac,Quorum,1.0,19,208746,27.0,3f331171-1990-4f88-b4eb-9b9641abd834
659e18d4-c835-477f-b520-5777d3122dba,Troppi Limiti,2.0,2,270106,30.0,
5726f6dc-3c5d-47a0-8576-7164cbd959e0,Che Tempi,1.0,4,276040,30.0,
46104cdb-46c8-477d-816f-f90f73a96501,Tony Hawk,1.0,3,174733,19.0,b734ba86-3440-4e63-bad6-76180367bc31
8ff85e57-d9d0-47b8-9892-ac6826353468,Non Ditelo,2.0,6,238000,41.0,
fceba3fa-746e-4aca-8eac-0e320d7af253,Double Trouble,1.0,4,194040,32.0,
609201ff-89c9-4013-aab6-79f5c5f7416d,Pensa Per Te,1.0,6,233253,17.0,
057f6dae-4484-443c-a2b2-93309ca2d4e9,Personaggi Di Passaggio,1.0,15,214440,32.0,
fc39fe9e-5213-4f52-a66a-03a4d7d7ca64,Intro (Fenomeno),1.0,1,125226,29.0,
575ee4b2-3299-413d-b0f6-d7f0a12ca7d6,Voce,1.0,3,245960,32.0,
e6a48d04-4c38-49c6-8399-458b74301f59,Alla Fine Di Tutto Questo,1.0,9,267386,27.0,
4df782ac-2ea2-4a6f-b716-9b2088798095,Non C’è Tempo,1.0,12,240186,28.0,
b868685f-4a5b-4df4-853e-3bf08fabcff1,Mai Smesso,3.0,1,229013,20.0,
9617ca5c-4821-49b7-ad24-a595522dabaf,3 Parole,1.0,13,262280,30.0,
fb899275-0353-4c14-8dbb-f8ddcf0fef5e,Il Tappo,2.0,5,248506,33.0,
1ec4c645-d08e-44ba-a2ab-0e942389d159,Frank Sinatra,1.0,11,243333,26.0,
62c817d8-faea-442b-abc7-ed368b321a4c,In Testa,1.0,8,232506,32.0,
674c8d86-d330-4866-b200-4e028e06bd29,Prima Che Sia Domani,2.0,13,309560,18.0,
316f8ed6-e923-4660-bfbe-3fb30c4718b2,Chi C’è,1.0,10,166120,35.0,
bbd916b9-5fd1-492a-a8f4-a0865884d925,Hip Hop,1.0,1,244666,28.0,7f2f6ff7-632c-43ad-8c85-1a7228983a6b
8501c201-59ca-4aa3-931e-9d34c941ac2a,Strani Pensieri,2.0,11,224840,30.0,
84369ca4-6420-43ab-a1e8-b9dfad546ae6,Questo È Il Nuovo Singolo,1.0,9,206693,29.0,
db4da6f1-1c84-4956-bfc3-7727ff2a26ef,Meglio Me Che Te,1.0,5,168680,16.0,
4ec79838-dece-45f4-9743-c47f7ac2564e,In Alto,1.0,17,244013,33.0,
038a6852-a4fc-4d53-b592-32be7da9330d,Adorazione,1.0,1,197705,40.0,6a58dc78-782a-4539-a419-ee729c8abceb
8e462db8-8685-4141-ba6b-1abca31db002,Ring Ring,1.0,18,194253,33.0,
ec41b40f-06e2-489b-8c1b-1729ca7db3c3,In Quanti?,1.0,13,194013,33.0,
a29dc607-a731-4e73-a95f-f733f2f0784d,Ah Yeah Mr. Simpatia,2.0,1,178146,31.0,
cdc8e1dc-2f87-4b67-a4f9-f68e5061a1ac,Rivelazione,1.0,14,226213,32.0,
29f79cba-f390-4661-9a6e-dec75f19551a,Fenomeno (Early Demo),3.0,5,164906,22.0,
c575134f-e81d-4818-a59e-e7c0fe1a604a,Tranne Te e Te,1.0,26,241026,9.0,c45f5da0-359d-4662-a387-294e2e561416
b82622ed-0343-4f08-846c-b0d9c25f370f,Via Vai,1.0,5,259399,25.0,
ddad7054-8d56-4385-95ea-80ad9ca9b6b3,Non Provo Più Niente,1.0,17,193613,25.0,
0388b9d0-0cc2-4ac3-8b80-08203cf8914a,In Italia (English Version),1.0,3,237906,31.0,
9836723e-ef1c-4423-b5c7-6526e267b380,Non Correre,1.0,7,244826,30.0,
d5b59bc0-55c1-4e62-92d6-16d740a36263,Rompiti Il Collo,1.0,9,149386,32.0,
d4bf576d-b0c9-4b76-b972-e6f9d4bc0c58,Nel Bene O Nel Male,3.0,3,181229,18.0,
16b81ca5-f632-4f2b-aa4e-dfcc60e50c7d,Qualche Limite,1.0,16,241546,55.0,
ea6a7587-a50f-4b44-947f-96c470dc0322,Su Le Mani 2016,1.0,11,239960,60.0,
1d43295c-287e-4b04-bd02-0e75276c7673,Tutto In Un Giorno,1.0,8,252693,25.0,
faaf1240-781f-45ef-b32f-fd13fb9935ac,Questa Vita,1.0,15,208773,26.0,
8f2973a3-aa84-4f28-ad76-22b8d090c583,Donna Famosa,1.0,4,261026,26.0,
89b84ac7-dbf6-4bf1-a4ea-c86f79d75598,Nemico Pubblico,1.0,13,180933,25.0,
a4e5e825-7f51-433d-9955-df140d64f955,Il Più Pazzo,1.0,14,198293,28.0,
5937702d-e30a-4969-ac40-de455e62169a,Nella Scena,2.0,3,322893,29.0,
b6d07fab-2407-4b34-bc44-2bdfe3520f38,Parole In Fumo,1.0,1,237266,20.0,
f936c293-7a7e-441e-bde8-10e1a14bf542,Nessuno Lo Dice,1.0,4,200920,19.0,
c452afd0-52d9-44d8-8a56-f4c5775b6748,Intro,1.0,1,144520,44.0,
c4df5209-6b0e-48fb-8a8a-684025f59562,Freestyle,1.0,7,256666,37.0,
f7ab51be-3063-48e4-87ba-6c0068ddad9d,Chi Vuole Essere Fabri Fibra?,1.0,10,166120,35.0,
03ff7529-455c-431c-886a-289c4afdc742,Non Credo Ai Media,1.0,14,182106,24.0,
cd66bbe1-37fa-4535-865f-16dae30be551,Stupidi,1.0,1,185160,60.0,b3907cd4-8777-43ba-bc49-d92fb9173274
b352f2eb-468f-46f5-b038-9a1a3a443d93,Tu Così Bella Non Ce L’Hai,1.0,3,261893,32.0,
15c94c62-88a8-4a7a-837b-11b2fc3efbc7,Bonus Track (Turbe Giovanili),1.0,18,255893,34.0,
75a565a8-8efa-491f-af67-4f1adc0000e9,Teoria E Pratica,1.0,3,228373,18.0,
c68152fd-a341-44b5-a30e-b386042d199e,Che Casino,2.0,10,171573,28.0,
9e5c1cbb-9951-4e14-b114-d793c841bdd1,Tipe Come Te,2.0,8,152720,28.0,
76bb2e69-289c-44f3-8973-afb4722fe733,Alta Vendita,1.0,16,175746,27.0,
1f2ad77a-48f8-48c8-9e13-a27ec27f33f1,Tutti In Campana,1.0,8,167560,32.0,
537e8175-24c2-4a3e-a721-9bbc42b01c28,Raggi Laser,1.0,12,245560,24.0,
6e60d011-202c-435e-aadb-8f0b390109a6,Troppo Famoso,1.0,15,182573,29.0,
6864d552-ceb7-40e1-9a5a-713e24de2145,In Quel Posto,1.0,6,235893,22.0,
72d6e616-79ad-47d4-aff5-77b2d675a302,Tranne Te Megamix,1.0,11,239960,60.0,
a0f71cdc-93cd-4189-b99f-1451c76520aa,Centoquindici,1.0,17,239600,23.0,
47fb820c-703b-44cb-a261-e7703e426ef9,La Fretta,1.0,18,250840,28.0,
1bdba738-6ade-4666-8cd6-1591904ec757,A Questo Show,2.0,4,209306,28.0,
79c3d9b6-014e-4bb6-a6e6-8d32783082cb,Commerciale,1.0,7,293266,33.0,
38d765e0-8a22-45a9-8932-97f25fb568b9,Questo Pezzo,1.0,11,239960,60.0,
2aea017f-babc-4a3e-a675-97f0f4362104,Come Totti,1.0,2,235586,19.0,
e13e5278-1ed5-4330-b820-6530970e9ae0,Arrivano,1.0,18,246826,24.0,
a43233e5-e425-465b-8c10-e0e3fab91de1,Extralarge,1.0,7,223093,21.0,
1c0bab7f-1e62-41a6-954b-cb3da35ad984,Dieci Euro In Tasca,1.0,2,247200,24.0,
acc9c57c-12b8-452d-b01d-2b1c166468b0,Zelensky (Red Bull 64 Bars),1.0,1,289819,50.0,1da243d7-c932-4cf5-8600-6948de1baa57
e36d3efe-3ba2-44f2-9c6f-afcd2b511c37,Scappa!,1.0,1,288493,23.0,c00eb0d6-83a4-48ff-8105-dcef0e45b061
595a4e7d-ff07-49ec-9d72-fa24827baa06,Mille Domande,1.0,3,186947,55.0,
03e202b8-a21f-4da5-9ba2-f752d27a72e4,Il Mio Amico Arnold,1.0,6,214133,17.0,
73642799-1e89-4b0b-83e4-209b35e592a6,Fabri Fibra A Spit 2011,1.0,11,239960,60.0,
377ffe8a-90fd-4fc2-a9d7-906bc16e8d7f,Teoria E Pratica RMX,1.0,11,243946,42.0,95f175aa-a0c7-4ea0-a5ef-e9f2c79b1648
29e96ab0-4326-4112-8138-adb9acdfe2fe,Mani Pulite,1.0,7,174880,18.0,
a7772851-71d4-4721-bdf1-2f0de64d1bb2,Certe Cose Si Sanno,1.0,3,186947,55.0,
2a9a9835-4eb6-4c3c-b2a7-bec7ae1f02cf,2031 (Intro),1.0,1,34613,24.0,
ad7c7bca-0190-4aa1-bd20-ef7be815ecfe,Un Calmante,1.0,8,236253,60.0,
cc02320b-e4f9-4f96-af6c-595a4c9642ac,Outro PDF,1.0,8,236253,60.0,
ca25262b-3947-4545-9399-8232c017c5bf,Vado Via,1.0,1,230360,49.0,
f91feef1-8e0f-4fd1-bb86-667aa90a7280,Stavo Pensando A Te (Re-Edit),1.0,7,223834,79.0,
dc9bd984-88b5-436c-b392-1816fe6e39c7,Stile Libero Futuristico,1.0,11,239960,60.0,
c90a4a4f-c8bd-48a8-a0ec-a55b985c1f59,Quelle Radio,1.0,9,276124,40.0,
8dcd80a9-4433-457d-ae45-50a90aa391ac,Collezione Megamix,1.0,12,603160,4.0,39885a1d-aa57-40b8-a19e-f9f4c4448e43
2d0e229c-c5c6-40f1-8ef5-f06d13856e52,Non siamo in America,1.0,9,276124,40.0,
0f8c5a91-fca1-4510-b6e1-1dcf6cdc6fe6,Capito Tutto,2.0,9,164106,27.0,
8d4fa17c-4966-4e39-993e-2aa82d2dccff,Freestyle Solido,1.0,7,256666,37.0,
7a2592e6-db00-4f18-80eb-ec7dec14a0be,Troppo Di Tutto (Guerra E Pace Deluxe Edition Bonus Track),1.0,10,264573,69.0,
6780df16-6401-487b-ad9c-5ad8fad42785,L’italiano balla,1.0,1,230773,26.0,34d9dca9-3c19-4283-8a4b-a5f3af801564
39a3c151-5813-4bc1-9dd1-04d68df7f75a,Denaro Contante,1.0,5,224440,19.0,
eacf4864-d6fd-4d56-a27c-f538f275868c,Non Faccio Male,1.0,2,237960,49.0,
1d8b5da3-84ba-4d12-b5db-a48e28d3e5a1,Intro Casus Belli,1.0,9,267386,27.0,
028628d3-3e64-4274-b185-3aa1aa19e6a3,Grandi Viaggi,2.0,7,49826,27.0,
2c07c7f6-ea18-4877-84dc-539e74dc85db,Tutti In Quarantena (Coronavirus Freestyle),1.0,7,256666,37.0,
cefe4bf2-220f-4678-b404-9c00f12aecf3,Numero Uno,1.0,9,267386,27.0,
49b67aea-bb04-4802-bcf2-1f35d27e78aa,Stile Libero Passato,1.0,4,215240,48.0,
4f8d0d1a-b3c5-4ddf-9b1b-ff87654e42c3,Freestyle Gasato,1.0,7,256666,37.0,
75e7b15a-7b6f-4a64-9b26-29dcc2919383,Stile Libero Presente,1.0,10,330768,36.0,69f4fc79-4fa1-4147-b97b-bed9df588f8f
6c17a6c2-9e0c-431f-b5c6-a223a6bd16c9,Freestyle Liquido,1.0,7,256666,37.0,
e221384a-e36f-485a-ab6e-ca6349367b96,Sono Hip Hop,1.0,4,291840,12.0,cf4b8337-4468-4a8e-aa7e-258e2581c42d
9deb3de6-464e-4210-9cfb-63608620b8a9,Sotto Shock,1.0,8,236253,60.0,
e0f9dd9b-b99c-4c30-936b-c929113ea925,Tradimento Freestyle,1.0,2,237960,49.0,
9fd32a5c-e9d1-4ae8-a772-f200a4a407a9,RIN Freestyle,1.0,7,256666,37.0,
cc4f8fe6-2a16-47fe-8a96-9c0ef19aa6b9,Bugiardo Megamix,1.0,1,245986,46.0,
16635050-c645-4bee-ae4b-e07cafcd0a6c,Intro Quorum,1.0,7,275880,37.0,
cbd6df99-7f47-4036-9b66-24d0aec7afc9,Still Dre freestyle,1.0,7,256666,37.0,
332b4724-6972-4afa-b9a8-a5a70076c433,Freestyle (2004),1.0,1,144520,44.0,
97df325f-39c7-4821-a1c9-7d86809719ef,Freestyle a Radio Deejay,1.0,14,197853,24.0,
ab196c31-acdc-42f8-8c4e-caca14270ce5,Sanremo Megamix,1.0,5,169506,5.0,3317cd8f-4a33-42d4-b8ba-78fd14ebbd31
200ae97f-6f75-4eec-b4a7-0bfeabfe0460,Saddam Freestyle,1.0,7,256666,37.0,
a39d00f6-dcb5-432c-ac5d-ca810d6d048f,Parodia (MTV Day 2006),1.0,1,144520,44.0,
d56ea287-8e19-4e88-ab74-d784419cc9d2,È Un Tuo Problema,1.0,8,227573,55.0,
db585467-275b-4ca1-bb61-d3f9671a3ca4,Intro (Rima Dopo Rima),1.0,1,230360,49.0,
6359c3b0-f1a7-4cf8-91c1-fe3859c7d728,Rap Natalistico,1.0,11,239960,60.0,
99aaae8e-7cd4-4936-80f5-0199a2717a71,Streetstyle Intro,1.0,8,236253,60.0,
d50f7e0b-99d6-407d-97eb-8a69e5725855,L’accoppiaggio,1.0,8,236253,60.0,
62519815-5d1e-491f-9ab4-e80ccd0e8649,Freestyle Nuova Scena 2,1.0,10,209552,71.0,
f7b3c979-a1b0-4236-960b-afac20b0ba9e,Dalla A alla Zeta (Remaster 2010),1.0,1,144520,44.0,
01e1709e-279b-4671-8405-6bb2f7ca35e8,Qui Dentro,1.0,16,240053,49.0,
7a54a352-c93e-4484-87b9-e243e610ae6e,Ma Che Persona (Remaster 2010),1.0,3,294093,54.0,
c74f3046-a027-4d3b-80b7-ef278730c6d9,Bonus Track (Turbe Giovanili Remaster 2010),1.0,18,255893,34.0,
604689f3-f12b-4a3a-91f9-066d9f91f9aa,Stu core t’apparten,1.0,1,149909,51.0,9474a4c4-7850-4601-885e-37dc46d5fc3d
3aa3ab76-c8e2-442b-b645-77733e0f4c52,Ti volevo dedicare,1.0,3,208133,66.0,
0cb0f710-78dc-42b4-a1cb-6148bcb22033,Nisciun’,1.0,6,144133,59.0,
a705d24e-2eaa-4c65-b148-77a16473d05e,Buonanotte amò,1.0,7,162133,53.0,
6827e3ef-4336-4ced-a1df-fad14ebe0a15,O’ posto mio,1.0,6,171400,44.0,6bfcf175-dd88-4df4-9475-92e50e794932
0e1cce48-55e4-41ac-abee-3a57120b31b3,O’ mar ‘e o’ sole,1.0,1,220053,42.0,7c2d2e0b-d64b-419f-b3b4-d3a2dcac466c
e00dfcae-d1e1-471e-b0df-86ee513f6ee8,Kevvuo’,1.0,1,206315,28.0,48d3197c-c639-468a-9568-5864930bcc10
7b7596c1-30c9-444f-8b9d-2cce98d0a307,L’Ammore Overo,1.0,4,241880,53.0,5a187a79-ac7d-41d2-a0bf-0ac81e2c56c1
51ca721b-09bf-427f-b338-4e7c520d40df,Mario Merola Flow,1.0,3,218000,4.0,77697e60-0bbf-4773-b926-918ffce83711
017e1ae5-d661-4a40-ad5c-698f1502d692,Se tornerai,1.0,8,221386,46.0,
eec2e916-2597-4e7e-b648-7b0211d557da,Fa’ o’ brav’,1.0,10,227184,41.0,f51dd421-9730-4f7d-b576-ea4824622498
51d24efc-a59c-497f-9fa5-5bb07a8aed78,Nu juorno buono,1.0,3,194133,53.0,0551b9a6-a4c8-4fd3-933b-8ae88673c7a6
d359eb73-b59c-45e1-a98e-87e09a845e12,Mai più,1.0,1,200000,29.0,
0e71e8fe-7e00-4a25-967a-f47e340fd65c,Capocannonieri,1.0,6,257746,41.0,
16c9bf37-cd9c-4995-9a47-401a05f88350,Ngopp’ a luna,1.0,16,134573,54.0,
038e1a94-aea8-4f9f-b811-345a674c40f7,Nu brutto suonno,1.0,13,240413,35.0,
523dbe3b-90e5-4b0c-b448-be3710423a65,Cuore rotto (Nfam’ Version),1.0,15,183186,23.0,
dc672368-0c70-4d76-8cdc-0eef3ffe09ec,Cuore rotto,1.0,1,184819,24.0,6821c7de-af1c-4403-9ef4-4da39ee408e9
3cde0e4d-f14b-42a1-85f2-40dccabf643f,Tutto resta,1.0,7,161080,48.0,
eb9b2304-7c0c-43a9-9c2d-f9cc3ba225ff,Invece No,1.0,1,155172,22.0,4f05eab5-93e9-442d-a8d0-ebaaed275bba
8fc066b4-fcd7-4507-8b01-bf34d582ae62,A un passo dalla luna,1.0,1,167313,59.0,4135f8ac-9c09-44cd-9585-976c00e6a72a
6eb51885-f8b8-4ffa-a74a-52b9afcec534,Se mi chiami,1.0,4,233026,50.0,
3e4e2350-b1cb-4224-bca3-f96d790de46b,Nun me vuò bene cchiù,1.0,10,152506,26.0,
f3baa8ee-dc87-4bc6-8f21-2617f23cde88,A Un Paso De La Luna,1.0,14,169677,58.0,e2cecd44-a49d-40ca-9ef8-fb35703bba3b
40496a26-0c2b-42b8-9701-3a6605e7a52c,Nun se ne va,1.0,2,189040,40.0,
2aa89b4b-ee87-4b54-81b1-830f78ee87f3,Niente Da Bere,1.0,1,229264,19.0,f041ad01-1baa-4955-a85e-266280beb865
0d395a13-e5a0-4387-86b4-0b05323fb0ef,Che me chiamme a fa?,1.0,15,161783,54.0,
9d431d1c-c314-4db1-b148-55a5f137a92f,Libertà,1.0,3,208133,66.0,
5d04afc9-47bd-4de1-950b-c10ef241cd36,Grande bugia,1.0,12,198906,27.0,
8a090696-9aef-4711-82be-eb871b1fff02,L’urdemo vase,1.0,5,188216,46.0,
7caec7d4-73ed-4e7c-b851-6461e52af773,Solido,1.0,3,171425,29.0,
e7f4eb34-22f6-43b5-8494-a93911c9a108,Nun è giusto,1.0,13,203653,24.0,
cdd96891-45e0-4f8f-ba58-8124630a0d23,Street Life,1.0,5,196186,21.0,
b56b7fab-ff51-47ed-96ef-40fb45f27479,Discofunk,1.0,9,196813,32.0,
5a183685-cf44-4f95-af57-c48d7dca14e0,Maledetto Sud,1.0,4,225560,28.0,
3d438e91-6cc3-4627-b3f0-96b27762c8ad,Benvenuti in Italy,1.0,14,196373,43.0,
52a8a833-3cb3-4c41-bb44-a4d10d8afd61,Tutte ’e parole,1.0,1,200100,32.0,a46809e5-7a30-47ca-91fe-d764ad4d6cde
0deeb920-d8ab-450d-a69c-1936bf20d102,Ho scelto me,2.0,2,215106,46.0,6bab544b-4ebf-4ac3-85dd-e42e0986dd40
4254c1b5-fdd0-4778-9f01-98c3de31723b,The Show,1.0,14,225560,26.0,
ecbfa62e-4a39-4586-a31e-1540d6e8ebce,Fammi scendere,1.0,1,212653,31.0,ea16b983-d21c-4759-b194-5391b409ab4c
68e41017-0562-4da6-a5cf-6185f3cde590,Rivoluzione,1.0,7,168034,57.0,
b97d061f-2443-484a-a2f2-eb56fa45edc0,Vene e vvà,1.0,2,194986,40.0,
45503eab-c6b8-492f-8356-8a3027f8b6d6,Caramello,1.0,13,197760,54.0,
5a96b51f-42d6-40cd-8ede-dee6ff1f6c1c,Santa Margherita 104 Freestyle,,,,,8ee7e293-53cc-4692-afe1-8f5d53c1cf8d
e400269d-09e7-48f8-b77d-6b3023aabed8,Vada come vada,1.0,7,168034,57.0,
7b6c8b7a-2f0b-45a0-9feb-803b6da63328,Regole da infrangere,1.0,9,181348,34.0,
430c89c6-8d71-4e7b-a136-a3f6bc8fe225,Na vota ancora,1.0,6,192840,33.0,
6dbf467f-e185-4902-8c60-9d09c634fe4a,Un bacio all’improvviso,1.0,1,171194,58.0,6d63925e-5769-40b9-8929-2e8e2366340e
4ea5a6c0-77b5-483b-985d-6fa9a6e41fd1,Te penso ancora,1.0,11,148875,47.0,
33ef3011-fe37-4ce3-bc5a-f27d9a6950fa,Arrivano i prof,1.0,1,179996,43.0,04b662e7-5332-4505-9a07-109a5884ebfc
0ff72f08-ff85-4a7b-ad2b-6356f540ea11,Vieni con me,1.0,8,216946,42.0,
7fc3a593-bd36-4b64-9391-f8786397c377,Nun c’ sta paragon’,1.0,7,184000,29.0,85c6eacb-be4a-4975-be76-e6bbec95f0ed
6f86039d-3ab2-4220-bce8-15b38d879136,Ce magnamm,1.0,2,296813,26.0,
5656c950-dc8e-4957-8f77-e741c32370c8,Sultant’ a mia,1.0,17,150400,38.0,
aaa0fef6-f2da-4a0c-a3ec-ffb8fdfcc019,Caffelatte,1.0,6,174791,29.0,
12c7d5b3-6f22-4dbf-8760-c52fd000b607,Giovane disorientato,1.0,5,162426,27.0,
6b03f2bd-6ede-4bdb-b2b8-87e2c061eafc,Sto Bene Così,2.0,2,196813,37.0,67466492-9e32-47c7-bfc4-1a22df7b0d00
0df6ba27-7cd8-4fda-ad4a-3944419f6ae1,O’ reggae de guagliune,1.0,7,309626,23.0,
3343ebbd-3c63-4466-a9cf-1430d3d74f93,GIURA,1.0,9,163300,52.0,0621f667-f5fd-4cfe-9a66-65325d970d97
b33ff810-a534-4564-9475-7b71f0b700b1,Stella Cadente,2.0,3,238693,41.0,
7226818e-d404-46b3-a342-5015294dacd1,Replay,1.0,11,204133,30.0,
8e062768-bfe0-4f31-a0cd-65bf121ed68d,Fantastica,1.0,4,187612,45.0,
ce82c6fd-b4a4-4d3f-912b-928869efae44,Fiocco azzurro,1.0,8,161333,37.0,
22c5d6de-a72c-4630-9b6d-d85e2774a4e5,Una moneta e un sogno,1.0,5,179960,22.0,
470b1635-cf0a-439f-9e17-efa0cc50404d,Il sole tra i palazzi,2.0,1,195906,27.0,
911673d6-0f7a-4cb5-a998-c89aea54c2f9,‎Nel percorso (Lele Adani Intro) -,1.0,1,39924,23.0,
8d6ec3fe-2e58-4a7a-ae43-7031b7e93865,’A Verità,1.0,3,194133,53.0,
0ec94e76-2599-41f3-9def-857f1d72601c,Non rimpiango niente,1.0,16,193520,26.0,
af304c04-311d-40b3-9881-77e434f6df66,Maletiempo,1.0,12,192733,21.0,
bcb1ae84-a5ef-4839-9285-152a994f1699,Wake Up,2.0,1,166946,32.0,
125eb1d6-92df-4066-be60-6fe1cb63d618,COSA TI AMO A FARE?,1.0,8,202352,51.0,
0f7630cd-0380-426d-9f54-957938eec77e,SignorHunt,1.0,4,233026,50.0,
dc109761-95ed-4101-aa6a-c1ee572bccd4,Devo parlare,1.0,9,194933,28.0,
6ddbb4cf-45a1-455f-9a60-67e2ddccace3,Tengo voglia ’e sunnà,1.0,1,172120,18.0,
fd11108c-cbcc-49a5-8021-dfc9d7dcf571,MILLE VOTE ANCORA,1.0,1,192712,65.0,bfe5d9df-e479-4f1b-950f-9f0cf4cca355
0549abb8-4824-4893-bce0-654ca9caeba1,Happy meal,1.0,5,176386,26.0,
efd6316e-3459-4017-97d9-efee1c8687d7,Non litighiamo più,1.0,1,180444,61.0,c3f39b2a-0c43-4992-807a-9cfb589d3a11
8ab83b60-430e-4dce-883f-f243aa74788f,Pane e Rap,2.0,9,253373,16.0,
46f1d358-864d-48ee-b281-766fa1c57b30,FRATMO,1.0,11,190246,47.0,
4e7487e9-ade0-41a4-898d-e40ba75969a1,Pe’ vula’ nata vota,1.0,1,181276,32.0,57144c9f-7652-47d6-99a0-b825b6d9b9bd
c2a0b41b-827f-4f5e-8036-0f6e7d4e21a1,RAGAZZO DI GIÙ,1.0,3,192712,61.0,
d910957f-fc07-4f79-80e3-bc613f42722d,PUSH!,1.0,1,152250,34.0,a8980dac-5c34-4c6f-9dd7-c0b4258acc25
d0a2d63b-6402-4359-ad89-3a38a9802d9e,Fammi vivere,1.0,2,246413,20.0,
5a550369-2576-4ba6-88ea-1cb8bcbe98f6,Qualcosa di strano,1.0,10,240066,16.0,
64ea4ea6-b71c-41b2-b30e-c8773d632f23,Nun è fernut’,1.0,18,221413,20.0,
ba8f1966-401d-470d-adb0-fa0a1ad116c3,Come una cometa,1.0,12,202106,35.0,
0c745575-843a-4785-9af8-76fa5f3dfd22,Io posso,1.0,1,194600,21.0,
6b00adb8-6c04-42b5-85ad-b4c79059f326,Marcos,1.0,15,249493,14.0,
92f8df62-3aac-48c3-8d38-4b4fa94151ab,Eco del mare,1.0,3,209706,18.0,
2c13d82d-4392-4689-a539-841318addc3c,Spiraglio Di Periferia,1.0,8,222000,39.0,
07fad397-3b40-4cab-b7f4-07e8525d0e72,Una lacrima,2.0,9,224946,19.0,
596d10f8-ac4e-4da2-b452-e82a4c2e4530,DOMANI CHISSÀ,1.0,10,160975,45.0,
1367d9ec-cd1d-421a-9893-dac14db2a0ec,L’occhio del massone,1.0,8,214346,20.0,
955f67f4-c7a4-4b79-a955-fe1ca840aefc,Haranzullah Flow,2.0,9,253373,16.0,
62d5f3c9-5aee-4149-9569-d2fea3dd88a9,’A voce de guagliune,1.0,17,189093,18.0,
80224c04-2936-4c01-8922-33a0dfde9666,Senza chances,1.0,1,218800,20.0,
3fc2f03b-a176-4ec7-b781-0554fe954a30,Allora no!,1.0,9,194373,15.0,
5f5ac05b-e0f6-4277-b9cc-8f41b6358dbc,’Na stanza nostra,1.0,16,225826,38.0,
ac253347-9931-451a-838c-94beabaa927d,Credi,1.0,13,217866,32.0,
5eae53f1-4619-40cb-a9a4-bbe6365faa36,Die young,1.0,15,225600,17.0,
03cbccce-af1e-42b9-9934-36ddf6f41dc2,’Na sposa creatura,2.0,5,188906,22.0,
86af250c-a19d-456d-a8cb-7c1ed2ea380c,Le due storie,1.0,11,178000,27.0,
95c7ede2-4971-46c2-a3ca-9c61c5e3d442,Back in the days,1.0,11,237666,14.0,
f9da2160-a729-456f-9086-1f27caf69cba,RH Positivo,1.0,10,162000,24.0,
30ee89be-1885-4a87-869c-18c6b55c43c9,Quanto Darei,1.0,3,182306,18.0,
345a5d37-3cfb-495c-b0cb-53cfcfdc7588,Tu vuò fà l’americano,2.0,7,173693,23.0,
beef6eb0-c537-4578-9e36-579ef093d9c0,Sul p mmè stess,1.0,13,240413,35.0,
ea8b1c1d-b797-4928-97b4-ab812f3fc8a9,Giovane disorientato 2,2.0,6,164573,22.0,
8fdff3f9-a36e-49a7-8204-75116cbc9f9b,Sul pe me stess pt. 2,2.0,4,132360,12.0,
ebce3054-90b3-4490-b9d7-ed864a956534,Un beso de improviso,1.0,1,171194,54.0,ad9922f7-a470-4e5b-b425-f03fdd340e37
19fedb91-8781-41d2-8be4-5f4c3385fd86,Altri 100 anni,1.0,14,354200,10.0,
261ff3f6-7473-404a-93e5-9f961d99a057,Io ci sarò,1.0,11,221146,17.0,
ed277550-5e79-401c-8502-7deab813ef44,Musica Italiana,1.0,1,183461,55.0,65ca00b0-6297-4fa1-a085-f9b893b98055
5dc3b06c-f3ce-475c-8cf9-66422feb170c,A’ vita senz’ e te (Me fa paura),1.0,1,142798,41.0,4c5b0195-6a8f-4b1a-a739-400ad96c6cdf
5958d199-80c6-4245-a970-2695474f0373,CCHIÙ BENE ’E ME,1.0,6,153000,59.0,
316fb237-38af-4fba-9c11-0873df4cfa73,Non parlarmi,2.0,4,253973,14.0,
e9b58cf1-3942-4481-8864-62ab28061021,Quante cose,1.0,9,196000,26.0,
b6efcbe3-8e29-4593-aa82-fdb4539c931b,Atleti,1.0,7,170253,17.0,
8da46e19-980e-490e-9b2e-9c5ec736c66b,Come hanno fatto tutti,2.0,8,216813,12.0,
a36ffbe5-a1d7-486f-b28c-605dd17706a6,Fatti non parole,1.0,10,245386,13.0,
f2aa7a33-fde2-4608-a23f-76f0e470c0cf,Nu juorno buono - Sanremo version,1.0,2,197746,16.0,ff1af247-dabc-4b00-bac8-fb79aba3a100
fde10738-d182-4465-bc97-5ca1115cd352,"Ninna nanna, ninna oh",2.0,8,120306,13.0,
b37954b1-5b52-432b-93d7-4a568dacfd7e,Senza peccat’,1.0,6,194000,21.0,
94b8dded-fb39-4bcc-9dda-5692c22b511e,Girare il mondo,2.0,6,196293,12.0,
ab5bfa5c-bd8e-4e1a-90cc-1ff1c1f8f970,Sfizio personale,1.0,9,233693,15.0,
fe8a8ef8-7b06-4e0a-8ab2-68c635a79256,Senza musica,2.0,10,293426,10.0,
7ea5ecc5-c425-48dd-96d5-716dc08ccf2b,Solo quiero dedicarte,1.0,1,192000,39.0,1a0b80c4-9c18-42b9-9ef5-a9b62f98fbdd
3d21a69a-58a0-4060-94c8-5c7b5153bbd5,Ultimo viaggio,1.0,12,183520,19.0,
ffefc00d-057f-403e-ab60-89eed4049ae3,HipHopcrisia,2.0,5,175946,13.0,
a252f8e0-f685-439f-9803-d9294ebee9ea,RH Staff,1.0,10,210360,17.0,
73c3bb80-c39a-4885-918b-29b0b3736724,SPERO CHE DIO NON ME LA PORTI VIA,1.0,12,181445,46.0,
d96691c9-dbd0-49d3-b838-a59b58d0e9e4,ARIA NOVA,1.0,1,86524,42.0,
a93c86a9-b18c-4d7d-924d-bbf329d78cf2,Rint ’a Merd,1.0,11,237666,14.0,
aa1b06e9-cdef-4452-b2dd-1ac43d281c5e,SULO (TONIGHT),1.0,5,164124,46.0,
d5eebecc-a0c6-45b2-afec-0f0c44a4180c,New Life (Freestyle),1.0,10,227184,41.0,
52103368-487a-4dd7-8609-9288decc0dcc,DEMONE SANTO,1.0,7,143157,44.0,
fc2acbc7-cca7-4498-8ae1-b588091af8c1,Pillola 2,1.0,10,210360,17.0,
8057db30-bf89-44dc-8fd5-d01f65261c28,’A NOTTE,1.0,14,171136,43.0,
cc4e8391-80a5-4f95-a0ab-aca3f120d852,BONAFORTUNA,1.0,4,167962,48.0,
51760b24-6d83-4579-b959-c8032d3b047d,PRIMM’ DE 30,1.0,13,146379,42.0,
5a006b3f-fe85-4f21-b54b-9b0d493cab1c,One Take FM Free Mic,1.0,1,193170,1.0,bd314862-3d5e-4b88-8964-f4b89907e600
d0c25570-3fba-4582-9a18-61e24a8f26d5,Caramelo,1.0,1,197727,41.0,67407e82-46b3-4c8f-b5d1-511de8fbb1bf
12c7b955-d27c-4407-9b84-3cdae5fbd7ef,Ciao Fibra,1.0,1,201653,22.0,
2bf466ec-c6bd-4d82-8a31-bc3cae783373,Lo Faccio Apposta,1.0,2,129211,16.0,922baaae-49cf-494a-99e0-6ae41c59e171
e7471893-1d00-495f-aeb8-5fe1555a7b5a,Dimmi Come Va,1.0,2,263014,4.0,46846e2f-1fee-42e6-980e-4cdcbf49be66
65bc9f65-0b93-45f0-bffa-a3787d3503a3,Che Farai,1.0,4,211653,31.0,9c21a961-6961-4bd8-9f54-93874bfb673b
0ef3c2fc-cd26-4320-8a8f-4ac70e21ae32,Parole,1.0,3,229560,28.0,8170ec47-7c7e-4fbb-9d29-8b539591294d
a301aa92-eb56-4db0-8327-b78117f2a3f5,Centouno barre,1.0,1,303440,16.0,1f3c0e1a-1c08-4bfe-8c9a-5f39fecb7eff
dbdcf076-f6de-4a98-9174-f9e0418341cb,Apocalypse Yao,1.0,1,311464,12.0,03c30043-2e27-414a-956e-77f373289c01
3fa28840-67ee-4417-9b7e-30c6ca23e8ee,M.I.S.T.A.M.A.N.,1.0,5,119906,23.0,ec380162-79d3-4d73-9201-d03a2fc4dcc1
ecad9f68-835c-4728-82b6-e14c508e7f28,(x²+y²-1)³-x²y³=0,1.0,9,136240,18.0,
accbb593-ec09-42e8-8df2-abd105b0d781,IRR€V€R$IBIL€,1.0,16,103026,25.0,
3932db27-2add-4095-8c85-b6d6a39c8caf,Si salvi chi può,1.0,2,247760,26.0,
fb9b6851-c805-4f03-b75b-ec9bd074eac1,Indelebile,1.0,8,197466,10.0,
2d717465-da3a-4416-a6c7-e73e0c34fbfe,A100,1.0,3,211786,21.0,
82fd199c-fffa-437b-8d4e-af4889f9e14e,Vite A Metà,1.0,15,290586,16.0,
89695295-5874-4e56-b017-599ba88c3a5c,100 Barre,1.0,14,276026,19.0,
4f0f59fc-0ae7-47a4-b646-f119f6903107,Noi,1.0,9,217291,25.0,a90417e3-bb48-422c-96fc-94689fac8b96
8b2a5122-1821-4b71-98e1-5b07b7880580,Successo,1.0,8,196906,11.0,
75f8f610-4a58-41fc-a699-50544d4e7c2f,Chi Sei?,1.0,3,208613,26.0,
a6a83bcb-8212-4028-be98-6b3f54ec0bee,Se Solo Avessi...,1.0,2,272386,22.0,
46f839a8-9a31-4ab3-93aa-5de987a494be,Slow Mo,1.0,7,230440,24.0,
6541d702-ac04-4f85-8d46-fa9275ea8f40,Se Se Se,1.0,6,218097,31.0,8a81dad3-c76f-41ca-9563-e6110f2f37f0
05c83fc1-a889-469e-ad4a-f5a677134010,So Che Ci Sei,1.0,12,185440,14.0,
8db8fca5-b141-4a25-80d0-6f870f3b53fc,Hiphopcrisia,1.0,3,267672,8.0,
ce701d49-2e92-4612-9ed2-586b6859096b,Che C’è Di Vero?,1.0,2,324026,11.0,
29904fe5-6f88-40da-a826-2159fe589f62,Musica Vera,1.0,11,239546,20.0,
7c4029e7-821e-4420-9ada-05e4d24b8a97,Lascia stare,1.0,5,229746,12.0,
e4c105e7-fc65-4545-8634-1b9ddb640d79,M.I.S.T.A. 2.0,1.0,13,113421,5.0,
69f617f8-ca1e-4fe2-9b35-ceb727ce31d6,Non C’è Domani,1.0,2,214277,10.0,
df53feeb-8f4e-493b-8c40-f3484e719858,Ti ammazzo,1.0,7,162053,13.0,
4b494115-5144-45da-989c-75ae728863ca,Hey Ladies,1.0,14,183346,12.0,
ab9df239-eafb-454a-ac68-06a392377e10,Realtà aumentata,1.0,10,169420,5.0,
68749b8b-5e2a-455d-937c-ca74a463c9c6,Se Non Ti Piaccio,1.0,4,214093,5.0,
cbc5dce7-059a-49d1-b7fe-5b83ab5710f2,↑↑↓↓←→←→ B A SELECT START,1.0,15,224186,8.0,
94cf84b3-a3e3-4039-9d9c-7acdcb8fa3a1,Il Mondo Al Contrario,1.0,3,197266,14.0,714c6b9a-6ffb-4c9a-bb2f-400a4273d809
6cebabd5-1abc-4d60-9bf7-db084f275844,Con tutte le ragazze,1.0,12,112960,9.0,
628ce764-8f1c-43e2-8e7b-d794d09566e3,In Fuoco,1.0,5,203011,7.0,
f846a589-9119-4767-985a-8ffd350284b0,Operazione Nostalgia,1.0,6,236079,6.0,
ca846a5b-d451-4237-9f0a-ac1c03c299bd,Basta,1.0,11,200905,6.0,
a9365c86-efbb-410f-999d-52a6a14b1489,Mista McFly,1.0,7,167912,7.0,
2ee63bae-b717-46de-bd3c-eda37963b0bf,L’amore ai tempi del New Era,1.0,4,242946,9.0,
61a4574d-6f49-44e3-98b5-cb66fcff8ae9,Se parlassi con te,1.0,13,260200,7.0,
8669be1b-50c8-4421-8060-6792ea6bd69f,Più che rap,1.0,6,220840,8.0,
998c3e6a-6be2-4358-859e-26dd5c43d038,Mille Richiami,1.0,13,232160,11.0,
fd6ebcbe-bfc6-4c71-ab95-282b67a36634,La Mia Musica,1.0,9,234613,15.0,
036b8e54-9186-44eb-95b1-ef5dda3710ec,Interrogatorio - N.O.A.H. Parte 4,1.0,19,176106,6.0,
ff3f225e-b9f1-43ba-b86d-673fc3e865a4,Mai,1.0,2,185005,16.0,527469ce-31c1-490f-bd98-9a4fed1a7d0f
dec37e2a-5bc2-40c7-bb8c-87b28057278d,I Got Soul,1.0,16,237386,18.0,
92db2770-1b61-4775-86ef-1cb09fe6ac74,Lost in Translation,1.0,12,177333,5.0,
ac014fd8-2f4d-4b84-87e3-93cfbdc17eb3,Real Classic Shit,1.0,2,230246,12.0,
a8235ad0-f184-4ce7-96fd-b576f01ef964,128 Barre,1.0,12,341057,12.0,617dd673-fd11-413f-a713-a1af891ed47e
27180cec-5410-4669-984c-8996cbd6ba37,Traccia uno,1.0,1,176788,14.0,52665ab9-27b3-4a66-81d0-b70dc7239c11
8caa142c-9002-4bdc-8217-274be6277932,Quello Che Non Fai,1.0,11,254466,8.0,
ea541dbe-32b1-4b6d-8fa3-4a3bed1f3919,Lo Sai Chi Siamo,1.0,9,202626,13.0,
886af1db-2244-4789-a632-d8f6b13e9ca4,Io non so chi cazzo sei,1.0,1,105830,10.0,
fe374a06-6e4f-4cce-89ad-17a09b9c8e56,Can’t Take This,1.0,18,232253,6.0,
28883252-424d-4398-9d59-494cab4a1c13,Ora Che La Musica Non C’è,1.0,4,262338,18.0,
913673e5-52b4-48d9-b5bd-b5a1fbd38c81,Sempre In Piedi,1.0,2,262548,12.0,
d08e0e3b-b501-4214-a79a-691d25ae4f98,Cazzo Stiamo A Farci,1.0,12,215253,7.0,
0fa4878e-b5f0-4e2a-9c67-c25949944df3,Il giorno in cui ci siamo svegliati,1.0,14,229440,8.0,
2d69cd9a-e099-43d7-a010-fe14b35df063,Ghost Track,1.0,6,222640,91.0,b8a3b2f6-d681-4563-ab15-e113c49bf1f6
0f12696e-cdd9-4364-808f-b39e7b8b4183,Codice rosso,1.0,11,176240,9.0,
6f706196-3aa5-4a98-bac7-c9042cab5425,Escalation,1.0,7,261346,8.0,
f4d4abeb-9841-451f-982f-e64d23414ab4,Luce Nell’Ombra,1.0,3,235722,11.0,
1bc77f36-9f52-4042-a8d3-6f810eddce75,Winter Sadness,1.0,17,204453,7.0,
2f3d8380-0384-4e05-876e-403784cde2ea,Usciamo Dallo Studio - N.O.A.H. Part 1,1.0,1,101741,6.0,
30effe41-7c2d-4bf6-a883-c386df46a9e3,Adesso Lo So RMX,1.0,20,212626,5.0,
28e145ee-49e0-45ed-8271-6d1cb8085b28,Algorhythm and Blues,1.0,7,197782,7.0,
1e14adbe-4797-4256-aa2b-9ee21940bece,Cosa C’è Che Non Va?,1.0,10,208093,8.0,
83698c63-ca28-4a59-9d61-5c98c830ed4f,Secondo a Nessuno,1.0,5,201449,9.0,
ab95419d-a049-4f05-972a-37e3117b3f89,Tu no,1.0,10,184426,9.0,
3b661328-14ff-4898-afe3-98b7f307db75,La city corre,1.0,4,194243,8.0,
e2fc7d1e-59cb-4b31-94f3-6f20779c4473,Te-le-co-man-do,1.0,8,215373,7.0,
ad93eb8c-6534-4599-a9a6-2fc4dd37f6f5,Siamo Qui,1.0,10,223226,5.0,
bd9c1799-26cc-4279-b46b-f4f656d0452c,Dio Denaro,1.0,3,121549,5.0,
35f7de0f-c905-4459-b985-6bf2e7181979,Non Ci Butti Giù,1.0,4,156640,9.0,
c116546a-1fc2-40ef-8028-35625823c819,Vero,1.0,9,236580,12.0,
6ee8f751-5db9-4df8-9adb-ca6fa992ad71,La Scatola Nera,1.0,1,78909,5.0,
8ff5d6b8-0288-428f-b79c-a28007144d37,100%,1.0,14,276026,19.0,
427efeb2-1ab3-4d25-ba56-f26b162a5eb5,Superfunkycrazyfuturisticpsycojoint,1.0,8,440350,50.0,89fb7a26-5fb7-4215-ae69-b64d239bfdd1
1403b4eb-d431-4fcc-8b5b-343299e11156,Intro ft. Dj Rockdrive,1.0,1,88906,7.0,
c50d9a73-634d-426e-a525-926bbc774aa2,"Mumble, No. 5",1.0,5,105250,5.0,
9131acf2-8393-4b79-83aa-ed234ee47324,Fuga - N.O.A.H. Part 3,1.0,13,111413,6.0,
c64a59cb-1423-4e47-b264-b092884c5ebc,Torniamo Allo Studio - N.O.A.H. Part 2,1.0,8,36293,6.0,
bcb530a9-2c39-470c-a0e2-89b275c5aca0,Troppo e poco,1.0,7,228898,4.0,
5323eaae-ffe5-4a7a-bf07-2375ad74ecfd,Colpi In Aria,1.0,18,327605,58.0,
d35ea5b7-434c-41df-b21a-3bd86f21aa7b,Stagioni,1.0,8,218491,6.0,
5d775251-aaa3-4662-8ca3-c4ad904c5965,Autotune,1.0,6,137505,4.0,
d1607703-6b37-4732-bf94-539db51bc5ce,Mc,1.0,6,228745,5.0,
6793d9ad-d4e4-4cf8-96ff-2ecc38a3c1c3,Intro,1.0,1,74765,8.0,
3214f59d-ac01-40b1-9464-02cd8703ea31,Check 1 2,1.0,6,206915,11.0,
354b999c-b7d6-4e39-ad88-0c58960641a6,La Terza Guerra Mondiale,1.0,4,222069,5.0,
27503e9f-c9ef-46a6-bc23-7872c1bec9f7,Io Non Capisco,1.0,9,195082,8.0,
4a1a16d3-0cff-436e-9bf9-ca132cf71e88,Devo Uscire Dal Loop,1.0,7,189309,11.0,
67a6743b-5bb4-4d8d-adcf-e40432f8089e,667,1.0,10,138582,8.0,
d51f7510-17f1-4e2b-bf40-5ce686584674,Non Importa,1.0,5,214802,8.0,
d203f126-334b-4929-a545-945e48934526,M.I.S.T.A.,1.0,5,119906,23.0,
a869f662-ec36-4eb0-b0fe-0050e053b0be,La Città È Nostra,1.0,1,170383,66.0,757b077b-fc0d-4c30-96d9-25b371205656
365b7e33-736f-45aa-9015-2cbc579212d9,Stai Con Me,1.0,8,178555,9.0,
6ee6f69e-4ca0-43a5-bb3b-a7f8b3e97903,Luciana,1.0,1,188212,26.0,82663d5e-6c8d-4a34-8d6b-72461bdc8fa1
b6e1894e-a204-4bb7-a2a9-defe3bacfa93,Si Sa,1.0,2,247760,26.0,
8f737746-a2b3-46fc-a916-5a9e3b53cdf7,Nuova Era,1.0,11,188154,7.0,
8b71d145-a0ab-4600-901d-134a964b59e1,Arrivo Massivo,1.0,10,223226,5.0,
ced3fb0e-7580-4675-abbe-722c67bd9aa1,Lo Faccio Marcio,1.0,5,176000,78.0,
937a57e3-e704-49aa-8af1-7c0400169784,Vorrei Pt. 2,1.0,7,141791,2.0,20acd4bf-e88b-412a-811a-cd55c8ea0fbe
a3c578b3-1400-4b1f-bf15-96c71c057215,Ci Si Chiama,1.0,9,202849,16.0,585beef0-9836-4f5d-ae29-de84886ec6ee
8a46d70d-63e4-45b3-8e39-4f637fdfffa1,The Banfator,1.0,9,202626,13.0,
af2c3d38-9488-44a7-865a-a062e3c331ae,Butta Un Ciclo (Intro),1.0,1,166842,2.0,f380c317-4c49-4002-861e-32de9415e1f8
d2b8ecb4-81d5-4580-b5e5-69e621ca0c23,Slow Mo (Intro),1.0,6,56453,7.0,
847645cc-e4e8-4c72-9f0b-9201e9093dba,Non Mi Avrete Mai,1.0,16,232986,45.0,08035a74-d460-4598-9f44-1c797eea520e
871d1f73-e47a-4d55-b46f-09b205ee55a0,WILDPIRATA,1.0,2,197000,38.0,64f6f93f-3385-428f-bf37-177dc76ec306
24935f54-e877-47fc-9e9d-d5673747345c,Bolo by Night RMX,1.0,18,219707,16.0,
80776c8a-a37a-4a16-8c7f-f4e9b4f0db50,VETERANO,1.0,7,233386,27.0,
837b49b0-b111-45fe-bd8e-7936c5f9f662,Basso Profilo,1.0,9,208000,28.0,e431d0fd-bf33-4bbb-baf8-0886c46d171d
0b3c0e80-1955-4ed6-aed4-caa667dabd15,‎Il mio paese se ne frega,1.0,3,224399,34.0,5673ecd4-2599-40b3-b880-3a9d6c1afcfb
c6597bb2-b23d-417f-8563-8a08307f2981,Pagine Bianche,1.0,3,268346,30.0,
31722387-4efe-46c1-a6e4-a54b320e938f,DUOMO,1.0,6,196500,21.0,a6355053-71a3-4997-92f9-131fb733a90a
37fc49a8-8ebb-4e84-9072-7a6510af987d,Sentimento Reciproco,1.0,2,216399,27.0,
9364ca3e-a1e3-4ddf-a6ac-58811dce1399,CAZZOMINOMINI,1.0,1,283768,24.0,b7512c6d-ed07-459f-8d63-720cddf35cae
cae8b98e-8c02-4c6c-963e-92480a69ba26,Ripartire da Zero,1.0,3,248089,34.0,
ee9fe1e3-60e8-4ca0-bae7-a04c4492a100,ISPIRAZIONE,1.0,5,216493,27.0,
1391888b-3cb9-492d-a014-e41b452341f8,UNDERGROUND,1.0,1,134120,29.0,
28679573-44e4-4b88-8e08-44582323451d,MEDIOEGO,1.0,7,188444,28.0,
2636871d-fbf0-4fad-9b5e-79e058e9bfb6,MILANO BY NIGHT,1.0,2,219053,36.0,ab13084b-0d45-44db-be20-9dc811d55d2f
577b7e55-5c8e-4c4a-9b3d-1c7fa03bc3e1,Preso Bene,1.0,5,181894,31.0,
435da149-6807-4d33-a006-f5208b375d78,Nuova Leva,1.0,4,169453,33.0,
35725d96-6e04-4052-8c0c-e0d63c4816f8,HYPE,1.0,6,125613,16.0,
7e5f2bff-087f-4aea-8ba7-f29b8a619027,MANI,1.0,11,226626,22.0,
3240ba76-dcd6-4814-a502-4ecb95efac42,NOMADE,1.0,18,196786,15.0,
3ab0ab9b-9ff8-4d43-a34f-bbb44be01c4f,100 S,1.0,1,170382,24.0,
28268deb-f32e-447a-b7f2-738a8320dadc,Baciami il culo (Polifemo diss),1.0,1,234000,41.0,
501b33d2-7013-48d9-8ca6-ec3d54856d3d,MUTI,1.0,4,195920,12.0,
c85ed63c-4eb1-4c49-90ec-bc2d0cff7fef,FUCKOFF,1.0,9,130132,15.0,
d58bf9ef-22ea-443c-8276-232b622b8457,SCHIAVI,1.0,10,202186,16.0,
a205684c-9d30-40d2-83f0-170e334dddef,I.N.O.K.I. (Out For The Glory),1.0,2,241626,24.0,
8897261e-a056-4687-9a9f-10557c87d69d,SILENZIO,1.0,12,184626,17.0,
c2ecc00e-e2e9-42b2-b4c0-5f407ec5ae06,ONESTO,1.0,2,173555,24.0,
384ea220-baaa-4337-9bdf-f69f6569dbdf,TREMA,1.0,16,199053,11.0,
af82f6f2-b9f3-4eb0-9181-8aef152b8b47,Ho Visto,1.0,6,282000,32.0,
2e0256e6-f457-43fc-b8d4-bbbe0fe6775d,Vecchio Quartiere,1.0,2,246000,31.0,
b56aeb37-1399-44a5-bd15-6052fe3569b1,We Going On,1.0,4,177354,10.0,5f5ed4f0-e939-4e74-a4d8-5930abbe4cf4
3fa4fc3a-b45e-445a-92c8-698190879892,IMMORTALI,1.0,8,219512,29.0,
4f27fef7-c054-476c-a32f-38de8a70deb4,Rom Connection,1.0,15,321782,23.0,
5f2d0972-696d-48f5-b9dd-def838ec3bfb,DUOMO RMX,1.0,3,168493,18.0,
983c2b07-f4fc-4f66-b046-ae1077475ede,Quando qualcuno se ne va,1.0,19,151693,17.0,
4e891c64-6597-4d8e-81a7-8f96374e6122,Parola di Faliero,1.0,14,75933,5.0,
4665ee61-bd5d-4245-ba9f-31bcfec7a931,Senti Lei,1.0,9,124644,16.0,2586edb7-ae52-41a4-b423-1c0706f05ea4
098e1671-e7d1-442c-bf19-da388ebc8bb0,ONESTO RMX,1.0,19,202000,3.0,
0dcd3a4a-7f32-4126-829f-4baf50706cd4,Cash Dreamin’ RMX,1.0,16,232986,45.0,
5336e7be-b6dc-4b70-bc3f-1d5ad0952222,STANCO,1.0,14,171880,11.0,
55b169aa-5041-4bff-8863-38dce48d5272,Nuovi Re (New Kingz Anthem),1.0,10,306480,21.0,
aeb4b9f1-9c97-49e1-8471-3cc741ea67b8,Soltanto Tu,1.0,5,206186,20.0,
8a4fd4fa-cf74-4b67-9b33-8ace87cabf1f,It’s War,1.0,7,162052,7.0,
8ae4517d-ea10-4cdf-bf6c-e76cccb3ac81,DETOX,1.0,4,220213,25.0,
e4609ec5-05e5-4365-9279-d9fbeb470987,BANDIERA,1.0,17,135373,9.0,
01ac973a-4f68-40ae-9f96-1162930b3f33,Tutto Il Mondo,1.0,5,285094,18.0,5faef9fc-2adf-46b5-a6ae-f225c85b7185
d43550ac-21fe-435c-ac03-89e238282d45,L’Antidoto,1.0,1,276173,14.0,4dfedf8e-c5f4-4737-be98-604e437b9112
f79ed24c-d013-445b-be38-7cba551652a7,Parla Chiaro,1.0,19,132237,4.0,
9418fcb9-23de-44d6-afc4-1a36d879d090,Lirico Alchimista,1.0,1,171549,16.0,
92bfcea3-5bc5-48f0-bcf5-f69bd0cdc2e2,Mezzo Metro di Cannone,1.0,18,326519,12.0,
f87107aa-64ec-4dbd-a802-f5c86e88b510,Freestyle (NewKingzTape),1.0,5,171502,15.0,
ff04453c-8919-4ed8-b127-888b8c6aae7b,La Regina del Party,1.0,12,270746,17.0,
0a60c7b7-aa8c-4096-a535-eff40b96182f,Giorno e notte (Original),1.0,9,180863,76.0,
e86d13b0-9f46-4dfe-b8e7-7c8fad7f5cdc,Le Mucche Fanno Mùùù (Vaccagare),1.0,9,192600,1.0,55c8b459-eb9b-41c9-a0fc-aca0fd8f1ad5
d70cf3f2-f980-45d9-a2b4-d5ce487ffe86,È Un Gran Viaggio,1.0,14,194960,20.0,
ff656c9a-1805-4581-9601-edbf31179fcf,COV Milano,1.0,12,159613,9.0,
bdd22ecd-f775-410a-961f-c284a6c8b5ba,Parli Parli,1.0,11,184666,8.0,
59b2427a-e6ee-44a2-a9f9-28eb71c9b442,EZÉRCITO,1.0,3,205373,20.0,
df0b0e22-3bcd-4c50-96e3-5f841a1832e8,Con Orgoglio,1.0,13,285799,10.0,
080cc5fb-bac3-4ab2-a8eb-673faa9dc454,Ti Sei Mai Fatto di Rap RMX,1.0,16,256134,5.0,
fb41afa3-8c51-4f46-9dd3-9336135f6a1e,Cronache Di Resistenza,1.0,1,168000,1.0,74f5e434-ecf9-4034-a3fc-17ffe99d539a
09645add-1051-49ea-b557-f453e2759929,Med Connection,1.0,8,379666,16.0,
9585f9a3-8294-45f6-b37a-62c040c9cb8b,Nel Ghetto,1.0,8,190055,8.0,
02b3bfeb-2354-44df-880e-ac5edad98fbb,Polvere Di Strada,1.0,4,224000,31.0,
68aff407-fd79-4c01-bce3-c8404382559a,Benvenuti,1.0,1,178050,7.0,
935d99f6-8c47-4d0c-ae26-9da0323ffcdf,SPUNTABLU,1.0,1,191213,24.0,
1fc85654-809c-4ba8-98c0-f7dbe7429a4a,Bolo by Night RMX (NewKingzTape),1.0,18,219707,16.0,
a847fab2-ba44-432e-811b-21115f3aa93e,Majiko,1.0,7,239573,64.0,d06e40a7-393d-4bcc-8543-db76679788e3
d0128c97-4870-45c7-be8e-4223800094cc,Io Vorrei,1.0,11,226371,11.0,
9b0608af-41b3-4f39-aee1-c3afa114d1ea,Perdersi,1.0,10,240799,13.0,
52d7c251-1f2c-4a67-a487-c37dc9a8afd2,Immagina,1.0,1,167821,40.0,b5638472-8a01-42bc-8b5a-8723837e2456
242ec5ec-9b2b-478b-995a-a018ab80aeeb,In Volo,1.0,2,224351,13.0,
8f6ce169-78bf-4ed2-a4be-1a08284e9cac,Il Sole Su Di Noi,1.0,10,211765,8.0,
46af43d6-d973-48dd-858c-919c4e8f0ebf,Intro,1.0,1,90640,15.0,
a05785be-7267-43ab-8801-f29626739daf,STO STRONG,1.0,4,185611,15.0,
e5d8749d-b327-404c-88fd-837f41a02489,La Pace È La Risposta,1.0,1,205724,20.0,f87fb895-081f-4169-9b57-20b5d44c31ff
dbca3f51-4754-4c7e-8310-3e18b8805850,SORELLE,1.0,6,247632,22.0,
fa490759-5029-4ec0-b0d4-50f061d6762d,IMMORTALI RMX,1.0,7,200514,61.0,
72b4a301-e455-4f87-b3ce-5d71340181f1,Since 95,1.0,6,193399,14.0,
155a3b43-6336-4529-a333-ee5c4f6ce3f2,Coriandoli,1.0,8,180744,9.0,
11278f8a-764c-4b97-a335-eab25d846a30,4LIRE,1.0,5,215506,18.0,
81c66204-f878-40c1-9cb2-4192d71c1cbb,Street Requiem Rmx,1.0,17,233786,39.0,
4bcc2dc2-006e-46dd-8efb-50d97dad17c6,CERCO (STILL BROKE),1.0,5,172307,13.0,
4e147435-ae96-4fa4-9da5-70d653398676,Ho Fatto Pratica,1.0,4,235798,12.0,
001422b2-c994-4d35-8837-50e8e16b3635,House Party,1.0,15,226146,19.0,
ae0837ec-0479-4458-8f1c-402eed95dd88,Se Mi Vedi,1.0,7,219826,11.0,
de537a22-1865-455c-b08e-0dbc01146321,07 Agosto 2005,1.0,23,86633,8.0,
25600a2c-e0fc-4fa8-bdc0-0563c62adbe9,Prendi Questo,1.0,4,247129,5.0,
2a2e62b1-abbb-4c07-8fa7-f5aee7978adf,Bolo by Night (NewKingz RMX),1.0,18,219707,16.0,
f1d68021-41d9-4ca8-b010-3974803ed01c,Ogni Sera,1.0,5,222933,13.0,
1b41cab4-84f8-4f8c-90c4-69af4a50b3e2,Calabria Bella Sto’,1.0,14,164211,12.0,
ac2dc5e9-5ca4-4379-b67a-fc2778e13b31,Ancora Vivo,1.0,1,168158,6.0,
e5553f13-ca67-4f23-8cbb-311cbf834dc0,Vieni Di Qua,1.0,2,248151,6.0,
18ec78bb-6b86-4d2e-a41b-6d6bdffc44d2,Cielo Terso,1.0,5,286000,7.0,
e1cd3609-b25d-46d4-957c-d85aea6afc62,Grandine,1.0,4,137694,9.0,
2ff9b178-7a61-4c1d-bfdc-46fa07aefd54,Ogni Giorno,1.0,2,224351,13.0,
e76da01a-d413-4217-96d6-1d544d8f9551,Fuori Dai Parametri,1.0,9,244399,8.0,
8b8f31d4-ff89-4925-ae46-a4152933d715,A&F,1.0,16,232986,45.0,
3d558aab-429e-4d30-8f3c-28b57241034a,Free Pass,1.0,6,223799,10.0,
ed1588d1-ec5b-432d-babb-65763acd651e,Business Su Business,1.0,7,227810,8.0,
43f39ab7-da1d-4b90-9a7a-bcb5b379c9e1,Nuovi Re pt. 2,1.0,2,152574,4.0,852acbae-40d1-44cf-90fa-e0ca4e3810a1
caebefe2-c1b5-4299-9748-3424ae1c23b8,Com’è La Vista,1.0,11,230504,8.0,
97900591-61a9-4bf0-85e4-342c9639915e,La Verità,1.0,8,244482,9.0,
830d3437-7726-4462-9579-05bef3617967,Perle Ai Porci,1.0,9,284908,10.0,
143b44e5-34d7-4d28-ba5d-ce31e9a9d0d4,Freestyle,1.0,5,171502,15.0,
619b1211-7e35-48e1-a0b3-5adbc6eda830,A Pancia Piena,1.0,9,184041,5.0,
14bc5975-5771-41a0-9c51-20ffb8de1ef7,Love Boat 2016,1.0,10,159056,5.0,
e338592e-8219-484a-843d-b927b88bd3e6,"MALAVITA, Pt. 2 / HeadShot, Vol. 3",1.0,1,296264,20.0,3aff7da2-0028-40e0-958c-c2767ab0a511
e8f31319-beb3-4fbe-a6f2-610bf85f8833,Mai schiavo,1.0,10,316360,10.0,
4aadc699-4f4a-4855-b8c0-26566f35dec0,Pole Pole,1.0,9,229320,7.0,
56494e73-db62-4f3f-9b8a-a4bb60e77153,Guerra Fra I Poveri,1.0,5,190443,32.0,ab32c272-5035-48da-9b8b-07c566e35064
2f39e956-25ed-4895-bc74-956b2146fd82,Aquì No Pasa Nada,1.0,1,192795,4.0,575238a6-b3e6-4f8f-b6d5-379a2ac6a0a1
1fea80b9-cbe3-4396-bd31-db1d81bcceda,Mi Sento Vivo,1.0,8,245373,7.0,
cd4938ad-4824-474f-bcff-4c5087d954f2,VEROVIRUS,1.0,8,166859,42.0,cd747fb7-ac9f-4e6d-aea4-57d6806c590c
87b20204-9a80-4866-909c-6142f14d3075,Intro (NewKingzTape),1.0,1,150418,7.0,
e3017724-4db1-412f-9dcc-3cfef535d5bd,Freestyle ft. Bassi Maestro (NewKingzTape),1.0,16,110434,9.0,
3e5c4874-e4ad-4664-aabd-49830d341d51,Sete Di Rivolta,1.0,12,206066,8.0,
bbf3ea7a-ba86-4c77-9ef1-0861dd8db9a5,Va Sconfitto,1.0,3,339760,4.0,
2e105a0a-c58a-4ca7-8f0d-550988fa4428,Giorno E Notte,1.0,22,39682,26.0,
485d72a4-f8c2-4d62-94c7-bb2046f8d4c7,È un Gran Viaggio RMX,1.0,17,210187,9.0,
110e259a-09ff-45d5-a6ff-d3bb19c270c7,Cambiamento,1.0,13,210279,3.0,
d420f6f2-1fd6-4727-8e80-00fd9a355d5f,Freestyle (5° Dan),1.0,15,94807,8.0,
54d99c08-7af2-47f7-9433-54f8f5d67908,Leggenda da Bar,1.0,1,184615,17.0,583ba0a8-c1fd-42aa-9f30-f7923426e9b4
01b499ae-ac00-4fe9-a266-9c65df82674c,Il Tempo,1.0,1,234000,41.0,
c088fbcb-5b07-40bc-8a66-48421ab74d06,Siamo Uno,1.0,9,309840,3.0,
19540ab7-903b-402a-b13d-9309ec6af9d9,Freestyle 17.06.2004,1.0,3,175101,7.0,
74425f11-f191-4db6-b0cc-fe7bb3d98eb9,Per Un Bis,1.0,10,177679,11.0,
1fb7eb71-eaff-46f0-beca-7839451fc8f1,Le Tue Bugie,1.0,7,220720,3.0,
1c7e5d4d-3d6e-42bf-843c-418a5c0f90f7,Freestyle (Demolizione Pt.1),1.0,10,206309,13.0,
d5df52f3-5c1d-473d-82f9-409993b3e809,Outro,1.0,18,120120,12.0,
fa200f95-2042-45ad-adf8-b92de30cd48c,Barona by Night (Red Bull Culture Clash dubplate),1.0,30,603984,31.0,a283a6d9-bd3f-4710-a139-5bd40dceb029
45ad4d06-7373-42be-9e43-572caec8ff09,Il Mio Paese Se Ne Frega 2025,1.0,1,235666,32.0,
942853da-b670-44ea-91b1-117bd0c865a5,Anni Fa,1.0,14,280125,4.0,
066a0bbb-87ae-4c68-8251-4400df4fcdc2,Lo Facciamo Così,1.0,7,216433,8.0,
658c2969-55b4-49a8-8ff2-17b6e04549b9,Battaglia Quotidiana,1.0,1,184615,17.0,
13735290-ba7a-47c1-9225-5639f5189e3a,Io non T.V.B.,1.0,6,226906,82.0,
86ebff31-ef10-4de8-9b50-6a5aa2809cee,Suona Forte,1.0,12,116122,7.0,
fc92d32b-15fc-476e-9306-9c0c330c95fa,Ve Famo Sta’ Zitti,1.0,12,246480,10.0,d900fe5e-5706-4656-88aa-7db01389a7ba
f9768b19-5fa3-4d9c-8a86-549099c7dc90,Gioventù Bruciata,1.0,2,197760,47.0,
bb39def7-51d9-4401-b64f-9faf0cc3b80f,Il Mazz,1.0,1,180626,13.0,4634f0ce-416b-4d38-93da-e98be137f91d
187a8c3f-23d7-479f-a49a-c30b6d62decb,Non Passa Giorno,1.0,10,177679,11.0,
5c14b896-4ea7-40b1-a2c2-ec390ef2a5d4,Neurodeliri,1.0,11,176470,10.0,ba66b705-bb24-42b2-9922-d1448f69ccb1
e6fbc961-009c-4af7-8ba1-4426640425c2,ATTIMO DI VERITÀ,1.0,1,168240,75.0,
683836ca-29a2-499f-a9d1-90d6492b0fe5,Worldwide,1.0,5,170155,4.0,
a0f8e0eb-4bab-4546-b18b-b355fcc1684f,Bolo Stand Up,1.0,21,54311,5.0,
0b7853a9-cda9-41a9-a41a-8424bfa03d98,Una Via,1.0,12,227369,4.0,
e5ce716d-60a5-4416-a1ea-7f7ca732b729,Troppo Vero,1.0,19,132237,4.0,
a2cbd600-7737-49fa-82cc-686685d2ed0e,Cosa Ci Aspetta,1.0,11,225080,2.0,
d36ee9d2-c83e-47ed-999c-f41fbe064097,Vogliono Farci del Male,1.0,13,129149,3.0,
1b0bdcb7-f28f-45ef-90f9-d1cfd0788c69,Casa Dolce Casa,1.0,6,254946,3.0,
846cb911-1927-4151-849b-ec25d468ef8b,Demolizione,1.0,4,141200,7.0,2facdbb7-e293-4c3f-9d2b-fa2a322030f1
ab43e31c-697d-45d8-baa3-bb30d315245a,Karatecnics,1.0,8,182973,4.0,
230fee3d-6de1-4535-bbdf-c64f01dfcbbf,Piatto Prelibato,1.0,7,57190,3.0,
341b2d48-76e3-4a55-9e2f-c6e303179c41,MERCENARI,1.0,5,232000,55.0,86d0c1e8-724f-4b76-ab9b-ccfffbfd2130
603e0893-5902-468b-b382-c1fb9d176243,CONTINUO (RMX),1.0,16,110434,9.0,
02942d2c-2f3c-402c-b1f8-1c591bc5dc54,Vecchio Quartiere 2025,1.0,2,246000,31.0,
9ae498c5-614d-4e37-a392-c06862443c9c,CONTINUO (CLASSIC),1.0,16,110434,9.0,
ee264b3d-a61a-48e9-a89a-c6279c6ae75a,Cerchi Noi,1.0,12,342424,9.0,
a0b74e06-d25c-438e-8778-21020cbdb18b,ROSSO,1.0,2,255840,31.0,181a83af-07e4-432e-85dd-ed2be0f9fe6c
57e61395-5c51-41dc-b379-95b7bf602a93,Nobiltà Di Strada (Intro),1.0,1,55826,6.0,
b60e1909-b004-4112-a6c6-4db20a77d243,Mama Africa,1.0,6,96339,4.0,
ae99a3be-b520-4d96-985e-028baa7f8bd8,Mandaci In Classifica,1.0,20,226673,4.0,
658d19e5-b554-4678-ab43-49f6193e38fc,Polvere Di Strada 2025,1.0,4,224000,31.0,
7fc54818-8048-4912-80d5-ab8f11029368,Effe,1.0,1,42352,19.0,f49eb6b7-14d7-4175-92a7-886c2eae47f5
689f100b-3b69-4f4c-a2ec-38681464f588,Ripartire Da Zero 2025,1.0,3,248089,34.0,
66dffabf-0087-470b-af56-7768819d07e8,Immortali 2025,1.0,8,219512,29.0,
167b884b-705b-4f06-b1ce-20a930970558,Preso Bene 2025,1.0,5,181894,31.0,
21f39a9f-53c9-4ee8-b25e-7c25f176f5c8,Cosa Sta Succedendo A Inoki?,1.0,11,32438,3.0,
92a0ead1-ee19-4bff-b82d-fe7ca7abe29a,Medioego 2025,1.0,7,188444,28.0,
02963282-1e80-48e2-9991-f855b04217aa,Ho Visto 2025,1.0,6,282000,32.0,
17dcad96-7afd-4856-9561-a732fcec3b10,Basso Profilo 2025,1.0,9,208000,28.0,
50a4a49b-aba3-4c4d-be8e-8fa54646632a,Rap Game,1.0,1,190819,5.0,fda0fc2d-c5ce-4be1-a6c7-1ddb3e12a9fc
760edc1a-6dba-434b-97ac-54edea8aef6f,Non Sai Un Cazzo,1.0,2,182245,76.0,
e1007226-7890-4fd0-b0c9-bcfffd1dd5b3,Shallallà,1.0,5,192923,3.0,
18e145ef-f9c9-4e0f-bf6f-163124087d87,Intimo,1.0,4,145465,1.0,
4b7fbcc4-525c-4f35-ae5f-367d67d18b44,Brutta E Brutale,1.0,4,145465,1.0,
886b985d-ffd9-4415-a8d0-63b637adba60,Reality,1.0,1,143701,48.0,1c864886-583c-475d-9763-91f3a6ae82b1
38588633-4fe0-41a0-970a-5191d497b4c4,Aggressiva,1.0,2,181333,8.0,
0ff2f4ed-6eba-4fc7-b5be-19ea7c39636e,La Stronza & Il Fallito,1.0,4,145465,1.0,
a0f63b78-0aa4-4bd3-99ae-6c2faf1ac6ad,Daddy Come Puff,1.0,6,167235,3.0,
366a4393-7a94-42d0-9a77-5d9fe5c3123e,Disstacco,1.0,4,145465,1.0,
66a17454-e1d3-48e7-81c7-df6c83f61bef,Anestetizzante,1.0,1,190819,5.0,
33f10189-e869-4bac-be73-898bfd827b28,Trés Chic,1.0,3,195200,2.0,
135ae780-f188-4064-84fe-5dcff955f182,L’Amore non è un Hobby,1.0,1,177600,1.0,d3f47643-c495-47eb-8159-019de227258e
558035f5-ffa4-42cc-9020-78af95187d36,Ramm’ Semp’ ’N Faccia,1.0,4,282790,15.0,3ae8543e-7786-4d74-ba27-72313fb95c52
1ef6b9eb-86ff-4d80-935c-abf089b2607b,Giuanne Palestina,1.0,3,306960,14.0,7d494077-50cc-4d66-a344-1a9be379f90a
6005fa20-4b99-4c5a-b4cb-bf2ea4a12a7c,El Party,1.0,1,211417,63.0,4c778256-823f-4f15-942b-17e44d3d92e4
06c92507-e600-40ed-98db-b19198f3a67b,Amore tossico,1.0,5,191706,39.0,e0d6e374-c182-4965-9268-3c56442a9977
dff3dbe4-ae93-4c4e-9e79-388adf66899f,Serpi,1.0,2,185586,57.0,
8d76a969-27fb-4e26-a079-9334f3e897d4,M.S.O.M.,1.0,4,172592,57.0,64987f96-3e93-4490-baa4-02dd8f3e8e2c
b39a59e9-459d-40c4-ac47-3370b6f91852,Ali E Radici,1.0,6,317492,34.0,65a6b539-8b44-460c-8556-f2474257a3e9
57856be8-a8e5-4ab1-91f5-85bdd815694a,Gli Anni D’Oro,1.0,10,201328,49.0,65d5c3b8-bebc-40fb-83e3-f597e0a755f7
dd9def65-9403-49a1-9b7b-6e480bd5fb0c,I soldi e la droga,1.0,2,201875,54.0,
a9a77c17-a4d6-4953-8c68-00a847b45925,Viagra,1.0,5,142582,60.0,
1e25eeb7-0029-4d5c-a2de-6a633342c59a,L’amore e la violenza,1.0,7,246000,46.0,
30d06525-1b88-4be9-b840-799fc7d71282,Ho Trovato Te,1.0,14,258200,32.0,
43534e70-3518-4aad-addb-ae6f5d194925,64 no brand,1.0,6,189628,51.0,
68c70e22-78c8-4924-87dd-434c57b97120,Esercizio Di Stile,1.0,5,219683,34.0,
3502c0bc-68d6-4ef0-8151-e64035bb4ab4,El Chapo,1.0,1,251801,37.0,
8616e117-413d-48b2-8683-68b8e67ded51,Bandita,1.0,1,204516,50.0,8afa7b7e-de6a-404c-b4c1-e4e479f28c94
b4d84591-5cbb-46aa-b9c3-253d68e1ed87,Danza della pioggia,1.0,14,193953,47.0,
679ba670-1a7f-4dd5-980d-7febe1898761,Diego Armando,1.0,2,152333,49.0,
b41cddca-53e2-4a37-b59a-e1124acdb117,Testa O Croce,1.0,13,277821,31.0,
97c37a81-1d52-4096-bed5-ccc4727b2a50,Money on my mind,1.0,4,172592,57.0,
83cff021-0a9f-4441-bdec-b52ecbc17953,Non So Dire No,1.0,11,213629,40.0,
f6314d52-f77d-4d31-92a0-4297eb0159e9,L’ultimo giorno del mondo,1.0,12,151546,51.0,
1116fde1-823a-4a54-afbb-874207ba61b8,Cocco24,1.0,9,177272,52.0,
7fe433d7-e253-4f45-9bed-edecd67188c3,Inno Nazionale,1.0,2,205958,32.0,
7d551be3-6491-463e-afff-982c0d93ab8e,Ambition,1.0,3,199390,50.0,
cd5d8475-7024-45e5-a66d-2c3fb7e4b2fd,Musica Commerciale,1.0,1,163517,39.0,
e2cb34f7-d82a-4514-b9d2-8fc1bac0f2f9,Mandami Fuori,1.0,7,280369,29.0,
068a03a4-194f-4b80-8b6b-12abf8e2cbc0,Back Like Cooked Crack,1.0,1,127674,50.0,
b33f2190-9473-4c7c-9dd5-d84343fbf834,La cosa giusta,1.0,8,166859,42.0,
3d500dc1-d47e-48a7-a551-01b433b6b3aa,Generazioni,1.0,13,164127,51.0,
3eece530-92eb-42a4-9870-78dabd619ee8,Con uno sguardo,1.0,10,151333,53.0,
e8e5b2a5-5255-4ad5-be5a-0ce556d707bc,Milano Bloody Money,1.0,8,147272,47.0,
3ffb52ad-2e57-481b-8071-189fce52579b,Yeah,1.0,3,130593,36.0,
db5fa5d1-8ec1-4d71-8d85-1a8fcd8532dc,Qualcuno,1.0,5,233163,33.0,
5ded0811-669e-4033-8933-e5e122b300f8,Indiani e cowboy,1.0,4,194104,36.0,
2d1b989e-9103-4725-a978-a6d60659be59,Cucchiaino,1.0,7,159093,49.0,
2c786f67-a808-434f-b480-9ae6f4723faf,Senza niente da dire,1.0,9,190930,33.0,
e17e274a-9be9-4a5f-ad17-c8373cca1593,Caramelle da uno sconosciuto,1.0,6,143892,32.0,
57e15749-6e65-45ad-8aa4-b67b57ecefa5,Me Gusta,1.0,9,194074,40.0,
72364ee2-d775-4fc2-a5b5-0fe08d1e083b,Trips!,1.0,10,149800,31.0,
13e41690-5dd1-4cfb-9880-64192fd6e9ae,20 Primavere,1.0,1,77554,29.0,
bdbf7807-559e-4728-9a05-61145ee1593e,Ninna Nanna,1.0,15,328147,23.0,
b4f44a1f-bbde-4158-8ae0-4d00c91512ae,Fino A Sanguinare,1.0,11,206207,28.0,
472b2ceb-19d0-4b72-a1bd-5b52f6f52e3b,Jumpman,1.0,5,195958,32.0,
bad40b4b-e6cd-4deb-86b4-17cd8de71fab,Se Avessi Un Cuore,1.0,6,196286,31.0,
695ceff1-ee0e-4e0a-8b6e-484997c2b4ac,Vivo O Morto,1.0,13,223325,29.0,
980d2122-761e-480e-bbab-e2f260a5301e,Più Forte,1.0,10,202142,40.0,
f5c15caa-4fbc-43ef-9fcc-ea373850c538,Un altro weekend,1.0,11,201666,33.0,
06eb2e15-7950-410e-88d3-cae16c64d24d,MMMH,1.0,1,205636,27.0,5de38358-ebe2-4160-8b69-5acc76b108ef
d0488187-7354-4e5b-a8b3-fab6985704e1,Brutte Abitudini,1.0,12,220212,29.0,
27955adb-9159-469e-a3ce-3dcb4c95c0ab,Andiamo al mare,1.0,11,140166,43.0,
2774adab-2551-482e-a76f-28bfbb76297f,Proprio come lei,1.0,3,248147,28.0,
73646adb-b6a0-4a1a-a8f1-645280434ace,Fuori Da Qui,1.0,4,197482,29.0,
65eff905-21af-46a5-9af6-67f444dc6e2a,Bla Bla Bla,1.0,4,238759,26.0,
fb66a657-08ad-4dbf-9284-4505dc0a3559,6 del mattino,1.0,1,178124,47.0,9b6da454-447b-4c98-bba0-590a065aeb42
e4410168-cb5e-4ecf-8366-3b1d0b0d124c,Reality,1.0,10,227168,22.0,
ae3dd2c9-29e7-4b55-a833-1c1f5ab65287,Non sentiamoci più,1.0,1,252963,31.0,dcc1df34-4f26-40f2-a8b9-35c9467afb7b
07f457b3-e48f-4fe9-8ec9-456a4f728786,Come un serpente,1.0,14,222983,20.0,
2dfb9784-d81d-4ba7-bb05-43815da5240e,Zombie,1.0,2,178774,23.0,
e674a628-9078-42fe-bd7d-9ec5d689e0d2,La Vita È Così,1.0,12,211645,22.0,
0fc41c9f-ab17-400c-b347-dbbc7c954d13,Teddy Boy,1.0,8,234557,23.0,
0a0db91c-48bf-41cc-be48-75510a57cc07,Notte In Città,1.0,8,212910,23.0,
453c0df4-4a53-4af7-9d07-da45c3f09888,Bella Vita (Falla Finita),1.0,9,258934,27.0,
2ffaaf45-2722-49e5-a05d-41333016fd06,Bello,1.0,3,209375,22.0,
11cc17cd-2506-4339-9914-de3c3abfa02f,Plaza Music,1.0,7,239186,9.0,a097cb3b-afe0-48bc-9bb8-585d2c0e6580
0d9a1cd9-f7fb-4596-95bf-eb8cdaa11f8b,Non Affondiamo Mai,1.0,2,185586,57.0,
de3b82e9-0253-42c3-9119-0620e1cee315,Il Suono Dei Nemici,1.0,6,230160,32.0,
a6a4d2d8-08d2-46aa-90c1-a4336d9a655a,Girls,1.0,2,185586,57.0,
dae162fb-856f-4258-bb9e-628a3cc66810,Problemi Nella Testa,1.0,2,222040,1.0,1227183e-47e2-4449-915a-8957bffaeda8
02921b30-28ef-4e8b-bcb6-e23c1c134f07,Vida Loca Pt2,1.0,12,194322,41.0,
f5e65c3f-41ae-4d9d-8a2f-79ac8b33159b,La lingua,1.0,13,197866,19.0,bb91db87-d8a5-4293-ae1e-a736273a2472
b705bbba-387a-4327-a938-b8e1f7cf5335,Stop That Train,1.0,1,331054,19.0,dbc70eb2-d9ee-48bb-bd02-514e766c21a1
9e86be2d-406a-4541-a2f0-f83f5f154567,Gli Anni D’Oro (Orchestral Version),1.0,12,194322,41.0,
57f13630-4b98-411b-8150-5d6940b127ca,Metempsicosi,1.0,1,158571,9.0,c7108055-eb67-44e7-99eb-97a8e21ece07
627e4e54-9e40-48e4-84bb-4c4ced0f2e38,Que Pasa,1.0,1,212727,4.0,6bbe604f-85fa-4b2a-85b4-0508f5ae5552
1a56a1f9-e35b-4532-9656-0835a3d9a49d,Tokyo,1.0,4,366239,2.0,
32ea1d53-f6c2-4c82-9b6f-f70bcf16a938,Orologi,1.0,1,170599,10.0,989cf055-988f-46d6-9382-93a4d583aca0
93049043-1c94-414b-a5be-934d14b75b40,Sulle Nuvole,1.0,1,142334,8.0,b196519e-5ebf-46a4-98a2-f5d7b9179d27
f800fece-bd97-45bb-9627-1a5ae86f743f,Karma,1.0,2,135976,1.0,
10aeee16-9c60-40bf-a715-4351c20dc1bf,La Mia Parte Migliore,1.0,1,208119,3.0,89be77b5-14e7-4d5a-a38e-6bea2ab48737
bdf79e43-6c0d-48aa-ac00-dee36ea115a1,187,1.0,1,113626,1.0,5beff97b-f4a8-4fa0-a527-6fce31a6479e
3a51cb8a-8cf3-47b3-8c1f-f32f0156f360,Via Da Qui,1.0,3,175833,1.0,
2ddec908-eb32-4c9d-baef-08f9b7a8d852,Molly,1.0,1,180556,9.0,a4df0c9b-b026-4e94-af4e-3b62963515a0
0186c704-822d-4096-8bbd-6cf3d171f0b1,Green Kiss,1.0,3,164852,2.0,
f44f4e5a-8101-49f6-8180-02e46de7e552,Sempre,1.0,10,213670,1.0,
644668ed-41c9-4ee4-9383-7a6cb6d848ec,Parole,1.0,1,156888,22.0,b6a64e5f-dc8b-4254-85a7-be8b7a9b7ccc
c8e63f2f-c5db-4ff9-95db-a66026ff21f1,Grand Notorious,1.0,1,208923,1.0,f19a4bd5-a394-49eb-b6f6-b01757439794
708675e6-d762-4652-a708-ca643be1f50b,Pretesti,1.0,6,181153,1.0,
5458f27a-29dc-4a7b-a1b7-56e1a5645e4f,SFTS,1.0,7,144288,1.0,
d583039d-1243-4e3b-940b-959ea4af5976,Parole Per Dirti,1.0,8,219683,1.0,
6c7e54ed-a195-4299-b8b8-e088cc880a9e,Guardami Negli Occhi,1.0,4,153865,4.0,bb261ac1-70d4-49bd-91f5-77e93ca3ba9f
875dd773-e6e4-4ff3-a6c3-a406a857e2de,I Got Love,1.0,5,203351,1.0,
e6fd2601-388b-4a08-a48b-a50fb4a8c083,Fly Girl Dope,1.0,9,183077,1.0,
0deab7f7-f903-4ed7-bbf0-ba5361b39808,New Generation,1.0,2,201914,1.0,
cee10702-865e-488b-83b5-08357d253c83,Medusa,1.0,1,195268,2.0,
629ca61d-adfa-42d2-b1ec-76a8e7775d33,Trust Nobody,1.0,2,154981,3.0,
859c30ae-981b-4685-b3a6-a673a5afd15b,S#it,1.0,8,230280,1.0,6780eaed-4142-4df4-a85b-c29be75cadf0
f42f57d4-15ae-4d8b-9e85-ab9b2880e68a,No Love,1.0,3,157199,1.0,
73cf196a-b0bc-4e8d-a8be-88f5e1734284,Oh my doll,1.0,1,158571,9.0,
f71f1311-9e33-4482-b7e8-3e2856762201,100 Giga,1.0,1,145000,6.0,a25ddfb9-0497-4b1f-ae05-f6878ab3adb9
08bd3de5-99d7-4e33-8fbe-6c010bb3dd32,Opaca,1.0,1,150361,28.0,cf1f8010-e5bb-4657-8000-ffe055c5e191
a222a2ca-06aa-4acf-9382-0b740ff86cc1,G,1.0,1,152195,39.0,cb67e5a7-1c94-4f2a-b7ad-7a46e4e0d49b
62d36d7f-d777-42a9-8223-365021ea4898,Nena,1.0,1,153251,55.0,d0aa56f1-69da-491f-83aa-1c7a5990e5b6
725a832c-c65a-4aaf-8147-d58c39e3d485,Barrio,1.0,1,197742,50.0,8d9fa3e7-16b8-4eaa-895e-f06fe7eb15d4
a8543db2-2504-4ea7-8476-9b986b5f4661,Love Is Not Hard to Find,1.0,1,147967,45.0,fb721f7f-b46e-4652-987d-701088a766ee
87d26888-f0ce-4a6e-baad-80a97faa0bea,Mascarade,1.0,1,155549,42.0,bdd82fd9-59ef-46f9-a574-9d9e1d4583a0
6ab14987-b6fe-45d7-90c7-8e7a3a094030,KI-KI,1.0,1,141335,48.0,db243863-7c6a-4352-ad49-fabb25a2d725
ea9ab19e-e35d-44f2-9b59-ad652fe80dab,Se Acabó,1.0,1,186216,33.0,24090414-7e1b-4aa0-b6e1-7f9e83159c79
8a669edf-09f1-4e2c-bd16-65eebde7ab81,You,1.0,1,213502,40.0,7905fc40-d8ae-48a4-b9c9-fc330914c73a
e54841e5-e279-48e7-9cde-504a80986f96,Instinto,1.0,1,228586,41.0,e99927e3-5611-4792-95e5-dce1fbb36ba0
3a6fc1b6-31da-40f9-8134-5459a878985e,Herrera,1.0,1,157268,42.0,cfb29723-b2d0-4aa2-8699-3d11c487ca84
962be20a-00e5-46b2-88a8-e2f489382db0,El Diablo,1.0,1,169523,40.0,dd968d6d-0970-42cb-b788-9f0abe6fb402
613a9805-dbd9-47df-b4aa-44dd1db0aa93,Ya,1.0,1,175029,35.0,1aabce6c-359b-45c0-9225-eee53bfd0f88
9e869204-1d73-4d4a-922d-5ecdb4897dd6,La Puerta,1.0,1,214789,31.0,48f9850d-0364-49fa-aa97-6e939e847a3b
e2a094b4-2421-4e16-8ce4-68666567f5b4,Clessidra,1.0,1,162680,22.0,80c4f2ee-82e0-4d98-92d1-348e7ed9e863
a8ffdc81-82dd-426f-9c22-06abbbebedd7,Retrogame (Zisa 3:00),1.0,2,216426,28.0,
f5ede860-0551-4b77-8cc3-514134fc0400,24H,1.0,11,316520,23.0,
a2bfed60-8317-44f4-8ebb-cbf0d030a4c9,"La pioggia, gli applausi",1.0,5,245826,25.0,
b1f30abe-144a-4199-96b5-fb14a345eb6d,L’amore causa,1.0,10,260866,22.0,
44055d4b-13a8-47ec-b350-2b5148a3197d,O.L.G.A.,1.0,3,268626,18.0,
1a1796d8-24a9-47c2-97aa-90bc80e7d7be,Slot1,1.0,12,236520,21.0,
668201c8-ac1b-4770-bbf6-a63ff9c9c587,Passione,1.0,7,232000,21.0,
17cf4b36-2221-4416-93b5-0e1bd487c7f5,Storie,1.0,8,224506,16.0,
ae9f76b3-9776-4241-990e-fedf7c203a0f,64 Bars,1.0,1,138064,24.0,4347d9bb-bfce-4774-93ce-a8d8684b0a94
a6db0078-d592-4636-b62b-a584238cb5e5,Anestetico,1.0,12,228706,31.0,da63230c-c2f5-4717-832c-054c54a23953
390ade63-9b4e-4177-bd1a-cf681403d785,Tempi d’oro,1.0,4,205080,21.0,
c5ab259d-7f62-4afd-ba5a-a36c4ae30d9b,5 Agosto,1.0,1,129880,27.0,
8b6cc267-2cbe-4cea-a6ce-31247a0f3f01,Odio/Amo,1.0,3,254613,26.0,
845383a6-dfa7-4788-9a57-96249c0e8b94,Prime,1.0,2,130373,27.0,
0139bf7d-ff58-425b-bfaf-311569d6d9d6,Ultimo tiro,1.0,16,144680,23.0,
34f972e3-6c40-4c39-9bf7-478eaf6d6117,Memory Interlude,1.0,6,102613,15.0,
965b5d13-4eee-4c77-a068-4748a78538bf,Fantastica illusione,1.0,1,213031,18.0,cc9691d6-c694-41f7-b101-a5d8cb978637
dcf9184a-3a86-4df1-85fa-c1a34032b2dd,Mare d’inverno,1.0,4,212893,25.0,
d747f5d4-1476-4868-bcd3-476a849fe911,Fammi il prezzo (Bonus),1.0,13,177240,17.0,
ab4acfd8-4931-4df0-bdbb-8ef944294c69,Hakeem,1.0,5,200506,25.0,
43fd0794-c05c-40fa-a207-ec27ba93c710,Fan,1.0,1,213031,18.0,
2d7d60b0-9803-4e71-84c3-05a660cf5b10,Che dici ah?!,1.0,2,216426,28.0,
0c87ffe9-35d8-4069-8805-701116d6d5ec,Colpe,1.0,10,163440,23.0,
d672ef86-57d6-4fb3-b5e5-36ab09278a32,A8,1.0,7,248160,22.0,
12477361-4c9e-432c-9f1b-8e7576d0acac,Conversazioni,1.0,15,228053,20.0,
f6293bff-dbc7-4c91-bd9e-ef999bd517e4,1/2,1.0,4,132382,19.0,e135984e-2df3-4d64-b30f-9c5c7d5c82ce
7d90f5cb-f573-430a-9cb8-40b44e927cd8,Via da qua,1.0,8,195720,21.0,
d865dfce-c360-4f30-8c85-b70136cc7051,Freddo,1.0,6,176360,23.0,
053e0fa2-6bb4-4323-9ab9-91b6e229a282,Dovrei,1.0,9,145840,27.0,
1b1af3db-8d29-4269-98e4-a95bcfcb5a3f,Fuori Piove,1.0,5,206982,13.0,
97e91b5b-dbb8-45cb-b6c0-1ae614c5cbe5,L’ultimo liricista,1.0,8,190148,20.0,
63a3dc5a-5975-4530-9e6e-be50cf4b713b,Jeff,1.0,14,258092,20.0,
c0589a6c-06c9-48e2-a84a-d85f425f1680,Titoli,1.0,11,172733,21.0,
a0e95c64-c6ca-4638-b14a-a525589e9b70,Dreams,1.0,9,258298,20.0,
86c937fb-d1a1-4a74-b88e-db723c2c0375,Orgoglio,1.0,15,227191,14.0,
30706af3-d2aa-4634-a672-ed9e3443db5b,Non è un movie,1.0,13,214346,20.0,
0d73e913-fe26-47b8-b458-3b7d6659b10a,Orgoglio Pt.3,1.0,15,227191,14.0,
6258c020-994f-44de-9b41-55eddb4d1d1c,Bars #2 (Outdoor),1.0,1,216000,10.0,
30fb393a-a923-48ac-9d2f-c10dbf916ad2,73/Indoor,1.0,12,385562,8.0,
1a64b6c0-a69c-4e25-ab44-4fe5e7b19eb5,Bars #3 (Home),1.0,3,651568,25.0,8d6d52ba-d48e-47dc-9fcf-7c84cc662daa
e989b825-daf5-43d1-98aa-0fab55934e9c,Chi Sei Per Giudicarmi,1.0,11,248778,12.0,
ea04bd57-7aed-428e-9735-d429067d350f,Cosa c’è,1.0,7,198876,10.0,
b7568cb4-6fd2-4d8f-88fc-1931d0bb82c0,Beat & Flow,1.0,2,203337,10.0,
ee523529-ea36-4c1e-b677-e429992f7dfc,Bars #1 (Indoor),1.0,4,132382,19.0,
23f4f1fa-998b-40e2-a799-9cd049321f04,Impazzisco/Killer Negli Speakers,1.0,3,256500,8.0,
d4104732-4cf1-4e76-a366-d7eaf929b0b4,Popolazione,1.0,4,239760,19.0,b945eda4-e495-49c2-b84b-8c965d310787
1b7bddb1-6fb2-4310-8a95-adfbd26e86ff,Tutte le volte,1.0,6,209943,9.0,
a78a02d7-ad74-4ce6-9140-e969c508e380,Angelo In Terra,1.0,10,186293,15.0,
04c88a1d-d64e-4fb7-8658-e0ab91e60882,Qualcuno Qua,1.0,13,199227,8.0,
206b6cd6-cfcc-47f0-aaf1-0f33f2da9bb3,Everyday,1.0,10,262354,7.0,
130924f9-2ddd-4484-8039-b37722804d74,Io No,1.0,4,138054,8.0,
0fddcce7-91a5-4314-b710-c1a77311ffe2,Inchiostro nero,1.0,9,255466,13.0,
3b1b6ee9-657f-4e05-a782-27ac06e0bb3c,Senza gravità,1.0,3,214500,10.0,
77c8a077-109c-4810-b9a9-a322e87d96f9,Boom,1.0,7,165418,9.0,
971bc585-b32a-4f03-938d-1082565ba08f,Voci,1.0,2,208421,11.0,
07834599-9747-4eaf-ade1-91a604015334,Nella mia città,1.0,5,202134,9.0,
752c4dcf-0cf0-4c5b-a7ab-29a16fb42431,Ancora (I still pt.2),1.0,13,226500,6.0,
71e26e8a-23a9-40ea-b9d6-16c591248c5d,Tutto apposto,1.0,6,179500,6.0,
1b413fff-45cc-4ee0-ad92-3ea1d4ac4eed,Michael Joint,1.0,1,216000,10.0,
5bcf7ae2-5711-4697-96ef-a667959046d5,Loro dicono,1.0,12,232000,6.0,
399b87fa-9697-49f3-9b2a-23423ffd8512,Siamo,1.0,11,201647,5.0,
974a53be-c1a6-4743-a5ba-7a467a98302f,Questo sono io,1.0,14,270000,6.0,
43a1e027-b90b-4a11-adf5-800e909937bd,Killer Negli Speakers,1.0,14,229482,4.0,
8d443aee-39f8-4ec4-80ba-0dbf1822b549,Non È,1.0,13,214346,20.0,
349f8049-bfcd-4fe3-bbe1-82ce414372c5,Intro [Sentire Non È Ascoltare],1.0,9,596186,1.0,df52f3d1-31d9-4b70-81b8-5fb69e9c3561
20b3cd9e-2e04-406f-baac-0a19618ab76d,Donna,1.0,1,110561,4.0,47ca8b2e-88b2-4267-b4af-3a787b3b5052
48fb0d00-37fd-4e88-84b7-6304d9cd8c63,Radiografia,1.0,4,239760,19.0,
86a39c41-5e2e-41ac-885c-17031d114f5e,Se mai,1.0,10,180137,75.0,
a1c43039-bec6-4caa-b6dc-3b473e8559b1,Ciò Che Vuoi,1.0,4,194571,57.0,c4dc7a82-55b7-4f3f-9b46-7c18001c28d5
71de1fa0-520d-4145-a91e-ee9de08a6270,Domani no,1.0,1,122500,1.0,6f067683-8bdf-466f-a5b2-63ff99f6a6a1
4a669a44-87b0-4686-866e-1ae62e935471,Solo noi,1.0,4,239760,19.0,
de0b0e6a-0099-4593-a8bb-5ab7580ab018,Giovani,1.0,4,239760,19.0,
dfd6f3c0-9947-4fac-83ed-ce6f33a24d4d,Sugar Baby,1.0,3,167586,14.0,20f351ff-92ad-4601-9589-40106e144516
96a2cd43-9caa-423a-982c-51925eebb458,Luce,1.0,4,239760,19.0,
509a0010-021b-474f-a4c9-98e0b1457e0a,Tutto Qui,1.0,4,239760,19.0,
deaf2518-5f88-4ceb-8271-d3dabb5a657b,Avvicinati,1.0,1,216000,10.0,
cc55ce3f-f48e-445b-94b8-35e286956526,I Still,1.0,13,226500,6.0,
0adc0ee3-0a98-4acd-a501-16269852815f,Zero,1.0,22,298421,25.0,7f428483-b1de-4559-9f12-9e3a3a796a90
53c4d17f-5ade-48f3-975d-77c87c4c69e2,Amore Per La Musica,1.0,13,572813,35.0,b78fea43-f07b-4e3e-8dd0-12326c092b39
c7bd1019-296c-45f6-97c7-5766da5a3896,Vetro & Ferro,1.0,2,178346,17.0,
30ab8064-fedd-4945-ae32-341638f744de,Intro,1.0,4,239760,19.0,
c55aecba-ed52-42c5-85f5-92af290afc6d,Pensare,1.0,4,239760,19.0,
a51d2616-c4f2-480d-b619-ba96aa8bf432,La City,1.0,1,110561,4.0,
082cacef-6408-4c73-83a6-048c09ca6073,T-Flashy,1.0,1,164828,62.0,1a475ac4-517f-4c39-bd37-4bbe5cf8f3da
f7152ad6-f139-41b6-9d3c-82c40f521f34,Jazzlude #1,1.0,4,132382,19.0,
122e6786-66ad-41a5-b126-f28584b5f883,Oh No,1.0,11,490266,37.0,0943c416-e94a-4e5d-9fdd-8b9150011dc0
3bcc381f-97af-4590-a6bf-4d34df5f273f,One Joint,1.0,1,216000,10.0,
851d7840-d509-45d3-9ff9-fe9b40ad7a1c,Vivo Il Mio Mondo,1.0,12,212218,52.0,12a90b45-20ca-4139-9cbb-4e7066a75e0d
09dc2493-2af0-478d-9dde-735b9012e5eb,Jazzlude #2,1.0,1,216000,10.0,
4c882282-de42-44f5-a633-c384da01632d,Jazzlude #3,1.0,1,110561,4.0,
3888e8cd-1b7e-4339-9fc1-bf43fb2094a2,Maestro,1.0,1,110561,4.0,
f20028a7-12ac-424a-960b-825f65c9a2e0,COME UN TUONO,1.0,10,175293,69.0,c9eb2cf8-8b2e-4585-90c3-3578d7b7e3c4
8d493819-04d8-4a44-96b8-d7c54b0a91f8,Fantasmi,1.0,8,133266,64.0,b8f97e00-063b-4f30-baf8-c2eb9adad464
51120c72-131d-4a99-b0e6-a7a4065a456c,fuorilegge,1.0,1,221403,72.0,
117c7c70-35a9-4856-9115-4ec8bdaf9506,ancora,1.0,4,188041,67.0,e7cf856b-e8c1-4dcd-b6dd-76f9742e5b0a
3fdb224d-b35c-4f29-9d59-46f781f3e366,no vabbè,1.0,3,160000,63.0,
499a9a27-8318-485c-b78b-b926dd7ebaf3,Michelle Pfeiffer,1.0,12,180774,54.0,
9bcac8c4-5b87-4188-8f26-fafbfe95400e,Elvis,1.0,14,172784,49.0,
533b8c25-b689-45bc-a794-daeb3271f879,CLICK BOOM!,1.0,2,225561,64.0,
ab14af7b-c692-4b28-9870-d3a56b350edc,Due facce,1.0,5,154186,50.0,
606bdd22-a31f-4200-bfbb-2e095e2b8f2b,STAN,1.0,3,149320,47.0,
e3bc4254-afa3-49e3-b0ab-8498e1008bef,BRUTTI PENSIERI,1.0,7,187201,48.0,
c5608b87-bd5e-48d3-b465-4f27aff7ee04,HATTORI HANZO,1.0,1,166574,45.0,
e011e0e2-0924-4346-9379-94b0f60f5279,"IO, ME ED ALTRI GUAI",1.0,11,177208,51.0,
4f699b9e-81f1-4bee-965d-8bcbcbf3d7d6,Lamette,1.0,3,149493,54.0,
c314037d-0861-4daa-b267-88d131ec4fc0,GRAFFITI,1.0,5,167785,54.0,
ef256bef-dd56-463a-86ff-26c56306a868,bop,1.0,9,153053,63.0,
44d827e2-5473-4369-ace4-4775ddcb94ca,TRASPARENTE,1.0,9,151952,44.0,
d4019504-a5d7-40d7-81e0-548817cdd5a1,il bacio del serpente,1.0,1,132307,49.0,
54571f00-6734-435c-9845-ae8fd870cb03,SAD! (XXXTentacion),1.0,1,215088,17.0,552185d9-ba42-401d-8a31-660623132de5
d2c5afeb-f3bc-4dc0-ae8f-2b0f43de6966,Gotham,1.0,8,133266,64.0,
341533bc-e268-4f78-8c34-c9d7d6e64002,MILANO ALMENO TU,1.0,12,172750,41.0,
e7018ce2-3130-48d0-8614-eed9338b7b57,Monet,1.0,11,197706,39.0,
121f727a-9c4b-4367-aa8e-d68c8b02da25,Cartoni Animati,1.0,13,164623,45.0,
90ed260f-0054-4dd1-990b-9dfa87938a17,Yakuza,1.0,10,163346,34.0,
045162fe-921f-4a14-a81e-90e18c0db5a4,smith & wesson,1.0,10,196636,45.0,
8b2a6655-b8b3-412d-9441-6cba33f71351,Dalle Ombre,1.0,1,156920,35.0,
c891e3fc-99d1-4675-a78c-b677ee951fc7,Moonlight,1.0,6,150442,36.0,
cf71c22c-0233-4399-8d1f-f9e583884281,tu sai,1.0,11,182133,44.0,
6778dd9a-b8c9-4fae-9e9f-4091707fd94d,Geisha,1.0,1,171154,16.0,da8a0385-6a6f-4998-984f-f41970f74bbc
605779ff-56ca-4b9e-9cfd-5d65fae8ef0d,Rehab,1.0,9,192034,36.0,
d024fb13-44bc-4852-ae59-93a454ed5c99,HAI MAI VISTO PIANGERE UN COWBOY?,1.0,8,149240,37.0,
1ba24a95-a28d-4dca-955f-9db8d27dce68,HUH?,1.0,4,124561,35.0,
9cd568e5-602e-44b0-9109-c3e249e61c46,patrick bateman,1.0,6,142627,45.0,
0d050324-4787-4bc3-be0a-aa3a833e8098,GANGSTA LOVE,1.0,1,176625,28.0,1a2078ec-f592-4a92-8cde-2a3a398029eb
8d696c6e-2298-468f-abad-f0004f6307f9,Non Sono Felice Per Te,1.0,4,159440,32.0,
ff62c629-ece5-4756-9b57-72bb30a866dd,millionaire,1.0,2,149386,49.0,
309ced6b-2ccd-48c7-b046-ece8635c649d,l’amore è un serial killer,1.0,13,150666,42.0,
08edccc6-14db-4bb3-ba92-12fbc7b70d34,lacrimogeni,1.0,7,210119,52.0,
82fb4219-8066-49d2-975f-bd332428d863,Rari,1.0,7,168190,38.0,
92ac2f2c-9e1b-4a46-a6b8-4135bfb70eee,wtf,1.0,12,178328,42.0,
aad65072-be45-4a20-9bb4-7fad37c456d4,IL MIO FUNERALE,1.0,6,155641,38.0,
1c9fc8bb-e301-4940-8e4e-64ba403464a4,GOODBYE,1.0,1,145115,25.0,8d67347d-80aa-4f79-9f46-3631329a45b0
3f6c7b41-3da8-4873-a8be-0643bb0b166b,Il Diavolo Piange,1.0,1,154864,35.0,a73c1366-5112-4b10-9fd4-0cc40e0778d4
6d10203a-020c-496a-8546-dc964c37f467,Funeral Party,1.0,1,168240,75.0,
2a5828ce-9150-47cd-bc65-ab4a9f26fe8b,musica per dimenticare,1.0,5,166736,49.0,
b63408ba-9eda-427f-8d3e-1ecb8947d4f0,COMO UN TRUENO,1.0,1,174869,41.0,31706476-19fc-468e-a9ad-071d9a3090ba
fc5afee0-67c6-4e3f-8ac8-8ef1a71b59bb,Kitty Kitty,1.0,1,175908,13.0,4d37b6a0-2926-41c5-8d89-5df54592545b
f5646c16-0eeb-49d0-8035-7acadd8a286e,Get The Fuck Out Of My Pool,1.0,1,139467,16.0,a2e4f631-cd24-4c84-8de6-4687cfc1a6ee
1879753d-720e-4e8a-8dc4-1b85581042bb,"It’s Snowing, Motherfucker",1.0,1,197648,16.0,37bb98c9-9e5d-4ad1-828c-3fb3ccbb0af8
bd0e1800-b0b8-4760-afb8-f0e79e0cdc10,Don’t Call the Po-Po,1.0,1,209142,20.0,6d0f9799-babc-47fe-b2d3-aa71a66a2975
11e90dd6-0d18-4eca-a22a-3e5033dc4eeb,Bundy,1.0,1,107768,23.0,254e0208-f2ef-42bf-b0ab-39f07794894d
0f808625-190e-4572-bef6-7e2fa6e28578,IRON MAIDEN,1.0,13,242694,13.0,567c5f9f-cfd6-4e6e-b7ea-5f2ebd07fae5
b66de0a0-9977-45ba-be67-def10b3b0bdc,victoria’s secret,1.0,1,194222,66.0,bb7cc0a9-126d-449d-acb0-cc972884ab38
33eafa52-5541-4fca-9973-4ba5e142c2ea,Tarantino,1.0,9,153053,63.0,
4e4b825c-a953-4e05-ba72-37fb0a0c0a28,SWOOP!,1.0,1,189840,18.0,cb622c51-2fe9-45c7-aa7d-3d952a2d253d
2d9e7056-06df-4884-a53d-19505a21e388,Sneakers,1.0,1,179362,15.0,8e1e8c65-97a6-415d-a0fd-5522e5cd9a7f
02c7f6ac-24fc-43ef-a741-220bfd65ec2d,Tyson Freestyle,1.0,5,306960,13.0,08319c36-0f63-4c4b-8728-7d2ace85adda
1259437d-6085-4149-b4ab-20b8f0a45373,"Fiori rosa, fiori di pesco",1.0,3,226341,15.0,ea058754-1572-4e71-b1ba-72e6194ff74d
92e42dd1-ce96-45e8-8f58-a00ba4d92c98,Collaborazioni Rose Villain,1.0,7,130548,47.0,ff1d0b40-7019-4d52-9350-b7706f515fe5
fa32b8b3-3ada-4dc7-81e1-4ed313b47639,SLATT,1.0,4,217443,59.0,eb0aec69-7715-45ef-adb4-b40f1510b4e6
df7ef3a7-a54b-41a7-b834-c2b613b9e95c,Face To Face (Exposing Me RMX),1.0,13,206346,46.0,b1d25827-4a35-415a-add8-661977e685e7
8a3f2036-9665-497a-8dac-7f9d18966d00,MOVIE,1.0,1,195744,50.0,4c9cb590-fa51-4b9d-8619-0979da15386e
5c200fce-e072-41b4-84a6-a4ab52242f19,Dubai,1.0,1,201847,51.0,5da98571-e525-4687-abd9-23bfa1d01487
e1b18922-d62c-4cf5-a4c1-1917a1e7e4a5,GIOVANE RONDO,1.0,4,217443,59.0,
64a3cc2b-5eb0-4b2e-bc62-0b809461af8c,SHAWTY,1.0,1,153881,48.0,232773e8-8f2c-4336-93e4-749fde4044d0
ee12cb5b-7800-462f-99ff-66b1c3190a43,OGNI VOLTA,1.0,1,424750,11.0,3d909540-b195-490f-a791-b14c2aee35ad
b594b7f1-998c-4254-96b4-ee932abc3bad,STURDY,1.0,1,237632,45.0,fa7d0b68-28c9-4aa3-bf14-48df851ec965
27ce6647-6e0a-4af4-8179-d4f45aae891b,BABY,1.0,5,189677,50.0,
a4d3b558-cc30-42cd-b680-52a3daef0300,BIRKIN,1.0,1,181621,42.0,d4ffdc7e-1840-423a-b27c-71c579b4759a
ac3f2028-3eb3-4386-8f56-b9dd0ed9adec,YOUNGSHIT,1.0,2,141660,52.0,
a1fed46b-40b1-4d45-896f-3513c80132dd,CHINGA,1.0,1,184246,49.0,5a746233-7e2f-48ef-8c6d-72a663dfbee5
7d0d71e3-3b90-4340-bd06-46b8bc4decfd,Free Samy,1.0,1,173538,44.0,884f31b6-22e9-4967-a42e-0028f89737fa
a463834b-451f-4fe8-a203-8d262f915c3b,[Rondodasosa] Plugged In Freestyle,1.0,10,361346,5.0,842c1ded-c73a-4917-8657-fcdddfacb01a
366a435d-2c33-4bc3-a7fe-c39daf056abb,Leggenda,1.0,1,231686,48.0,5939a478-7161-4a1b-89d7-8e36d8ac1492
274dee46-b6cc-4c71-b0fd-45c53167f512,DOLORE,1.0,7,196800,38.0,
609f8362-a9f1-47a8-8207-84211a7dcd7b,TRENCHES BABY,1.0,3,208785,42.0,169017e5-178a-43dc-81ab-e348ae46e253
657dad1b-9ad2-44ee-9f6b-90c565a63e30,NEW YORK,1.0,1,197142,45.0,1787069f-c9a6-493e-bf58-5cacac3bbed3
d65bbcdf-78cb-43b8-ba40-0bc398629d2e,SOUTHSIDE,1.0,6,139130,41.0,
e010f4f4-7f4f-4922-8cf8-f78a5f7d9eb5,BLUE CHEESE,1.0,6,191422,51.0,
876fff29-a9a8-4b27-9f74-db7f53b04277,TRAP,1.0,3,203042,38.0,
9be36ea4-f7a3-483c-9fa7-2cf83d09aa8b,TOKYO,1.0,8,202127,45.0,
794e673c-9532-469e-9366-5575c5c30ae5,MANDANTE,1.0,1,214000,38.0,151977d5-4b5b-4dab-b3c4-7df5f47e03a1
4cc75eba-9623-424f-8d72-ed4cf8326ef3,DRILLMOON,1.0,11,210000,46.0,
e78a8d5d-3110-466e-bb20-e12a2753daf9,Show No Love Freestyle,1.0,11,579293,67.0,719062a0-9155-4353-9bf9-ad606c91d1b5
f527792d-994b-454a-b4ce-0e3237df18c4,BABA,1.0,1,155789,51.0,30fe3629-df17-4d63-a561-11e053f11d44
2311c750-6581-4535-bed6-20a0a4a1c203,SIN CARA,1.0,9,134652,44.0,
c680f294-d01c-4fb3-ad8f-62cd03871cfb,SOLO/ALONE,1.0,1,237755,38.0,22453616-3531-46b1-b8e1-87f97d138dbb
5b9010b9-2156-4ef4-8b96-f5df01e2996b,MY LIFE,1.0,1,186964,97.0,
f9442bba-d9f8-456f-afd5-ebeed3c1a7df,CHIARA,1.0,1,174379,46.0,e1467361-efb4-496e-9a05-76eecac0e410
2d056004-d9ea-425e-82a5-65d3d6033d32,PLAYA,1.0,18,137910,47.0,
04f93900-c0bd-4bf1-b60c-8418246cd69e,WE ON EM,1.0,1,192558,41.0,55da38ea-ef37-4fcb-a57e-6c3bbc65dc85
f2adcad6-2bc2-4019-8079-7f4224a84c7b,FASHION NOVA,1.0,4,142741,46.0,
3b07caa5-4c70-4bc6-b897-963b7bf14f78,AUTOSTOP,1.0,17,189132,44.0,
64e57806-573d-438c-82dc-5593e51ba1e5,KILLY DEMON,1.0,14,165245,42.0,
e3dfddda-789b-4451-9794-572942db04d6,ADDERALL,1.0,4,165004,49.0,ad5b6ced-aeba-4bff-a32c-2a32f86abc11
a9fe603c-dd56-4e98-aa75-5bda84a5a77f,Face to face 2,1.0,1,193725,48.0,60e2048c-cc69-45d1-9442-db4e796f321c
315ad989-da5c-4e10-b071-8b0e3d45e6a0,READY 4 WAR,1.0,1,168275,45.0,94cf9ca2-a92a-4717-af9a-a1aa10fc05cc
1b2ec66e-f172-4703-9d9f-acdb7fadd437,GHETTO,1.0,1,161332,50.0,7e9b33e3-be33-4dec-8a3b-5945a6dfa413
caa43093-26af-4d11-afc8-116cecf74afe,NO LUV,1.0,12,256000,42.0,
78cc9d51-a3f1-4948-a582-94a587d9106f,OUTSIDE,1.0,5,147000,43.0,
08d479ae-9971-4dcb-b0e8-cbaed19ff506,TONIGHT,1.0,7,184501,41.0,
4d687c62-4c1f-4967-820f-beb056d196ab,2016,1.0,5,167973,50.0,
74ff3b49-d8e8-46d6-8c0b-51fc85fd082a,CELL,1.0,15,181394,40.0,
b9634b06-6eb7-47ff-8020-1ab7a7a0615b,PACK A PUNCH FREESTYLE,1.0,1,229031,43.0,9677f488-a2ec-49cd-a2c3-7a7946e0f6a7
7238c6ac-147d-424c-95de-9895e9158368,DOLORE 2,1.0,19,181404,38.0,
dbcd72fa-2cc6-474c-ae6f-94acb875179e,GOOD DAY FOR KILL SOMEBODY,1.0,2,143892,46.0,
de48adc1-343e-4030-8463-a3599272cc76,YAMAHA,1.0,13,187941,45.0,
d3a163c3-07e5-41be-afc7-9a8c054e7de6,SRT,1.0,11,142468,45.0,
68a5d795-dc50-4ba3-9d02-385484988819,DOPPIO TAGLIO,1.0,8,219772,51.0,
3fece8c9-8b1b-48e1-997f-a8ff9bcaae92,DROGA,1.0,3,202600,60.0,
cbb96ec9-d4ce-4151-8f21-dbfec31c2830,SSG,1.0,1,177433,38.0,2ce3bb9c-42dd-42fc-a694-6dd2233f39f9
ac019e27-dca1-48a1-b422-de9e06d69385,SCUSA,1.0,16,187138,37.0,
0636208f-279e-47d8-8009-c623e6957c8d,TIMBERLAND BLUE,1.0,13,165660,43.0,
729fda22-3345-40d9-91ec-588146f0b95d,2+2,1.0,3,127429,46.0,
266aedcc-b969-4e03-a76b-6f6cc2e56ff8,TOWN,1.0,1,167624,47.0,
8b28962a-6e7c-485a-ae8b-977a4d905efa,MOTIVATION,1.0,16,162500,59.0,f5fe39f5-072b-49da-b035-b81deb93bcec
cbaee8e0-971c-4c07-a630-f0a4202e1790,My Brain*,1.0,9,223253,2.0,24fcdebe-1934-433c-b811-65b7560acf55
b6430f6f-9a0a-4a2e-ba84-1c606b67bed1,GANGSTA LIFE,1.0,6,158169,46.0,
5d971639-d28a-41d8-a85a-dbcbca0c48d1,Curry*,1.0,19,212920,55.0,
4cf5c929-1661-43a8-9cd0-d90ee9177e94,DON’T CRY,1.0,7,147535,44.0,
2c44b50d-2ab6-4aae-8d01-b1ff80557969,BabyGoat Freestyle,1.0,3,202600,60.0,
a1b945d6-3841-431b-be5b-b1b960bd6ef0,On The Radar Freestyle,1.0,1,431671,27.0,2ff5fcd0-ccaf-41ac-a0b2-2e19c5621c81
5fbec5e6-bb0d-4144-a2f8-c7d482465aba,GET BACK,1.0,10,223745,40.0,
8da4ae1c-62a2-4891-95c6-9b36f4bf9a92,HUSTLER,1.0,12,172500,42.0,
d2ea6105-4351-437d-be25-fc06d5beaac5,BIG DRIP RMX*,1.0,5,168760,54.0,
ef13d64e-7da0-4502-92c2-f7466cdfe6ff,PRETTY GANGSTA,1.0,1,182152,45.0,e1a158e9-c8d1-4234-89e8-079ff23bc3ee
d7849232-d211-40af-a062-14e08c006fab,ADDERALL V2,1.0,1,215725,11.0,dd18adcd-5929-4205-854b-0c97cd8405ab
1b6098be-41d1-4991-857f-af3cdb962dff,SOSA*,1.0,19,212920,55.0,
3338b146-255a-42cc-8d23-3779e8bc891e,BUSINESS CLASS*,1.0,1,231026,31.0,91ca57aa-f028-4429-ab11-d963f592c997
59a220d2-4eee-47a8-9722-a29e0d9b857e,Mi Sono Perso Qua*,1.0,3,178709,73.0,
ec6efa2e-e537-4e96-a685-cef8f3d6461c,Another One,1.0,1,168500,39.0,03467c8f-8b34-4d57-a251-033f26bc815e
dcdf107a-7d13-4f98-af01-d24c215b1556,Ragazzi Di Strada,1.0,2,183997,43.0,
4eb00bc3-0b13-4702-9a28-21a73512f5f3,Verità Freestyle,1.0,15,195535,51.0,8e416e87-c140-4b10-8ebd-bd0b92220658
f7d78866-8787-4691-b4ce-146f7143e03d,GHOST*,1.0,3,202600,60.0,
bf3ee32d-ddff-4695-b0ac-92d4f2b57f67,Big check*,1.0,46,165000,0.0,2c6b8afe-da2c-4823-a74d-cfbb89074a96
a1318cc4-3a64-4ccc-a90d-f467d714d911,All On Me*,1.0,1,176965,94.0,c32c44fd-3c73-4bc9-b543-15767fdcee95
8d62ba5e-d88f-46d9-8ecd-4bf3f4d78932,Tiffany Calver Freestyle,1.0,9,169014,28.0,4498955f-ecaa-42e8-9bad-6b119d5ac157
9b0d0790-92dc-455f-a9c1-0672f77760b8,The World Is Yours*,1.0,12,181661,69.0,a34e602b-8403-49b9-a30d-82c5f34563d8
45e77621-ef2e-4fb0-8312-9f3b391b9705,Junkie*,1.0,19,212920,55.0,
1af5c4e3-d3f4-4bee-a5ae-269adf85d804,Lemon Pepper Freestyle,1.0,7,203606,1.0,9d624298-48ec-47dc-bf15-8f97d1876cc1
fbc87de4-9d12-453b-a492-964cf95f6677,I come straight from Italy*,1.0,6,243776,69.0,1584d721-2ebb-4b08-9844-70e7cf6315b2
8b125f0b-011d-49ef-9ead-aa7df0364da7,LIMITER,1.0,3,202600,60.0,
6ac9db78-7f3d-4340-b30b-9b1d9fa72181,Switches*,1.0,3,202600,60.0,
55ed342a-5dcf-4951-ae88-d20acdc15d94,Money on my head*,1.0,5,204640,86.0,63f77c34-bd06-4a86-8a0a-f847151601f2
a152b894-11dc-489f-ac42-4117999bca3d,Cupido,1.0,3,210106,63.0,
e34837aa-5480-43ac-bee1-33c7786c9e60,Tran Tran,1.0,11,219733,67.0,
e09ac4ea-f7cc-4f39-973a-cb27ad5bed65,Sciroppo,1.0,9,205013,63.0,
ce0a52c0-a618-4ee4-80d1-8b77c6c7e871,Rockstar,1.0,1,195946,64.0,
2a400cf7-7e49-463c-837a-8b8c8fdd33bd,Serpenti A Sonagli,1.0,2,194173,67.0,
07bf98b1-b03e-4ec8-9e58-dc0cb95fe826,Ricchi x Sempre,1.0,5,223786,65.0,
0e6735b1-e917-4187-bd9e-b005b630ce6b,BRNBQ,1.0,7,224120,65.0,
26281d74-06df-4484-82bc-4c98d2328139,Bang Bang,1.0,8,149893,69.0,
8bb2a592-e5f7-49aa-9443-c53fb4a6761b,Visiera A Becco,1.0,5,187573,71.0,
0eb7509e-5fe6-4542-b112-390179dee03c,Uber,1.0,6,187253,58.0,
e0874f6f-7a4f-4bd7-a6f5-3b9b0376d8cb,XNX,1.0,4,143693,50.0,
88c0d150-3d79-4da2-bb89-6f205d34c537,Tik Tok,1.0,15,310624,59.0,b3615549-7a04-467f-b7a0-301c722ca7fc
dcf94be2-389c-4ca0-af55-30089a0454d5,Figli Di Papà,1.0,2,205480,60.0,
a029030d-ad89-4c97-93f4-f702ffa2c282,Bottiglie Privè,1.0,2,189867,63.0,
77dcbbda-5288-4e81-883d-e4c46e14d7b1,NEON,1.0,6,226906,82.0,
3b4213a2-504a-48b3-8297-84206c17b655,Calcolatrici,1.0,11,205524,69.0,
6c933eca-31ac-4ac8-8908-004658ad8fad,Ciny,1.0,13,166346,62.0,
97b21e19-6ac6-4925-bc5f-e5cb5d9d5c75,Abracadabra,1.0,3,192964,47.0,203a06cb-55a3-4466-abb9-b37602532c7d
b87cbb44-2608-443a-8e91-a69010b058e6,XDVRMX,1.0,14,202445,54.0,
e7d9cdb2-70f0-46ff-befd-938937859fb7,15 Piani,1.0,12,206896,69.0,
e3cee5ad-0e7e-4bf6-842a-1e6b5a8980d4,20 Collane,1.0,10,128933,56.0,
0fce4654-424b-4700-88c0-3b00d13973dc,Notti,1.0,4,170840,64.0,
1882e64b-de58-45b5-95a5-98c3ce0a15ee,Mercedes Nero,1.0,5,232000,55.0,
cddd8f31-bf39-4ee2-bb68-8fd95d1bbdbf,Panette,1.0,3,195691,57.0,
c24a81d4-b4ab-4abf-a77b-b1a76ad4b879,G63,1.0,3,229253,64.0,
de2a2a5e-ba41-4f67-9793-b02cbc609069,Leggenda,1.0,7,189986,54.0,
bd238175-6928-48f8-971d-89566a624707,Brutti Sogni,1.0,7,195121,52.0,
95afb274-6da2-4f61-b088-5abfd3baa2c6,$€ Freestyle,1.0,14,164468,50.0,
1315f3f7-2649-4114-b32d-5185a3aff028,Macarena,1.0,5,158043,45.0,
be40cd1a-8ec3-4cd4-914c-25bb99856321,Balenciaga,1.0,3,169280,47.0,
b57c283a-0e3b-4a43-b00c-948ddf60b6ee,Dexter,1.0,1,155769,53.0,00f00a35-78cf-4b08-b274-9cc417a191a5
f619ac0a-aee7-4b8c-84c2-2d508ce0fa9e,Hollywood,1.0,6,191869,57.0,
4948b413-8475-4129-9f47-4df8c22d6d34,Bancomat,1.0,8,188706,57.0,
485740da-130f-4ca2-8ef8-94f96eb61453,Equilibrio,1.0,1,185800,52.0,
aa317498-f6c2-425a-b1a8-3d001397928a,Baby,1.0,4,193554,63.0,
c55b8d56-3723-43fc-958f-f75bfdd7fb81,VDLC,1.0,4,198260,62.0,
149977ba-f18d-45b2-bf6d-8abb16a67d03,Blunt & Sprite,1.0,1,168193,50.0,630582dd-572a-410c-a674-6aebd834b2cd
aebb9175-0028-4bbc-ba49-302f3cfc2202,Ciao Bella,1.0,2,186666,59.0,
ef5b9432-2ba9-4cdb-9d97-1678c1247c49,Più Forte,1.0,8,231043,50.0,
fe69660a-e60f-4b35-a360-acaaefd1dbc9,Anche Stasera,1.0,5,217500,72.0,
c07148f8-c373-42e1-b343-9d9ec4708837,NON METTERCI BECCO,1.0,2,182245,76.0,
57a81162-85cd-40db-806d-fb806c21a702,VVS CARTIER,1.0,9,180863,76.0,
d901b6fe-bd06-40e6-a75c-41d0a4f5410d,Giovani Re,1.0,9,168342,55.0,
cadddca4-0308-4345-ac7d-68059a102be0,Happy Birthday,1.0,1,170706,59.0,67b1df00-8365-4f45-a7b3-0d9bea18f201
65fd67e5-e911-4c21-9f45-ee27dd16c6ff,Male,1.0,8,161873,62.0,
51205c7f-9c2d-41c2-8805-e0d091c66dbc,Gelosi,1.0,10,183526,50.0,
203530c3-8acb-4af3-adb9-c0fe179303bc,Salam Alaikum,1.0,12,149968,43.0,
12ccc68c-ee15-442e-8f5b-68b8a31209eb,Tik Tok (RMX),1.0,15,310624,59.0,
88d19202-932b-4962-aa53-b86d32910441,BHMG,1.0,11,161066,58.0,
ee6f5c1f-d09b-4ca8-b901-cf1db337f5f5,Marshmallow,1.0,12,244705,48.0,
f652e992-bc33-4b80-9bf3-5967cb257b80,3uphon,1.0,8,195750,61.0,
c586e888-de80-4bd3-9b02-de4333c88e4d,Gol,1.0,10,217538,57.0,
3b0bf9c8-b186-4df8-a921-e6b9f2ebc70f,Gangang,1.0,13,171078,44.0,
e075dffe-ac1e-4da2-acd8-c4e4d525ff8d,Quello Che Non Va,1.0,9,194413,52.0,
ffe54189-2bf8-4f68-8785-91627882927e,SEI PERSA,1.0,3,178709,73.0,
1c55f723-3461-4342-9d11-52abf1340d56,Momenti No,1.0,6,192611,59.0,
ca51f6a8-8846-432a-b0dc-00e6ee8d4c36,Complicato,1.0,9,193043,67.0,
e20fd68e-5f7c-4821-bf49-fc256003d494,SNTMNG,1.0,1,192096,72.0,
8044970a-3313-40f8-b396-789dac70488a,OVER (demo),1.0,10,209552,71.0,
5e3bb0a3-a413-4462-9d80-155fc1960597,D&G,1.0,8,232676,70.0,
40dc5023-37e2-4cb5-9563-5d18ee1c0707,OGNT,1.0,1,113454,50.0,7efa5737-5792-4a82-94d3-db3cada9299c
500a0b6a-941e-4ac9-b410-bd2298f68075,Mademoiselle,1.0,1,189344,58.0,2843e7dc-d6f0-470e-9ff5-7e39191998b4
a3f12081-701e-4ab3-8708-a3ac23d7afb8,Tutti Scemi,1.0,9,210713,45.0,
bc7f14b4-d17c-4f81-93ad-d974bfa43cde,XDVR,1.0,14,202445,54.0,
d480eec4-ae8a-400b-b1b9-bcf689c6529b,6 AM,1.0,11,188782,46.0,
850238d6-bcf7-4ae4-bafe-6b47f335b2b0,MOLECOLE SPRITE,1.0,4,174193,73.0,
76d08094-2f21-476a-bdda-124b0c925389,MAYBACH,1.0,5,163314,71.0,
e5a76e40-5d12-476c-9750-81a87e8212b5,No Champagne,1.0,4,178348,50.0,
40c8c0da-7026-421b-83ac-b61bf1fe05f7,Rapina,1.0,10,174705,49.0,
f68b7792-0f91-4be4-a7c5-2507882a618a,Cupido (RMX),1.0,4,211920,44.0,ceac6292-0488-4be5-a9f5-042945b88645
05c1a7c5-bed9-44ba-b13b-f12648a0c491,Popstar,1.0,1,183306,52.0,
0d804c10-fb97-4ed3-9480-bb450a5fb421,Fragile,1.0,1,146165,55.0,
20160389-d200-4b3f-84d9-f65a4c1d98d1,Trap Kings,1.0,15,240005,47.0,
769007df-160b-4fe3-b3d8-edd77156de99,No No,1.0,2,182245,76.0,
0b27c071-7f5b-4337-a3ca-5edec65d0c69,SG4M1,1.0,2,153441,47.0,
fdb215e5-8ce8-40e6-985e-6ea6813c8830,COME SE NON FOSSI NEI GUAI,1.0,11,209962,71.0,
0c02dd24-9e99-432d-9eb6-6bb026763379,Uber (feat. Miami Yacine),2.0,6,190000,32.0,
7e066c84-40b6-4226-8c74-240d8d027b9d,UHLALA,1.0,17,189124,59.0,
aca8159b-028d-4462-a80a-e6c4cec6de99,Parigi*,1.0,8,232676,70.0,
ec2cebd8-3afd-49ae-83fb-43e6376bdc6f,20 Collane (International Version),1.0,10,160000,36.0,9b37fcff-396d-4587-ab54-2f3bb22b70ae
cdcd9371-a407-4a56-b819-5c7ceb26d6a0,Milano Bene,1.0,7,162061,52.0,
e21305e8-5b9c-4d4e-9765-057e913f83e3,Troppo Tardi Per Noi,1.0,6,192611,59.0,
c7f5f3f4-1cde-48cb-bd45-b4e231195420,Te Lo Do,1.0,6,152346,44.0,
9158e651-fdd6-414b-b0d0-4bf0147ed3ed,Ragazzi del blocco,1.0,2,182245,76.0,
0bb2038d-3c64-4b0a-9036-ef532649a7b8,Maleducati,1.0,8,232676,70.0,
0a22c5da-f853-4f44-aff0-c2b7a20bcb7d,Zero,1.0,11,198688,44.0,
f7b107d5-342b-4738-adb7-51a7c813b0e5,Orange,1.0,3,198026,63.0,f77dbc41-1385-4b9f-bea3-3d2c8112cd5d
d6b292ba-7674-4d7b-be81-8b2eead40cc8,Uh Ah Hey,1.0,2,176186,46.0,
664b4c0f-5946-455a-a210-0eff48674bd2,PARANOIA,1.0,12,226041,68.0,
d1bef731-108c-4429-9924-53eed4321586,Hey Tipa,1.0,1,224888,54.0,7b488393-61c9-4423-bb69-a082adc43280
d539e361-d5cb-4fe2-b5fe-0d9253f48f90,Orologi,1.0,8,232676,70.0,
edb0be2c-886f-45de-945e-8ddeed358d8c,MNGSNT,1.0,7,156483,67.0,
04f63398-6745-4ecb-a28f-25d390c88235,XNX (French RMX),1.0,13,166346,62.0,
53fabaa0-cb32-422c-966a-d63b87d9e8f4,Famoso,1.0,2,189867,63.0,
55045959-cc89-46f8-9a84-c7a955826910,Bancomat (International Version),1.0,8,178000,39.0,
5de0d28a-a6df-46e7-87a6-4d6bb8ee7844,Triste,1.0,16,202125,55.0,
0f1ce3d5-845c-4682-8d0e-b61bb4b288e6,Solo per te,1.0,8,232676,70.0,
f6da883f-80ed-46d2-8d14-2e242e8197ff,Tran Tran (International Version),1.0,11,252000,36.0,
54188ee1-1010-4f06-bae0-b700c2deabd5,Nagasaki,1.0,8,232676,70.0,
54c94587-9e60-4474-a14f-1fa7b2aa624a,XNX (RMX),1.0,5,151133,38.0,
9389b15a-7c72-4d48-9d56-016f78c44852,Radio 105 Freestyle,1.0,1,182988,7.0,5a74c907-08e6-474f-9908-9af30c2c58dd
72a20181-991e-4aca-a499-ee4c80301fb6,90' Anthem,1.0,2,186666,59.0,
5eb58910-8358-4bad-88a4-3b9e2a52c7f0,Bangkok*,1.0,8,232676,70.0,
16062bb0-f811-48a6-bdd7-bfd7bbfacdc4,#Cheffigo,1.0,8,232676,70.0,
db3d5d67-2392-4983-9281-eadd218920d8,Serpenti A Sonagli (RMX),1.0,6,194160,32.0,
58b0cce0-6cab-48dc-8bdb-f7b636399f54,Still Fly,1.0,8,232676,70.0,
4f833f42-0613-481f-ae7d-5c191fba61b1,Tasche Piene,1.0,11,161066,58.0,
f05fef23-18a7-4e29-887f-7b81f6fb9032,Siamo In 23,1.0,2,182245,76.0,
d5b7b498-74b9-4de0-b236-4e980d724ed9,Meglio Se Smetti Freestyle (Intro),1.0,1,182988,7.0,
4933d661-28dc-4677-803d-83207df088e4,Sulle Mie Spalle,1.0,2,186666,59.0,
3143893f-de05-41d3-8f65-19c087bf4548,Super Lemon Haze pt2,1.0,10,147213,54.0,888f204e-904c-4465-bb78-06d1b8f383fe
c241ca12-2c60-4e9f-8c60-196d1b349463,Double Tap*,1.0,8,232676,70.0,
5fa23785-984c-48ed-9d56-0022bcf09899,Non Ci Siamo,1.0,2,186666,59.0,
f7a99afb-742a-4f4e-bb00-665d92be1055,Squali*,1.0,8,232676,70.0,
1a6929f8-16be-40c5-81d7-e6a359eb5bf9,Levati Dal Cazzo,1.0,2,182245,76.0,
b4cbdc31-df05-4841-b047-276ca47be0a6,Iniorap,1.0,8,232676,70.0,
fb70c9ad-34db-4924-8237-aade687206cb,Crack Music,1.0,11,251653,60.0,10b690a4-ec7f-4791-b30a-daf615e97b7f
6986559e-c053-43a1-9638-a178af12d65e,Holy Water Freestyle,1.0,1,182988,7.0,
d4125b68-bbd2-4419-9d08-0de1567aec31,NANANA*,1.0,1,160000,1.0,40abdf82-fc34-4ab5-8933-6615d999a8fb
1c0332a2-77ba-44ed-b971-f00dfce66af2,Sotto Controllo,1.0,1,168648,2.0,aa439799-53e7-4208-96ec-93a9ca3c7f56
624570f9-c5c4-4dda-ba2f-e6528e1ac6dd,King Kong Freestyle (Bonus Track),1.0,1,493714,15.0,7e22b86b-9f5f-4420-8d99-ad05aa882ccf
bf3f4a85-d67b-44d2-b567-4feb53b96b40,NPAC,1.0,8,232676,70.0,
e69012ae-860b-40be-b02a-eafedaf9b0f8,Fanculo Al Tuo Finto Swag,1.0,5,201500,8.0,f041b5db-0393-4a4f-949c-695b63ea608b
14dcafbc-93a8-42c2-88f2-b3cfe4a2a49b,A Tempo,1.0,1,291413,46.0,2fa78395-74da-486c-8fae-771378736546
8ea7be89-1175-46d2-a9db-73759c354b61,Suca,1.0,1,493714,15.0,
c1cdc7d6-c50c-4f57-b669-456cc5431e1e,CHANCE,1.0,8,232676,70.0,
f093d8ee-9575-41fd-a503-589534ac722c,K.O. Freestyle,1.0,1,182988,7.0,
6ea01b54-ea4b-4671-963a-2f4d2f2e8856,NO S3SS,1.0,8,232676,70.0,
2f88e624-d74b-4a32-990a-d61c9fc6580a,Sempre Vera,1.0,6,201500,4.0,07884d93-4274-4b64-9ea5-78f1c0e8d4ce
4e964e78-9dd1-44b3-b9a8-e22452169f21,Tony Montana Freestyle,1.0,1,182988,7.0,
2b42c8cd-0706-4b85-852f-1d11db469525,Ice Cream,1.0,2,182245,76.0,
52b5e8b7-fd3f-421d-9b69-0537cf39e698,Murderflow,1.0,8,232676,70.0,
efdc0fa8-d673-45a4-b8ee-237397b7eb1b,FUCK THA FAKES,1.0,1,200357,55.0,028766e9-b20f-40ad-8591-043d68243b82
837a038a-2357-4c16-885c-89200f474b2d,La S la F la E (Unreleased),1.0,11,219733,67.0,
d95228a8-b910-40a9-8115-82b09197fcdd,Star*,1.0,11,161066,58.0,
27e76767-8bbe-4e19-a4dd-3fb312d2fdc3,Palazzine Palazzoni *,1.0,2,182245,76.0,
7879aba7-7b08-48a9-a757-0cba2a9c020f,Un Temporale,1.0,2,248893,39.0,786a4d57-0b06-4530-b683-7b8e3964dc11
8ead4ccb-0976-430c-ac0a-ba705e931332,Adesso sono qui,1.0,1,246066,40.0,7cc1c098-b1f9-4cce-bfcc-4a283103558f
38484c9f-7d28-440c-ae2d-bfe1e4c0f7d7,Magia Nera,1.0,3,251146,28.0,
d5a5d88c-317f-4f73-b6d0-f6b18821adb1,Cose Che Non Ho Saputo Dire,1.0,4,223680,24.0,
326f927d-eec7-42fe-b4d6-a29e464ad7bc,Mezzanotte,1.0,2,248893,39.0,
a7345652-f113-4a0c-a4ef-9233bd97e02f,Rose viola,1.0,1,193279,39.0,a7505d3e-3f8c-496e-80f0-4e1594ee781e
6194cb36-7cef-414e-977c-e38369c53256,"Fantasmi, Pt. 2",1.0,14,210840,21.0,8609a91f-ced5-4053-b704-d58088962638
8e5733dc-fe9c-449f-9359-e7dc0e6d15d5,Bellissimo,1.0,5,194733,25.0,
0c57a33c-abcf-4f47-9c33-9904b0042ef6,Da lei (Con lo scudo e la spada),1.0,3,215333,25.0,
6ab580ae-494b-48eb-94d1-0c11eff80cf8,Dopo La Medicina,1.0,13,260333,21.0,
d42c80f5-3581-4d3c-ae5b-bbd35ca20f00,Impossibile,1.0,1,256920,20.0,
15dfa7fc-049a-480e-9f2f-d5a7a8630bac,Quassù,1.0,6,236560,26.0,
b1dad35b-16be-4d58-b3fd-acb51164cece,Non Spegnermi,1.0,2,156620,61.0,e94d5722-0c07-4c7a-91af-724bc91d97c2
c668f131-7999-4726-80e8-825a3c9be4bb,Grande,1.0,15,275920,26.0,2ff23dc6-0b4d-4f7d-97d3-0b2fa6d25f36
d00e2f0a-f3f7-45d0-9548-102632179247,64 Bars,1.0,11,131777,56.0,
0e2a2fb0-3ff9-42e9-ac1a-8f1194375b31,Fuoriluogo ovunque,1.0,4,233360,23.0,
81424ba3-4ad9-41d5-9dae-f81d98ae0017,Un giorno in più dell’eternità,1.0,9,253773,21.0,
3a5c3e81-822b-4c7c-878c-c989831d1a4e,Nessuno vale quanto te,1.0,8,238773,26.0,
6507e6eb-78e1-4aa2-b579-a4d4603b190e,A Casa Mia,1.0,9,212640,19.0,
c9013b78-bbbd-40be-8188-81ed05459f95,Parte di me,1.0,13,207853,23.0,
32fe7b6a-b869-4ee5-a43e-d14873ddf9c5,Non Voglio Morire Qui,1.0,7,196000,21.0,
2d244d54-6c94-48a3-83e0-dabb5096248d,Siero Buono,1.0,10,240653,19.0,
30f0a42d-55a4-44d8-b2a1-7c53b482f295,TPS,1.0,7,205125,58.0,6d91a55b-fe5b-4283-ad39-0a250b1283ed
c2b503fc-07e3-43cf-b21c-e4657a59cc1e,Dentro Le Pieghe,1.0,11,312386,16.0,
ae6a3bfb-6638-43f5-8b39-9ceb504c87d0,Questioni di principio,1.0,1,234960,16.0,4cb067fd-ed46-450b-81a9-97a36877ef6f
268d18fe-2528-474c-bb94-347b46eb8f4c,Kintsugi,1.0,14,231493,14.0,
145dc4e3-6501-4f3e-a6f3-951bb24d0372,"Fantasmi, Pt. 1",1.0,16,202213,16.0,
7f649fcf-ec3b-43c9-a825-271961b11057,In un certo qual modo,1.0,2,215973,26.0,
65499fbf-d666-4070-8cc4-0433db0c22ee,Traccia #2,1.0,4,94153,0.0,1961df30-ae2a-411c-bd94-43876da7eb5f
d7569fa0-b4bd-43a4-9a5e-73f8f2d40a75,Niente Di Più,1.0,12,237200,17.0,
672be38a-6f5d-45e0-b428-2d75bfd53db3,Qualcosa per te,1.0,5,228200,19.0,
fa3ab689-7c9d-4255-88de-544ae969362f,Buona stella,1.0,7,249586,16.0,
d2a2a9b8-d4bf-47a3-a6b7-0285c92b0116,Il mostro,1.0,5,240386,18.0,
c1fbb1d2-5c5e-444e-b7ce-1c2ce0660f20,Quando tutto cade,1.0,11,198226,14.0,
14269edd-bace-47e2-8a84-804300539815,La verità (non abita più qua),1.0,6,262693,24.0,
698afbb1-a09e-4b5e-aae5-f28c776b8802,Inguaribile e romantico,1.0,1,196331,25.0,71327a0b-accd-4454-8ad9-ffd59ce8b946
46939239-6bd2-475a-9c02-71f5de5e5b92,Penso a te,1.0,8,232880,13.0,
00870dad-c397-4d8a-a6fc-444ba5a82b8a,Scusa,1.0,3,246598,48.0,35c7aa57-b4a8-4268-b192-7a879017db7e
16c08229-7689-4843-a495-8ed839ddb616,Criminale emozionale,1.0,1,223565,18.0,7f7610fa-7677-430a-b1a2-f6031c5f0279
6d41dfc1-0b7d-41ba-ae1f-5ef66212b01c,Quando imparerò,1.0,2,206293,27.0,
f13ce58b-751c-43e5-b3bb-5a0efe32d46e,L’Amore,1.0,5,240000,26.0,6717c617-c2e9-4cb7-9638-3b5d7633c13f
05862040-e3ee-4a44-9581-fb50c33957a3,Rose Viola Pt. 2,1.0,1,210666,27.0,af6a3c01-4e2f-4846-b709-ecdc8faec294
3a3eb402-a229-4a69-836f-4b40002114c4,Siccome Pioveva,1.0,7,155862,63.0,
159b16fe-98d0-43e4-abdb-9fa84ef6b960,Piccole Cose,1.0,18,222120,16.0,
d5b3ad72-44b4-4c1c-8cac-3aa094a96c2c,Momento Perfetto,1.0,9,191557,33.0,04d0f088-c0b1-4d72-8ac5-6859e9c04c90
c57379d4-c2ba-4224-95ff-34ad20f2ceea,Crimine,1.0,10,245840,24.0,
09524b4c-bd44-4bb4-b1b7-1d673e2934ff,Champagne,1.0,3,187053,20.0,
456f26f9-653a-4304-85cc-8ea00af81fa7,Smisurata preghiera,1.0,10,239972,17.0,9a2cb021-8500-46e6-96e4-8c84072867c5
912544fd-fd29-441b-af7d-f44e0c19a44f,Splende In Eterno,1.0,2,212316,58.0,9bf503da-424c-41f5-8d2c-5943c488a508
a8caf047-8a19-49ad-a396-5c36e6dd3873,Trompe-L’œil,1.0,13,221311,19.0,
82ef12c7-8577-411c-9851-ca2c36aa28c6,La Rivincita Dei Buoni,1.0,12,205053,14.0,
3a1bfe02-48bb-4a81-a0fc-7a75db595948,Sparire,1.0,14,219996,14.0,
67fa02e8-294a-480a-9939-e4af7eef23e5,Ogni benedetto giorno,1.0,9,197853,16.0,
3535eb9d-5aa5-4142-871e-a2757182f641,Un’anima,1.0,10,198946,11.0,
59033bbf-0812-497c-acfe-ec7bddf4bc3d,Tutto sbagliato,1.0,7,240080,16.0,
d2dc2ff4-caef-4856-9d9c-1caa54f1821e,Uomo d’acqua dolce,1.0,2,185600,14.0,
1df42371-3f3e-4888-9ffd-a0082a61b557,Piccoli Brividi,1.0,2,210245,15.0,
c771a38f-d6c3-4390-982a-2f89e1d6f3e1,Cosa resta di noi,1.0,5,215266,11.0,
3ab802f8-1a0e-4682-a910-31f3633e06a8,Io e te,1.0,8,143880,12.0,
1dc76737-7e24-4c4d-8bea-2679c2559a47,Pomeriggi svogliati,1.0,11,184920,20.0,
d6215358-dda5-4a1e-8451-58b6648115b1,K.O.,1.0,11,211706,8.0,
f5dd1469-1f5b-43e6-a032-24ee0456fd95,Ogni parte di te,1.0,1,193520,12.0,
ccafd537-b7d6-43e5-830c-0f20052dcf6f,Due settimane,1.0,4,188680,11.0,
4cd11854-db9f-4234-98b4-64de4faba565,Smetti di parlare,1.0,6,224080,17.0,
925a6613-aa9a-4cd3-ae61-fc14515ee8e2,Infinito,1.0,10,195387,15.0,
510fe96d-bab1-4bd9-b794-716ab169bccd,Confessioni di una mente meticolosa,1.0,12,202813,10.0,
61d6b98a-88d7-47ce-b348-26ff3337e581,SINDROME DI STOCCOLMA,1.0,21,279287,20.0,b214c5c6-03fd-45c8-8515-90462bba8d5a
c3a6320c-23ee-4c90-832d-a196dc284461,"Pts, Pt. 2",1.0,1,256493,10.0,
7fd138d2-1bc6-46ce-b227-b44e7f612013,Veleno,1.0,12,189453,18.0,
1016d491-158e-447d-87b6-eab1a4cf8b66,Difficile,1.0,6,212459,17.0,
07d18b19-d98d-4ff5-8492-c54cad1bb035,Mai voltarsi / Idee chiare,1.0,3,259613,11.0,
4bd99f15-c07a-41b8-948e-b988580f57a1,Tanto Per Non Cambiare,1.0,3,190081,19.0,
f3f3aacc-5705-454f-a4e4-6c2525a4dfd9,Un vero miracolo,1.0,9,87146,8.0,
499a2e9f-9b54-41f0-9e51-50d4b757523b,Se Il Problema Fossi Io,1.0,13,194080,8.0,
b454a74e-9995-45d0-8f78-b9fce47d8155,Bugiardo (A parole),1.0,1,140816,75.0,
60e03f82-2e89-49e5-9b17-bcfd719c671e,POV,1.0,1,164448,21.0,35836e5e-c5e3-44ff-a43f-ac8b14b9c028
606f9eaa-2b7e-4f95-b6fb-9ca17da3d3dc,L’ultima linea,1.0,13,198880,14.0,
2ecd31b5-0015-4060-8ec2-6d652956be4d,La Luce (Bonus Track),1.0,1,191432,53.0,9463900f-e253-4290-8e07-8602034f8ece
9f90f89e-1375-4953-ae83-a021725d67c7,U.A.O. ! (Un’autentica ovazione),1.0,8,164409,47.0,
7c9395e7-4dde-47c2-93f3-51b4f203bc4d,Testa a posto,1.0,1,208733,11.0,a443b5e9-6826-4038-b0bc-c674c3a8e081
17d60516-a919-414b-8981-19254e0df65e,Nessuno è perfetto,1.0,8,219693,10.0,
2679a201-398e-4b7b-8bf7-f9cb431ab386,Amare... O Lasciare Andare,1.0,14,202320,9.0,
68ecc373-cdf5-4b2f-b9b5-7c0550e178e6,Non Posso Salvarti,1.0,7,188718,16.0,
50a3d608-a008-4041-bce5-a558a17822a2,Grey Goose Blues,1.0,3,178493,31.0,bae427c3-c464-4bc6-b1ca-7540106b6a87
48bec318-6f78-4029-954e-773b603dccec,Dico bene,1.0,7,202466,9.0,
57fc7c95-ca0e-4440-9f9f-9aa1d6d9941d,Nel Mio Elemento,1.0,4,176803,14.0,
24772676-c557-4b1f-956b-58acb59a0a80,Ti Muovi Nella Mia Vita,1.0,6,176999,74.0,
07891350-9cac-4f80-be06-dd041594ebed,La Tigre,1.0,5,210491,14.0,
48190b0f-00a4-459a-b8a4-44ec302ca6d4,Come la notte col sole,1.0,13,269433,13.0,a728ba59-844c-4151-8371-1bd1f1022f1a
58f7465c-24e3-4a39-a15d-59ff4f54027d,Telepatia,1.0,1,106736,57.0,b9b0596f-e8a3-4db6-a40b-f4c9ba3f1b5d
975d425a-5cc5-4dfc-81b8-cdbb2212f0b2,Ho Incontrato L’Amore Ma...,1.0,7,223834,79.0,
ee01ecb0-3f73-4fd5-b09b-e508820fc893,Il Pezzo Rap,1.0,9,303906,8.0,ffb4f870-40c6-465e-9fbe-4580805ffe72
93d2c9ef-c146-4d64-b63d-e4f440c0b7e0,Vissero Feriti E Contenti,1.0,9,191557,33.0,
fdf68470-d831-48f2-84bf-a088e5db61d8,G.H.E.M.O.N.,1.0,2,248893,39.0,
e66485ed-d0c0-4756-81a0-141a80a2df5d,Puoi Fidarti Di Me,1.0,11,217868,12.0,
5b4f7eed-dd74-402d-ade5-abb173b336d2,Ancora,1.0,5,208960,15.0,
5205881f-8af3-464d-a764-68a02d401b20,Fuori Dal Finestrino,1.0,11,150989,59.0,e21b0be7-e7b8-441e-8cfe-b11e43b83736
7610f5a7-4d25-46e0-9c2a-52782201e3a4,Paraphernalia,1.0,4,154880,12.0,
5bcd54e0-cdf7-4310-8ac0-46356c3131ea,Io Non Ho Paura,1.0,1,256493,10.0,
b70c099c-0f4f-4f32-b091-0fdb409bc215,Nato Il Primo Aprile,1.0,15,128557,3.0,9e27b10a-7d6a-41f5-b02a-fbaaf296e013
e0289218-1487-45ec-88c7-8725f87b3572,Tutto si risolverà,1.0,3,228000,79.0,
96665491-1f5d-494b-8839-821c9e98338d,Chiamami,1.0,4,247133,9.0,
1a1795cd-a933-4339-92a4-692495f10c5b,Outro,1.0,19,304653,7.0,
33380450-db6b-4508-801c-439d1d7cbc05,Fino A Qui (Tutto Bene),1.0,17,252146,8.0,
24dfe6e6-a8e6-4f85-a642-1f4dccfc1a99,PTS (PoiTiSpiego/PostTraumaticStress),,,,,9baeb51e-379e-43bd-b9a0-5742fb068c10
82328d8f-7dae-4e2d-9b6f-a57cd0e31461,"Devo dire no, cazzo!",1.0,9,132671,1.0,e7fda93b-d5f3-41a4-9582-39569bfa03a6
fb0c276e-02b4-4f55-b191-b5d7df0b5af0,Illusione Ottica (Interlude),1.0,12,39003,7.0,
c30e41fa-f4da-4eaa-b8d2-2a6de6a7b3bb,Voglio Essere Libero,1.0,9,230493,8.0,
bdab7e3f-b4b5-4339-bd49-33896915f55f,Via Da Qui,1.0,3,280819,34.0,572cf058-fd54-4a5f-9d19-695efca9f033
b224793c-f4e8-46fa-a112-9bb1d5703f12,Salto Nel Vuoto,1.0,11,219733,67.0,
52542d84-298d-4830-8402-ef8541bdee18,Una vita nel giorno di Ghemon,1.0,3,231586,19.0,
d59de3ce-4b97-431f-b9bd-53e3df5e795b,Qualcuno riderà,1.0,1,274626,48.0,43291150-6cbb-4748-a282-48cf2515307d
1f8f9292-31c5-4735-8f07-36ecbb1d4237,Lucido (Interlude),1.0,8,84593,10.0,
628128af-9f0e-47df-8581-c0bced4a306b,Avrei Bisogno Di Un Divano,1.0,16,207733,9.0,
46838a81-6e27-4460-970c-5fe9f352bb7f,La politica del tempo (Johnny),1.0,7,200746,9.0,
fe3c35c0-3148-47d2-a71b-ca65b87f9566,Cobra (Tovalieri),1.0,4,180340,46.0,
a8a7c5d8-3089-4414-bdef-a09a9bb8372c,Piano di lavoro,1.0,10,251840,9.0,
e3c2e687-4972-4f29-8fea-7fe9743b5297,Voci Nella Testa (Stentoree),1.0,1,192712,65.0,
c5708197-cfb9-4d85-aacd-7b1801df1d25,La soluzione,1.0,7,197909,66.0,67761885-943b-4d9e-abfd-9483087093d0
d6c5901e-860e-481d-ab65-87f575cd50b3,Pace,1.0,1,182745,61.0,66e5bedf-00a4-4521-b933-b1faebb4c2cc
0651af48-5a80-49da-a2c5-a9a14e387e9b,Vola Alto,1.0,1,225986,9.0,b89765a0-b4dc-4a08-b5e0-0732b31c37ba
c8f4c473-f7b9-4636-9d73-70fc89423e4f,Su e giù,1.0,2,207386,9.0,
15667338-5448-4cd7-a90a-fb6eb40ee38e,Titoli Di Coda (Outro),1.0,15,43526,8.0,
07567bd9-982a-4149-87f4-f52bcef7b368,Dritto al Cuore,1.0,7,211093,62.0,20552f35-9bea-4085-9da2-88f6079b18a8
3329f2ba-b121-4c16-9675-2f965b0887f1,Condor (Agostini),1.0,2,198995,52.0,ddc01b89-d5c2-4dea-9abe-b75ef3f5030c
402b9f42-f659-4c77-892c-b705de5e2c4f,"Lavorare, con lentezza",1.0,1,233872,0.0,b2afd6b3-ad5a-4530-b813-514669322ed1
f56e8c27-823e-4122-a465-6055b7427d53,Bugie,1.0,5,200235,61.0,b472397f-94fe-4a9a-a3f0-f63d78451527
000e7432-b36a-45a1-9bfc-b7aa616e1af6,Qualcosa di Diverso,1.0,9,349560,62.0,ddf6b687-511a-4a71-b0bf-7a9a32ea9c79
7273e291-83da-4e18-bf90-d1379741525c,Che flash,1.0,6,246986,8.0,
2f419a2e-deb0-428f-a501-54aee5241f9f,Fattore Inatteso,1.0,10,171520,7.0,
22c46e88-f4c0-4796-9c7f-6dc912d82e20,Il Regno È Qui,1.0,5,203093,27.0,29e36138-9ecc-48a3-b965-55a89afbdd88
4cb0b8f1-b68c-4499-b531-5b4ad8ea1f1c,La Gente Non Lo Sa,1.0,2,228613,9.0,
84355ec9-566c-420a-8759-05e7a28970eb,Qualcosa Cambierà pt. III,1.0,2,228287,65.0,b678556d-a27d-4b8e-8909-2875bbd1590a
c3aeb743-c0db-47d1-abfe-9b483952164a,Inguaribile e romantico (feat. Malika Ayane),1.0,1,196331,25.0,
595ca5ed-9183-4ce9-b3d3-c82da4338326,PATTO COL DIAVOLO,1.0,2,284093,21.0,
82cf5854-f075-457c-a2fe-28e73cb83e57,Solo Per Me,1.0,2,213453,6.0,39f92a8f-c742-4af5-bd31-f4f2ab9575b1
ee2bd898-1767-4161-bbed-04295fbb0100,Va Così,1.0,16,202500,6.0,e77d65e9-74ae-492c-aa21-fae8dafd24f2
53761a35-8792-4751-a26e-13a491789619,Sig. Rossi,1.0,19,330276,23.0,466b5e82-385c-4b1d-b339-af4dbb44b79a
e70a5b38-5807-49e1-a2a4-9784deac0696,Qualcosa Cambierà pt. ll,1.0,2,228287,65.0,
18d00cb9-38f3-410c-8ba8-2ab293d6f120,Fate finta che Scienz non ci sia più,1.0,10,180137,75.0,
453f5ed2-de44-4bf9-abb1-145405fc466d,Quando ascolto i dischi,1.0,1,225400,36.0,a0c39c40-9689-4ca8-ab84-9628addb53bd
3a00396e-bc7d-4f91-8c1b-2d6ffc9a07a5,Qualcosa Cambierà Pt. l,1.0,1,241477,2.0,4aa0dd5c-7244-465a-8e15-26b27e099113
b2355426-be9c-4345-99fb-b41c218984c3,Se non lo sai,1.0,12,283853,28.0,d2117c67-c389-479f-816d-1a16c66405bd
34e5f741-bb4f-44b2-863b-82b97ab0b80c,Mass Hysteria,1.0,4,266106,0.0,e55902f0-323b-4d12-a21b-027f2fc80ddc
abfca251-7931-41c0-bdcb-2639111f3145,Ufficio Immaginazione,1.0,6,213506,54.0,
2bf20c6f-b79b-4da4-9ad1-6cf8a233ca1f,È il momento,1.0,3,276720,21.0,2277c949-870c-4106-bda9-195059bf8584
1e046c6a-af3d-4b9e-9d84-f461afb6b512,Paolo Odia Le Donne,1.0,1,190464,34.0,
74810d9e-db8c-4c6b-b2d5-6e65910d224a,Correre Via,1.0,7,182769,66.0,36d0d33c-6270-4a24-85dc-91eab90b1215
1b97f5f1-2196-4547-bee5-267516779315,Sulle Batterie 3,1.0,3,276720,21.0,
cd64fe33-1dd8-4252-a6d7-41f77a569cb0,LA FINE,1.0,15,226720,15.0,
64181955-3e27-4ec9-bca0-95485afe3c4b,Chiamiamolo Intro,1.0,8,170904,54.0,bcebe23b-d719-4a51-a997-c2e91ccdf834
8e45b8a0-1dc1-45f0-b98b-7ac0ad314445,LUNGO IL TUNNEL,1.0,8,206586,18.0,
0d6ca722-7501-4ad3-87cf-bc4b0a117666,Intro [Strumentale],1.0,3,130666,3.0,a3cf6441-67d9-42b8-b393-ca4bdc45e502
af6ca15b-d725-412c-8b62-dccd067457bf,Lavoro Sporco,1.0,4,204181,68.0,
788f40b5-beab-4b3e-a201-8f7ee521d132,Un Altro Ticket,1.0,6,226906,82.0,
c1986bfd-8939-4f13-9909-ff59dee997bd,Ups & Downs,1.0,6,211760,75.0,0b8be13d-e3fd-4a23-826d-6a57c619cd18
864025bd-ed07-40c9-b30f-ca0832e8f966,Outro (Qualcosa Cambierà Mixtape),1.0,9,118810,1.0,01967e75-bc00-42ec-890a-461001f82635
ee957bb1-5149-4450-9297-8e6fbe518f63,mi presento,1.0,3,119813,9.0,
acf564b3-0972-4d62-8523-ab1b2e156666,un attimo prima,1.0,4,306720,9.0,
52d8d048-f701-45f2-a448-db757d45d166,intro,1.0,1,123066,10.0,
e1ea3dd4-ffaf-4129-8b48-15923c994b1f,salute mentale,1.0,7,116733,7.0,
54a73f2a-23b2-431c-87cd-0703c207d41a,aspettative,1.0,25,351026,6.0,
98ea107c-f119-44d7-a076-7f41a93554e9,viaggio nei sentimenti,1.0,14,160253,6.0,
669a2575-40e5-4219-a2a0-01195d244fc4,testacoda,1.0,17,282160,6.0,
d2e60057-e38a-42ba-b5ca-503f34893190,l’amore rende ciechi,1.0,24,280093,5.0,
ff2340e9-f2e5-44ad-b065-de3ef82c2fab,cragk,1.0,5,314600,8.0,
d587c370-d34c-4e6e-aca0-21f7323341ae,ciro,1.0,16,269546,6.0,
3e12716b-096c-435d-8630-baa9f42f921a,"...run, pippa, run!",1.0,20,204573,5.0,
770bf2bb-37b8-4afd-99f6-a0428edbb085,tonino,1.0,11,94586,6.0,
26df9499-718f-4768-930c-4310ba76d165,quarant’anni,1.0,9,92560,7.0,
f165c36c-18a7-402b-8f2e-125319c6c899,aa meeting,1.0,6,305226,7.0,
7d94ccde-17af-4af5-a816-50a1ceb93a36,londra,1.0,19,181480,5.0,
f6d4c943-68aa-42ce-9732-670aaff1b0eb,salviamo i panda,1.0,10,209333,7.0,
25623eb6-a657-4dbb-b554-bfcc12c3d223,ny,1.0,18,225613,5.0,
b4c38fb7-0b57-46fe-814c-c052fb277ba0,fan club,1.0,22,261133,6.0,
3cd03334-e31f-4b42-ba15-d4b669dd74ed,giulia vegan warrior,1.0,12,133440,7.0,
861b5193-581e-4c0d-8df8-69225b955da5,prima non era così,1.0,23,187986,5.0,
857fe77d-c5cf-4ad7-b7e7-10b8bd304606,cena vegana con delitto,1.0,13,300960,6.0,
5f874b84-755c-4daa-b900-a059730e4892,Gente che spera,1.0,7,248546,55.0,780cd26c-cc9f-4414-9049-4dc3e60f34fd
9e5a1c48-f8b0-4154-b1bf-7fd15576ceae,SCUSI MAESTRA,1.0,4,176200,43.0,80d14180-1db6-4335-a3c9-9a46dd690cc1
089d897c-627f-490f-967c-9b9c34369659,Maria Maria,1.0,9,260600,43.0,31dd2348-6bf9-43e6-854c-c8096c52417d
2131154d-8d76-4416-92ae-19d7b1b516fb,Tocca Qui,1.0,8,261839,37.0,f1a0f820-b9e9-4c40-b74e-dd303264c813
792984eb-c3a5-4c00-af8f-7c4ba20852a7,Domani smetto,1.0,1,157640,55.0,
ec8bedf8-a5b2-4dbe-a65c-5433a6f21569,Spirale ovale,1.0,2,232186,53.0,
445aa2a8-5d85-4976-a25b-198068685dc4,Domani,1.0,1,157640,55.0,
40a14d68-ea13-4851-805a-95417a39c8eb,L’Italiano medio,1.0,3,195840,50.0,3a804d83-b7cf-4ddf-ac69-3ea3a994b88b
250883cb-feba-447b-b2ae-c110cbd0ac56,Noi no,1.0,13,297600,38.0,
028065fe-ca61-444a-85b7-643bc694aeca,La mia ragazza mena,1.0,3,195840,50.0,
be015436-fdf8-4f77-b739-d41bcd6f09ba,Tranqi Funky,1.0,3,203026,54.0,7e75f36f-51d3-41be-ac37-dff4b1e5c6b1
f0a5617e-0540-4dae-afcd-df7f8f44ef8b,Due su due,1.0,10,279653,40.0,
efdd0b11-893a-4fee-a7f5-a76660cdcdfb,PEYOTE,1.0,2,178060,51.0,
f2c2b135-6090-4f6f-8cc5-a13808e5cc25,Non è un film,1.0,11,251400,45.0,
930e4bb0-ddd1-4d93-ac5a-3d4d8834053f,Il funkytarro,1.0,17,290093,43.0,
cfea477e-2229-4cc1-bff5-1d4fa4f06d89,ELITE,1.0,11,154800,20.0,
956fbd82-898b-420c-b717-c24f3967425b,2030,1.0,4,285000,38.0,
a523577c-ed15-4407-bef9-5c638215f5a0,Non C’è Rimedio,1.0,7,299573,26.0,
ffb776df-1600-431d-b900-4b0edc85b97d,UN BEL VIAGGIO,1.0,1,218395,42.0,ef94bcc9-0971-4a7b-84a0-5f6ce2c02999
a87a694a-9c2f-4d87-8e80-993d033d7b8f,Milano Milano,1.0,8,197480,27.0,
9e43e427-9545-442c-8c96-23dd761d6c30,A pugni col mondo,1.0,7,237520,38.0,
6e37377b-f34e-4c7c-b54a-cedffc62f46b,Fuck You,1.0,4,253000,44.0,
ace99ee8-5e15-4d91-b058-5559cba1d099,Senza dubbio,1.0,5,267386,46.0,
29698c87-f331-4880-bc9f-65ffba0f10f6,Voglio una lurida,1.0,14,242000,38.0,
ef892ed0-f772-47a8-80d7-f80ee32c4014,L’impresa Eccezionale,1.0,15,284240,35.0,
d17512b6-8785-4cb8-b9b2-0b21f80e8348,NON FINISCE MAI (LA SCUOLA),1.0,6,183533,35.0,
633cf8a0-088d-432b-bf44-8cf89a30cb85,La fidanzata,1.0,3,233240,40.0,71043dd3-05b1-4de2-96df-0c5485bd03e9
467dc64f-4d3c-47a5-b118-929f730e4973,Così E Cosà,1.0,11,256359,36.0,
8e798d4d-fafd-4f06-81c9-8bcfabc23410,Sputate al re,1.0,14,200254,30.0,
6e4621c1-a772-46df-ab04-d603d1c08240,Nato Per Rappare,1.0,12,288333,15.0,
1c266828-f732-4919-90fb-548c3b0a4927,Cara mia ex,1.0,12,252360,32.0,
5eaf68f2-3cbb-4874-9a72-512b69ad4a2b,SoldiSoldiSoldi,1.0,3,296560,27.0,
1b47e977-4ced-42d2-863d-44578b2597cd,Un’altra Cosa Che Ho Perso,1.0,16,228533,34.0,
a87ee54d-c9cd-4858-869e-82f0f1657228,INTRO (SPETTIVI),1.0,1,154960,24.0,
ba7e985e-f8fe-4b1d-b3bf-ee8d1e345d36,Così Com’è,1.0,3,203026,54.0,
105af254-627a-4d65-ba2e-c3618cf882b2,I consigli di un pirla,1.0,9,214848,42.0,
8fc0c89c-6550-400b-ad1e-e9ca1a93cc32,COME GODO,1.0,3,132986,26.0,
051d20b8-ee0b-4b2f-a00e-c59363ca0115,Solo Per Te,1.0,9,366666,23.0,
db759d8e-a84c-4de6-b785-47bcd06033dd,VAFFANC*LO PAPÀ,1.0,12,160866,23.0,
27c836ca-56a4-48ae-ba23-1d5180f343be,Aria,1.0,14,235666,32.0,
2e7437ea-8b11-45dc-904e-673f8a4149fc,L’ultima bomba in città,1.0,9,210786,36.0,
94b90de2-c92e-4ae9-99e3-264180617580,CLASSICO,1.0,1,165142,35.0,9cb8ac36-85d8-4925-a593-c3a84cface19
a55a1e56-f17c-494c-bf1c-aa13b34771b9,Gigugin,1.0,8,257533,28.0,
2b76546c-24d5-4e62-8948-90b2e3cef502,Fatti Un Giro,1.0,9,222333,25.0,
8dbcdfb6-6b83-4684-a977-4b5ffbd199ab,BLAH! (x5),1.0,1,175322,28.0,db045e1d-c9a4-44e4-ab6f-09c40061226d
8dfb2323-01ac-410e-b444-a7cac31ccfbd,NEL DRINK,1.0,9,147280,27.0,
6ad1fa94-2a7e-479a-af2e-a0d3d7a95f5c,LIBERTARIO SURF,1.0,10,183120,21.0,
b0f0e7e4-4b25-4368-8948-e0d6a6e3743d,Sono l’M.C.,1.0,16,297933,21.0,
43da7c3f-aff0-4c4a-9a1c-f683cc8cb51a,La rinascita,1.0,2,334160,22.0,
6bbddb23-b0a6-4da5-9129-6d3aef417731,Strada Di Città,1.0,3,336666,20.0,219e9fc7-93e6-4538-9171-f063af4b7dae
4a176fe6-02a6-42a7-8219-c64c49658701,Guapa loca,1.0,7,335373,34.0,
932001af-6bf0-4da4-a1ae-f631214e0ea1,Senza regole,1.0,4,247706,34.0,
96b27e3d-83d0-4545-9cb3-23c8ec5810fa,Bestie mutanti,1.0,2,222066,31.0,
5227043c-a6be-4fb3-b9ec-8dc2d556ccf9,LA FIERA DEL CRINGE,1.0,13,164186,37.0,
dadc7546-41e3-4de5-a0ed-27dfef9044bb,Ti Sto Parlando,1.0,6,279000,18.0,
7e96c04a-f45e-41eb-9e4e-603571e25cf4,Il mio consiglio,1.0,8,344333,29.0,
23c4ff40-288a-484b-9943-ea85eda67186,Volume,1.0,1,275306,40.0,99b4227c-02da-4a45-8f10-5676fd38736a
547b8873-717c-4f64-ae7c-5a7bf23c2e8d,CONTRABBANDO,1.0,5,164920,28.0,
d682af02-b39f-4dbd-acfa-3ab1074795b0,Io zak e la tromba,1.0,12,227000,22.0,
5424e834-0723-4a3e-931f-13f9afe728bd,Fotti La Censura,1.0,3,277066,17.0,
3c318ab5-9af9-49ee-bbeb-e55d819127f0,Mollami,1.0,20,237626,13.0,
5b2a7885-1eef-4925-8eee-8ca88e5d0ae3,Un Urlo,1.0,2,230933,26.0,
b6003730-19f2-4d42-aaf9-ce473dbad929,Così mi tieni,1.0,16,426133,14.0,
e70bc1f9-7e36-4e32-bd81-8529f70c2a2a,Pere,1.0,5,184413,34.0,
ffc996d0-2d58-4ea8-9ad0-b22871f4fc8a,Nessuno,1.0,3,233240,40.0,
950e15e5-f350-4997-b7ed-d81b35f862b0,CHI SE NE FREGA DI NOI,1.0,7,163066,22.0,
f71409f6-31a0-4927-805a-a9bb6b31fe27,Cattivo gusto,1.0,9,300560,18.0,
2bb73211-8852-47d2-bb3a-759f58f7bd96,Come una pietra scalciata,1.0,17,250666,27.0,
87d6802e-0e9c-4818-a2e8-f3fa79e7cd5d,Tu mi fai cantare,1.0,6,260733,33.0,
dd7b7175-15bd-4d78-9b66-4816b5b3fe8a,Una Per I Miei Fratelli,1.0,22,285000,12.0,
05de165a-abe5-4942-a701-50719ec30680,Pifferaio Magico,1.0,11,313333,28.0,
7a483b74-079f-4a52-9da8-266fca1414ed,L’altra metà,1.0,12,281866,33.0,
1e280743-f85f-4b8e-9893-8b3a5d209112,Buon sangue non mente,1.0,4,243360,22.0,
aa94969e-92d8-401c-8fc6-258a018b0860,Perché sì!,1.0,4,247706,34.0,
f863109c-32ae-4b4f-83b3-e71bed8dab6d,Nato Sbagliato,1.0,1,222613,32.0,187bb520-afe7-4c2f-b268-faef298baf38
d5bad251-1af5-4fb4-a89c-6be23459bc62,Questo È Il Nostro Stile,1.0,10,294333,12.0,
96728547-7690-4127-8f8d-530acef8f7ae,La canzone del dito,1.0,4,194120,34.0,
2d08bf5a-847d-4351-95ea-07df065e4218,CONTADINO,1.0,16,199773,21.0,
d7715afa-e9eb-4d15-866f-a5207af153b7,Passa il funk,1.0,6,314466,21.0,
d78e7178-e7f0-459f-aaca-ecb779ad20d0,Latin Lover,1.0,13,253800,25.0,
262b45ff-b1ee-4526-ac30-8de9c8df28ed,Adriano Vacci Piano,1.0,5,286000,15.0,
ed42f82a-0d30-4702-8388-5cd089472c93,Dall’altra parte della strada,1.0,9,247200,18.0,
c6f63aec-d731-4e1e-bc7f-2bc2dbd3d8e7,Non so cos’è,1.0,5,222466,18.0,
d811dddf-720e-4de2-8371-1ee35cb70b21,UNA COSA BENE,1.0,18,170056,38.0,
60bfa4d5-b000-47b9-b614-c705950014ea,Messa di Vespiri,1.0,9,260600,43.0,
dd5500cd-e50e-4365-bc1c-345f093b961e,Vai bello,1.0,12,208800,20.0,
89cd4801-94b7-4bb3-aa04-02326cc5e357,Commodore 64 vs PC,1.0,16,156014,25.0,
76574816-61d9-40d0-8a96-49235f74eae9,NON HO VOGLIA (DISCO PARTY),1.0,8,168026,21.0,
2e8a52b3-08bc-4733-b98f-2d5921b404e5,Strada di città 2000,1.0,3,336666,20.0,
7626741c-c981-4586-ab27-ae9595ad04fe,RARRA,1.0,14,153640,16.0,
e4a32c8a-a615-4e39-8297-dd75ed576a0a,È Natale (ma io non ci sto dentro),1.0,2,263000,15.0,
e2c36fd4-206c-48d8-b5d1-a588157565af,Con Le Buone,1.0,14,289560,25.0,
a50ddf81-7f21-4b3f-82a3-7d695f75413f,IO MI ROMPO,1.0,1,180271,21.0,03c7d54c-2c4d-4c83-a003-278e57854e63
19d87bae-bfec-4920-90a7-2fc8a2ef77c8,Barbecue,1.0,2,182000,28.0,
632a139a-852f-48f9-a06d-2b864a58ed9f,Sono Fuori,1.0,18,241506,23.0,
a69e507d-e270-4450-a169-f5b1b5372323,144/0031,1.0,13,143000,12.0,
43d7c79a-8a6c-4597-adfb-f40919317a76,Venerdì,1.0,10,278426,28.0,
1e4e561c-e0a2-4ddd-8529-b53a2c4d9ac4,FILOSOFIA DEL FUCK-OFF,1.0,1,180271,21.0,
a413c418-2369-4770-8ad7-1d8e954cf566,Ouh!,1.0,15,226466,16.0,
9cd8bcc1-a175-49d7-be0e-e30de5d6efd5,Luna park mentale,1.0,13,242600,22.0,
444a15a0-5abd-46fa-93fc-b06a812e2929,Sulla stessa corsia,1.0,18,279960,13.0,
24d649a5-72fa-48c9-8e4e-cd43fd4a78a8,Legge Del Taglione,1.0,5,223666,14.0,
00af4ab1-70ff-4de0-ba98-89ff51b52cdc,1972,1.0,10,173348,27.0,
9bab7dff-a50d-46d2-9216-5097c5de7196,La bocca della verità,1.0,17,50573,10.0,
30d59e24-b606-4eb8-ab26-7a8cf9e979e7,Come uno su mille,1.0,15,250266,17.0,
ff8e068f-8758-476a-ab32-864ea828d7d7,Fino in fondo,1.0,16,250266,20.0,
ba07a37d-4ac5-4c81-ba4f-bffcecea5ab2,Il mondo dove vivo,1.0,18,229493,14.0,
c291e83a-b030-4178-9a38-401514a31127,Cavalieri senza Re,1.0,12,231973,21.0,9f5781da-2b55-4e9f-bec2-cbf452cf1c0a
a1d435ad-d70f-415b-a5b0-de3eaa2179d2,La finestra,1.0,15,339800,22.0,
21bc9eee-e6b6-4efe-bccc-5e219bc41765,Caravita,1.0,8,180493,27.0,
70fde16b-18c3-4e23-a262-8df6b59164e2,Ti Tiro Scemo,1.0,5,286000,15.0,
1f09cfb0-372b-4898-9a55-6d21774f7c6c,Il Mio Fuoco,1.0,11,233666,14.0,
9edb1609-e8c7-489a-aeba-28703f5a3295,Non c’è sveglia,1.0,16,188306,26.0,
a881f00a-4589-4d07-af0c-42488136c550,Fatti In Là,1.0,10,204000,20.0,
d4b4ba18-8a20-4526-893e-7cc43f6582a7,Tocca A Me,1.0,12,259640,22.0,
9e1f05c3-7fff-4698-b422-96a5a348f3f6,La Ballata Di Johnny Cannuccia,1.0,3,233240,40.0,
ed16074d-be03-4dbd-9de2-f59b477f1eb4,Manate,1.0,11,121986,26.0,
c272efb0-33cf-439d-91d8-7567a698dd73,Mr. Gilet Di Pelle,1.0,3,275666,18.0,
0eb58ab2-82a4-4ead-8c51-011fb92b2f22,D.J. Jad,1.0,7,311493,11.0,
1f15c225-e140-43ee-95ec-15f72b5f4964,The Banana Splits,1.0,14,115026,19.0,
62f4c324-9ae7-41bb-a9ec-c67cd89ba87a,Donna facile,1.0,5,236626,16.0,
4c07a91e-83d5-457d-a409-c8afdff74887,Stella sola,1.0,14,307666,14.0,
d278120b-cc38-4860-9ab3-018d9efd32d2,Intro,1.0,1,154960,24.0,
2b721a4a-e59d-4227-82af-6247570e46a0,La nuova stella del pop (numero 1 in Italia),1.0,6,219858,25.0,
c14b48b8-5e24-48ab-868b-ffc8002e10fe,Cantico Errante Di Due D.J. Notturni,1.0,4,169333,12.0,
e438f27b-2931-4b3d-bff0-2ab032237a3d,Posso Entrare?,1.0,1,102826,11.0,
2b7cc604-fd45-4565-8588-666ad844532a,Il motivo,1.0,12,290293,14.0,
0d0e2d62-ef07-466a-9595-2315dec57290,Prima qualità,1.0,1,116826,20.0,
18a12681-a65d-476f-a573-52833386d975,Davanti alla tv,1.0,6,221000,15.0,
c5b1ed3a-b57e-4c48-865f-68b75aae0d6a,Il parto,1.0,1,40240,10.0,
28a1228e-0afb-4c63-88a8-3d8bfb17ecfa,Lega... L...,1.0,15,284240,13.0,9eeedf2c-abe8-48de-b369-a867de0a0676
f5352725-56d3-41b0-b1e3-8f959236a59a,Capodanno Danno,1.0,2,221106,4.0,9cbfba9e-7652-4c08-98de-a70a685447a9
f5840411-cf94-4fd0-b2b7-2bdf1bb439a5,Se ti muovi,1.0,11,262306,15.0,
bc21b3a8-e04a-4262-b571-a37375ed09c4,Andiamo A Lavorare,1.0,15,100800,10.0,
74faf5b5-41ba-4c32-ba22-beb45cab4ff0,Libero Stile Uno,1.0,7,71333,12.0,
2d9cb088-fd51-4cc4-8b6e-0e5d7b59be7a,Così e cosà (RMX ’97),1.0,1,280600,3.0,132a65cd-df7e-4230-b733-f0032cdec232
6e28241b-4264-40f6-950b-4644789b4cff,Per Sabino,1.0,8,76106,12.0,
7f8f7440-0a00-47c8-97c3-03c83568f9b4,Da Un Nastro,1.0,1,36840,19.0,
e94315e4-e36a-4292-a1af-fb7fe5412fff,La frase,1.0,11,118133,11.0,
2ed0751f-7645-420b-af22-f74533c736c5,Scacco matto,1.0,13,51933,12.0,
ac88f377-3a95-4e67-b50c-0b2d1fa42ec7,Lasciami Fare,1.0,19,71333,9.0,
9e0625b1-134d-45f4-8a40-68f04c626a6f,Libero Stile Due,1.0,21,74373,11.0,
4a1058d3-2f8c-4d7a-a6e8-6b51b880ef8c,Non Ce La Fai,1.0,17,32000,32.0,
cad491f5-131b-43c0-97e8-c0c2bb2811c5,Dammi Retta,1.0,4,22000,0.0,
078a5e47-adc7-4944-9f22-05cd02a36ddd,L’irruzione,1.0,1,93773,10.0,
8b11269b-1874-42f9-a675-8f791d4364bf,È Già Storia,1.0,6,160333,11.0,
275aabba-edef-4cb5-a06b-cd372e9578aa,Meus Queridos Fas,1.0,8,20333,0.0,
6a5ef92f-2ecf-4f92-a361-efcbabb5563e,Raptuz rock,1.0,10,187000,11.0,
01457827-ccc0-4769-aac6-df0f5f99a9a2,Il mio viaggio,1.0,17,239114,17.0,
19225ba6-67fc-4f72-b2f9-0877043f0403,Funkytarro (Versione acustica),2.0,6,290400,10.0,
daaede8e-defb-4c0e-98a9-3884e4b0f704,Spaghetti Funk (Versione Shakerata Strumentale),1.0,5,368333,1.0,8b54fb46-e78c-4195-8abf-36d899702529
25ffca09-11ac-4f37-8d0d-a7e98f12c57b,Spaghetti Funk (Strumentale),1.0,3,375373,1.0,
48c5d31f-3a78-4885-9d1c-1afa1a77cab6,Capodanno Danno (Strumentale),1.0,5,224066,0.0,
4b50ebf1-8f59-4374-bdad-18fbdb4ac229,È Natale (Ma Io Non Ci Sto Dentro) (Strumentale),1.0,5,224066,0.0,
c768de19-c17c-4c60-919e-1089fd76a034,Così mi tieni (Strumentale),1.0,4,426520,1.0,
80da94fc-54a0-41d2-8a43-ffa97b52ed56,Beat Box (Per Improvvisare),1.0,3,123466,0.0,
8c06be12-df30-41e5-bcc2-6c08083ca4a5,Funkytarro (Versione strumentale),1.0,3,290533,2.0,090606bf-2be4-48e5-a63f-16923790902a
0961daea-a4e4-46f3-9cf8-a95844c7fe62,Cavalieri senza Re (Versione strumentale),1.0,5,398626,1.0,
6be8f588-5c4f-4b77-9cab-489141e2562a,Così e cosà (RMX ’97 Strumentale),1.0,3,279733,1.0,
7e0dfc74-f58c-46d1-aaf4-a96eedb6ad2f,Aspettando il sole,1.0,3,312000,57.0,d00cf5db-a180-4f13-8589-cfebe3b89d56
b86b9eae-c992-4136-adc2-8f8e1e93e849,In Linea,1.0,2,281333,44.0,
9cf01be2-8e1e-4769-abbf-7a2a0e979ccb,I Messaggeri Pt. 1,1.0,7,309506,35.0,
fb822774-96d0-4037-98e4-3386e1602fbd,L’incognita,1.0,5,222186,36.0,6b32a853-353b-4677-a7d5-15d147da2b0a
480d925a-1c5c-4f41-aab6-2e2624d33747,I Messaggeri Pt. 2,1.0,7,309506,35.0,
d18bf733-e8ad-4fac-9593-e69677dceaa2,Strategie dell’universo,1.0,11,294973,26.0,7da5c708-c315-4cbb-a66c-5f3d8da2d4b9
2d5eae2d-208e-439d-9fe2-a5b15ceccd3a,Guerra e pace,1.0,10,253360,60.0,
e9208f25-05b0-452d-9713-a74e881eb16e,Il mondo nuovo,1.0,2,238560,49.0,e61c0e46-8f5a-4ed3-b10c-44579d05a71b
96b6585f-0d0b-42c1-8299-4414484b5884,Aggio Perzo ’o Suonno,1.0,1,182977,43.0,d1110cf7-c009-4526-89d4-4cb7e4b74154
41a09cc4-2c2c-4506-b08d-33a08dd67442,La mia signorina,1.0,2,202613,54.0,2a77cb46-8912-49d5-8290-54fadc94fbd1
aa1cdd8f-10a5-4a69-8a1b-c84a03ef9235,Lontano Dal Tuo Sole,1.0,2,220973,50.0,6b2130de-b704-4f85-9102-9f2a9a884ffb
3ab7b080-18fc-4693-85c5-8758d400f90f,Dove sei,1.0,4,239946,53.0,b075f75f-8f03-486f-bc9f-fff4a17be2b7
9273d654-e441-4d9e-82cc-0560b96f3d9d,La Ballotta,1.0,6,320493,40.0,
6c8d6f97-ffea-48f6-904c-a42d03c96cae,Gran finesse,1.0,1,232693,33.0,
2dd3cbf4-3b23-4ece-aa38-03c615207e2c,TROPPAweed,1.0,2,165000,55.0,41dc98c1-1b6a-4741-87be-d0fa1f1afeb8
2e91cac3-6535-4568-af9f-a20182c903fd,Cuoreapezzi,1.0,4,157331,53.0,
412b9bc0-1bf1-488c-bc29-78cbc8d7ebcd,Cambierà,1.0,8,249533,49.0,
1c45db9f-9f1e-4ebe-bd30-d5e2bab17008,FoglieMorte,1.0,1,177333,52.0,9f62cf9d-4fbf-4ae9-b4a8-e6b1308ff923
8c527f28-08b9-4a0d-bc9e-196fb835f39e,Carcere a vita,1.0,5,135426,31.0,
a7df84f4-4726-4dba-952c-1ac5b251180a,Canerandagio,1.0,5,189216,49.0,
97d122f1-af8e-4f95-96b7-5bcfddecf2b0,Puoi Sentire Il Funk,1.0,5,249506,33.0,
3ea84e12-dd6e-4db4-a64d-9dd17be6cf08,Miraggio,1.0,8,171307,53.0,
f5c33cf0-a426-4686-8856-a3977a6b4820,Solo Un Altro Giorno,1.0,8,314266,39.0,
04496d55-28c5-4687-89d0-0086d41d873c,Funk-A-Un,1.0,2,226973,31.0,
f1d8b7dd-41bc-4e35-add6-17f061a5b31d,Prima di andare via,1.0,2,231093,56.0,c2ed6c41-a36f-4c69-83e1-b245d6302f05
f63eafe7-8e23-4459-b11e-f84db6abe135,Sigarette,1.0,6,184013,45.0,e8e8cf42-d6b2-4a9d-a7e0-5f462fe89d84
d9726320-69ef-4ec7-8af3-f48ca26b692d,Hype (nuoveindagini),1.0,6,177888,53.0,
63ed78c4-f2b7-4496-bbe7-bf502d3231f2,Non tradire mai,1.0,3,277946,28.0,
2be6f444-059b-4ea7-a915-f228723bb851,Navigherò la notte,1.0,15,298493,31.0,
17ebd378-400a-412f-b601-97347f5f6287,Tuttelestelle,1.0,10,182065,50.0,
35416d60-327e-4000-a5a5-39b09dd951ad,Bufera,1.0,3,150000,54.0,
fb86cbe6-3c39-4049-b443-4b59ae39bea1,Solo fumo,1.0,4,269973,25.0,
51464385-0c7f-4743-a780-42029578cd96,Perdersi&ritorno,1.0,7,168488,49.0,
d0889893-d255-4c64-b05c-04c500c0fbbd,Freaky Funk Flow,1.0,8,261320,26.0,
b6514b44-97cf-4f89-80ca-870b1a56af93,To The Death,1.0,10,272026,27.0,
dc95c91b-08f9-4f62-a7d4-e3cbb3025287,Littlefunkyintro,1.0,1,89382,49.0,
d7d52885-ffd6-4537-a7b1-5e8fb6f27adb,I Fieri Bboyz,1.0,4,254106,34.0,8dc78c73-54ed-46a1-b9ff-1c2f42d6bba1
e1fa8630-027b-465c-a6ac-767387c4fbee,Stare al mondo,1.0,3,217333,25.0,
2a77216f-5533-40da-bd22-46f5ab4a2f70,Dove Sei (RMX),1.0,6,226906,82.0,
3fb378af-91a5-4f02-bcea-b2f81bfdd0b9,Vento freddo,1.0,10,213000,25.0,
a4b279bf-9821-4791-a2e5-d981118eec53,Quando sorridi,1.0,8,211786,43.0,
750100c4-786a-49e8-871e-beac286b31a7,XYZ,1.0,4,255920,18.0,
9d4f9c26-af70-4492-ad64-e3f8934ee4a1,Suona Ancora,1.0,13,285200,26.0,
6bfa7445-7841-477f-85b4-c0931545cb9d,Lo Spirito Della Dopa,1.0,15,283000,28.0,
37bfa319-3142-4b25-b3f4-9e3a39f6fd7c,Dopamina,1.0,1,101000,29.0,
fb5909ba-9566-47a1-ae8b-04487f810b91,El Chico Loco,1.0,14,279333,25.0,
ff640f97-1e2d-41cd-b2ea-28c9ff12ad14,Tutto può succedere,1.0,6,262106,25.0,
ead78293-cf29-43de-8d5d-676f5e9e008b,Molto calmo,1.0,4,239946,53.0,
1e8ace8d-f486-48a0-8033-820cf50963db,Nella pioggia,1.0,9,276693,22.0,
3b04a9c9-d360-4f6b-ab80-c7cfa6d8be74,Il resto è nella mente,1.0,1,86373,22.0,
402e42f0-0656-40c8-83ff-3231862c604e,Argiento,1.0,9,167155,46.0,
e50a36de-3edb-47b1-849d-f5cf42c263d3,Aldilà del blu,1.0,17,157600,18.0,
456035e4-2b87-4427-aad1-605e7d5f59c2,Elementi,1.0,2,293160,39.0,
933eca5d-da95-4f97-ac08-8de032d5f747,AmarAmmore,1.0,2,182465,36.0,0688dff6-4d90-43ec-8fd0-2f5484f10fef
f303a19f-a8d1-48aa-a6b7-c198f606bf3a,Parole liquide,1.0,20,122000,17.0,
8e093b5f-925d-417b-b8cf-f2b74491f35e,Wicked Man,1.0,4,116000,29.0,
5e7eaab6-82c9-4873-9355-0b5c43808b36,Nessuno,1.0,6,221960,37.0,
9d667049-b05a-4dc2-91d9-31dd99726722,Mistiche vibre,1.0,3,268040,30.0,
2835c554-ce71-4765-953a-44e118d3780b,L’anima,1.0,13,131826,13.0,
69853f56-f87b-48a1-aa0d-bd56a00406fc,Boogie Loogie Bpm,1.0,12,86760,26.0,
04d3a80b-7491-407e-a744-b4971d1a02f2,Un piccolo ricordo di Maria,1.0,5,222800,15.0,
4a95e0b9-5a68-4b95-94b3-a36cc851b338,Nn’è Cagnato Niente,1.0,5,209631,18.0,
8d1368cb-fe87-430d-a38e-690c6724a2b9,Le Ore Piccole,1.0,1,135026,40.0,cc3dfee9-e70e-483b-aab7-87d17641ecf1
68968ee4-0ea9-46c3-91c3-cb280ed72f4c,Passione,1.0,1,230200,42.0,bf5fd769-d456-4c78-8c83-10d0273dfbf1
674d36e5-754c-4b25-97a8-492d682e6fd2,Ragazzina illusa,1.0,6,340386,20.0,
9577c826-1b4d-40d9-90fb-73045435af07,Sogni e nostalgia,1.0,1,185520,30.0,
f2388a7d-c60e-4596-8616-04573dccaae0,Il Funk Dopo La Morte,1.0,12,33933,23.0,
64b82298-b6c5-46fc-bd2d-c03b2c1dbdb7,Crociera,1.0,9,36866,24.0,
24da0b92-48ce-4ecd-9b5f-5da0d4fe4906,Picceré,1.0,3,177582,18.0,
2dba55c9-151a-47dd-b9e0-3443ab743312,Distante,1.0,1,227773,20.0,
f781efa3-ccd1-4fc0-a2d0-b7228783296d,Pressure (Ak Nine Prophecy),1.0,18,266906,16.0,
b69fa873-41d8-47d0-a3d5-8f208a42e1ad,Scordati di me,1.0,5,368853,15.0,
d340d945-6727-4515-a51e-9f84ef4a128a,Tutto il tempo,1.0,11,333000,14.0,
69d5899b-2aed-487a-9c54-50c5f76991fd,T’Aggia Verè,1.0,6,225963,16.0,
26c36394-fa2b-4125-b341-9c96ea227a4c,Fujevo,1.0,1,173732,17.0,
1f318e8c-0e61-4638-b1c0-b14e37eb8649,Come mai,1.0,3,220933,35.0,
213055ef-61bf-4a8a-b262-914cff2c6fe6,Alla fermata,1.0,9,269480,15.0,
0ede7730-b1b3-4bb7-b1f0-5dc555405fb2,La mia stella,1.0,7,255280,13.0,
ee6a62bd-7459-4a9d-a4cd-ed834b7e5497,Quando finisce così,1.0,4,228106,33.0,
91de6647-4d8d-446c-b8d1-7ff7d2e3e7d2,Ti perderò,1.0,8,221773,16.0,
415f26af-6a81-4444-9120-b04e0b9624bc,Colpisci,1.0,4,181386,20.0,
e4ac9136-d876-42ad-afa9-f479d58a0c88,Storie che non esistono,1.0,2,183226,15.0,
73ba8c46-2a7f-4ce5-b565-09098128609a,Sopra le nuvole,1.0,12,221484,14.0,
8929dfa8-f72f-4dab-a532-d99e8e39075d,Guardo il cielo,1.0,8,177906,15.0,
0974d7b5-ea0d-4a7d-a784-9dc1cbd7265f,Catene,1.0,9,194997,12.0,
2ecd0db2-afae-45e6-97cd-10804433f6a3,Arrivi e partenze,1.0,2,202613,54.0,
6a72f947-97f1-4bb7-90f5-749adc80c3fd,Resistenza,1.0,6,184013,45.0,
427199a5-9892-4de3-a1be-1516df217f9e,Andare avanti,1.0,13,254213,11.0,
1cb19184-6e01-44b1-80ac-a81bbff1f149,N’Abbraccio,1.0,12,98626,16.0,
5c49d52f-a6ec-4b17-9e33-778c9b800c6a,Mi manchi tu,1.0,7,196920,16.0,
f689c7f4-8b67-4af3-b430-8d6cc8ce08da,La Notte,1.0,4,214293,33.0,
f6182ff0-bb87-4c9e-8f58-55a22f497f3b,Lady,1.0,5,198853,32.0,
ba494ba6-e599-4304-ad0e-989cd572088b,Qualcosa di più,1.0,3,287786,20.0,
84fcaa17-7690-4dc3-a57d-0863d3ecf31e,Affianc’a Te,1.0,4,169591,14.0,
57b6cba1-1213-4854-94cc-6e3ab3952e4d,Per sognare ancora,1.0,6,194573,24.0,
9aa6c18c-2504-4b48-ade5-ced3904f0ae9,Sano e salvo,1.0,6,225533,16.0,
a4edc908-c50d-42f3-88ad-1864adaf10d3,Le ragazze sole,1.0,14,228053,14.0,
1128a356-d56a-4aa7-b558-28411e30c37f,’O Sarracino,1.0,2,170080,29.0,
4b0cb578-8ea1-4643-b22f-bc08a01c2dd7,Tempo che se ne va,1.0,5,195893,18.0,
ce9550ff-9121-4f01-9ba7-5e60643a8916,Neffa,1.0,10,253360,60.0,
1a71e8c5-42c7-416f-bb0a-bbe3e48fbdaf,Si Me Salve Tu,1.0,7,177754,13.0,
1f09da89-552d-4bab-b72a-6632256dbec3,Tu Non Mi Manchi,1.0,7,196920,16.0,
6b8873ef-98f4-4e11-a35c-db03ffea125b,Bellissima,1.0,9,259226,12.0,
6613f03d-3ef1-4496-bd4d-d4c43ee26671,La nostra verità,1.0,12,310013,16.0,
2f25273d-63ed-459e-bbaa-09283982737d,Disperato,1.0,7,293000,18.0,
5b75dded-cd62-4c3a-870c-4c7c7e6f8190,Speranza,1.0,11,218851,11.0,
57e3dba1-1340-46ff-b763-0d2f6e008324,Non tornerò,1.0,9,129613,16.0,
4f7e87d6-f4fb-4c82-bdef-4da63ea1a321,Giorni d’estate,1.0,10,228360,12.0,
83732b36-8ee0-4a4b-83ff-e2d0b8e1afae,Saccio Ca Putesse,1.0,10,202568,11.0,
84671457-761e-41e9-b316-f37c3105dc22,Luna Nuova,1.0,12,329106,16.0,
2957aff8-ad1c-4249-95c4-d1b243659aef,Satellite,1.0,8,215093,11.0,
14c7fecc-efbb-4630-b6eb-7b7daf3b2f47,Vieni con me,1.0,11,316600,17.0,
b6734910-a263-4ff3-9a7a-90f8f48eb70d,Tentazioni,1.0,12,86373,10.0,
f24e982b-cf34-4e63-aa52-e30b6f5822a2,Ancora non lo so,1.0,15,205440,14.0,
81ffbe27-a3db-4186-8622-84ff8cda1196,Blu,1.0,2,170080,29.0,
e0856b18-f50a-481c-8df3-7004d8d76e66,Per fortuna c’è il mare,1.0,7,198440,12.0,
e954c326-1310-4411-bda1-315d289a4099,In un sogno,1.0,5,258398,12.0,
75d99625-37ab-418d-bbd6-a82f039bfebf,La strada facile,1.0,7,242226,17.0,
7bca8cc2-c103-47d9-b698-5c9cb3f03e77,Allaccia la cintura,1.0,1,75933,14.0,
0cf8e742-b337-4afb-9dad-4b37415e29de,Tanta Luce,1.0,1,230653,20.0,
d0e8dfe8-d648-4cf6-805a-dc3b5c923538,0 tempo e 0 vento,1.0,5,483532,21.0,04d28352-2658-487e-b589-17ff6637239e
deebc14d-fd31-4747-8626-06c5fbb1872d,Sunshiny Day,1.0,13,145693,13.0,
54f315c1-b288-433a-a528-18b4396c201d,Funky mirandola,1.0,4,282840,15.0,
33454a9b-ff1d-43ee-9540-2ce7cc54f405,"Dubai (Why, Oh Why)",1.0,8,186333,11.0,
366a0ede-54a0-4ff1-94a5-b223aae99eb8,Twit,1.0,9,202253,11.0,
e4ffd7e0-0c84-43c7-b693-aa39cd92e041,Senza Ali,1.0,3,288160,20.0,
0245d856-1174-4ad7-b10b-2993caff50e0,Che Sarà Sarà,1.0,10,212626,17.0,
6436cd6c-d243-4fe1-96fa-16c595371ac2,Solo così,1.0,4,252666,13.0,
c314246a-5f4b-4392-a8c9-3d23f50d53b2,Vieni Appena Puoi,1.0,9,259933,16.0,
e0627daa-07db-4176-89fc-86fef818c275,Occhi chiusi,1.0,10,166800,9.0,
3a21ad05-46f8-4e64-8eed-ed77a84d4d06,Tutto Tu,1.0,6,262106,25.0,
b44e7922-6396-4ec1-9eeb-dbc127fec566,Venere,1.0,11,173160,14.0,
579f116c-8f0f-44e0-8397-680ab9bad340,Giorni e giorni,1.0,10,228360,12.0,
910f32ce-9c5d-4ca4-9a74-b8bfed7d0518,Ma jolie,1.0,14,174320,10.0,
9ffcb0f4-679f-499e-a073-10097fec2475,Già da un po’,1.0,4,269973,25.0,
a105dc1d-12c7-43e7-a5ab-d31626325b40,Catalogo,1.0,13,188680,10.0,
c409e6f7-340b-4272-abbf-b67b537ef19b,Mostro,1.0,10,231306,12.0,
d3e6c73f-ca59-47e8-8296-40e05b0129f4,Realtà,1.0,11,182186,9.0,
319563ec-6d08-4797-8552-ebb9933435b1,Lampadine,1.0,12,190746,8.0,
f4642965-85c4-493d-a81b-242c1e96fac5,L’epicentro del funk,1.0,2,281333,44.0,
c9eaea32-ca9a-4e52-9c37-39fb9bc7edd8,Luce oro,1.0,11,231920,13.0,
0a1dedfa-7a88-44fb-8e50-5f396b273f11,The Hill,1.0,11,261000,8.0,
a3ecb7ba-ab6d-4088-ab8c-6947b2c13ea5,Passione - new version,1.0,1,190112,3.0,e792a5b2-f54f-4873-8bae-a2cdf6b542c4
66eedb73-887b-45e2-9b30-7181779ad17c,Laura,1.0,7,241120,14.0,
871eeb00-b39d-4246-aeb0-a2e8f94afb81,Alpha 2000,1.0,10,288626,10.0,
ee55f493-b65e-4d07-8999-464f9ca8fc25,Ebby & Nike Pt.2,1.0,8,377426,20.0,a19b021e-7420-4ae1-a53f-737f3303347a
1f48c647-23c9-40e4-9542-573864d7a889,Summertime,1.0,12,265306,7.0,
bd946ca6-5555-4a87-b2d8-304f5db2800c,Intro,1.0,1,26026,0.0,
1abd3e37-39f1-4595-aa4c-67c351f75971,Quelli che benpensano,,2,251000,,d79bd422-66be-45b8-952a-f39b43ec6ce0
0bdb5520-a8bc-4b50-b2ec-7f977318bf07,Autodafè,,10,242000,,
bdb4fd8c-043a-47f2-8d17-b05c42af17fe,Fight da faida,,13,284000,,619e5367-173e-47b0-909e-9624c3e7c155
18eaeb75-4aae-42fb-a0ef-cb5c14cf0a2c,Giù le mani da Caino,,5,280000,,
ca47fc0e-e870-4959-8efe-b68c9eef6b24,Pedala,,11,210000,,d890b47d-f30c-4aa4-bae6-3e2bd6de4dc2
1b3cad01-6447-4513-a895-1e7370d35d82,Accendimi...,,,308666,,
b4203411-d387-421e-b861-e2018114b09d,Fili,,16,200000,,69fcdf26-251c-4de5-8e54-b791ea13cbdf
cbfe80ad-d287-48e0-a65e-0d152334190f,Rap Lamento,,2,221666,,9ca3ddb0-405b-4e6b-9ccd-9831ac0d2960
64dfea79-2482-4325-b7f2-89b54aad0c19,Cali di tensione,,11,262000,,
7286ffd0-17be-4b8c-bf72-3ebf2a9f7c6c,Cubetti tricolori,,3,75000,,
956de948-e1d6-4f57-8e6f-d1c98f0e59dc,Faccio la mia cosa,,2,258160,,903f8aee-3f45-43d6-bd2c-2bc2aaa3ba7c
8b153d25-ebc8-4a24-9f9e-62667941c47b,Libri Di Sangue,,,294600,,da36951c-f383-4acc-82b1-7bbdaa6fe329
f2977262-9b1f-47bc-9d11-290e7ada5ba0,Potere Alla Parola,,12,314773,,
c7eb44f0-46e0-43c5-9886-a41b409244b8,Nuvole,,,,,
2c3e4541-307b-4add-ad93-93d61e371d77,Il beat come anestetico,,7,217000,,
ae02b814-ab32-480a-818c-0d338c4306db,Disconnetti Il Potere,,6,128000,,
3090f188-2d41-49b7-afee-0934c0fb299e,La cattura,,8,185000,,
9724bf1e-d5d8-43df-b347-b0cff9fe3ace,Chiedi Chiedi,,9,226733,,62a635db-94e0-4a1a-9ac5-33b3f357701e
a3ea47b3-395a-45ce-b005-810634cba277,Incipit,,1,109000,,
e16cbda1-8509-4e1a-a0cd-1718838d28cd,"Omaggio, Tributo, Riconoscimento",,7,179240,,
41839ad7-aae9-45b6-bea9-d0fd452b7b98,L’ovvio,,,197000,,6c72fc8f-957c-4d8b-a71a-ea57a0f3ec38
b3bea625-21d9-40d0-97e9-e57d35a392c2,Manovra a tenaglia,,6,131000,,
cfe109f8-c946-4735-b902-068aecae0f78,Entro,,1,159826,,
c29abcf2-3ddd-47a1-ba41-ec8c999e2c40,Il Bianco E Il Nero,,9,39240,,
54c916be-c7f8-4f19-a1a0-7e7a34ced1e8,Rivoluzione,,3,203733,,18f51143-f384-4420-b0c1-106ba65eac08
05a8b460-33fe-4d00-9f02-2c06e752d4ec,Combatto La Tua Idea,,4,94333,,
4af50571-5eee-4659-b3e4-504a951c3be1,Gli Accontentabili,,4,228320,,
2855ec42-b6c4-4fe9-a883-1bd145fe0c42,L’inutile,,14,295106,,
bd556541-1ef8-4547-b8e7-d9a014275a59,Storia Di Molti,,3,184360,,
29b3bdc4-c1b4-4f33-bebe-a85a115eae26,Calma... Calma...,,8,145973,,
d0e802c1-cfcf-4e78-8f2e-da3c8c2e6c79,Area 51,,9,89000,,
e41781f8-7910-47db-b5e8-2d862ba964a8,Etna,,5,164200,,
2d4c39d5-30a2-4195-94c3-4a2dc062da02,Passaporto Per Resistere,,18,182240,,adce971c-e6f9-4a75-9895-26b9656f2d85
785fab21-6aaf-4a66-b481-3e046f172cb1,Essere umani,,4,205000,,
f06cc3e7-5e95-4ed0-a867-5991b6588fde,Pugni in tasca,,1,216200,,7dff2cc2-66ca-4806-b863-9b70000a487b
ba22ea9d-dbd1-40b1-a1f7-c058d7f0a6d0,Note psichedeliche d’ambiente,,,94573,,
4e45ba9b-fe84-4953-a38a-a9dd14c62970,Sana e robusta,,16,279666,,
3a64d9f8-5bf8-42f8-b1f2-87fa12a3e9f7,Dimmi Dimmi Tu,,1,215746,,227157cd-337a-4d24-b327-7323998e788b
fbf7eef1-979e-4fe8-9c7d-f0a70a6b08cd,Pace E Guerra,,11,103933,,
30be5af1-fb6e-4114-a136-5e1f4c8875be,Libri Di Sangue (Radio Mix),,14,294573,,
659e4952-d0c7-4cfb-a090-1effcfd9ff8d,Generazione Di Mostri,,7,178040,,
563a2bd0-dbf5-451e-965e-400502e09ac3,Animanera,,12,279880,,
b35b9c61-71bd-439b-9061-93e4e0021626,Precariato,,5,209280,,
9d93bf91-a255-4873-b6a3-84a0375f6f75,Virus,,8,100160,,
fa776400-0a78-4c81-9553-e7cbcaa565cc,Il Sonno Della Ragione,,2,219000,,a890297d-926b-43c5-9f37-f3e20e04e720
94692c17-e381-4277-9d9d-0f2a3a46985c,Direttore,,2,217253,,
67b2c399-75cc-4918-8ced-d1287756ca79,I Trafficati,,10,208426,,
8ad4ef53-1f78-4e11-8054-9ea7e081ef62,Chicco e Spillo,,4,259786,,
06fb6c64-3e94-42f4-97b0-b089ce489eee,Outcipit,,14,47000,,
238be22f-4f39-42f2-92ba-6af0547e7274,Voci di Piazza,,6,94840,,
63d29350-7f2a-4886-9261-a136c41335de,Cane Inane,,5,105746,,
9e026a3c-a14b-41da-9958-01a7b257d69e,Zero a zero,,15,136106,,
f3494e2f-c107-4391-9f62-67b3a328bfbc,Potere Alla Parola (Release 2.1),,15,353560,,
37014e19-f4b4-4c1b-8934-3c8130a2a7b5,Un uomo è vivo,,1,228000,,
b5d60a7d-6599-4f3e-941b-d00e98631236,O Tempora O Mores,,11,109200,,
3b2cead2-01a3-48e7-b0a4-fa61fa58878f,Morsi E Rimorsi,,3,62826,,
d02c4263-acfa-4b7d-b6f5-dd500b5ac34f,Esco,,16,33773,,
79abec2d-1f98-43d8-a40b-daacc6fa274b,Anoniman,,6,240320,,
57015109-7d26-4690-bba4-0cc9de2f19eb,Le Perdute Ali dell’Olecrano,,13,160306,,
39e0aaaf-63c8-4e1f-8804-5b5163bb6d89,Quelli che benpensano (Versione 2005),,10,296613,,3bc49f21-22f5-4c12-92cd-6b698f85066b
c2565622-b748-4605-ba63-a8285143d4ca,Il Giocattolo,,7,185466,,
44c7211a-028d-435b-8d18-b2fa1c483e22,Prima,,1,43733,,
7b902531-bbf4-445a-b8d6-2c56c7856699,Call-Center,,0,264586,,
5087574c-f5f2-4db7-a097-f5bbb4f7ff7b,Atteso imprevedibile,,5,247000,,
99df4936-dc59-4623-88c8-9a540630f6e6,Dopo,,17,32159,,
2076f7d0-9339-4f85-b1be-7f9289b8ca33,Potere Alla Parola (Versione 2005),,2,256320,,
92b8e0d6-4e4a-4644-99b0-f10604ddf9a3,Cortesie,,7,205000,,
c15a70a2-7f19-4ab2-a3a1-14fce8b85370,Estate 2020,,,,,
ac79d587-066e-482f-9a13-ad86568c0e2a,Squarto Uomo,,9,187173,,
30097fdf-37fc-40bd-9c84-3e9a18d94f40,Elefante,,6,229000,,
922cd704-a804-4753-a0cc-f5584d9ae6fa,Mattatoy,,8,54773,,
ffbe0bcd-ce4f-409e-a400-d6a79a7a196d,School Rocks!,,1,232000,,9d1cd434-64f0-4c97-8110-bdad6fed4930
9423485b-6d1d-402e-aa6f-482e21b7c517,Nuvole e vento (Africa),,,,,76b4228a-98bd-4990-bb30-269b0153334b
491e5057-aa8b-4c5b-a86f-560f37b65524,La legge del più forte,1.0,3,187053,46.0,bcf700fe-0eb1-4549-8063-2e943d56661f
628b3bf9-555c-4420-9d9c-aa8692131095,Vertigini,1.0,6,203040,58.0,
de20490d-b45e-46a5-b0ab-c1cd836d0a55,Wasabi 2.0,1.0,1,170000,52.0,2f882ce0-fe52-4409-a223-404d6a8389cb
f4392f5a-1fbb-4fde-bf8e-40a3ced3a771,Lingerie,1.0,3,198026,63.0,
6f0d39c1-6193-4dc2-b102-309279c9fc62,Wasabi Freestyle,1.0,4,104120,47.0,
594ef4ed-59cb-443a-83b9-01ea6ae99922,Sangue misto,1.0,1,172640,49.0,
2d016888-3214-449f-871b-a1ac0ad56c63,Manhattan,1.0,8,190999,46.0,cd3acb57-99fd-40b5-94ff-9a9e10f43bbc
79513194-8a66-4ade-b9e7-8de94b267fd9,Pugile,1.0,12,198173,45.0,
f35ab1e8-428f-44c0-84ca-36fb1b7a4925,Polvere,1.0,3,252991,56.0,
6446e978-d5f2-427b-a71b-252eec6490e7,Acqua (Malpensandoti),1.0,7,261360,48.0,
1e4b04d8-c099-4856-b70b-ebadad919cc3,Buste della spesa,1.0,6,194133,51.0,
b71a523a-8d51-4fd3-b52c-c4cdd8b25e09,Paradiso Artificiale,1.0,2,162411,68.0,
8a85daf6-db3b-44ca-b388-b3d5abddac45,Purple,1.0,9,190121,49.0,
11831dec-5540-40cd-bb13-97db1ac0cb7b,Party HH,1.0,7,211500,49.0,
02ff6141-15d1-47d8-9b7b-d3901bce2b3e,Lo sai,1.0,1,201344,55.0,
b4c73d4d-f8a2-4859-b0df-d36da8ac0ae6,OC (California),1.0,10,158093,52.0,
b1c4e6cb-efee-4752-ac7b-98a1a7117886,Lo-fi Wuhan,1.0,12,176600,40.0,
6f3a5334-9be3-4899-a397-4ccd03224dde,Intro Orange County,1.0,10,158093,52.0,
57f127c4-12d6-4f3d-be59-47776123d077,Il fabbricante di chiavi,1.0,10,189533,50.0,
e2c41a93-833e-4fe2-9154-168c782b9032,Fifty Fifty,1.0,8,178120,48.0,
7a59db7e-90f9-43f6-b33e-19a12675e6fb,Colori,1.0,4,233102,44.0,
97ab0491-e450-493b-8019-2df2e0d534b0,Pensa se piove RMX,1.0,15,214146,47.0,
2ee07541-1ec5-4a73-baec-1812a05448aa,3 Chances (Dilla tutta),1.0,2,211200,43.0,
8af06a18-c9d4-48d4-87af-e3adadcd848a,Sailor Moon,1.0,7,235000,47.0,
ca1c6186-a5af-46f8-be26-20b1f2d27f2f,Lo-fi For U,1.0,14,203489,50.0,
efaa87ae-936d-41c2-9402-3d7196bdadf7,Revolver Freestyle,1.0,16,292080,45.0,
267e6087-3125-4791-a023-61f852c0d8fc,Burnout,1.0,11,178160,35.0,
2a51fe54-c4aa-4621-b535-2d2c73c3ac77,Hoe,1.0,4,137098,64.0,
652eab3e-afb8-451e-a626-9e602662bf30,Mare mosso,1.0,5,233215,45.0,
94dd3fbf-86ed-4c8e-9ae4-326f0e466480,Elisir,1.0,1,174492,44.0,c73a59ad-7d97-425d-a6e5-1a4ca2545b31
01746d19-d44e-4d7b-a2d3-61628c961925,Step By Step,1.0,9,194160,54.0,
75eee1c7-ffe9-4705-89e9-2249795d959d,Vita vera,1.0,1,201344,55.0,
8f3122c5-d8c9-4d79-bec7-804b030875f3,Lezione,1.0,5,176133,43.0,
430e43f5-d624-4e46-aaa0-6d2a0aed89ce,Intro La Divina Commedia,1.0,1,161583,51.0,
9e2bc699-6309-4f34-89b3-7a99adaec10d,Rari,1.0,2,133963,47.0,
aa6299e1-e278-4fa3-b9d2-5d1c4494540c,2020 Freestyle,1.0,1,289186,16.0,ca190eb0-6eee-41b3-8882-aa01684a5f35
363dfcd9-6220-496c-b489-972f917677e6,Malamente,1.0,3,181875,60.0,
6bbb2d54-bcff-4e33-a721-e1aea07b53c3,Al lupo al lupo,1.0,12,199200,38.0,
653f9ad8-fd90-4401-b781-5fb95a51e782,Bro II,1.0,10,136306,41.0,
7f800696-bf6f-4612-bbff-435b9a87c502,Circonvalley,1.0,1,150626,48.0,
d946a172-b0ff-4b3c-8ce9-539e078a4c56,Pour toujours,1.0,6,240939,46.0,
75deca35-75c0-4127-82ff-124cb7a13faf,Motivo,1.0,11,113103,42.0,
00236aca-7fbd-411b-a939-8f837c438e26,La story infinita,1.0,1,170700,41.0,
1bfdc55a-ffea-4541-a317-ccf2b72c2317,Jungle,1.0,9,206386,33.0,
6f5e45fc-e83e-4a0c-9990-7d95c4eae428,Natura,1.0,14,200106,35.0,
6da484d6-6f7f-42e9-b317-4a5783662c69,Ombrello per la Pace,1.0,9,180863,76.0,
4f2bf464-a0ab-42a3-9778-1bbefdd6c51a,Rital,1.0,4,203413,33.0,
0204e61a-3344-4ee5-b935-7c2987830707,In Eterno,1.0,6,90853,33.0,b6ae92d0-ab59-40dc-99b1-7ce0244e9768
fbd31a1b-1eb8-48f2-911f-b25efdc4ebcd,Fashion Week,1.0,15,192000,35.0,
5add60c6-bd78-477a-864a-a486ff464465,Cucciolo D’Uomo,1.0,13,223933,35.0,
c70ef535-0060-4d51-9877-981d02fc57fe,Red Light,1.0,7,167880,62.0,
c6d99f4b-c00c-4f82-961d-c4bd984922ba,Mare Calmo,1.0,18,147241,58.0,6e6ea720-227b-42df-a72d-c4d294f4f79c
bc21e3a8-53dc-472f-b11c-8f4f673d33a0,Dune,1.0,5,217480,33.0,
a9561fa0-8d43-485e-8683-49f089be72e7,Bandar-log,1.0,11,176746,1.0,bae87c54-c77e-4580-99ea-d9fc5f2bcf42
c2d5127d-a3c7-4592-ac7d-1c160b410d96,Outro Purgatorio,1.0,16,284250,49.0,
fc1f78aa-a559-45b8-86e5-dc827deee133,Beatrice,1.0,21,183500,67.0,
07cdb579-fb2d-4e5f-93de-0663fdaf2ff4,Angelo Custode,1.0,24,185032,52.0,
7ec3a844-d875-49a0-bdd0-66e54f8aad3a,Clone,1.0,4,149270,40.0,
d14c40ec-34b4-472f-bd0b-80bc4908a0be,Pegaso,1.0,14,148053,42.0,
47ea31ba-0ef3-4190-afa6-b00fa4ca936c,Lo-fi tu,1.0,10,147000,41.0,
cd4a3d10-4fa4-4ee4-b675-7a19d1d0b74d,Diluvio A Luglio,1.0,10,202201,53.0,
8fe018b4-b17e-4efd-84cf-f2e3981b56e8,Telefonate,1.0,13,178093,44.0,
4bb76eea-ea9f-4598-98a1-615487e7a952,Bagagli (Improvvisazione),1.0,15,195535,51.0,
48eaacdb-e9fd-4a8a-9193-12e3948956d0,Rap City,1.0,3,152700,36.0,
4801f9db-8877-439f-9304-07ea1f4e0f5f,Figghiò,1.0,8,220800,33.0,
2875e52b-e0ec-419f-ae91-24e6d1e6d8c4,Scala Di Milano,1.0,9,175737,50.0,
8da3a55c-2599-4e61-989e-cbd24add7911,Sbandati,1.0,11,240055,30.0,d9501df6-4b30-401a-ab0b-fbf0310beadb
1e49f7e8-c8e6-4ef6-8303-67690e7b1b0b,Lo-fi Drill,1.0,7,102000,43.0,
ea4837fa-3b8d-4d77-9386-753add5372be,La Verità,1.0,12,177939,47.0,
4be11c79-e458-4b54-bd4b-6a3daa6fdb1e,Jolly Roger,1.0,22,244281,56.0,
9e7e496c-4352-4cb1-9d2b-51f3390b5985,Outro Orange County,1.0,10,158093,52.0,
40c3549f-1bed-4b13-b4d9-e7f0b68550b7,Paradiso II,1.0,17,163124,51.0,
147bc9b7-6301-4ba1-8c5c-55fd429be257,Ci vuole poco,1.0,11,259972,41.0,
3676e3d2-dc65-46b6-b5a1-4dfd11d7ab2a,Mancanze Affettive,1.0,6,231296,56.0,
1fdc7230-cc76-4ec9-a253-5db4a3372ae3,Perdono Valore,1.0,6,192611,59.0,
ef012049-2375-4db0-b93f-31af18df0492,Angelo All’Inferno,1.0,5,173222,48.0,
f8f27a2f-53dc-403b-974a-8cc7074e0604,Per le tue,1.0,3,160496,66.0,2f6b9c2e-3ae4-4881-8a75-3bd04af25988
47c36b6c-75b7-4fac-8373-999df5de2b08,Party Privato,1.0,8,140800,59.0,
1909a819-ac73-4e7d-9861-6644eb2fec20,No Snitch Freestyle,1.0,7,122106,40.0,
5981acd4-46fe-44a3-b193-e41a7cb0f919,Da Dove Provieni,1.0,6,226906,82.0,
774c9080-f70c-4b0b-8685-2b928e86a603,Parole Vuote (La Solitudine),1.0,23,251320,61.0,
be31c409-5091-4d05-ac32-f4b1262edb2c,Al limite,1.0,19,147366,56.0,
646258c2-e0bd-41cf-892c-310940e13b53,Kill Bill,1.0,20,136956,54.0,
e065c829-4f09-4475-923a-8b9a2fce527e,Inferno,1.0,1,109158,36.0,
b285a43f-b0e8-4a55-b03c-14f4d6acf259,Amico,1.0,6,158000,36.0,
729b1f8d-a785-4c25-a81a-3dcc64863437,Anime Libere,1.0,13,173770,56.0,
5fbc11c8-f1c3-4679-a3c6-e989428182a7,Fashion Week Rmx,1.0,15,192000,35.0,
d78c0f1e-a5cc-49e2-bd55-b2dbffa5bf15,Volgare,1.0,8,148367,55.0,
d47629c1-5d44-4be6-a048-fcd1e185e9f3,Drill Dream Squad,1.0,23,338641,20.0,966d45d9-c9c7-4f85-aa70-f543f3640b46
9b0684ea-182e-424d-9775-41b88beb1c17,Soffierà,1.0,11,202500,50.0,
0fccd029-f04e-4132-8143-1b9602a7e0cd,Pass,1.0,5,158710,38.0,
2aba271b-9f07-4ddf-9827-0f872a638834,Chino,1.0,3,158972,72.0,
bbe39b5f-6d7c-4db7-a308-4c631507437f,2 pezzi,1.0,9,144000,35.0,
5855eebb-2866-40be-aef5-c1b042791204,Badman,1.0,2,74378,35.0,
95c5e0d5-e447-449a-b35d-b30fcf6067e7,Paris,1.0,3,87531,33.0,
652e7f45-ba5a-49d7-9948-3c6f90f2a16b,Gironi,1.0,6,90853,33.0,
a56f1579-d213-4b85-b5cb-3cd7678b2d75,Non mi va,1.0,4,153139,62.0,8e131462-3d9e-4c40-9e8f-9d6906b9302e
4941ffd4-eafe-4f9e-bb53-6dedb6332841,Mi Piace,1.0,16,284250,49.0,
2feb76d7-ca9a-425f-ba8a-eea57043168b,La Lavatrice,1.0,1,150626,48.0,
59fcec51-f2d1-4043-b30a-aaa87d8cc7ba,Scarpe Coi Freni Freestyle,1.0,7,261360,48.0,
580ae765-9d3a-402d-95ed-8809473763db,Quando Cillo,1.0,3,160496,66.0,
30b9f6bb-60d2-4284-8177-589767664f01,Corvi,1.0,4,85919,33.0,
40b8f99c-2a18-4554-97a1-da0f1b73835f,Urla,1.0,5,107124,34.0,
ff143376-14d4-4712-bf63-48f1b4335316,I Ragazzi della Zona,1.0,20,136956,54.0,
68de1712-94de-4868-9967-442cf6827d0f,Forte Come Non L’Avresti Detto Mai,1.0,16,284250,49.0,
83407e75-ea72-4591-a813-4fb672532595,Pensa Se Piove,1.0,15,214146,47.0,
411e9a29-ee3e-4f62-8c08-215648f1ffac,Non Posso Comprarti,1.0,6,226906,82.0,
c73308c0-0e9d-49fa-9f11-a17245b310d3,Sangue,1.0,1,172640,49.0,
1878bfa7-8357-4ecc-8ec2-17e84580a622,Orizzonte Al Contrario,1.0,1,170000,52.0,
277de47c-fe60-4d5b-9622-892f94a89625,Chi In Skate Chi Sui Peg,1.0,5,217500,72.0,
ecd03ad6-de9a-4095-92e0-0d38873b5abd,Ufficio Misteri,1.0,12,169411,2.0,71701dbb-3e07-46a2-858b-9bd642df8cea
8406b3c3-6084-4410-afdd-6d205c12e3a9,Male di Me,1.0,3,160496,66.0,
24d83abd-8953-420f-b14a-666eeba6ca0f,Rolex Daytona Freestyle,1.0,2,162411,68.0,
de64bf11-3576-41a1-96b4-4ef722b5f54b,Sono Su (Si Alternano),1.0,5,176000,78.0,
a5630d6d-3889-4526-938f-ac36b6a74958,Mai Più,1.0,2,162411,68.0,
2f8256b4-af91-4922-a156-febf3a713368,Fre Corri Corri Freestyle,1.0,1,201344,55.0,
2aaa451d-4a14-4fa1-941d-cc32a22173c1,Calci Dalla Celere,1.0,5,176133,43.0,
73303e6c-973c-4e5b-9570-6315948fe5cd,Come L’Antartide,1.0,2,74378,35.0,
7d69d53e-1f14-4036-9c13-d189871d2f08,Prendo Tutto e Vengo Anch’io,1.0,9,349560,62.0,
672f7a68-2f5c-4d91-9fd1-0d14165016ed,Like A Boy Soldier,1.0,9,262933,29.0,71472eb0-aaf4-4e2b-963f-791607b21436
fdfc3d46-2d50-40cf-a0bb-a13068bb396a,Emersi a Galla,1.0,16,284250,49.0,
a6308815-8247-457d-9494-e79b608f8354,Vita di Società,1.0,1,155532,79.0,6b780e24-0df2-4714-ac18-042a6a0ef236
5dbe0682-3820-4f77-ba8e-2c8f55db6f59,Mhiraq Freestyle,1.0,15,195535,51.0,
af5587f7-58ae-4cf2-87ab-cddc5996325d,Bolza-Leto,1.0,3,158972,72.0,
7bf03975-2b6e-4301-a952-5471aeea3a21,Il sole bacia i ribelli,1.0,5,176000,78.0,
b5008d92-cb28-4f32-b04f-13d17f80d255,Skid Row,1.0,14,195626,42.0,079d32fa-cca9-42e4-ba60-bf592fba44de
f481add5-9051-4b6b-8389-c53d19cb61ed,RipXXX Freestyle,1.0,15,195535,51.0,
5faff0ca-f70c-436d-9eee-f930bced139b,COVID-19 Freestyle 2020,1.0,1,214000,27.0,cd64cca5-5a4e-4a19-9d0c-50697579dd64
ce1d122a-e29c-4def-81f8-757744b9412f,Vita Vera - Story,1.0,1,170700,41.0,
31015b21-1f96-45ab-9a37-8c2e348b2c07,Nostalgia Freestyle,1.0,15,195535,51.0,
011624cd-a165-4e97-820d-1f427f46b54e,Ryan,1.0,3,158972,72.0,
410dd6a8-b280-4559-8298-3d4623f6a05e,Tik-Tok Freestyle,1.0,1,216000,12.0,9f69a404-b580-48a5-b07f-6b52caace1fa
a8aa91b6-76cb-46d1-8457-f35b65d90aaf,Flashback* 21/2/24,1.0,12,462781,11.0,179e472c-4cd4-4370-8549-67c7d8f7761e
51712f14-d5d2-4bbb-8a93-8f88c5423aa6,PDF UNITED SHOW Freestyle,1.0,1,165760,6.0,9428b13c-e6ee-4e6b-a5ec-ef56d4ebadf6
e1a00bc8-d0e4-4197-aafa-80f540ed2002,MILAN FREESTYLE*,1.0,15,195535,51.0,
d2c6ae8a-beaf-4fc7-a061-a638f9d36a22,Una Chiave,1.0,7,245613,51.0,
03d2184c-71e2-4eaa-b67a-736e8f9ebb9c,Canthology,1.0,1,229116,38.0,73c2d6f9-41d0-43de-ba8b-ab27651bd909
cd5d5898-66b8-44c2-94fd-b2821c500fb9,Prisoner 709,1.0,8,250893,58.0,
77dcbc54-dcbb-4c08-9966-9ddf3bfef7e9,Campione Dei Novanta,1.0,5,271018,45.0,
10fbd1cc-6db3-4957-a8cc-d9773e69f1f3,Ti Fa Stare Bene,1.0,8,250893,58.0,
406e52a7-1687-483c-bc20-27ec7c67f49c,La Scelta,1.0,10,275270,49.0,
bb5a64c5-0fb9-4db5-bb14-93ee7c80de38,Prosopagnosia,1.0,1,225400,36.0,
fb47c760-5f78-4df7-bfb6-8f9f6f025112,El Sendero,1.0,4,229302,52.0,
651599d0-a985-4aa1-bae6-7edac53761e4,Confusianesimo,1.0,5,267720,41.0,
a08c51df-b352-456e-859a-801bca0df927,Exuvia,1.0,4,229302,52.0,
ecc129d8-c674-4a24-811b-50c402c713a7,Avrai ragione tu (Ritratto),1.0,2,263706,51.0,e2cb23d2-0d6f-45a9-9e31-eb0e3d1827da
41cc49cc-dc79-4cb0-9ca2-94b31f277031,Fuori dal tunnel,1.0,8,310266,55.0,30aff014-e2fc-40e8-b5c3-1cda15999513
a8388bf9-eb25-4d3a-a9ac-23c1700e462a,La Certa,1.0,18,220908,43.0,
0447c410-1a7f-48ef-967a-80137478bf81,Il Mondo Dopo Lewis Carroll,1.0,15,208003,41.0,
dff30bde-4702-4640-8b24-3bef7409e2cc,Fugadà,1.0,2,223098,42.0,
fd9221fa-87fa-4667-b7e9-7c202323a417,La Caduta Di Atlante,1.0,3,266266,36.0,
d4ca3381-0595-4e43-8e25-81c4ad887f97,Migliora La Tua Memoria Con Un Click,1.0,9,285626,41.0,
09239e26-2bc3-4da3-b9aa-be11c63537b2,Vieni A Ballare In Puglia,1.0,7,240533,58.0,
718dcf70-ab3c-4581-a9f2-c60b6064e5f7,Eterno Paradosso,1.0,8,271156,38.0,
ffedf12a-067c-43f3-88c1-f6f773f7ea87,Contronatura,1.0,7,236006,37.0,
cd414ebc-7fb2-4ecb-902c-1a7a39b144b9,Jodellavitanonhocapitouncazzo,1.0,14,250706,54.0,
12562cee-b0ee-412e-8c97-396f8d112ec3,Vengo dalla luna,1.0,6,254680,59.0,
a8d3d86e-991b-4837-ae98-8ac51ead6e94,Eyes Wide Shut,1.0,12,309557,36.0,
df81e3fa-5c45-4710-8b58-8d105b809dd4,Come Pripyat,1.0,14,261752,37.0,
d2ea143a-4a1c-4794-a092-9b25575895ee,Azzera Pace,1.0,11,246443,37.0,
b9829cea-1ad0-48b8-a663-1372ee7f2d4f,La mia parte intollerante,1.0,9,262853,54.0,2121eb72-9ebe-4dff-a6aa-b9902a94b579
5788847f-554a-4b28-b87c-ca2de4d2d03f,Forever Jung,1.0,4,261800,32.0,
9832983a-33ef-4fed-a375-3fa9a0293bed,Larsen,1.0,10,260106,42.0,
06e65886-9df3-4291-b0d1-8106e9beb584,Zeit!,1.0,17,228754,36.0,
102a1091-19af-47e9-b6f3-0d49bf03c5d6,Legalize the Premier,1.0,12,263106,47.0,e22ac883-e511-49a1-a4f0-f3954d0b0f7d
c69eebfb-8fe7-4b8a-ac33-fd07904b4473,Il Testo Che Avrei Voluto Scrivere,1.0,6,272746,34.0,
12c1da13-58c9-49d9-920a-a3fd3e131fdf,Sogno Di Potere,1.0,11,242373,35.0,
0d42c819-3036-4cbf-aa7b-2a631b417379,Kevin Spacey,1.0,11,223760,43.0,
c741b0c0-ef8c-4211-b469-e090b968963a,Abiura Di Me,1.0,8,251413,50.0,
91dd910f-d2d6-4a02-81e1-68ad5a3be633,Argenti vive,1.0,12,279520,41.0,
28cf86e2-9446-4d15-9a99-d763701975cd,Cover,1.0,8,310506,35.0,
44c19dd6-2430-421a-b5dd-1a5e4c7448cb,Il secondo secondo me,1.0,1,254680,47.0,
4628ec9d-968b-493a-b5dc-e89a6fee2023,China Town,1.0,9,235186,49.0,
618b35fc-755b-4c39-a4b1-cfe8b285d89b,Mica van Gogh,1.0,3,235853,52.0,
8e4e63e1-0e35-40fa-8c69-7611a50195a5,Sono Il Tuo Sogno Eretico,1.0,5,234933,46.0,
b64bc301-0341-4628-8012-a3e6fe68195b,Eroe (Storia di Luigi Delle Bicocche),1.0,13,247493,50.0,
40f08a5e-58ae-47fe-ada4-a8dd49a1b9d8,L’Infinto,1.0,14,255293,32.0,
a924ea09-4f46-4447-b2aa-89d743b59578,L’Uomo Che Premette,1.0,12,200480,33.0,
3f174d1d-c7eb-437c-9037-97b882df720b,Felici ma trimoni,1.0,16,293426,41.0,
3f98a49f-a4c9-47e3-836e-c836f86a3de1,Autoipnotica,1.0,15,310253,31.0,
a4deac2f-ebd8-4795-afe3-a06d327b5cbb,Non Mettere Le Mani In Tasca,1.0,3,273000,35.0,
4cbe74f2-1a2c-4e0f-9ddc-b2e9574a25bd,Non Siete Stato Voi,1.0,14,283013,44.0,
5abc950d-8c94-443e-bb35-2a8e1ea01fca,La Rivoluzione Del Sessintutto,1.0,1,300706,35.0,
a54375e6-c59d-4387-924c-12694f53988c,Il Dito Medio Di Galileo,1.0,4,362106,37.0,
dd4fffc1-510d-4d47-9038-3de50ae41bd8,Pimpami La Storia,1.0,4,254106,34.0,
3e700e43-bdab-4fa9-8301-9bb38000910a,Torna catalessi,1.0,3,237826,41.0,
03587aed-347b-43ab-8aae-5d96f1f5fdc2,Comunque dada,1.0,6,187226,43.0,
4ebd4aae-5a94-41e3-b8af-1eeb69bcc3b4,Io Diventerò Qualcuno,1.0,12,218000,42.0,
3ea373dd-0512-40de-b08a-17fc66e17531,Goodbye Malinconia,1.0,7,289440,45.0,
edf23b87-a215-49a7-9348-9060858a20e7,Nessuna razza,1.0,2,249693,44.0,
6a93366e-70d4-4d53-b751-eb7e514ef28c,Gli insetti del podere,1.0,4,238733,40.0,
f3cce99b-560f-4bbc-925f-ef058394fc15,Giotto beat,1.0,7,212986,36.0,
5e5ce9b2-e6cc-466a-84e4-b45d066c86cc,Ilaria Condizionata,1.0,5,224053,41.0,
2e83a082-6f45-4962-ae56-e2993ea811b6,Non me lo posso permettere,1.0,4,226373,48.0,
99a63166-9895-4a30-b52b-3c4ccd21d60d,Chi Se Ne Frega Della Musica,1.0,3,294106,38.0,
8f89cb4b-1efd-4cb5-8306-8c0702f18055,Minimoog,1.0,13,105066,29.0,
308e6317-c9e5-4480-8ba3-1efb76c20108,Teste di modì,1.0,11,226066,43.0,
cadeedf5-ae9c-43af-9f32-528109c17996,Troppo politico,1.0,15,215813,39.0,
95979dce-53cf-49cb-bb0f-08411e4ebc39,Fai da tela,1.0,17,239386,35.0,
70b58e19-bced-41bc-9a8e-88b589882df7,Limiti,1.0,5,277666,37.0,
932594f6-c1bf-44ae-a347-c8239c76715c,Compro horror,1.0,13,242053,38.0,
880d5bb2-8562-4585-bd71-d84c10b709b3,Inno verdano,1.0,10,229786,35.0,
b369a14f-45be-4611-b97d-3b3f13214b33,La Marchetta Di Popolino,1.0,8,270906,33.0,
f377c90f-05bf-4778-b2fd-15bdcbb89dd2,Kitaro,1.0,14,185026,34.0,
32bc602d-55df-4a47-9d86-15433282fef3,La Ghigliottina,1.0,15,306626,34.0,
34e05bf2-b2be-4169-98bd-9ba88342a1f5,Annunciatemi al pubblico,1.0,2,247849,42.0,
2205b8e4-1318-4326-8c49-98c6d17f65c5,Cose Che Non Capisco,1.0,6,191480,34.0,
c6ee4c4d-5c1b-4855-b4c8-4b5d29631b21,La legge dell’ortica,1.0,3,230093,45.0,
17625aa4-393f-400b-ab92-897379cd6b33,Prosopagno Sia! (Prisoner 709),1.0,16,261493,29.0,
6b90dfdc-a7fd-4db5-9304-b00cf4453236,Ninna nanna di mazzarò,1.0,6,281054,35.0,
30338660-2123-46f9-ab4a-bf1719c30480,Habemus Capa,1.0,9,262853,54.0,
3eae3492-175e-4269-9262-b64c3ff2e3ad,Canzone all’entrata,1.0,1,122293,33.0,
49cd42a1-cfff-4313-9404-7a9ba371e23d,La fitta sassaiola dell’ingiuria,1.0,9,248506,34.0,ccb3fc94-dbd1-4093-acbd-8075faa6a3ed
c92ab84d-5a6e-4aed-bb73-9cb94f9bca83,Ti Sorrido Mentre Affogo,1.0,16,185000,35.0,
92e6b030-2a0c-4a66-a1cd-7e5d3340bbe3,La Grande Opera,1.0,6,291720,39.0,
26ee6ce9-5a2f-4be1-baed-c349790a1a11,Dagli all’untore,1.0,7,237666,38.0,
4f2529b2-00a9-47e9-ae4f-79abe1b41a9d,Dalla parte del toro,1.0,5,239000,44.0,
e3b3b0e2-4b63-42e1-a9f9-b528d362c6b2,Figli d’arte,1.0,5,218066,43.0,
8c12afb8-c667-49c7-a7fe-027b6bd506ec,La Fine Di Gaia,1.0,9,280853,41.0,
72ddee82-967b-4ada-84d3-eb7ea53a69eb,Il silenzio dei colpevoli,1.0,7,248106,34.0,
960d46b5-97c8-4f0a-ade1-58b8066a37f8,Follie preferenziali,1.0,12,252546,36.0,
31220cf6-77e2-4537-af7c-4254dbe4587c,Giuda me,1.0,9,208746,37.0,
3228a69a-b8ce-421e-9d6e-ce9b5528a15a,Cacca Nello Spazio,1.0,9,267880,35.0,
74a2e8df-7cc4-44e5-baee-e9a3dabae77f,Nel paese dei balordi,1.0,10,232866,37.0,
3e2845ae-0298-4c94-b166-f1abd1b45266,The auditels family,1.0,13,247280,35.0,
a2112f62-8164-4c6c-a759-8b9dce88a773,Ulisse (You Listen),1.0,2,241813,33.0,
c074e008-b79a-436b-8381-773f0378dab2,Messa In Moto,1.0,13,288946,31.0,
ddb06b95-d21a-4f8f-bac3-7338f8bd40cb,Canzone a metà,1.0,10,203226,34.0,
7a10c126-d665-4df6-84f3-1680f2ed9c89,Stango e sbronzo,1.0,4,227013,37.0,
5e9cb1d3-0114-4b6e-b55d-0f47e9b0b46a,È tardi,1.0,18,274040,36.0,
3743c2d7-f836-4d0d-84c8-ab150c85f89e,House Credibility,1.0,10,242693,32.0,
a085979d-9540-4a89-b90b-3a2047c40799,Sfogati,1.0,16,215653,34.0,
4e895801-3843-4df7-84e4-4bec6dacd7e3,Tutto ciò che c’è,1.0,3,173333,31.0,
94e4473e-2eb7-492b-9bce-b319a981ff9b,L’età dei figuranti,1.0,11,232226,36.0,
cb633d23-cf00-4d4c-9362-c561c7bc2030,Canzone all’uscita,1.0,19,114506,30.0,
ff018edf-a286-4c90-babd-8a213213aaff,Il Circo Delle Pantegane,1.0,10,228666,31.0,
6b25c29e-a26c-4ea8-b015-d28b8f206f12,"L’Ottavo, Capitolo",1.0,5,214443,29.0,8e93cd32-838c-42e4-9041-0b01c3b98f75
47fc0aa9-668f-4ced-a053-57fabb358f53,La gente originale,1.0,5,231573,32.0,
bbe68a3e-43b7-427f-bb2f-0ad39df52bd9,Sono troppo stitico,1.0,18,238666,32.0,
26c09486-8902-40ff-8598-fea98dc2431a,Dualismi,1.0,13,231346,36.0,
aa351286-773a-4510-8558-da44807370e5,Bonobo Power,1.0,14,199813,33.0,
d5dc025d-732f-479c-970e-e2c04f4c8d62,Mea culpa,1.0,2,244493,27.0,
8b077f7e-a065-474e-bacc-0857655cd189,Mammamiamamma,1.0,4,227400,28.0,
076a43d1-cdb1-4986-95eb-871d56f9bfed,Mi è impossibile,1.0,11,238040,29.0,
bf02a44b-26ff-4797-8d29-9068c9811ea6,Un Vero Uomo Dovrebbe Lavare I Piatti,1.0,11,237133,34.0,
fd61ad61-a300-4887-812c-ac2c32bde19d,Cammina solo,1.0,13,266040,25.0,
b7cca444-21d0-46d7-8965-04c628560ebe,Titoli,1.0,15,235746,30.0,
d3d2469b-bb02-4d04-8ceb-f6da68289930,Dindalè dindalò,1.0,14,421933,24.0,
56063ed9-c831-42b0-8ba1-9ea221b7544d,Chi c*zzo me lo,1.0,10,243826,31.0,
6b1e810b-081c-4451-8294-816212c7c41b,Epocalisse,1.0,11,234880,33.0,
79be9fd5-aeff-49bb-9ff6-726e149bd644,Ti giri,1.0,14,221653,32.0,
3c59bdfe-59ba-4237-ada9-06c01880f909,Uomini di molta fede,1.0,12,259626,24.0,
a4740c81-08a2-4c4e-bf41-fa32553dfdde,Il conflitto,1.0,6,237026,26.0,
1f8ce0b3-9c2b-457d-b193-ba40e7966140,La sindrome di Lorena,1.0,2,245853,75.0,
3b3c1be8-b050-4d23-9029-1cdeefcfb312,Ti clonerò,1.0,8,258133,27.0,
2283b702-5dcc-48d4-9a78-7254d54b3edd,Tutti Dormano,1.0,2,123386,28.0,
4f8c3885-9b65-4c5a-a0ad-16844a642681,Fuck the Violenza,1.0,7,217866,26.0,
dd52949c-d3c1-4595-b3ab-ff81450082bd,Mors mea tacci tua,1.0,1,26306,1.0,
0acd64a1-153e-4053-9b5d-f03fe113be9c,Sssaasss,1.0,17,22453,1.0,
430aafc9-6ad9-4580-830a-d80eb2d1371c,Profilo psichico,1.0,8,35213,27.0,
8abb42fc-7fa0-4d3c-b2fb-561937cbe424,Intro,1.0,1,80400,22.0,
765f9d34-7d46-4194-944c-384f0d999aec,Tutto ciò che c’è (Demo),1.0,3,173333,31.0,
41f24458-4929-4580-a97c-02e2f3790b53,Alita gli ani,1.0,8,310266,55.0,
c429c7a6-b4d6-41e5-8872-016e00d2b29c,Tutta Flava E Famiglia,1.0,14,421933,24.0,
ed0e7434-5129-4f89-a211-76950f7c06f7,Nel paese dei balordi (Demo),1.0,6,190344,52.0,a8796dd7-40c1-4ae8-816d-7bdc6337345d
734ca21b-59df-480f-8eea-0ff7756520ce,Tii-Yan,1.0,12,24373,0.0,
a260f430-e54f-4da4-82f2-90dde402dd2c,La tua maledizione,1.0,1,140816,75.0,
c652f8de-49c5-4d5a-bdaa-c6f1ffe9ab0b,Mea culpa (Demo),1.0,2,244493,27.0,
49f513a7-f2ef-45f9-9f2f-6871edf23ba0,Altruicelebrazione,1.0,2,263706,51.0,
8ca04b3c-dab3-48d3-aafe-5adc967065da,La zappa sui piedi,1.0,17,128807,10.0,8bccb6d5-1233-4eef-b8b5-a51fc1135883
c98aad6a-2162-41e7-a3e2-b8adb1b2fdb4,La fitta sassaiola dell’ingiuria (Demo),2.0,1,306040,40.0,bcd3aa18-12c7-4521-a99b-f6d61d760edf
3207dd27-af07-49f0-b269-1b928a9571e1,Dannata giornata di pioggia,1.0,14,248764,12.0,ea4be608-0bb2-4bf5-b937-5dbf70c8211f
015d11cb-1c8b-45d5-ac88-45c39b095528,Prologo,1.0,8,250893,58.0,
929334fc-3a0a-47e0-b452-e702ff460f0d,Chi C*zzo Me Lo Fa Fare,1.0,1,200470,4.0,72f7105c-d627-4277-ae76-92be7da57e98
c727f5df-e752-4acc-a502-0b31612b5f87,Amen,1.0,8,250893,58.0,
27e97513-7799-42db-8189-c170091caec1,Le Prove Del Mio Caos (Scene Tagliate Dal Fonoromanzo),1.0,4,245800,29.0,
6ba2d8ee-943d-45cf-ab79-a5e8a5e0e276,Telemonnezza,1.0,8,250893,58.0,
cbbf3b2b-3fe1-4d4f-a6d2-9e9cf032112d,L’Avvoltoio,1.0,14,250706,54.0,
5dcabc0d-555d-48df-8dc8-dc8e3e2a9bb1,Fuori Dal Tunnel (Radio Edit),1.0,8,310266,55.0,
50ba221c-24b2-4927-aae3-9ab8fb165e5b,Spina nel fianco,1.0,3,189177,56.0,6bf1a12f-d1d5-496a-91c9-8d8f77cf7f32
fedd61b8-5a97-41cc-8ad7-2e7563144536,Con i calli sulle mani,1.0,2,154545,65.0,41a41af8-96b3-469d-8965-a6f5019069a2
68c5cd44-316a-4444-837b-0b3fafb210f6,Mi è impossibile (Demo),1.0,9,206693,29.0,
e44c9146-ddf9-4e5a-80ac-10d0b8f20f33,Portate altro vino,1.0,8,310266,55.0,
67f76660-d471-4ad5-befb-ea6da6298056,Vengo Dalla Luna (Clean Radio Edit),1.0,1,232813,17.0,67fce740-a3ff-4e28-8628-efdf9764a203
a3460089-12b2-4d0a-863f-e96000827598,La Gente Originale (Demo),1.0,12,194213,53.0,
9fe04f4d-a72d-42e4-9b20-4731fb38220a,Vivo in inquietudine,1.0,15,215813,39.0,
4692895e-0b8a-4d2b-af17-62951ad38f98,Avrai Ragione Tu (Ritratto) (Demo),1.0,10,599980,18.0,740e6005-e2de-4b2e-acb0-52b77e299772
8ea2805e-b5cd-437a-b87f-74b9bacde96e,Mammamiamammà (Demo),1.0,12,194213,53.0,
c0cd95e4-99fc-4de2-b26c-3fd2ff470a57,Freestyle,1.0,1,152558,60.0,
4a961090-bf95-4d5e-a5c2-64fda17d9df0,Al Pranzo Di Gala Di Babbo Natale,1.0,15,153120,5.0,3024e362-bc96-469e-9ffd-bf30cd65f4ba
80a07599-25b2-4e3d-8e8a-ec10bc24f536,Checcevò?,1.0,4,256506,59.0,9a226dc3-2bd4-4d65-b6fd-1f710e551ef0
bb3fb79e-c2c2-43b8-ab0d-911e968dec81,Ti clonerò (Demo),1.0,12,194213,53.0,
98ab0170-a2cd-4ce7-823d-38b82def17b5,Dindalè dindalò (Demo),1.0,14,421933,24.0,
91026602-df9a-4612-90a6-102d80fe113e,Ma domani uou hou,1.0,1,167485,72.0,e8ab53da-cd6f-4a5f-9e58-39ad734a584f
b07d1e0d-dea8-4e9b-9594-c851cd9eeae4,Eroe (storia di Luigi Delle Bicocche) [Radio Edit],1.0,13,247493,50.0,
ecea94e1-52bb-43e3-baa4-1a27c9a73e1d,Epilogo,1.0,8,250893,58.0,
136b45fb-477a-4c92-9a35-d9630e35817a,Fuck the violenza (Demo),1.0,11,191484,59.0,
3d9f8179-e280-438d-9201-e9dd4b49320f,Il Secondo Secondo Me Rivela Il Suo Contrario RMX,1.0,1,254680,47.0,
b7a78100-7635-4b59-bee5-b37302643b36,Intro (Con Caparezza... Nella monnezza),1.0,13,231346,36.0,
41f94354-2a52-44de-b188-b5dc5748fa39,Uomini di molta fede (Demo),1.0,12,259626,24.0,
cdb56c45-e8f2-46b7-b5fd-5ef5f81abecf,China Town (Demo),1.0,9,235186,49.0,
35568b40-6ca9-47c8-82f9-b0e60b4cd2b6,La Fitta Sassaiola Dell’Ingiuria (Radio Edit),2.0,1,306040,40.0,
5d0db56a-ca88-442b-93de-965207ed32a1,Niente Paura (Outro),1.0,10,180137,75.0,
d90ecd1c-f9c0-4405-a8a3-eebd5d10343a,Tutto Ciò Che C’è (Radio Version),1.0,3,173333,31.0,
115f45e8-186d-471a-81ab-aa2e56ddd94a,Fuori Dal Tunnel CapaRMX,1.0,8,310266,55.0,
858c42d9-34a5-4a62-8260-b105b9d3b88d,The duck with pantapony,1.0,3,312820,86.0,9d6657bc-0b2b-41b5-9b97-441ee10d49b5
afc2e243-0fed-4655-818e-57e37e0597ce,Teste Di Modì (Demo 1),1.0,1,561856,4.0,544eddde-7e48-4a86-bb92-c77b83998e6d
72dbfc9a-99bc-4bb3-973b-bd7e25aa45f4,Teste Di Modì (Demo 2),1.0,1,561856,4.0,
f19059d1-a5a7-4a84-a9b4-621214ecaeb3,Il secondo secondo me (skaramuffin version),1.0,10,264573,69.0,
820af351-36a7-46df-abb5-6e50fdfb61e5,"Sciabola al fianco, pistola alla mano",1.0,13,291218,43.0,
3b6a6092-6486-4ce1-9a61-ba7f46f69b9a,Prologo Di Un Fonoromanzo,1.0,12,194213,53.0,
f3e4dffa-1b40-411f-b326-3cbbda6976a6,Torna Catalessi (Microspasmi Rmx),1.0,1,180261,60.0,a052d8b3-9369-4b95-a41d-90ba2f0b164d
28fb3a7e-2467-42a5-840e-40d2589d05fa,Tutto Ciò Che C’è Musical Egg Era (Nocca Nite RMX),1.0,1,204421,55.0,b8a2c84f-7814-419b-95d6-9b0819fc8574
ff2fd91d-3a4c-46ce-ad70-1f0667330ac8,My Generation,1.0,2,243000,0.0,44154b1d-32d1-4dd4-a204-e649f5e0ccd6
a47598a0-21cd-4437-acc6-7446e06b5f8a,Follie Preferenziali Yemenite RMX,1.0,1,152558,60.0,
a17d952b-6bf2-4f5d-b86b-67b0899c347d,CHIARA,1.0,1,149473,51.0,e718913f-9a97-499b-b637-3c84a0c76bf6
4fbb79ba-81e5-4666-bc6f-592c86c30011,Effe,1.0,1,144512,67.0,
6acb4f8c-ea91-4b13-8505-8c9eaee3c5a8,64 BARRE DI VERITÀ (Red Bull 64 Bars),1.0,1,230965,55.0,6be0045c-b327-430f-9f18-f611f5e1bf3e
0f9537b1-bf0b-4772-a738-604a68bffce2,Escort Lover RMX*,1.0,6,179640,60.0,fa475d49-f072-473c-9585-7f2448e79de8
e1419335-245f-449c-be04-9fefdab15cd6,DOPO LE 4,1.0,11,182906,67.0,81453556-74ac-4aee-9b32-e834271aea90
35554406-cff9-415d-b363-e0f4a432ef3c,Ke  Lo Ke,1.0,8,141560,49.0,
6233fd6b-07ff-471d-b289-05668f6ac9da,MIU MIU,1.0,9,147498,65.0,
8300415a-e8d9-48e9-b173-c95c3ff232e1,BOSS,1.0,1,144930,55.0,15be50fa-3834-45fc-bf62-5254483436d3
1d458a44-709a-484b-95fc-fb8d4d3eea1c,PEZZI DA 100,1.0,1,159200,63.0,
cf46495c-9fd3-418f-8b7a-6b90fcfe4e7f,Luce A Roma,1.0,15,173293,44.0,
b8fd4ca9-1a46-44db-aa1c-f7837bcc6054,HONEY,1.0,8,164847,62.0,
407e2456-f5bf-4aae-8dd9-2e2d163fed9b,Tony Montana,1.0,4,207666,40.0,
01a675d5-5fc1-4509-b9cb-ec61e74eaaf2,CARRARA,1.0,6,189778,61.0,
806397b5-70b3-439c-ab7a-6d6dbee736d8,PILLOLE,1.0,5,147426,61.0,
89b2428d-96a9-4ce3-a5ea-d6153777a37d,Romolo e Remo,1.0,10,173493,46.0,
d3a2495a-2c5a-4c7f-87a8-d8b00adef711,Escort Lover,1.0,6,179640,60.0,
eb243222-23cb-472b-aedf-46e27de74a70,Lacrime,1.0,11,182413,44.0,
fe5a08a6-d647-4e50-a819-a7721bf0a5f0,ICON,1.0,13,128759,64.0,
db4589e7-be1a-41fb-9d6f-2e3b1ecd4fcc,Colpevole RMX,1.0,2,158015,51.0,
04b255ef-fa2a-4bad-ae10-0f8d9d709b3f,Colpevole,1.0,2,158015,51.0,
36a361a3-5f85-4db6-aeed-fe140475e269,È Trap,1.0,9,140869,65.0,
152e4f43-35f7-4901-bea9-2dfa97018c10,SESSO E SAMBA,1.0,3,167263,68.0,
5229afd3-ac8e-4ff7-861c-d90b9edfd019,DAMME ’NA MANO,1.0,1,178571,63.0,a5a283ba-7bf7-4d64-bba9-731adea7c23a
67e3f381-66b7-4951-ab86-5f2394c75466,SORRY,1.0,18,142324,54.0,
38190a5a-ff2f-48ff-b281-1a1cbc24e649,Bassotto,1.0,1,118400,41.0,550f921c-10e8-48a8-9a66-cde48406e455
db0c242a-f399-4ae4-af36-0fd6d94e9c62,VERO TONY VERO SOSA,1.0,4,164192,52.0,
b388328f-1d30-409a-a70a-b816679253fa,Mi Piace,1.0,1,158971,59.0,
d3d3ceed-d7cc-44c3-8421-a1c616780975,PARTICOLARI SPORCHI,1.0,7,167740,53.0,
c0fbbefa-f212-4b04-85b1-c24612176683,LAP DANCE,1.0,14,163841,51.0,
74474408-0538-4a73-b8d2-81467078ae36,Balaclava,1.0,3,187550,52.0,
a5daf512-5ade-4927-aae7-6a56c9583522,Skyline,1.0,13,148186,39.0,
031457e5-da15-48c4-82b6-ace4a71ef137,Diverso,1.0,16,168200,39.0,
a2f434e9-224b-4a6f-8201-0fde885505ff,Piazza,1.0,9,156200,38.0,
6ca068e2-2a5a-4b12-8ef1-2e5276b25fdf,Oh Cazzo,1.0,14,101013,41.0,
ac69dc57-26cb-4c46-a6d7-5df30218809d,BALENCIAGA,1.0,16,162252,51.0,
3e31b41e-4a0e-476e-bbc8-c4683d07d3c9,DEMON TIME,1.0,15,181840,47.0,
72ac486f-9a84-45c6-85e9-047313f487f6,GTA,1.0,10,128796,48.0,
d453dfe1-9b65-4d98-9a79-9a3e15813f61,P,1.0,15,147540,62.0,
ba158dd1-3cdf-440c-9905-f47f46389270,TAXI SULLA LUNA,1.0,20,143506,62.0,
a073b8f9-07e3-48b2-b472-85701291e99b,MAISON,1.0,13,181026,42.0,
fb9eb745-621b-4427-8532-929b6f50e755,Foto di gruppo,1.0,4,211788,55.0,90c0b932-1271-4934-abef-26ef7f9106a6
105b5cf3-2acb-42c5-ab55-e857306e2308,S.A.I.C.,1.0,1,248859,48.0,2ab1673e-9928-4b1c-8549-bd7dfb9e605e
e63d5682-351c-47c2-9c29-a5a2a4b8de16,Giorni Matti,1.0,6,222000,46.0,976d98ff-4b14-4959-be4b-d1e9ecdbe7c4
ba2090b7-22bc-4ee4-8210-36881009a2c7,WLKM2MI,1.0,2,238685,31.0,4d493756-5af2-4d1e-9427-ef6679f1731d
2440bc80-e699-4952-a26f-b84b55e61255,Poco cash,1.0,7,177120,24.0,c96cb531-68da-44c8-8b84-2c482cc8acff
4bec50d0-cd17-4ea4-8b0e-dcee7463c32e,Benvenuti a Milano,1.0,16,333226,24.0,
05b580ec-2324-406c-a57c-a7773b90c119,Pokoflow,1.0,1,206451,18.0,335519a3-ae3a-4b50-a420-71ce2b9ab37d
b83b8988-3376-4326-9621-1d8095696c65,S.I.C.,1.0,1,248859,48.0,
c481e9b7-7c11-4234-b20c-d15486ebf61d,Non muovono il collo,1.0,6,193493,38.0,
57f43e3e-6d99-4e30-b516-b6d6dd891fdf,Prendi tutto,1.0,13,231280,24.0,
949abae8-3df1-4c72-b975-8147d9ca8008,Solo un altro inverno,1.0,10,185480,25.0,
a4d30665-c80e-4895-87c0-d4b176b939b9,Metà rapper metà uomo,1.0,2,242733,32.0,
fdeb972e-d50e-49cc-bc2b-80d6fe0e7331,Guarda in cielo,1.0,2,297993,20.0,4294e51d-f4a0-420d-af9f-e42df8b508cc
e81e66c0-b238-4aac-8604-06ef08bfee18,Il tipo di persona,1.0,11,219800,40.0,
2ac10846-7bbc-4035-be96-3a44c1c6fde1,L’amore dov’è?,1.0,5,240000,26.0,
e31069ff-f4d1-430d-b181-4315be2eed45,Capirai,1.0,10,202000,36.0,65fdf501-aa03-444c-a7f0-7d104b02d262
d764aee1-eeb9-4087-83e0-8e7b7ca8a120,Spiegare un’attitudine,1.0,17,178674,25.0,450a3702-5df1-4c51-bd8c-b348d95a239f
c93389bb-4983-42e2-9470-30359f43c51a,Cosa resterà (Il tempo che è trascorso),1.0,9,283374,45.0,ba7b5046-3bd5-42d5-ab2d-97a4f97b0796
c7651cb0-eb07-44b8-93e5-df3f1dad8c7b,Ad occhi aperti,1.0,6,251186,27.0,cbef2f0c-3474-45ad-aebc-01b435f3accf
c93c4e19-dcf5-4b96-a8c9-a0ced5bc7a08,$$$,1.0,4,211788,55.0,
4189d127-fc73-48c1-95ce-052fbb9a51b0,Ho un Amico,1.0,5,237506,14.0,bed49704-698b-4e7a-b36a-672e8755eea9
f8240e14-ffa6-4193-b2d9-3a65c75b5f81,Ridefinizione,1.0,1,285586,16.0,
543fdfea-e61c-4689-b90d-fc0135d7d4ba,Fottuto O.G.,1.0,5,262973,14.0,
07409164-f632-4c17-a7fb-68c801f821b0,Poi dopo cosa?,1.0,1,202472,15.0,70f141a4-62bc-4707-8a07-681b61316ff3
e6ca0d36-de52-43fa-8401-e8eadda5c989,Fuori Dal Pattume,1.0,8,208480,31.0,
73cb4a58-536d-48dc-84a8-61473e38a4f1,Fuori Dal Coro,1.0,2,246000,33.0,
29da53c8-0411-4a85-ae18-95c47b087345,Hai sbagliato artista,1.0,9,177333,40.0,04562eba-c860-48c3-b5ff-e3af0192a362
1ad1b687-1085-43ae-b357-92a03a91b72e,Bella Bassi,1.0,3,249053,28.0,
32ec21ff-a93e-4082-9fdd-59c98290c396,Everyday,1.0,5,228186,26.0,14848f2b-52dd-4f91-8e06-476ec30a2d4e
a7c310e0-acac-43fa-aafc-36810e942198,Family & Business,1.0,14,230202,25.0,
ffd4f0ee-6ac1-415c-b255-31f687f3f26e,Piccolo Bassi,1.0,5,304173,26.0,
79e8c8db-33e2-4480-bb5b-caf31a43c287,Gesù Cristo,1.0,14,172333,13.0,
b049659f-330f-4226-8bf9-a0f740d16ac2,Ancora in giro,1.0,4,241666,18.0,
34b2609f-9522-4367-bf9d-9a034a1a8142,Niente amore,1.0,12,291880,19.0,
c73a1f95-6be0-489d-8fa8-1e8bb1bab9b3,1-2-3,1.0,4,178226,33.0,
56e8a071-cefa-42d9-a67b-c92b95cff9fd,MC generico,1.0,5,266657,30.0,
7783b722-5a53-464a-bbd9-a51494b5cf06,Nessuno può togliermi quello che ho,1.0,11,281066,15.0,
42295abe-0775-405a-88a0-d7a0444a5029,One More Chance,1.0,10,162876,20.0,
3ab094cb-0b48-46b3-bc60-83ac64da8240,Non Mi Fido Di Voi,1.0,3,245388,11.0,
80723a9b-46d5-4b7d-847d-7b45d1981bdd,Sorry,1.0,9,139040,17.0,
afdf12e5-4ade-42c4-ba6c-276d79b968c2,L.B.D.L.,1.0,5,240000,26.0,
26b5d65a-cafb-423c-932e-637088844a20,Rapper Italiano,1.0,2,205226,32.0,6b6243ad-9db8-4774-8155-95ff0b7538c5
3e661789-47e9-43ac-b8b1-b6542f688595,Dal tramonto all’alba,1.0,13,219707,26.0,
a5bd9916-8665-4ee7-8d05-597396dc4439,Lettera A Me Stesso 2013,1.0,9,181951,9.0,
7f16483a-91d3-48cb-baf6-e8a255567639,Dangerous,1.0,7,279000,21.0,
d7994d01-0097-4fef-a0e2-bd702820acfe,P.R.S. (Press Rewind Shit),1.0,2,176140,24.0,
46b284cc-2f4c-483c-aad3-dc02b03ff734,Dedicated,1.0,2,193906,19.0,01f352b0-e928-4277-bea5-c1904d8cd47a
c6c58342-adc9-45a6-a9ca-d71efb740129,Suckers,1.0,7,244749,17.0,
7a3304a0-1f00-41b8-8653-e89679eb2d7b,La terra trema,1.0,13,259600,14.0,
e74e255c-0e7e-4e6e-8019-59fb8b4e2378,Un’altra specie,1.0,18,132786,12.0,
7db48c1d-e499-4f2c-b9ec-2c7a24530a1a,Se morissi lunedi,1.0,7,255478,34.0,
4f8647c0-c51c-4cf7-a985-ded6f15479ca,2 Di Notte,1.0,3,197813,20.0,
a0058416-9dc5-4da5-86b4-37b8bc98833b,Restiamo un attimo,1.0,4,212307,8.0,
6b261ac3-57ca-4aee-8b28-6dd8d16d11ea,Il Viaggio Di Biancaneve,1.0,10,198635,13.0,fd3c7769-aeea-44d6-96c4-9745bcdc46c0
3d78fc32-f17d-4395-a107-1b05e9d8f225,Senza di te,1.0,10,231680,26.0,
f9ea73bb-1a94-4086-be42-842019020da1,Senti La Pressione,1.0,1,199999,8.0,
93213798-f606-436b-8583-6c6abb1dc6ba,Conosci il mio steelo,1.0,8,250682,19.0,
b3f914b1-28b4-4c3a-b6af-efe90c604010,Shhh!,1.0,1,133746,5.0,03a48916-4875-46c7-aed8-a373e0eb05b0
26af0044-690c-4831-8de8-cdc990112d43,1-2-3 Pt.2,1.0,4,183493,20.0,
552e1721-6b86-45ca-ad46-4cb1304517a3,Background,1.0,11,304066,43.0,
68ee140a-a8e1-4f5d-8811-67ed024ede08,Il Suono Originale,1.0,6,191942,10.0,
d3b26db6-ea32-4d70-b451-7e950287b454,Meglio Riconoscere,1.0,2,259693,17.0,
252d8252-80f9-40f3-9ffc-772bb635a0d6,Emcee,1.0,6,281913,21.0,
eeeddd9a-568f-43b4-9556-c8e429728679,Lirico terrorista,1.0,3,188779,17.0,
e4664cdb-f5c6-46b6-adc5-c96f69e48371,A male,1.0,10,287161,18.0,
df835706-cf76-4f1b-999f-12ab9459fd06,Sano what?!,1.0,12,261687,18.0,
e37c9b8d-ff7e-4762-8bf9-08478c8980af,L’Ingranaggio,1.0,8,179000,22.0,
a2e13529-d3ce-4eb1-a6dd-fe02c9e2aa08,Come sospeso nel tempo,1.0,5,209231,22.0,
2ff35b14-85f7-4781-9f5d-30d790022faf,Tempo di cazzeggio,1.0,14,249986,17.0,
b0ba89c0-e59c-445e-ab5d-540522804b84,Rock On (Bonus Track),1.0,19,303533,23.0,6bf20c78-beaf-45a3-9104-2d0a9cd59e1a
2c7439b1-0e68-4e1e-9bf7-37d1a88b83d7,Sopranos pt.III,1.0,9,283374,45.0,
4602510e-f7e5-406b-bcf9-e24badb0cdf9,Una sera a Basiano,1.0,1,74857,15.0,
95359814-2bf5-43a7-960b-d40a1b275d57,Mettiti A Sedere,1.0,11,191853,15.0,
6f03e4ba-6573-40ff-8f10-a49919abe13a,Davvero Non Posso,1.0,1,173313,9.0,
80434ad6-234b-4f12-b847-e442c6ff5925,Buoni propositi,1.0,15,197299,14.0,
e43f8431-dcfc-4463-a845-2a0e151a2012,Classe 73,1.0,6,222000,46.0,
39465a4e-59c2-475c-a39a-0632b597bc2b,Click,1.0,3,48675,16.0,
bb54d3bb-d355-4b19-b09e-3f60a804ef2c,Vinco io,1.0,1,196760,17.0,
8be5b2d9-31f7-4c1e-afe0-9de18f1572c5,Non chiamatelo un ritorno,1.0,14,244573,23.0,
3f22a4a2-5729-416a-974f-6f047eee01db,Bionic Skillz,1.0,9,239560,16.0,
98e5161a-dea1-43c1-8898-907e959450df,Rappresento per il fine settimana,1.0,8,268400,20.0,
b50c3c86-661f-497d-bcd0-b1af3e89215a,You,1.0,20,295080,10.0,
e1630370-65a9-4c85-a11b-352bb92add77,Nella Notte,1.0,9,251697,10.0,
a622156c-f9ba-41f0-bdb5-3aa163a1efe1,Sopra la cintura,1.0,8,134075,10.0,
cf3b7203-36c1-471d-a01b-c4f2767e72d3,Come Ai Vecchi Tempi,1.0,13,318466,13.0,
12b1d81a-8159-4215-9162-69fb70eab059,Classico,1.0,3,260359,11.0,1bd6cfa2-37df-45d0-a6ba-29acc399df00
c151d8cf-ea9b-484b-85ed-4e923a052bba,Cosa Succede?!,1.0,10,228106,15.0,
0a5c234b-eeba-44e5-bfcb-e742968e302e,Non è questione,1.0,3,262923,13.0,
e4586da1-ecf6-440e-92a0-5905e13d35f6,Gli estimatori (Intro),1.0,1,99333,12.0,
9b1eba4e-8aa3-45ee-9aad-ece73d541581,Prendi In Mano Quella Penna E Scrivi!,1.0,4,216061,7.0,
b4a12489-5252-47fb-978d-5633601bdd16,Bugie,1.0,3,180593,9.0,
d178bac3-149e-410c-9540-3e2ef5e74f0b,B.Y.H. (Bang Ya Head),1.0,5,215880,14.0,
b67f68b4-2317-4662-87ee-b7e4d735be6c,Parli Di,1.0,10,222529,16.0,
4bf05d0b-e15f-4cbb-872d-a7716b6e9e24,Tu Lo Sai,1.0,2,191000,15.0,
7633b661-d56e-4538-b121-7cd72f99ace3,Crazy,1.0,7,198119,9.0,
ef3c8331-1cbd-4e33-878a-5aaf26534f0d,Django Muzik,1.0,1,245394,16.0,908f047f-2a6a-4ae2-9a54-35925c5f8efe
313cc11b-160b-4a9d-92fc-b456dc0b8e28,Wake Up!,1.0,4,203046,9.0,
34fd8d1c-a99b-4b8d-91cd-1c9f0926b210,Ogni giorno,1.0,2,210666,11.0,
a57536b3-5909-4151-95fc-b14c181d945b,Ansia-ansia,1.0,6,239739,21.0,
49cf6100-fd02-4bcf-a616-a6e3c3754941,Passo e chiudo,1.0,2,217706,13.0,
016aa272-14e5-4267-860f-15696df8167d,Figli Di Puttana,1.0,11,162493,11.0,
7b3a9678-2760-4c7c-ab96-7bd1619c4b57,The Incredible Cock Dee,1.0,4,192500,9.0,
de1d0bcd-4eac-431c-9951-fee50b57657d,Goditi La Vita,1.0,5,189000,13.0,
e696c24f-fbd2-4ff7-a492-8a1ebc3334db,Non fermi questo show,1.0,19,243800,7.0,
bb5f45d8-f3ca-454a-abf0-53cec9b28a36,Hate,1.0,2,193906,19.0,
85d14518-0a2b-44a7-b061-06944ba9b2b6,Tutti a casa,1.0,17,178674,25.0,
3a220026-1233-4377-94a9-8f1f2c723fea,Get Retarded,1.0,4,225255,8.0,
e4eded53-395f-4ae1-ba1e-af06e4f28add,Smiling Faces,1.0,8,244000,12.0,
b422247d-da8e-4ffc-b617-d7deb3e9f863,Come un treno,1.0,4,225255,8.0,
0dbefb97-8323-4da3-9266-37130e05ee11,Merda Cruda Per Tutti,1.0,6,206657,6.0,
d8f3be25-049b-455b-a00c-044e892c58d8,The Crib,1.0,11,187600,11.0,
fdce8d53-199f-4822-89f2-f8874580d818,“V” come...,1.0,13,318466,13.0,
869578f7-6bd8-4546-8720-16b15d8dcca1,Puoi Sentirlo,1.0,9,230560,13.0,
1f0e7718-0e07-48e9-ba4f-4c8b6f8ff1ef,Eight Bars,1.0,14,191893,8.0,
a6b64a4b-04c6-413e-acc4-1729769fad0e,Musica Che Non Si Tocca,1.0,5,240000,26.0,
87012a31-e86c-4dc6-ab65-742856998300,Riflessioni,1.0,15,239292,8.0,
345f5e43-c6be-4796-9460-af79a27790d0,Dal minimo al massimo,1.0,9,241440,9.0,
d5abe68c-513b-48f1-8d4b-dfce28965af5,Quello che non siamo,1.0,7,226500,8.0,
1de40b4e-9932-440f-b82d-471cb68abba7,Vivo rap,1.0,12,138786,10.0,
b4020f33-7c1b-464d-afc2-bc4c9bdd4cef,Rap schietto,1.0,1,252000,14.0,
028a6802-69eb-45f8-818f-d0140499c923,Musical Mafia,1.0,3,205934,9.0,
953a9ecd-95bb-481c-8be9-359a0072e6bd,Keep Ya Head Up,1.0,14,183093,9.0,
61cdbeda-f2af-4051-935e-775a040f20c0,Sono Io,1.0,5,264000,13.0,
72a1b337-6c1c-4d15-b54a-1eb18449463e,Glory and Frustration,1.0,3,169746,13.0,
400641e5-efb6-4359-80e7-bee266fbb640,The Shit Dropper,1.0,10,258600,8.0,
35703f3f-f39e-45a0-97dc-15a228405818,Yeah,1.0,12,217000,12.0,
ec7a699f-b03a-4df5-a637-fec2397d1eff,La gente del rap,1.0,2,353117,13.0,
239ff812-edd4-4b59-b461-6f9ae33a3ba7,Questa gente,1.0,7,215806,8.0,
40c488fc-b00c-49ef-a42b-628672781499,Solo tu (e tu),1.0,10,239804,7.0,
4b052729-fe84-46f8-a158-25a8785acb41,L’hip-hop è la mia vita,1.0,10,250493,9.0,
e0a8ac7f-8fd7-4991-9fea-b9f8d4fd0b35,Ho bisogno d’amore (original version),1.0,5,320066,25.0,efed76c3-bf6e-41b1-b97b-c1514e90de9b
5f93b10b-ba48-4279-b8cc-06e29dae3105,Dammi indietro,1.0,11,165333,9.0,
eef56d06-4e6a-4ecf-a7da-394c1dc410fa,Nel Mix,1.0,6,213893,9.0,
ca52536b-13ce-477b-9a91-ec37c9fc9c18,Conosci il mio steelo (Rmx),1.0,4,260996,27.0,7df863a6-0e2f-4682-9330-5b1f32ea06d1
fc891d37-c83a-445a-a6d8-f4b859f72456,The Cognac Sipper,1.0,11,146760,12.0,
6765d1c9-1156-44a0-b921-36ccf6c959a8,Il mondo dei pazzi,1.0,8,189866,7.0,
c5ed57a4-8c56-498f-a7fb-6fb500727bf7,Problemi Pt. 2,1.0,9,228466,6.0,
9da64492-1d20-4245-8717-4b7584fd98d9,Il Segreto,1.0,7,175906,12.0,
4967440c-356a-405d-9f73-dbd566ea9d73,Non sappiamo,1.0,6,255093,10.0,
86d0af37-013a-47b7-904b-9eaa60ab7072,Runaway,1.0,5,195562,7.0,
1c6a14a1-5f87-40a7-8b0f-96add70a10dc,The Lyrics,1.0,19,193146,5.0,
cf711cf8-3011-477b-8267-561512a1c488,È così che va,1.0,7,243320,7.0,
9b0228a6-d133-48d1-beb9-f57db3ec8b63,Vi siete accorti,1.0,5,221946,26.0,
11f9a59a-d037-4670-8f95-a9d27f3c3a99,Lo Capisci O No?!,1.0,6,162200,8.0,
641b9a11-bef8-4fa7-b059-d613fd0ddf64,Non cambio mai,1.0,6,186444,11.0,
43063c8e-c893-4641-a012-15f72a6bbcd3,Sushi Bar,1.0,3,215461,6.0,
9f732fa7-5616-403a-b568-5a50b8e6ca91,Meritano Questo,1.0,5,230933,8.0,
cda07a2b-5f0a-4207-8e5a-bfd63be5df41,Troubles,1.0,17,189933,11.0,
dee2210f-1c65-44c4-a5fd-1dc3b6b62fec,Com’era,1.0,9,283374,45.0,
5d12d9b4-c73e-488b-acca-0c0976011445,What I Am,1.0,6,242586,10.0,
b60db46c-688b-48fd-ada0-71f3e94c5b26,Hip hop derelicts,1.0,7,139133,11.0,
3a0389c9-bb0e-4085-9786-f0c5e027e2d5,Giuda (The Bad Seed),1.0,13,214000,9.0,
4da60c5f-81a9-499c-9618-eae629f3b6f2,La Vita È Maledetta,1.0,12,182000,9.0,
f5fc7f31-f6df-48c5-9c44-4755b5d505e2,Mr. U R Nobody,1.0,2,157881,5.0,
74115110-dba2-4b7f-b42c-369b0e897e18,(Take it) Easy,1.0,8,222111,7.0,
99e66f1b-4644-4b78-b938-fbe1f22d59e7,Dramma,1.0,2,151413,8.0,
c61fde4e-31f5-4805-bb5f-6967899ff371,Beiootchh,1.0,9,283374,45.0,
b5983e98-37c8-47e8-b572-c23880ac2ea7,Mostra Un Po’ D’Amore,1.0,13,251506,9.0,
3e32cf11-9f20-4223-8f09-4964677f31e7,I’m Nice (On The Mic),1.0,16,266162,4.0,
19b17c88-2ea7-4142-b606-ff2961fcf7da,Per I Miei Gorilla,1.0,3,218440,10.0,
32192430-11f9-4b7f-90c6-e75f72d0a6eb,La Verità,1.0,1,218678,6.0,
0d6536c1-0063-45ab-9e92-34ce503eae6f,Pop Music,1.0,15,231920,6.0,
f7aabd6f-9b6c-4ada-bd4a-4c8e108d621b,The B / The K,1.0,20,516786,53.0,6cdbb3ec-b8ed-419d-81aa-6d4f87f33aeb
d3ccaf40-7105-4631-92c0-7e8d234058be,Rezpekt,1.0,9,283374,45.0,
d9f5f9d0-6078-43c3-8beb-df82f2b41a86,Knock ’em Out,1.0,3,225880,7.0,
6b357f22-4a6a-4b6d-a6cc-bc518f5eb656,Lo Stesso Posto,1.0,4,234000,11.0,
6743da28-5326-4b83-a0fe-6deaada5bf8c,Bassi Maestro,1.0,4,211788,55.0,
a5b53497-8ce4-478c-a8a5-c73aa2c1b9d2,La Bomba,1.0,4,193120,7.0,
64c1d5e4-62d9-4a3c-8dd2-dd67329ea51d,R.I.P. (Resto in posa),1.0,12,255210,11.0,
ad99f132-55f9-4e66-92f6-4e41f3b99b18,Fonzie,1.0,6,250186,13.0,
e0faa6e4-9cda-472a-ac02-ea997fd49e39,La Sigla (Sano Business),1.0,1,208000,10.0,
0af64ad0-cad2-4a77-b7d5-d4ba0c396674,Troppe cazzate,1.0,8,225200,22.0,
5e5d908a-2fc6-45e1-8f39-078f028a5eed,Lo sanno,1.0,17,263440,5.0,
b1bf2bd0-71d1-4c47-b3cd-546c3be070f0,Fai memoria,1.0,2,149472,37.0,d595b15e-8303-4f96-849a-65834ebdfe3a
566ca8c1-f39e-434c-852e-3fc505968302,Musica Da Camera,1.0,4,47733,11.0,
7a83dd8f-261d-4161-a056-bc7dbe9fe2b8,Pluristellato,1.0,4,229197,8.0,
7320c974-8fbb-4d5f-a134-464cdf8db486,Nasty Bars,1.0,5,207162,7.0,
df2b5fa9-4917-43a3-999e-db5e3a179bd8,Sa No Biz,1.0,8,209760,9.0,
06ba3291-1807-4518-baef-d4b32b3175ae,Intro,1.0,1,80541,16.0,1c7915c0-c652-4e6a-8c7d-15c68d999a41
4564b2f9-71b8-4df9-b4da-f6243fd00f3d,Bye Bye,1.0,12,263106,47.0,
803823a3-e030-442e-9e02-580b3dd9b43d,Dicembre 1999,1.0,19,188813,10.0,
c3b7b5c8-6da7-405b-be36-7a78f9be010d,Ahah-Aahhhh!!!,1.0,1,193425,6.0,
6d64c5e9-1dfc-4534-aea0-81fc7e7cae88,2h10' (Da Dentro),1.0,16,235733,6.0,
86809baf-0f75-4c4e-ae05-ba45ec491b32,It’s Like That Y’All,1.0,7,44640,9.0,
10e995a5-b38c-4429-a241-4e9515fd00b6,Wack Rappaz (Pupazzi...),1.0,14,233426,5.0,
9538bb6d-ce81-45be-940e-bd5b348bf4b4,Sagittario 2,1.0,15,53000,7.0,
fa5de5ea-586e-43ae-b888-699b234a73a9,Potete entrare,1.0,1,76973,5.0,
4da69a16-9a90-4125-a203-5883395c9fdf,Casino Royale,1.0,5,181672,6.0,
37445ef7-6d5a-4117-915c-ced1df52078c,"4, 3, 2, 1",1.0,13,251506,9.0,
d8c63372-6a41-4776-9728-295cae4890ae,Gli estimatori (Outro),1.0,13,99453,6.0,
d3c334ae-3032-44b8-a315-1a18dd534c3d,The show Off (Bonus Track),1.0,16,210680,6.0,
c4421718-47f5-4579-b6cf-3895b2cf021c,Per Me,1.0,1,208733,11.0,
b2a879d0-6854-4749-81b5-674a176ab7c3,Status,1.0,9,122093,9.0,
86127259-f183-4ad5-b015-7a243b32af88,La Spremuta Col Caffé,1.0,10,56920,14.0,
918b6915-8a05-4eb0-9371-afbcca7eb911,Rap Phenomenon,1.0,7,215053,6.0,
454ce5f3-92ad-4237-a2ca-2539ce22d48d,Bassi è il nome,1.0,14,242177,12.0,52ae6d74-72db-4ddf-94a5-c40e4460e1b9
34ef02d9-f794-41b0-946b-481eb0d56071,Jeep Music,1.0,7,211973,10.0,
9ffb9ee0-a422-42cd-b3cb-4d780e8aa7aa,Ragazzi Seri,1.0,2,229728,6.0,
cc02914b-a1b8-4b3f-97d2-5a5f792e6089,Bus diggy,1.0,11,143200,6.0,
7367633f-6599-48dd-bb9a-1d23a1a1ac89,Ah-ah-aahh!!,1.0,1,193425,6.0,
79782583-9572-4aa4-85fb-ee99ef94b1a2,Parla tu!,1.0,12,289186,6.0,
6766ec94-485f-47c0-afc6-547ac76fd27e,Gyal Dem A Go Mad,1.0,6,172546,19.0,4fda08a1-37c3-4aa8-8390-c8e962e9d64b
70da72e6-2c50-4864-94a0-846d3e7f8965,Are You Ready?,1.0,2,238685,31.0,
a5bb7264-3c1d-4b90-982d-9d964caa8fe1,Cockdiesel,1.0,4,203491,5.0,
c390b6ad-7a25-4e0b-bb41-55689bb990a2,Vivi e lascia morire,1.0,14,339786,1.0,dc48f021-ecea-404a-93cc-121e0b98c835
5f45cfbb-3a4f-417f-b467-7b66c20db493,Ricordami,1.0,15,93213,13.0,
121485ca-e941-4b53-ac90-4ee6c1385c95,Non Importa,1.0,14,215626,7.0,
edfb9232-bd45-4d84-9259-947e25ebac69,Gli Ultimi Testimoni,1.0,4,236000,65.0,
ca10dbde-7e36-4095-b90f-e5e001721576,La Mia Posse è Troppo Larga,1.0,14,77829,8.0,49b753c6-b52d-4dfd-9478-db4683b48ac3
74b1a283-c885-4f00-850d-7d2dfa09d390,Cosa Ti Aspettavi?,1.0,6,214759,4.0,
8894191b-e106-4688-a868-0d61dd8d1256,La confessione,1.0,15,83533,2.0,
45da02b6-73fa-41f3-aee4-bd6b55c435a8,Pass The Mic,1.0,12,158360,5.0,
814801e0-313c-42b7-824b-de45ce87b1be,Musica Gratis,1.0,9,283374,45.0,
d16fda9a-35a3-409d-99bb-76649184fdbd,Tu Smetti,1.0,4,225255,8.0,
4014165e-49f9-4e73-8345-f729c105edf3,Keep Comin’ Back,1.0,2,182409,5.0,
4747a448-7e3b-4d3a-a1a2-1b15d006939f,FibraSupa&Cock (Exclusive),1.0,1,252000,14.0,
fe7bc867-86f3-40b9-a900-78015042addc,Per La Vita,1.0,3,275454,6.0,
3ffb5f00-4b0a-454b-957c-9db5b871e827,20 anni (tutto cambia tranne Bax),1.0,4,248992,4.0,3c45184f-373f-41bb-b27c-a6fb05479b63
60e7f87b-f7f6-4ba1-b484-b5fa37154ffe,The Fish,1.0,9,213000,7.0,
ba8a010f-ab51-48bf-b66f-80d126c32b04,Pompa la folla,1.0,13,251506,9.0,
17eb22d7-53a9-4bd5-b123-7d93a8ccd26c,Tu Non Puoi,1.0,3,196597,3.0,
a4b3ff2e-eee7-4bc2-9c92-6b1bde4b8959,Vecchio,1.0,6,227973,5.0,
bb0bf47f-5a58-484f-8406-8801a07a22fe,Cultura grigia ’93,1.0,17,204944,19.0,c4f1cec6-df7a-40ec-a33b-d12f691cb1ea
8770e551-e208-427d-92be-6b15d7d6350c,Outside,1.0,6,178282,3.0,
89f458ea-0cdf-4283-870f-b22df45c111c,Così Vero,1.0,7,196363,8.0,
bc1972ad-8407-4e85-89d8-d4cab5c21c8b,Lontano Da Qui,1.0,1,209124,5.0,b54ab763-7ea4-49fe-a70d-ff0d19db5a41
452ec04b-af4b-4ad5-bdc4-7cff4b19013b,100%,1.0,13,251506,9.0,
1790df20-474d-4637-94ca-c7da7f9ef72a,The Hard Way,1.0,5,211039,3.0,
352b5656-a7e4-4905-821a-8b9b7b15ecb4,Vivo e Vero,1.0,1,163308,6.0,
cae710fa-020b-43de-a6ba-2bd2165d4f08,Stanno tutti bene prelude #1,1.0,1,52638,3.0,
a5ce346e-eedb-4d94-8b45-3740ee32b21d,Tempo Di Svacco,1.0,12,194560,22.0,e1b5d96d-cf20-4787-9e80-dc109ecd1e60
0e78f316-448e-4cae-9031-7216f5221bb6,The Real Moneymaker,1.0,3,218000,4.0,
246cb5c8-d66d-45e3-ab25-57e8b8c94bc8,"Faglielo sapere, Busdeez!",1.0,16,189493,6.0,
378257dd-ee75-4b0f-a22e-2f0a279bdf94,Time’s Up,1.0,9,303206,20.0,059b84f9-cdf0-44e1-b9da-ddb6e0ed529e
a92c391d-15c5-4071-81c1-80d6387fd684,South-O-Biz,1.0,17,204944,19.0,
4d4b6932-0a78-466f-9e13-60e6b8a728ca,Why?,1.0,8,46866,4.0,
867cc17c-4128-4aca-a8a6-7ea5362236bc,Come schiavi,1.0,12,207584,4.0,
955fca96-e1f5-4cab-a65d-ec16bc34a8db,Intro (Background),1.0,1,67893,7.0,
014ec6c3-c512-4f0b-863c-a5a74bd88540,Siamo un mito,1.0,1,208000,10.0,
91b10f5d-3f72-4fd1-9866-b73c60010b02,Nel frattempo,1.0,10,126236,4.0,
a7d4afe6-5a52-425c-a921-ff11785e537d,"Yo, Hey",1.0,18,147333,4.0,
5a5b092c-9926-4051-9d3f-db6c16e15ef7,Pumpin’ the blood,1.0,5,223451,5.0,
ddd430b0-05c1-4d52-9735-ccbf48e20b21,Cock ‘n’ Smizzle Pt. 1,1.0,1,252000,14.0,
dd2e6a46-b80d-432e-8d56-89dbad73aabc,"Vengo, Vedo, Vinco",1.0,1,209124,5.0,
95049671-0499-4890-95d3-c6c6028c840e,I Am Back,1.0,2,176027,3.0,
6d20b42b-da81-4c3d-9b4a-0bc2be532d2f,Reggie Hammond,1.0,13,204619,3.0,
5f79b277-7256-4ec3-bf1f-c731dac2a729,L’Incidente,1.0,9,37826,3.0,
24d0b17e-8fde-440f-9654-1d08645ce88e,Stanno Tutti Bene Prelude #2,1.0,11,47776,2.0,
0806d9b4-0bba-4989-a94a-5a256220c8eb,Radio Sucker,1.0,13,66133,4.0,
c29fe04b-2597-4f89-9314-853aadcdc0b3,In Confronto,1.0,13,235800,4.0,
320dac13-f561-4c0e-a478-d5fec0b1b759,Il mio modo,1.0,8,153430,3.0,
b881b8cc-9509-4b31-bc06-a48175c8e99d,2xcheck,1.0,4,34226,5.0,
5e0b0b71-622b-4232-ab73-90b545e35d1b,Vorresti Averci,1.0,4,225255,8.0,
a2588358-0369-4180-8acc-fea4e98a79e7,Fuori Dal Coro (Short version),1.0,15,161538,36.0,84e36208-e7d2-4451-a930-a955202a2335
ba191cbc-77f3-46a4-a8ae-654682d4fe4c,Non lo so,1.0,4,201408,3.0,
c5c57bef-ec2b-4585-b58b-71c5769c5d61,Tutti Stanno Bene Prelude #3,1.0,18,65411,2.0,
6ebe7ec5-fa98-4f74-aee4-6d2eea64b3b5,To The Top,1.0,9,224840,19.0,93fde1c3-ca38-49e1-9ef4-a0a269591925
87da5de4-0b1f-4f94-8ac4-12c78b1bf00c,Slang,1.0,5,100613,4.0,
a8579f29-f6a9-4e56-b0db-84be362c6db7,Constatazione Servile,1.0,11,100333,3.0,
859d2d01-5235-40dd-b353-8826d617034d,Braggin ‘n’ boastin’,1.0,10,52240,3.0,
7cf79e1c-f9b9-4bec-b878-579151f822e2,Piove merda,1.0,9,283374,45.0,
7e183dbd-cde6-4209-949d-b6e380192b5c,Hip Hop Market,1.0,16,67000,3.0,
98f6d249-a06d-46f6-ae4d-fc4b66837598,Dovete Andarvene,1.0,20,17026,0.0,
12ed969a-9f34-4962-91e8-b0e22503c6f4,Soulista,1.0,9,283374,45.0,
c337eb87-914a-4ef9-869d-4fad9ccbb197,Call It That,1.0,18,32693,3.0,
dafc1caa-5d8e-4437-9939-1ed7a7e3b050,Grosso!,1.0,6,255093,10.0,
c82b9b20-b6e2-44cb-8c19-f58fa0179425,Intro (Monkee Bizniz Vol. 3),1.0,2,238685,31.0,
ce1d4c93-d942-499d-8468-f3ac00d0e595,Munito di microfono (il Maestro è ritornato),1.0,9,283374,45.0,
c8e919a1-9d3b-4861-be9a-68e682578990,Divertissement,1.0,9,283374,45.0,
93bb6170-b1ce-48fa-a058-4510c0e4547b,Cock ‘n’ Smizzle Pt.4,1.0,9,252946,47.0,245029ab-1fe4-4c4b-995d-cf1b6304d21b
1854bfb1-0d1d-4eb9-8f00-9996708a61da,Sono e vado,1.0,6,255093,10.0,
6e00107d-a9d7-4f2f-81ec-958f1ada4ebe,Ad Ogni Costo (Rap-Or-Die),1.0,16,270048,7.0,
15ff7f5b-6e5e-4472-95f2-43d484c90afb,L’attesa (Balla coi loop),1.0,4,142000,58.0,f37a1d68-523b-4567-a0c4-e94d23684b31
49f78408-d3fc-4394-952d-de17643598a3,Cock ‘n’ Smizzle Pt.3,1.0,2,238685,31.0,
85267730-ca42-4e10-ae24-c58ddd152b1c,Cock ‘n’ Smizzle Pt.2,1.0,1,252000,14.0,
a22188d5-7311-4609-bbc4-821384c0edee,(Damaneasera) La lingualleno,1.0,13,251506,9.0,
47193ea1-d943-48e0-98ae-f6d1f025dc23,Outro,1.0,8,51320,3.0,
91c9d6fd-bffe-4498-882b-6d0c0705658c,Lasciali girare/Scratchmatazz,1.0,9,177333,40.0,
b2e1bafa-0980-436d-bf0d-4fa26ddc37e1,Intro (Monkee Bizniz Vol. 2),1.0,9,177333,40.0,
d414e4e3-ca6b-4d4c-a85a-8b42c7568c88,Ninna Nanna,1.0,1,237493,57.0,9ad8c66d-bd2a-4320-8858-018bc57855a6
e10c9646-5975-474a-89ec-f849b27f29ca,Wily Wily,1.0,12,236481,51.0,07520643-9e12-43eb-a036-0a3224807b2c
ca8873f7-3cf5-4cb6-a917-e98aa47d03de,Dende,1.0,11,209571,61.0,
0a24b322-6eab-4364-8f38-92f27aed6c7e,Habibi,1.0,3,184413,58.0,
cf72f2f0-e087-4ba2-9841-0c809510466f,Happy Days,1.0,5,198120,55.0,
67f5c570-232e-45ac-be09-1c46ef992a2a,Cara Italia,1.0,1,244324,58.0,0d4b1d6c-1db5-4383-aa46-c6052a09c26c
a6fad3ea-a161-4053-8df9-7800ae322cc2,Pizza Kebab,1.0,8,178040,47.0,
ca9f2567-3d0a-4343-abe5-04404fcd2b1a,Marijuana,1.0,9,222233,53.0,
4db0d51c-2ed9-40cc-8b0f-685cb592593d,Sempre Me,1.0,8,194522,50.0,
0acafa6d-f6a8-498a-8cf6-aee8365c839b,Cazzo Mene,1.0,4,222009,51.0,
e205ecdd-c378-4328-82cc-ec7ba4bce0dc,Ricchi Dentro,1.0,2,171026,53.0,
bb03d0f9-aedf-416e-98c4-1c9aefb327a1,Lacrime,1.0,4,227373,44.0,
f51f6769-48be-4039-95f0-52e0419f08ed,Boogieman,2.0,2,159910,55.0,
889a25d2-d984-4d63-900f-7dcd3596664c,Liberté,1.0,9,167293,45.0,
cbb8b2be-dc9b-483e-8375-c0f63af5a9ec,Non Lo So,1.0,7,231832,42.0,
42764f45-0db3-457e-8687-59d003694cfd,Marymango,2.0,8,204984,54.0,
ae11059b-ba02-44dc-bc4b-cc0017d522ac,Come Milano,1.0,2,199914,43.0,
0f141b2c-3c48-428d-a1c2-1f2bdf2323e5,Vida,1.0,11,211213,43.0,
88b4ce20-dbad-40d6-82c6-afe018a2f059,Boulevard,1.0,10,207520,43.0,
87d222a9-36ad-4e74-a3e2-b326c4b78422,Jennifer,2.0,5,161847,51.0,
3c7d345e-aa83-420c-b296-33bf02e81b3b,Flashback,2.0,9,217000,44.0,
adc2bb75-7161-426f-99f6-5edc324b2c9f,Vai Tra,1.0,10,196149,35.0,
e649ff46-7a8a-4710-b07b-03a07ccb4bf1,Good Times,2.0,4,163073,63.0,
58b70dcd-8eb9-4da1-8e7a-46bdf1305b83,Cacao,1.0,3,113830,47.0,
5ebc53e7-ffe9-4302-ab3f-c05bf1f482ed,Oggi No,1.0,12,144960,40.0,
558ca69f-0101-4fd9-94e4-81dcee3baeaa,22:22,2.0,6,180000,62.0,
1ab76d35-6422-4330-968d-7a40da2f7151,DNA,2.0,4,163073,63.0,
3af76903-bb44-440a-bb94-4dbddc332040,Milano,1.0,6,210053,39.0,
2274df4d-0d9f-4785-ab2f-b3d0503ac539,Zingarello,1.0,1,187883,43.0,dafd748a-1b4f-46f3-af2b-fa4aad0f28c4
2005dbff-c364-4fc7-9276-13432e80d12f,WALLAH,1.0,1,133776,46.0,1e9b77f7-2d0f-49c3-927f-13e3d7232c36
ac7b4cb3-77f0-482d-bb17-7d4f8fc8c454,Ora d’aria,1.0,7,193560,38.0,
8d873886-9474-4464-9887-9d6ea46714c8,MILF,1.0,4,136054,38.0,
489e8637-6c76-43ec-9a49-9f1460061e12,Barcellona,2.0,12,176166,61.0,
07bcc0dc-7ec5-4802-88aa-d7791123cd38,Optional,1.0,3,150883,35.0,
5b109f6d-eecd-4786-b1bb-680057ebd7e0,Fast Food,2.0,7,159500,38.0,
49da1c50-bf11-4006-ab09-26697721f9d0,Mamma,1.0,5,179815,33.0,
dcaeb147-40da-4c14-8a5d-02693d0b4d11,BAYNA,1.0,1,125333,48.0,f878524f-b8d7-420b-80fb-e6ba2e8a19bd
d2cac86e-0d79-4d6c-8ead-dcc695f529e3,Niente Panico,1.0,1,181373,64.0,7caf52ec-3fe7-45f5-86e5-a70501438c94
7897a4b9-62af-4776-9b98-807e85cc566b,Cuore a Destra,2.0,13,181530,37.0,
5c82a847-a35a-44ea-bf27-c0a9ad00e9e4,Turbococco,1.0,1,156734,45.0,97e52eec-29a8-48d6-91e8-97c77e9822d7
58fa1c8f-938e-4708-adfd-94ef0379740a,Fallito,2.0,15,191874,37.0,
0d518396-43e2-423e-9b4f-a0fb0fa082d4,FREE SOLO,1.0,4,153693,43.0,
3056f755-220b-4900-adb4-e6e3058aeefe,Casa Mia,1.0,1,210541,62.0,cba41f24-6c8d-4fd4-a787-fe9a0dc31f37
2173b3fc-c38a-45b5-a104-13c1a325c462,Voci,1.0,6,103448,33.0,
9f3981ae-b756-407f-95a8-814fd81697e2,Paprika,1.0,1,148571,66.0,2921a3a2-dbbb-4c24-8fed-7d05d71ca99b
0fa6186e-f806-489f-9d0d-a8a158bd3e11,Chiagne Ancora,1.0,1,218186,46.0,c9d35e81-cc09-40e0-9a8f-f09b33929979
6c8c100c-4d02-438d-92ed-f61f7453fdc1,Giù x Terra,2.0,1,133636,33.0,
b5333c28-68e1-4df4-b662-313a2c42c3e0,Hasta la vista,1.0,1,145321,40.0,5496b4d7-7952-41a9-bd09-37937dba75cf
4ac0a7ec-1542-402e-babf-4af1b0be1831,Scooby,2.0,14,130235,36.0,
0ee1202f-a69e-4e70-b87b-e6cf00bea04a,I Love You,1.0,1,177836,40.0,70095e2b-f6b3-4859-a157-76c193042e7b
ef8366b1-38cc-407f-babd-58c41cd17c70,Extasy,2.0,11,161557,36.0,
ff24abaa-a39b-4026-92fb-ebcde75ea5ec,PARE,1.0,7,165960,52.0,
5d333060-b214-44ce-8c14-3636ca988e84,Machiavelli,1.0,3,135652,54.0,8d5a5fb7-3201-43ea-9bee-0ee7fd3cbd8f
9674f721-6ca9-4b81-a953-299d49954b9d,Paura E Delirio A Milano,1.0,2,184724,52.0,
263310b1-f0d9-47eb-a6c8-e50a2403f718,Combo,2.0,10,176011,36.0,
656856b7-3f15-4a65-9812-7ac2279a0766,1993,1.0,1,140518,38.0,
be3975d8-3bfc-4a01-a892-0fc46ee125e4,DRARI,1.0,11,150026,46.0,
6c45391f-58de-45f4-aac4-c5b83c252118,Lunga Vita a Sto,1.0,11,209571,61.0,
17d31dbc-8b82-4da1-8b1f-72f0c068fe17,Tanti Soldi,1.0,6,213749,40.0,
035f9d05-b09a-469e-976b-5a75b90746cd,WALO,1.0,5,171906,32.0,
bb773200-b84d-4db4-909a-8807933b216f,Sto,1.0,1,97864,45.0,
b74f466f-f366-40cf-bed4-23aa131290e7,Sotto Controllo,1.0,4,122110,42.0,
0d399344-8f77-491c-b7e6-1325e8573df3,Lascia Stare,1.0,1,180000,72.0,572504ca-1d6c-483b-a676-8e5e904b56fc
e045f616-c316-485c-a751-634a8ca5edf3,Mille Pare (Bad Times),1.0,2,141000,38.0,
827597e3-51fc-4d27-9738-164fa530fbb4,Kalashnicov,1.0,1,148571,66.0,
b91fa6d6-0840-4e8d-aa4f-fafeb9adcf3a,Safi Safi,1.0,9,165750,40.0,
eeb22e51-6724-4460-81c9-623d78d1e86d,Zuppa Di Succo Di Mucca,1.0,7,138805,40.0,
a1651ab9-e1ca-49a7-a0db-1211e299e521,FORTUNA,1.0,3,165866,47.0,
e18076d8-8e97-435d-83b0-4318397c5d1d,BRAVO,1.0,2,154826,36.0,
e16a4ca6-3a47-416d-93c9-4d9ca5bff7f2,MOON RAGE,1.0,6,198533,34.0,
74808187-035c-4be9-b8d5-377811efd21e,Album,1.0,1,237493,57.0,
343b77d9-fffd-40e6-bac5-a811d44d4618,Bugiardi (#FuckYouGhali 1),1.0,1,140518,38.0,
722cea15-7b9c-4156-8e7c-c1030f4b850f,Coco,1.0,5,162187,37.0,
2f56b9fb-868d-4e59-aefc-d397f8d4d2aa,SENSAZIONE ULTRA,1.0,7,165960,52.0,
f0a7cc33-82f8-4ba5-9db0-420e42123f20,Celine,1.0,11,183021,44.0,
a62b0200-486d-4b7b-ac00-f47be266fc86,Chill,1.0,1,135692,69.0,31e885c0-a005-4202-bf19-aa91f72c867d
679997b7-b8df-40da-963a-bc2de512f2a4,Buonasera,1.0,13,172888,39.0,
8317a42a-8d7a-4de8-a4bd-f11024dcae05,PETER PARKER,1.0,9,151546,40.0,
83075ac3-9709-4d7e-851b-0687a426efbb,Dimmi La Verità,1.0,8,139130,37.0,
ade19993-5cf4-4589-87e0-57e954e6073a,Pizza Kebab - Episodio 1,1.0,11,212093,39.0,4baebcff-cb83-42c5-82ba-352a70f2d63c
73916747-b1b6-4c29-ae0a-551026e51496,91  (#FuckYouGhali 3),1.0,5,262026,16.0,c21e7eff-0f1c-4c74-aec7-e5b28e68ad48
18d820d8-1810-43bd-b251-272137b0b910,Peccati,1.0,14,136363,35.0,
b0700c1d-7f1d-40e3-86f1-e88e40a55ec4,Pizza Kebab - Episodio 2,1.0,11,212093,39.0,
881328d6-a957-4ab0-b9c1-a91b6797babc,CRAZY,1.0,8,176133,34.0,
d7a70239-9db6-4a02-b1fc-11b34ceae5e7,Salvini (#FuckYouGhali 2),1.0,11,209571,61.0,
bf5269b2-6ccf-45c0-816f-bac27f805001,Senza Pietà,1.0,12,133161,35.0,
afee7774-33d4-4993-8571-446816782c99,We Lo Zio,1.0,4,222009,51.0,
8e59d11a-8157-4f57-929b-b0df194761a1,#Fuckyoughali 4,1.0,1,222089,29.0,60a1c42f-2b14-4096-8fdd-d01ecaf6d386
b1278435-e789-4739-b556-f898bdc81611,Maneskin*,1.0,1,148571,66.0,
d729d6a7-89b0-4b4e-a75e-fabc2c079426,Il Bello Di Noi,1.0,3,212853,72.0,
83d596ee-de0f-4541-afee-97b48e067b84,Tupac & Biggie,1.0,3,689466,30.0,735fa4e4-befa-4cf7-8f37-503afd00b56a
98097c75-c013-4a96-901f-7f89f562d40c,Vámonos*,2.0,12,176166,61.0,
2c95e232-f755-45ca-8ad8-3b1f4e184b60,Radio 105 Freestyle,1.0,14,197853,24.0,
f206aaa5-caca-4d01-9834-1a0ef094ad10,#SFTB (Started From The Bottom),1.0,1,131240,88.0,c8b08e36-f1db-47ea-b07d-522a0054d191
a67020b3-64e2-43b1-8a75-ee21a9752e34,Radio 105 Freestyle 2020,1.0,14,197853,24.0,
a524614b-14c3-4088-bbbf-224451c7a81b,Cacao (spoiler),1.0,1,181328,14.0,37b3ca78-2524-478c-a4a0-b451c3316595
250781d1-60f4-4d11-bdc8-669354ea1e13,TDE Vi Levare,1.0,11,213647,11.0,6162abe8-3de2-4540-92a9-004b8316df47
2b601453-615d-49e6-b1a6-3f5927759f70,Leader,1.0,1,148571,66.0,
d4f28f8b-9ea9-4a4f-a8e0-9090f5e128f6,€uri,1.0,1,148571,66.0,
a321c170-73fc-41cb-8e8d-01aaa9420779,Complice,1.0,1,148571,66.0,
1eaaad31-2663-4720-8905-17b941f398b8,Freestyle Dope Felix Baumgartner,1.0,11,209571,61.0,
81729503-cf25-4dee-85ff-2e5d8cab5e3f,Vado Fuori,1.0,1,192096,72.0,
05448c11-8b8f-43b3-85c2-551a8233de81,105 Mi Casa Mashup: il freestyle di Ghali su Clout,2.0,6,180000,62.0,
bd91ce0c-e19c-4400-9cf5-03dae24db199,NULL,1.0,11,209571,61.0,
2680733b-2fb6-45ab-99c2-eb7b6cec81e1,Unknown 5,1.0,2,284210,16.0,72746462-5b52-4df9-8072-913eab58f002
b5e28da0-46e6-408a-ad01-898c244877fc,Unknown 6,1.0,4,163109,12.0,41bac446-9b59-4ff3-8cd8-e53a1c86f0ea
8fe87015-dbf6-4a22-99f0-7c46a563dd0c,Unknown 3,1.0,11,180973,8.0,1c4a99c3-d98f-4291-bdbd-ee3007e83aea
8ec8ccef-20c6-4feb-aae1-6a4a225d8702,Unknown 7,1.0,1,181829,39.0,bb8e3279-afcf-46d0-9679-a726d2c75655
171fab88-bdad-4d28-8d61-9a97deb9b9cd,Joyride,2.0,6,180000,62.0,
c592a86c-ff61-4e1f-bbe1-a2f6a5142ee5,Unknown 2,1.0,2,204613,56.0,c5451faa-98aa-4cc2-a312-1c88d1c46b7a
ea258961-9a66-4d53-b59a-6d6fdd2da411,Unknown 8,1.0,3,324245,1.0,7b496e3c-c43d-4dc9-a917-7f17b4c5c8c2
15384226-6817-4123-8ff5-76b17e8b74f5,Unknown 4,1.0,1,228332,3.0,fb80e1d2-e121-425f-9839-46de4d9d1b82
e5f90e2f-96a6-469d-8098-e8bde74f9cb5,4:20,1.0,10,215373,45.0,8d695130-4f18-4938-aeac-776f3a9f96c8
78163640-1d18-44de-8b73-71d557f8fdfa,MIRA,1.0,3,203975,31.0,afca25e9-cd76-4dfa-9c52-c048182d73e2
dc741910-f93d-4c5c-a8d5-3f000a7d195c,Tutto il mondo è quartiere,1.0,6,230000,27.0,
6814883e-9e98-4101-acf1-54dea53810cd,Mamma diceva,1.0,12,171040,28.0,
86311ea5-8806-45f2-90d4-0e9fd06e18cc,SPECIALIST,1.0,1,145446,36.0,478380e2-3361-41d3-a154-111641629205
ab3c3ad9-5fc0-4a4e-b496-3fa4244a9298,Noi,1.0,8,296853,39.0,
64fbdd62-a1e4-42cf-8a72-d38f6ab28153,Joga Bonito,1.0,1,222680,24.0,994c7d09-8ef2-41bd-a024-f637a327d342
bc258de1-add9-4dc1-aa0f-95f9abb0d2ef,Te lo dicevo,1.0,8,209600,21.0,
0307b7af-6067-4099-a34b-abca1ed8add0,Sugar Mama,1.0,9,178040,33.0,
d35f5beb-451e-4333-b7f8-ab20b217be2a,RAPPER POSSE TRACK,1.0,4,189588,28.0,
f410a91a-8723-4311-8bc9-8b7aac90a3d8,Iconic,1.0,3,181280,24.0,
b3066795-c4ad-4a9c-8b8c-dade378a2aee,Stratocaster,1.0,8,170933,38.0,6350e917-438d-46d1-9900-748c8cd2cef8
92f01800-a13b-416e-931a-267d71826573,FRATELLO MIO,1.0,11,180197,29.0,2fdd8f78-8f45-454a-9328-d29249b22949
b7e517c6-7c8a-4331-bba1-7e037c453a00,EZ,1.0,5,140595,40.0,
6d876804-5c34-4b21-aaee-d35884ca3032,Ribelli senza causa,1.0,1,233040,25.0,
2e860629-4f26-4b2e-bba9-c001ca8b552a,In volo,1.0,11,177733,28.0,
5731c636-20a1-4942-93da-4324a3f730a5,HO LA HIT,1.0,1,219451,28.0,c2df71a2-7d36-4cbd-9673-3d8504c70525
90506d60-034f-428d-9a3b-f87eabd97897,Vincent,1.0,14,208000,23.0,
fcf05921-3931-42fc-ac82-04864361d548,DENG DENG,1.0,2,183724,21.0,
69c26bc2-45da-4d9a-845a-1d06b449590f,Mezcal,1.0,7,236200,19.0,
fabadb0b-7fae-4525-acc2-506dc629a143,MARI,1.0,1,152827,20.0,14895aba-56f5-41a0-8872-0f87350da726
ccd2b7f0-eed2-4472-a96e-89064d2a6df9,CLASH FREESTYLE,1.0,1,137108,23.0,
9857e210-cd7c-4ecc-b313-4a54ade59cd9,Tutti Contenti,1.0,8,212786,34.0,e9808f68-eb17-4a33-8f21-e24e42bfbe2c
264582e4-aeff-4aab-9cb6-d9a70d3b6ab7,MAI,1.0,1,188959,34.0,90c4a74f-f678-449b-9ac1-d8bf51ededb7
712672b7-6dc9-47d5-8e90-254882167156,Boom Bye Bye,1.0,4,204706,18.0,
510c6973-c209-423c-afe0-12a3e5e118f9,"Sì, come no",1.0,5,250706,19.0,
191a7505-0290-4fb1-94de-f556a814d01c,CLAMO,1.0,2,211150,22.0,
b6567a75-e522-409d-81bb-4286a81e643b,COMPLICATO,1.0,12,204000,20.0,
4464f8bf-acea-440c-8cee-a2d9bbce3890,MUTOMBO,1.0,3,204546,15.0,
9dbb37d6-29bc-4f1b-be0b-3c53f59602ea,RAPPER,1.0,4,189588,28.0,
645de17f-dbe3-407c-93b2-d3251f12801b,SEQUEL FREESTYLE,1.0,1,144746,17.0,
10014b7b-e849-4761-b4d8-b4c94abb1042,BENZINA,1.0,1,193738,24.0,66bdc098-6c81-4b26-b3aa-4ab09846918d
4563a19d-731a-44e6-9e88-cc165f52cf72,THEMA TURBODIESEL,1.0,8,194095,16.0,
566a8a56-fa04-4b80-a10a-977b7e1fbc12,Freestyle Lavanderie Ramone,1.0,1,234000,41.0,
3e549021-8aa0-4dd0-82e0-75179e8a1801,VITA INTERA,1.0,7,138058,20.0,
34be91eb-c39a-4bdd-8a5b-f147a2397869,Era Tutto Un Sogno,1.0,8,212786,34.0,
8c21cfab-b491-41cf-8fc9-c4538a9a1534,Come Il Sole,1.0,3,229786,19.0,
fe28c0cb-dc6c-49b3-b337-c109e44bad15,Orgoglio E Vergogna,1.0,6,247933,17.0,
45b1bbed-ae27-471a-9186-39f40da85452,IVORY FREESTYLE,1.0,5,132630,15.0,
7cd6d327-6b11-4158-bd37-f7d02df71142,ROCKER,1.0,4,217285,16.0,
1984666b-1285-459a-ab9d-58231de220ad,090320,1.0,1,122353,11.0,dcec32a3-ec11-479c-bda1-5bdc93e641dc
982a3a1b-8d42-4af4-8a01-7bd9da5c5730,La Scomparsa Del Pescatore,1.0,15,307706,16.0,
89eaf82d-3699-46f6-ba7f-0282ef388d3d,Torino State Of Mind,1.0,14,228240,17.0,
eaf4dd6a-98d5-46cd-990b-038476dc27ca,Identità,1.0,2,206506,16.0,
414b20e0-816b-4bdc-a18e-afb52e07a755,Paper Queen,1.0,9,233893,16.0,
a0a3a5e0-7f20-40f7-b924-c1140500935a,NON SEI DI QUA,1.0,5,135911,19.0,
d7a85cce-b31b-4698-9ffd-06481ae77907,Abracadabra,1.0,2,236626,17.0,
fc4fb05b-f4a5-4f1a-be94-85b321891956,Numero Uno,1.0,7,226333,23.0,
a79d70ce-b657-4332-adaa-e64fe63c5631,AUTOGRILL FREESTYLE,1.0,9,108237,16.0,
3fb1e36e-5298-4599-97c2-b6ec8493d81e,BABY,1.0,6,180757,20.0,43ad11fb-2b75-4634-aad6-1dad95f14306
6ce16a37-9efb-407f-9d08-5f9250f1eebe,Rocky e Adriana,1.0,4,204026,12.0,
6d627232-3117-4628-aec4-b38f01c74235,Tangerine Dream,1.0,11,222333,15.0,
d26ba86d-4249-4106-a8b7-d8922cc9de6b,RAT RACE,1.0,10,206158,14.0,
7ae5b789-8919-40a7-b948-6430491f2667,GIÙ LE STELLE,1.0,6,195935,17.0,
350dec15-2514-4149-b01a-e37653ae7833,Non è un addio,1.0,11,266600,14.0,
0f087f96-f507-4d7a-8412-b4edbb760422,BAD BOYS,1.0,4,197693,16.0,
50e9e878-e351-4b74-8228-e178616f9e00,Se non con te,1.0,10,255200,11.0,
0b64336f-520b-4bbc-883f-f6c60c2e9012,Fresco Fresco Pronto Per Morire,1.0,1,202680,14.0,
d7411047-31a4-42e5-a4ba-1d7ff9f39b0e,BANG BANG,1.0,2,145966,13.0,
0c15dfa1-1b53-494c-a616-13a337654dc9,Eroi,1.0,3,223293,12.0,
e16d591d-fe5b-45b1-9b45-8d24a68ecdc5,"Rispetto di tutti, paura di nessuno",1.0,1,206920,15.0,
188937d7-78af-4cae-b2f6-f7c9f7125b48,Juggernaut,1.0,7,222746,13.0,
86982975-bbe8-4cc6-b3af-c78d46abf5cc,In volo (RMX),1.0,1,244877,11.0,d1e31cbd-06f0-4009-81b6-778c59149046
9fefa35c-a91d-450f-95e9-ae0ac0c63b7d,Buon Viaggio,1.0,13,220266,10.0,
35231c12-6395-46ae-af51-933be4dfd321,NEANCHE DIO,1.0,1,172515,12.0,
6dc5207b-1dee-4aaf-8ee1-41b2e0cbb590,RUNNIN / ÇA VA SANS DIRE,1.0,5,178846,13.0,
78560a13-186f-4fed-b1c2-f84936354f56,BENZO,1.0,3,172080,14.0,
5ba09aad-b6c3-44dd-ad11-554d1dda13ad,Gran Finale,1.0,16,197680,13.0,
d20e6e28-663b-4047-80d2-32559c281e2f,Oro E Argento,1.0,5,223706,17.0,
41fe8cd3-e8a5-4e18-b50e-98fc5439a7d2,Terrone,1.0,1,122526,59.0,99996bc9-c6d2-4301-b66b-3d4d6cf7293f
7ae46398-9cb0-4279-812f-ace8dbb6a945,Nina Mala,1.0,10,208880,12.0,
90c5335b-6752-4e0a-8804-81d44bf16b7c,Rock steady,1.0,8,170933,38.0,
c2f0bae0-6be3-4fcf-8a3c-2526f02731ea,L’alternativa,1.0,5,162680,9.0,
67e0f3ec-df75-48e2-ab15-c767cf62b13b,Change,1.0,2,240166,12.0,
6c1c87e4-9220-4f9c-88bc-4138c52b7b1f,Cosa Ci Rimane,1.0,4,197446,70.0,
b8d34abd-1239-4da4-93d1-d7c045cd7764,One By One,1.0,1,142550,93.0,705257bb-5631-4608-8971-9020f2feaab0
1459830b-f328-4df6-b93f-8bbe11ad980a,Quello Che Voglio,1.0,12,241506,10.0,
322e53dc-1b74-418a-8ee8-0d0a5fd59d3f,V.I.P.,1.0,9,176586,9.0,
dad47208-dd3e-45af-b5dd-57ea900e9bb6,Lei,1.0,18,166000,8.0,230ea29d-d070-4e0c-ab52-359ccd2d030b
4067d1d6-981f-418a-bf1f-7cfb40a94ddc,Vendetta,1.0,2,260765,10.0,
3b657d2c-96b7-44bb-999b-9c3e182c039c,Italian Freestylers,1.0,24,277447,10.0,
5872b889-13f1-4e63-bc65-6dd076610b85,Corona & Barbecue,1.0,6,182500,31.0,
2ea3258e-8947-4acf-b8db-16b1fa5f88c8,21 Piani,1.0,8,207630,32.0,c0114ab9-677d-4b81-ba21-52d6d735cc3d
fa0945b5-799a-43b5-8fe1-bd7f6a0802d8,Generazione Tuning,1.0,1,157549,25.0,c9594f6f-4a70-4f38-91ea-207a99b179ae
b9a9e2ae-e1ec-47b8-b121-51a6a4f3696e,Cantona,1.0,3,178306,33.0,e9546864-a477-4e40-9ac9-85e71dc542e9
2099ca6d-a8e9-4137-aad4-253d98036dbb,Non Rifarlo A Casa,1.0,5,176000,78.0,
e8bf70bc-5e58-48ba-9267-673d5ed217c1,Black City Bitch,1.0,8,113053,13.0,5a37119d-897a-4ec4-9687-c0657c7a979b
5fb21cc3-9678-4f88-ae7f-5e071434d0c8,Non È Un Arrivederci,1.0,19,238799,5.0,
ebb67a98-c7d8-4dcb-aa5a-3b0bdaf85a42,E.N.S.I.,1.0,13,277594,30.0,
16b36bed-5b2f-4395-b705-cf62580b2c25,Uomini Contro,1.0,13,265454,65.0,5b107db8-2e3f-443a-8c1c-2afcc41c0e4c
54585f29-5d95-4868-8074-922e1a8fe3e9,King Del Freestyle,1.0,18,219707,16.0,
61a7ee8a-2012-4954-8729-6e7e12c98514,Per Amore,1.0,6,182500,31.0,
65ada102-5c69-4814-ab61-a9636381d9eb,Contro Chi Vuoi Tu,1.0,4,204706,18.0,
fc3b0995-1af2-4f94-9d9c-18356c879d8f,Enzino’s Experience,1.0,3,203124,14.0,
c85f683e-599e-4b2d-bdb9-e57c4825f612,Come Una Polaroid,1.0,3,207615,65.0,c50ee874-9f9f-4b45-943f-0f4f1b1a55e2
cb20363e-9288-4c9f-a87e-a5e1fe8ea739,Fa Paura,1.0,15,225600,17.0,
496c3bc5-c6a5-4fb3-8856-c461d2421ecd,Il Trio Tenerezza,1.0,12,228000,7.0,
14f8de2a-7e1b-483a-a9d7-e1d092b232ad,Né Vinto Né Vincitore,1.0,9,239756,6.0,26dee667-f926-4af7-b00d-6787c632e04c
8f3a87a2-6dbf-4a6b-96c0-60f9d35a5c7a,Jarro,1.0,8,214000,7.0,
ad1b5cf0-188e-499a-8fc1-c467dec5b5dc,Occhi,1.0,7,199253,8.0,
578abac7-8d71-440a-9eb0-4b669d84481c,MPC Roulette,1.0,1,227889,1.0,91bc82a0-90f9-4ff0-94d3-c1318b4fe380
1038a64f-e652-4df2-82a3-57804fb86362,In Faccia,1.0,6,223016,6.0,
163a956d-96ac-43e8-a6ce-00d5a88ff4d3,Messaggi,1.0,11,224850,8.0,
df350bdb-0d9e-460e-847c-266da6458276,In Aria,1.0,4,223430,12.0,
a1422737-e050-432f-aaaa-7de54c9bfc86,In Italiano,1.0,13,239285,0.0,c9da7e98-016f-499d-979f-3c1b4b902a39
1873c9f5-7fb5-4465-b631-1008cb9bf0fa,Turn It Up,1.0,4,283400,82.0,ca4e3db5-51fd-4783-906f-0f0e963fb87d
7e5b02c5-9a28-4981-a32f-42a521328d6d,HEART OF CLASH,1.0,8,168600,46.0,9d9f4ff1-8549-481d-bdfc-e71175519531
a0b7309c-ac62-4e0b-89f3-7a84add6bb31,Sporco,1.0,16,280000,5.0,
ac643ffb-1bce-4f12-a1d4-fbf48a882b12,WILD,1.0,1,148334,17.0,f934c656-336d-4d02-a61c-a3883c809d32
24ccbc01-c7b7-450c-a4b0-7ff276cc2193,Profondo,1.0,5,177226,4.0,
6235aadb-3429-480b-824c-e7f36f1f9d06,No Competition,1.0,10,263369,5.0,
1a651ffd-2304-4167-86de-82076121253e,Non Hai Chance,1.0,17,270988,3.0,
707c9589-ae74-4d5a-97e8-fd35bc13d86d,Intro,1.0,1,159150,7.0,
55da5c9d-b95d-4b63-8d50-081e905264c4,DOMANI FREESTYLE COLLECTION #1,1.0,9,233893,16.0,
e75ac4ac-0a2d-4b2e-9ef8-7c44f838e262,Non Credere,1.0,13,208604,6.0,
a015d302-f54e-4d62-bf7c-a5e3019ad964,Trap Take Radio 105,1.0,5,304480,33.0,e85bac42-10dd-4190-8d8b-e57685004461
0d6a79bd-7293-45a7-ac24-727883900512,Street,1.0,9,267644,5.0,
60c3da52-5a40-443d-885d-80176d9efe70,Landa,1.0,2,162742,9.0,5bde1ccd-6d81-438b-87de-93ebe2e0e69e
9788e0f0-4eaf-41bd-a992-b224146d127a,Non Puoi Tirarmi Giù,1.0,20,231633,4.0,
2ec861ee-7bf7-4dea-a86c-871d47bfe901,Dai Tutto,1.0,10,215373,45.0,
40e4e862-e276-432d-be51-2f467a338351,Non È Uguale,1.0,15,198960,4.0,41d79507-8998-4f29-98bb-6e1254ef1e2b
26b3de42-4897-412d-acd8-becc2ab7140d,Zingari,1.0,14,182537,3.0,
593bacbb-8925-489a-8bfe-c2943c716fcf,Novecento,1.0,4,228346,19.0,c8d5d96c-84e7-41f7-9802-b348aeb2d9f8
f319ca7a-ceac-4c64-9e88-57077ea24796,Donercore,1.0,2,249051,7.0,b06e739f-9529-49d9-a7c3-f7e79209567b
729082bf-bb53-44f8-86f8-f4ab36bc69e8,Stessi Flash,1.0,7,261377,45.0,
76e5ed5a-9c74-4721-a222-56f1272d66c5,Oh Oh,1.0,10,326068,7.0,959e976a-dbd1-4597-90de-c7465312e1ca
a5f77e06-dd0c-490c-b489-c32d77749ad1,Per Amore RMX,1.0,1,179802,75.0,40f7f887-0b68-479e-9f19-87548f8324e9
6b12d35b-10ca-491f-aefe-e4b01fc80e51,Dramming,1.0,1,150933,10.0,b8f3971a-4a8c-4f11-93c1-c93395996006
2fbc34b3-10cd-4e75-811f-33bb6cacc659,DOMANI FREESTYLE COLLECTION #2,1.0,9,233893,16.0,
e0e76f46-40f2-4ef4-a064-7d818de723c8,DOMANI FREESTYLE COLLECTION #3,1.0,9,233893,16.0,
e7af0309-96da-44aa-97e0-e82323aece96,Covid freestyle (Era Ora),1.0,1,188201,1.0,6d7d446f-1685-4074-836d-e1814d663b9c
9801c160-0674-4286-b118-16b585b6094d,Dreaming,1.0,1,152469,56.0,dd517408-6cc8-42c2-b08d-4218b84b0b1b
4f64b0b5-b60b-495f-a46f-c24a9e7e8347,Asciugamano,1.0,3,273266,0.0,1bafff11-36a2-4107-be19-2ab21bdd3d3e
e4f270a4-e90b-40d0-9b01-1ec67508031a,Stanco,1.0,5,216607,0.0,
4ab07479-ef47-40b1-923c-167509e39716,Carta E Penna,1.0,6,187010,0.0,
d634244d-30ad-4a1c-a629-17c66432f38b,Delta,1.0,1,175595,0.0,
5dfe469a-7f1c-4ec8-b6dd-2685e6d181e5,Sciccherie,1.0,1,192970,47.0,a558b63d-cd77-444a-89ab-54d639067219
240eda1f-8b0e-4232-8d58-b8d3260f0932,17,1.0,1,148192,44.0,32da65fd-84ad-4da9-b03e-095805724570
2fe6b3fd-a490-4961-8d63-f50711315184,VOCE,1.0,4,211410,53.0,eef7280d-0b66-4294-b2d1-182ced4e06b9
61a4b317-2fe9-489d-b942-ced4a2a33046,TU MI HAI CAPITO,1.0,1,211498,60.0,
d42ddfc2-96b5-4292-adc3-2a73bcbb7a56,MAREA,1.0,2,194380,55.0,
13e4e32a-66e3-4d7a-9030-790e10c76256,BUGIE,1.0,6,171602,48.0,
ef60af3d-2b0e-43fa-b963-0c30ddb240e8,BUGIE,1.0,1,187660,42.0,0c7a8a3f-9587-496c-a90f-dd651643ca3e
a9d5053e-0dfa-41b0-ac01-a63c97535fb3,BABAGANOUSH,1.0,7,187274,52.0,
cdd628eb-4246-4fe1-8956-f215175a585a,BABY,1.0,10,162857,60.0,6705120a-39c9-4b34-a8b5-8b24ba5f5aa7
ada702c7-1286-4620-91e2-31e64d240eb0,Anna,1.0,1,233663,37.0,8a5c10c8-5be4-4bcb-8280-43917807a397
07235471-a5e9-4ced-adff-1f4e316b968e,CLITO,1.0,9,172682,37.0,
511c6557-b021-45d2-91bc-0d6077ec6bcd,AMICONI (freestyle),1.0,16,152187,38.0,
7128a72f-46bf-4c57-9be7-2a89cfe086fd,DIMMI ORA,1.0,8,163180,43.0,
a7bcf071-263d-4607-9958-36a810614325,IL MIO AMICO,1.0,5,209045,42.0,
7c94681d-9e98-426d-bf19-58e6ac2386c8,TUTTI MUOIONO,1.0,17,192151,45.0,
7bc5e270-a517-4619-bb23-191e6cfd2055,NUDA,1.0,11,197253,37.0,
792c6329-b247-4432-a4e4-f824d0a7e1d0,MAMI PAPI,1.0,13,176425,35.0,
dbefea66-e4b6-447e-8c95-c32d9ba8cde4,LUNA,1.0,15,185560,49.0,
d389ae13-fd2f-4a53-9198-fe9fba4b8c7f,64 Bars,1.0,11,131777,56.0,
040e9627-3ca8-4f5c-9f33-cc859fdd24f4,MOOD,1.0,10,151463,39.0,
0f16616f-9832-4a59-9f5a-434be0c33486,ISTINTO,1.0,3,148012,39.0,
9edf4087-3c4b-4fb3-b6ba-005eadbf21a9,VERGOGNA,1.0,18,156470,37.0,
830f3fb7-e32c-4de9-93ff-178b7a4827d5,BAMBOLINE BOLIVIANE,1.0,12,168603,36.0,
7a21f6bf-83c7-463c-ac8a-c02cb4f25c7f,IL BENE NEL MALE,1.0,1,213143,54.0,3edb902e-070e-41f3-80a7-64c85d65f3cc
ee7923a4-9aa6-40dd-8607-b0d4db2d0c42,QUANTO FORTE TI PENSAVO,1.0,3,213749,59.0,62b47e97-55d7-4a65-8510-d8c6773ce17c
c30ed315-f31f-4141-866c-dad89b28a778,​sentimi,1.0,6,171602,48.0,
df1b1911-25fa-46b3-8eff-49014c25180c,​sentimi,1.0,1,187660,42.0,
e743fbad-4f9d-4db3-9d7d-ccf2ad4a23ca,LA PROMESSA DELL’ANNO,1.0,1,178513,33.0,ad211c26-e425-40b9-8f2a-b9fb97c8073e
c18199f5-e3a6-47e5-b017-7fa0e1fbcf02,NIMPHA - La storia di una ninfomane,1.0,4,178402,43.0,
491d9d71-9ea0-447a-a5c9-1f291c41953c,SE NON PROVO DOLORE,1.0,12,163381,48.0,
6584a903-5c05-47bd-ac3c-17ffe1acc1a0,DONNA VEDI,1.0,6,163399,42.0,
d1cdfb31-a414-4ef3-be17-c6949637994d,MILAGRO - A Matilde,1.0,10,282973,35.0,
c4e5e70c-dbf6-4048-ae72-8c00818df10e,AVATAR - L’amore non esiste,1.0,14,227502,36.0,
09354f0f-9d42-4448-8074-89bd00ca10fd,COME VOGLIO L’AMORE,1.0,2,208923,34.0,
48404181-785b-47dd-b7f4-d4bbfbe6af3e,PER IL TUO BENE,1.0,13,260053,42.0,
e08849bc-802c-474c-9abc-3301bee1f641,LA FESTA DELLA CRUDA VERITÀ,1.0,8,208100,33.0,
d2d71705-317e-450e-ac22-3cea03967393,RESPIRARE,1.0,9,149499,38.0,
8e2d68dd-121e-489d-8156-91a976e31f40,IL MIO NUOVO MAESTRO,1.0,6,226042,32.0,
2dfce7b0-eba8-447f-9df3-31031c946add,ARANCIATA,1.0,1,194366,52.0,
084875b4-2ba7-4fe2-a0f9-256e6eeea580,TEKNO POKÈ (Bonus Track),1.0,15,225347,29.0,
97222cf1-aa72-4682-979a-ab44b50781f4,TU M’AS COMPRIS,1.0,1,194000,38.0,8c37198b-4a4d-463c-bc66-89d44517f33d
a9a200c6-286c-43e2-b65c-3a468fa5a2cc,L’ONDA - La morte del Marinaio,1.0,12,194829,32.0,
7f49d85c-2748-422c-8d61-c3dd712dc229,64 Bars pt. 2,1.0,1,188081,18.0,097cc6c6-c77d-4043-98cb-3c4c1809523b
757bcab4-004d-4bc5-b31b-5223278d9931,Ghost Town,1.0,22,192301,38.0,
c083ce25-2025-4673-b754-c0660cb9d35d,L’Eccezione (from the Amazon Original Series ”BANG BANG BABY”),1.0,1,229146,48.0,af8e7027-18dd-4eef-9161-748382d3d5f8
884441db-bfe4-4c3f-8e67-4ba96bc30e95,La primavera della mia vita,1.0,17,169773,26.0,40508dc5-7329-4115-8354-4693b64134ec
2aec6c23-2da6-4ea2-8726-bffa02d42186,Cambierò*,1.0,13,221631,62.0,
78a16eac-dba6-4f63-a809-60d74ab16e5d,Mistress Freestyle,1.0,2,262440,3.0,b599b0c9-ecd0-42e5-9754-91be32071500
ae93f872-9bd1-4fed-a8fb-7012262aae95,Porca Madame Freestyle,1.0,5,202576,17.0,01403d0c-4e1c-4739-a006-fecc46f862d5
146b782b-efbb-438a-8e03-22a42a98f8a2,2020 Freestyle,1.0,16,133760,34.0,7775dd5a-b3a4-4517-8cdb-69541995efd0
1a86443c-9fa0-4be8-95f3-7b2850e8c725,Via del Campo (Cover),1.0,3,218367,66.0,7c600fe1-f6bd-4a50-814a-cc1edcd30642
a64cfa95-95c5-4617-87ea-3cb0cf59ccdf,Rinasci dalla cenere per diventare cenere,1.0,2,121401,1.0,00674fe3-4ece-4619-87dd-d4b95fa598d3
f8c566e3-0227-4ebc-8982-346a6efa7693,KISSME Freestyle,1.0,1,138857,17.0,7b962b87-86dc-4e2c-b809-4224c37ec214
c4f24163-2ce3-43ca-9a68-e88307044950,Bimbo,1.0,1,160003,0.0,5c4f1d87-1eff-4ab1-a75a-4f1fb7d2edda
c007ed09-e632-4749-a950-2622f69d909c,VOCE (ACOUSTIC VERSION) (AMAZON ORIGINAL),1.0,17,834302,35.0,e9b4aa46-bad7-47fd-87e2-1d6db443e240
42a55a9b-8304-4fd1-8d6d-54edc2938fdc,Ne voglio di più,1.0,5,242504,33.0,b6b561b7-61e2-46ea-8e8d-2bd6f623499c
7c96fa17-53b3-4e46-aad3-fad7dbbcdaa2,Blood a blood,1.0,8,192800,32.0,fd3a9ea9-d647-4ce4-822f-ae694c17e6d1
0bd31cb0-0f82-4f69-8a4f-4dcde3e46421,C’est la vie,1.0,7,197715,37.0,
616e9bfd-f8b3-4726-b272-dd0b747e3527,Nella fossa,1.0,1,380000,23.0,
f42ab1e3-c08e-4709-bca1-d595bb8bd3d3,Accalappianani,1.0,3,265079,30.0,8547fecf-7330-431c-a34b-8cb72352bcf0
2129073e-8a28-469a-934f-c337639587dd,Polpette,1.0,3,226064,20.0,
0198605f-659d-4f2b-be86-44d1b8acf528,Accalappianani 2.0,1.0,4,212549,27.0,c6c1017a-cb1b-4a33-a246-eacbd49808a0
2791e89e-ade9-47fa-90f6-1c01b36124ea,DON,1.0,10,226432,28.0,
103102af-e0c9-452b-a02d-d8c47e635cbe,Il diavolo non esiste,1.0,1,175217,31.0,f55f5d6e-3a61-49bf-87ec-9f6aef04e085
a6f20da2-d580-4193-918a-6742e275ca98,Non Piove,1.0,5,270293,45.0,
6ae56175-5934-4e72-b7bb-a38f720c827f,A10A,1.0,2,161892,18.0,
e9c5d36f-361d-402a-801a-f38e25b9c237,Aeroplanino di carta,1.0,4,244783,18.0,
22ac723a-017b-44e2-8501-7db2e1758d8b,Calze con le ciabatte,1.0,14,211200,22.0,
0d2aa3d9-986e-4c25-9ca6-6981c395a24a,Chiedere perdono,1.0,2,251818,11.0,c82e807e-51bb-4f9d-8e57-5e39a4a91a5b
7d3bf35a-4b25-46c6-80d4-90cf685efd2c,Merci beaucoup,1.0,3,230182,25.0,
54f30951-5b06-4bee-85ae-0151225fd7d2,Porco,1.0,7,308384,18.0,
4b86daa4-8657-4c3d-9db1-212c6318638d,DVC,1.0,5,227921,15.0,
f85e3bdf-15bd-459a-9b85-7098e0cbc25d,Ritarducci,1.0,1,198889,28.0,ff3c3c3f-734a-498f-8b6f-9300fad3d453
3d65add0-7eb2-4209-a785-2e16bcdab990,Vado vedo e prendo,1.0,9,214537,16.0,
b515cd27-9ea5-4b58-b5f9-df475ec9f979,Missione Completa,1.0,1,220502,23.0,b13449ff-d4e4-471e-b450-2ebd324eedf8
43c33d9b-872b-4166-8d77-377f85cffaa5,Bad Reputation,1.0,2,180749,15.0,6d640ef4-4421-4b87-9efc-818ee18996d2
c4634ee4-48d0-403d-be71-8ef402ce4f91,Zoo Bwoy,1.0,2,223493,16.0,2feda21d-2350-431d-94cd-4bf811e3054d
8af0eccf-33c9-4442-821e-de7caa8002c5,Calimocho,1.0,1,213879,20.0,
179df4af-385f-46e9-b5ec-f0b19e640067,Carabbista,1.0,9,169687,12.0,
67d3e52f-b13b-43ca-b2d5-42272d02c724,Biggie,1.0,3,186352,14.0,16571f2e-4f44-4b0b-858d-77b154eaae32
f204a28a-b673-471b-84e4-2468ffb1c6c6,Corvetto,1.0,10,226432,28.0,
0794de2a-7361-436d-82a1-90692cef6567,Il Contatto,1.0,6,212149,15.0,
9d6b83ee-1a98-45bd-be52-850e45d2730b,Asciugamano in testa,1.0,3,201266,14.0,
2ef20e69-b782-46db-80c7-88d7b71fe2b2,Zero Punto Zero,1.0,1,191592,7.0,551a8595-5433-4526-ab5d-8e683d817a9c
758b6db9-b78a-4671-ad40-74d3cc03d092,Weah,1.0,1,233215,11.0,
4133800c-859c-4040-99e9-e72733065bef,Da Solo,1.0,6,193732,17.0,
ac2b6162-2572-4ac0-975c-cfdabf782900,Odia,1.0,6,188313,12.0,
70d21a46-73f3-43df-a2f7-0c3a13574bfa,Sottovalutato,1.0,4,255437,18.0,
4abe64e5-2424-4dea-9915-ff4a8e684245,Asmara,1.0,1,205545,10.0,f0469fe8-736d-4675-8a40-100f79ecedc6
9b75841c-9f79-4f70-a714-6fc97c381fda,UNA VITA SOLA,1.0,1,220695,35.0,3cf0742e-55ea-454e-a9c0-bf2d211664dd
a9301404-e025-4cee-b5ed-90a4c0940394,Madrelingua,1.0,6,204660,11.0,
f2a7216f-7c38-4ab6-a364-720c8d9b43cf,La dedico a te,1.0,6,232972,9.0,
da953b63-85f1-4d6e-841e-34168949e3e5,Grateful,1.0,11,273227,11.0,
729da9e2-2ce0-48fc-806b-fc5c7238eb1e,Vallanzasca,1.0,2,186452,16.0,
be6ab6c1-e62b-4995-9e69-03a8e52077b9,Kraken,1.0,11,152506,19.0,
4999a096-ddf0-4994-afbd-ac5a33d33cd9,Un Altro Passo,1.0,6,182000,26.0,fbd8012b-ded9-43db-89e2-07e92f1776e2
369a5896-e17a-4b48-9e0c-c4276c69ade0,Vienimi a prendere,1.0,6,212202,4.0,
500c156f-3a07-434d-b04a-a1f4da409411,Ancora qua,1.0,9,255733,11.0,
bacd7579-496f-44b1-b3c3-aef15f4774e9,Fine di un sogno,1.0,8,212746,21.0,
9d639f7d-55e2-48cc-be12-bc3e01a47ff5,Gentile,1.0,1,236250,7.0,
03ce4bb9-4b86-4c9f-9482-76920d434e89,Con tante,1.0,5,212969,15.0,
b5b43bb0-82ae-407c-915f-17514cde8bbc,Street Cinema,1.0,4,183980,11.0,
fa9df8c9-9527-4bd7-a4f0-7152ae7584f0,Verità,1.0,10,230400,8.0,
c6f92829-96a3-4a65-921d-006163c834b1,5 minuti,1.0,7,220296,7.0,
ddff84d1-5d8c-41c9-883d-eb7a26bc8659,Oki,1.0,1,191014,11.0,
1c29d222-60b7-4206-a2a1-a42f718d36fb,D.F.W.U,1.0,15,245016,7.0,
dd3cc995-7422-410b-88b4-2c44d7ece4a3,Canne da baseball,1.0,10,187519,15.0,
08c76abf-0a03-402a-ba15-5bcad74dcfb6,S’il vous plait,1.0,9,205970,12.0,
0d062c02-cee2-4975-8e88-b1b2b3b28509,Colpiscimi,1.0,7,203830,10.0,
4f9a0731-3ee1-4228-acdb-d9a4e780f734,Via Perchè,1.0,1,237850,4.0,ff289788-6121-4c43-8a9f-bef66d8c9666
e98b01ee-8268-4cb0-870a-57fac0a9241e,Leader Freestyle,1.0,11,173333,10.0,
f9134a46-4850-4eb7-9db4-db3101dcefe7,O.G,1.0,11,269613,36.0,
a6f6196c-dfe6-40d2-9277-754b2e8608c6,Mi ferma nessuno,1.0,1,196440,12.0,6dc350a4-c10e-4cc3-b053-0846896d4591
b4d34bd4-d698-4558-a4e9-d5b66c4c2c0c,Shampoo,1.0,2,219063,6.0,
f98bdbe0-f3df-4633-b7ac-8cd8a601fc43,Trendsetter,1.0,7,239186,9.0,
cc36144a-ee73-4765-875a-dfd9f03e313c,Barroso,1.0,5,173951,19.0,f9958ce0-c952-441d-834b-87afef0c228b
6619c95d-5383-4339-9793-41b871119302,No Cap,1.0,1,178825,13.0,2a0d1049-4bf4-4fae-b4ba-f9b711e1e5ed
b222c7ef-0d60-4411-96ab-b8e7b532e9f6,Medusa,1.0,8,243088,7.0,
ccb3889b-69b0-429c-af22-00fccd20e0d8,Canto Primo,1.0,1,188000,16.0,
8c90f5ca-cd7e-4e7f-b668-80a149ae08af,Poco,1.0,5,242504,33.0,
b950d0ac-9290-498c-8b76-11bf3bf5423c,Bah Bah,1.0,8,197912,12.0,
38520482-37ef-41e1-8f9f-ada40982c38d,Frate a me,1.0,5,209023,5.0,
757deba2-cb82-4a06-a684-75f615abe3ca,Rehab,1.0,1,198889,28.0,
666d7179-83c8-44fa-81ed-cbe24fea095d,Benedetto,1.0,7,158848,18.0,
e2dc1d32-c43b-4ce9-9cae-81006095617b,Trust No One,1.0,16,211984,3.0,
ce79dfc7-9c6e-4a09-a4b1-5f231d152063,20139,1.0,2,173661,9.0,
bdfd6c76-ad49-48ca-9343-f14e195eb5d6,V.I.P.I.M.P.,1.0,14,229480,24.0,fd53e8a2-f620-41b2-8b43-2c82468c1c1c
a29053ce-5386-4641-a153-4810ef088ebc,Nessuno mi sposta,1.0,4,214396,7.0,
845678b1-e943-4c78-b89d-a82d897d8464,Filo Spinato,1.0,9,208182,15.0,
d96e57cd-9aad-4486-8516-e9e4c5a0e56e,ABC,1.0,3,207133,8.0,
5169ba3e-6af3-4f2a-b76e-b42518812edc,Sangue del mio sangue,1.0,13,255226,20.0,
d580375a-7c6e-4823-92c5-8f8fad4bc998,J-Lo,1.0,1,172483,7.0,
b8b54cf7-f8e7-4fab-81be-4b478051f483,Good girl loves badman,1.0,16,218494,10.0,
7d3a5e73-8e78-420a-8d90-b961a5181dff,Qualche Secondo,1.0,1,138200,13.0,d3c69a85-9cb9-4977-b7e4-45f8c7a59c1b
9b052364-d7b2-4170-9034-47582f04b79f,Religione,1.0,8,202181,13.0,
7d24112a-e275-435f-89ee-b1f4128560d6,24/7,1.0,11,206449,9.0,
8c264156-b116-4e05-9a06-1dcccfa5734e,Gratta e vinci,1.0,15,185433,8.0,
6c54e67a-d3a5-4b4d-a144-c11e37c38e15,Aka,1.0,15,207546,4.0,
2550527c-95b2-4ffe-a430-673de3c4d03c,Mr. Cartoon,1.0,13,173906,18.0,
8d8ea029-9d6b-43a2-9055-2df6b0174da6,Numero 1,1.0,4,202551,8.0,
fae5dbae-f0b1-4754-af4c-35f21748469f,Sangre de la Isla,1.0,10,165378,16.0,
97b7fa30-6913-4aab-b9f3-f1273233260b,Nella Terra Di Bob,1.0,4,223000,23.0,
8906eb71-0eb2-4785-8494-ea0915149889,Boomerang,1.0,1,165450,37.0,6502c287-afcf-4936-826b-fe89588efdd4
84914a7e-1831-47d1-a983-dc4d7c6932a1,Vans,1.0,7,200769,6.0,
14de395c-9565-42eb-8390-3e3287179bbb,Te lo immagini,1.0,13,168330,5.0,
2db84ef9-3b37-42ce-8103-52ccb1a33bba,Real Hustlers,1.0,9,167480,15.0,
41d72b01-9784-427d-a8fd-9af88691c175,Jordan,1.0,14,262293,4.0,
bcd8539e-373e-456a-9dba-4ad4dd6901cf,Tropical Shopping,1.0,1,153943,8.0,fbb707e7-e9ec-4f57-b3c9-978beb4e777a
5e2ec926-4c86-42fc-8169-4b0d20aa40f7,In cerca dell’oro,1.0,3,188321,5.0,
d3d3ddcf-a22a-4529-8d1a-e44ff98ed6d1,Complicato,1.0,3,200159,11.0,
9e8afbff-bbf8-4e87-8e6a-69d13113e7f6,Dea Bendata,1.0,1,166689,19.0,
98fd9018-921b-4e59-88f0-3364379a6be2,QG,1.0,1,153000,7.0,393987fa-7993-4948-9f72-b4d11b1a8c8e
32be05f8-84f7-4374-a820-9bc5a318ae6e,Paranormal Activity,1.0,11,180138,13.0,
bd787ca8-ebc9-4cfb-af2d-984aa9f910a4,L’Ultima Volta,1.0,8,272000,17.0,
3ed70dcc-f969-40f1-a883-05c2d6b8f664,Intro - Non un passo indietro,1.0,1,172733,6.0,
5d3ceb35-a8f3-48f3-9ec9-6b1d83d9221b,Del Padre E Del Figlio,1.0,11,233000,10.0,
d2b50494-089b-46ed-ad48-77b4be2be427,Manchi solo tu,1.0,5,206626,7.0,
42ffe492-c378-40e4-9270-f2094bfe07c7,5 hundred,1.0,5,192557,6.0,
818d4ff1-904e-4b50-a45b-4f63f8018a6e,U Uh U Uh,1.0,8,197986,6.0,
0f5d7bff-8a00-48be-9f0f-0acb55adca16,Tattoo e Collane,1.0,2,187178,17.0,
ee6b6059-4427-4782-9f70-5251eb8dbf08,Jr. Saddam,1.0,1,161348,5.0,5c10aae1-34c2-49c7-8b00-49e313e1d58c
34e6a4dd-6f1a-426c-aebd-ab2edf4f7dff,Romantic Time,1.0,1,228292,17.0,b2c279f9-2e11-4c89-802c-79f50f6fb20e
2dd527b2-24bc-4f7a-bfe0-942a165556dc,Nonostante Tutto,1.0,13,239253,10.0,
b30c2dc3-bfac-4e0e-8fd9-cf8fd86d9655,Grazie A Nessuno,1.0,2,228000,15.0,
675e560d-3c39-4888-a9ac-66019dc8a4db,Menzogne,1.0,4,169510,16.0,
0ab3c321-6be3-4841-befb-ba314f616793,Solo andata,1.0,12,131999,4.0,
d69d164e-b19e-488f-9e8d-b49fb70575fd,Differente,1.0,5,206308,10.0,
281ad4ad-d1f8-469c-b90e-de96e0c7bab4,Morti prima di morire,1.0,8,198890,12.0,
5bb1ebb0-b301-4bcf-b8a6-5358c7dcfdcd,Chi Sbaglia Paga,1.0,1,262736,12.0,a579095c-4b40-45ac-83ea-df97941d02eb
15425cf4-4920-418a-8fd3-7f175b9e66eb,Una sola volta,1.0,13,262000,21.0,24e429cc-0790-4d88-97f1-4471cb835166
26e7f39b-7700-4826-a332-f13c576df84b,Gira Ancora,1.0,3,200699,13.0,
16978cc1-1ff7-4c00-a3e8-32af383d4815,Ichnusa Love,1.0,11,257986,15.0,
605adb79-a708-4a79-aef5-764679b3343f,Marionette,1.0,1,208722,5.0,de596ed3-7a13-443a-96d0-421d4bea10fc
2b340379-e035-4e8e-9276-882d4e26bde4,Soldi Ebbasta,1.0,6,189450,18.0,
75c56a1b-ea12-41e3-a036-ebf32fff91b3,​​una cosa più grande,1.0,2,186637,7.0,00349b3c-958d-45b0-bdb0-05ee7e29b74e
43228414-6dbf-4b80-97c0-51c2ee44ddff,Indietro Mai,1.0,10,260853,47.0,fc09e4c8-d87f-4c89-a98f-f91cad7de3ab
bb40e2c4-ed53-4341-acb8-4617fdb5c4b4,Noi vs. tutti,1.0,6,304880,6.0,
11cc7308-b0aa-4c6a-8041-2b3fad1e08af,Ogni fottuto giorno,1.0,1,170110,11.0,a61114c7-e9c4-4364-a084-9ea20158c526
45226987-74b8-48d3-8574-aa7d74f4c6da,E Se Bevo,1.0,2,216173,21.0,
4263f6f0-a351-46f5-8c6e-0bef18ded467,Non Mi Giudicare,1.0,1,209034,74.0,98ec1459-c57a-4153-8296-8d523edf3b7c
c8f190b6-4760-419e-ad50-0d129da2f253,Feeling Good,1.0,12,169674,13.0,
6c5f1c77-a179-4900-a847-10ce64fda7f0,Voodoo Connection,1.0,14,371240,10.0,
3bc6bdd2-b1de-48a4-abbb-1531ddf553ee,Spazio,1.0,1,162134,3.0,37677c85-ee01-48d6-970f-681aaa406ada
19f3a9c2-d39d-4efd-8aa6-1f6f06488335,Disgustibus,1.0,19,210253,9.0,
3bb3bc4d-e8ab-4b0e-aefc-b441c80687ba,​​barcollando,1.0,4,141955,26.0,
4842085c-05f4-4f15-839b-e947cd3a8814,Mi Barrio,1.0,6,297640,15.0,
1c08a8c9-b189-4767-89a2-3855e8741d3f,Golden Goal,1.0,1,176458,9.0,283739ef-a116-4e69-99f8-fb4838cc77a3
a1a661b4-b980-4911-a952-6ce1c0a89741,IDGAF,1.0,1,188485,5.0,bc069ea5-d56b-4d4e-996f-90690bd2f64f
826366f4-899d-46ea-adbb-030acabf166e,L’ultimo tango,1.0,8,212746,21.0,
d5367451-1e36-4bf9-b931-37ff11232255,Lead Neva Follow,1.0,11,191960,4.0,
0128438b-c575-440f-8496-dbcdcaa9bae7,Fearless,1.0,3,201131,0.0,bed4c555-6d7b-46a9-87ac-877e0530e88e
7a9f6675-4c1e-435d-899d-25ba1b996669,Blockzilla,1.0,2,187739,9.0,
a1c571dd-ee3e-41b9-ad6d-1bc43f0d717a,Dei et uorc (Vacca ragazzo),1.0,10,175493,20.0,
5d4da189-f7b6-4d91-a14a-25b3e104a5e5,La Verità,1.0,10,155633,8.0,
a8e52365-444f-41c2-bd7c-744dd6a71a1c,Lady Sexxxy,1.0,7,185506,18.0,
ec8dcf4c-bd0c-493b-a6b0-156ba3053bac,Mille Problemi,1.0,4,225800,27.0,
a707c33e-fc9b-434d-8cc1-21c0d5e2efef,Miracolo,1.0,13,163818,13.0,
d5de1c7c-bf98-45cb-bac1-2baaac9aebf1,Business,1.0,1,197142,4.0,f69e68fe-d597-41a7-9d4f-45158e301c78
820572ad-e679-41b6-8fae-2bef796d06f4,Scatola di Nike,1.0,1,168086,6.0,418573d9-ff6e-4188-981f-53fc32ba583e
a8802633-64ff-40b7-9a00-8cad4b6c92a0,Pelleossa,1.0,1,280000,11.0,ea3bdbe6-90cf-40b2-9330-3de056790bf2
4c0e092e-9e56-42fa-853c-efbb1cc9c7ef,Cappello di paglia e canottiera,1.0,4,191462,6.0,
fc5054ed-fa44-4227-9fe7-59be18a31c0f,Bone Thugs,1.0,15,172202,9.0,
bb5e4cf8-9840-4656-99bf-a0a2a49dc906,Faccio Muovere I Culi,1.0,2,193840,10.0,
df1127ec-c512-453b-8fe7-3730b9dde950,Faccio Quello Che Voglio,1.0,5,270293,45.0,
e8fadc41-b203-4712-92ea-2da855d985e0,Sporco,1.0,1,199840,14.0,0c076206-0750-402d-9409-305f6f403702
fd511b66-6e7c-4245-b083-08b41ea32b22,Honey,1.0,17,164868,6.0,
80e4faf5-1deb-4ae7-a2dc-cf36b88af1d5,AD OCCHI APERTI,1.0,3,143617,14.0,b999272a-3e58-4973-b3c8-062feae96a05
1e2b95e2-eb76-4bc1-9dcd-9a6b8999d4e6,​​adrenalina,1.0,6,208602,12.0,
50fb96c7-a2bf-4ccf-a58b-b959c225b517,Un Altro Bicchiere,1.0,4,189133,17.0,
3905f4c2-26b9-47f9-9323-7e99445412a3,Mai Arreso,1.0,5,252099,5.0,
9957fdfc-019e-413e-a377-a23e32b9a35b,Sole a mezzanotte,1.0,21,143089,7.0,
4deda570-e1fa-4b46-a78a-a2de67df8622,Oggi Va Così,1.0,11,243960,11.0,
0b525391-b905-4b66-9546-f4318bf47fe6,Vita da Re 2,1.0,14,190510,9.0,
f216dd78-1b44-4128-8528-787ef6b398a6,Frère,1.0,3,143465,7.0,
4aaf4edc-f1ec-43bc-b513-38e845849078,Dem a fight me,1.0,12,204105,6.0,
16a02a7c-da5d-4eb5-8841-8c9573b6137d,Revolution,1.0,12,238053,5.0,
510910c1-3bbe-419f-9462-7e99257aa532,Fiore Del Male,1.0,14,192000,5.0,
6dded911-1426-4324-ac4d-4f207615260d,Stanotte,1.0,14,168658,12.0,
e3cfe691-f934-4e93-ab8c-3b92c2eba7fb,Il ragazzo coi dread,1.0,4,190360,9.0,
0ceb4cfb-1378-4d18-bfad-5590fc9dfed0,Se Mi Cerchi,1.0,3,304000,12.0,
5918d685-356e-4c0b-a944-273511ad8031,Mona Lisa,1.0,10,163826,5.0,
199ac564-b148-4e77-bf41-3796621acd86,Intro,1.0,1,172293,12.0,
d10a93bf-22ef-4618-a1ed-97ebd3ff0d3c,Xxxmas,1.0,4,143693,50.0,
1473399e-98a2-4a23-ba0f-59c4cb4cfb11,Vita Da Re,1.0,9,225094,15.0,
34cdc977-f698-480b-b49d-251486975d8a,Spaventapassere,1.0,4,272866,5.0,
bdbdf920-b750-40d3-bbcd-5b7ee2542044,Immagini Ancora,1.0,1,173832,5.0,deea6f78-4ecc-4b58-95fa-293b9ecceac1
58a3b0e9-6d4d-478b-b321-4c7bcac0ecdc,Badman Paradise,1.0,7,239186,9.0,
32119d7e-b11c-4ce8-b57a-66d3bb54b9a2,Giorno per Giorno,1.0,21,374426,11.0,
fbcc3962-e6fb-4ed8-8250-7b0648c12388,Cosa Vuoi Da Me,1.0,7,201946,10.0,
1098a521-d39a-434a-9c0b-fe33f0e9aff3,Mi No Born Rich,1.0,13,191000,5.0,
f2a5678e-3c6c-40e9-b5ca-3ce6622825d9,Non Mi Butto Giù,1.0,9,264280,12.0,
25a1bb5c-2eda-4dae-9cf7-302a924add0f,​​passeggiata all’inferno,1.0,5,180847,7.0,
a0df4632-67a5-4db2-84fe-1e4271d02323,Jammaria,1.0,5,176360,8.0,
887ad8a7-9766-4f1a-a139-4aa6a34d7a04,Resto Sempre Qui,1.0,7,243145,5.0,
3723778d-d57d-4f98-8152-cde38f3d4e1b,Solo dei Miei,1.0,8,243088,7.0,
b0020b5f-4615-48c7-bbcc-0b9be0c37601,Money Again,1.0,13,167047,6.0,
3de74ef2-d6d8-418b-957b-27aec2355027,Music Time,1.0,5,225226,6.0,
98ba338a-9410-4995-8ccb-3a8317da563d,​​squilla il cell,1.0,1,201562,6.0,
600bc27a-1a85-4e1a-aa9b-95d6950dade4,Fresh,1.0,20,166625,5.0,
2ab3b562-a06e-4a8a-bc9f-2456ee5ddcce,Se Tu Ci Stai,1.0,5,183500,6.0,
efd35341-dd44-4682-b01a-044e4103b5b7,Il Faro E Il Mare,1.0,9,188000,6.0,
e13b3986-6a7e-407c-bfb4-f1f091bae84a,Non Mollo,1.0,3,161653,9.0,
6ba942a4-bbd9-4372-8591-4d985a697c32,Supermario,1.0,3,202000,9.0,
86f4698e-efec-474c-9d0a-86d69ea1d52e,Vh,1.0,14,229480,24.0,
0654e14a-af2c-4a8e-b08c-9e5c2075363e,La Colpa,1.0,3,208520,14.0,
a133d5b6-e6e2-4232-b774-e63695dbda5e,Miliardo,1.0,6,256786,5.0,
4207dfeb-f97b-4078-bb2d-d2f73a529e0f,Rude Bwoy,1.0,10,205000,7.0,
2f750021-2eba-4c10-afbe-213ec04a61b0,Niente di male,1.0,18,193713,7.0,
5122e55a-795b-49de-8306-5eebebfa8a32,Cash,1.0,6,159950,9.0,
95d0fd3e-14af-4ee0-bcc2-7c4cea91b931,Tu Dici Che,1.0,7,214933,12.0,
bfc0d1c5-5c1c-4777-94c1-9157635457cd,Bad Girl,1.0,16,218494,10.0,
fbc125b7-c339-4e9f-bac9-e80b1d4133b6,Davvero Oppure No,1.0,6,291626,4.0,
ae52fd59-c4f0-4a79-80af-0e21a4f6dbd6,Cronici+S.B.S (Tormento Diss),1.0,1,380000,23.0,
9fecfdf5-31f0-4610-a9f2-e22f153bda14,Too Rude,1.0,11,190000,2.0,
f8de7aaf-063c-40d5-bb9b-a990c2c18d7f,Rilassato,1.0,1,198889,28.0,
69dad93b-3243-482a-8b83-a41d1369e7eb,​​non è mai troppo tardi,1.0,3,184387,10.0,
52fa9388-a585-4fa8-9882-b3ae50fd6dcc,We Gonna Make It,1.0,52,243013,0.0,8231b9ae-2e9b-4184-bb2e-3089d8faf9a1
302665fe-45de-4ab3-9fb0-6dab7c0091e2,In Ritardo,1.0,2,206480,6.0,
73da2299-5f0a-4243-bcae-a7fb230c0561,One Shot,1.0,1,208666,12.0,078b79b9-bb21-473c-90a9-42fd567c151d
a89a940f-68f7-4bf9-bfa0-7f263118ce38,Crash Test,1.0,5,232000,55.0,
9795f6d3-8229-482f-b683-27e0302ae8a3,In Tv,1.0,6,217826,5.0,
deccca32-e293-452e-8eb6-68859dfc8aba,Non Ci Sono Più,1.0,10,210120,9.0,
e5f64535-4ef4-4d29-b57d-660409464025,Intro (VH),1.0,1,80013,5.0,
d843c1a8-1d91-43db-a613-46ae866fd477,Faccia a Faccia,1.0,16,216000,5.0,
e778a703-5a3c-40a0-976d-cd2405ab7f09,Patata Bollente,1.0,9,170000,3.0,
59a6aebb-e203-4757-a205-6ef41cb6a487,Illegale,1.0,3,185920,5.0,
bc0a233a-2e60-497f-8612-73d2f0614af2,Outro,1.0,15,223946,7.0,
eb85c538-3600-40f0-85d3-d8ad43f5aefb,In Silenzio,1.0,12,220693,9.0,
b29c6133-fb51-458f-899a-8d5dff3dbe4f,Pupazzi (Bonus Track),1.0,1,236777,1.0,694c8353-47c1-439d-9e08-8589aaa26e28
d93f7bc1-eff6-48c8-9528-392431246d38,Dal Fango Alla Gloria,1.0,2,193493,7.0,
ffbc4eb4-8f93-494f-939d-8e86aab2d648,Dimmi Di Sì,1.0,12,192373,6.0,
6af874ed-e8ec-49a3-a8e6-ca926855f0e1,Easy Bredda,1.0,8,155000,13.0,
65cf9529-02e9-4755-902e-0f2d84bf777d,Niente Per Sempre,1.0,7,280000,3.0,
4b383071-446b-42aa-a485-8df7462d03c4,RICARICATO,1.0,2,181569,19.0,
60d2f05b-67b3-4413-b0ae-560a1ff76483,The End,1.0,16,184000,4.0,
21baafbc-8185-4be8-be32-0b3e5af6e7ac,Tutto da Me,1.0,3,230093,45.0,
a88ce5b9-e22f-4793-9458-42d20e7f5d7f,Un Viaggio A Metà,1.0,15,218336,6.0,
aa5ed57f-72d5-4530-a756-3be3fc3748e9,C’Hanno Fretta,1.0,12,230156,7.0,
e023446e-01f0-4064-b926-983fc53bd704,Passo Dopo L’Altro,1.0,4,242653,9.0,
1369c092-47cd-406e-ba12-30f1bcbc7898,Lo Show,1.0,17,178213,5.0,
3cdb5006-ba9c-455b-8b59-4675889a2846,L’Artista,1.0,15,190613,4.0,
35b767a3-cbab-4cea-8eb4-46793256819f,New Balance,1.0,1,192201,30.0,fbf5f52b-bc34-4426-a017-b6999b51616d
914d900c-aed5-433b-bdb6-093c48de39c9,U Neva Walk Alone (Inoki Diss),1.0,18,147226,10.0,5d74ea3f-ae67-4a5d-a3f1-430b39f9d8e5
72c2d78b-a731-4f83-9fec-cd7454041f13,MR SLOWFLOW,1.0,5,226714,8.0,
c5af1820-aa65-4f49-bf5c-8ab371e734b0,Musica per sordi,1.0,1,165450,37.0,
f9e4f2c2-9e44-4b8b-999a-ac5452e32b6f,Magnum Mi Seh,1.0,10,173186,2.0,
d790a5e7-158f-4f09-9f87-9aa349f2f387,Randagi,1.0,12,159000,5.0,
df08b34e-955c-4a55-b88d-f292d42c60bc,EMPANADAS,1.0,4,210024,9.0,
2c1d6e2c-5914-499c-9c78-d90471b71ec2,Non Mi Conosci,1.0,8,206506,4.0,
b29825f0-60b1-4448-b81d-ebbfed464297,Doble Cara,1.0,1,181569,26.0,ce4ca3cc-1bb2-4157-a5fb-f9e2594ee89a
224c3027-2ab0-4486-bfb9-9541f1f814c9,Sai Che Io Ho,1.0,5,201480,7.0,
bb06374c-c7d0-496c-ba92-be2ef8edc2fa,Poco Di Buono,1.0,5,242504,33.0,
6fa931f6-73d5-488e-acd2-0e08791b6483,CANDELA,1.0,9,149500,13.0,
4482bccf-68f8-46fb-94fe-4c2365edc3ff,Nessuno Ci Vuol Credere,1.0,11,244400,3.0,
04e3fde3-bd00-4458-a5c1-de59ef56e4cd,La La La La,1.0,1,194990,27.0,5b057cee-e4e9-4b8e-af89-131e9881693f
78cbd3a5-903a-4f4c-9032-feff2c0e3608,COD HUSTLAZ,1.0,15,207546,4.0,
00de840b-6158-44d0-a192-dde1c9686fce,Beautiful Loser,1.0,4,230086,3.0,
c25148b7-20f3-4d52-92a6-ebdde35eef91,DICKIES & WALLABEES,1.0,6,322083,11.0,
f89d16cb-f6b1-4034-8af6-e4e298960d12,BOOM,1.0,7,150918,13.0,
87c3b65e-a33f-49f1-9562-29e6814732f9,INTRO,1.0,1,172293,12.0,
c60030bc-017e-4a53-a2ea-a5956e51de50,Sogni,1.0,10,202706,5.0,
9b516216-be4e-4cf9-8e83-4e74b0f10947,Ballare,1.0,13,246306,4.0,
964c0e88-f0e5-46da-8379-b6726048e5a6,NEOCLASSICISMO,1.0,12,243238,12.0,
70a07c01-6114-4b59-b493-401793a7bf3d,Dritto Per La Strada Mia,1.0,5,220078,3.0,
81265255-56a6-470b-8c09-14d70350d80d,"Avanti il Prossimo (Fadamat, Suarez, Inoki Diss)",1.0,1,234000,41.0,
528d6543-111a-4bec-bfd0-1b92fd044e5f,SOTTO CONTROLLO,1.0,7,229093,14.0,7902b3b0-57b1-4524-a47f-276be408de2a
ef6ebeb6-7363-4aa1-9e74-1ec5f049b93e,Nella Mia Fossa,1.0,8,260086,3.0,
7d7d508f-30bd-465e-9e4b-9aa8d313902a,Mi Spingo All’Eccesso,1.0,10,205101,3.0,
8eede730-751e-42fb-9231-46fd74b4185b,GIORNO DI FESTA,1.0,11,291869,5.0,
0720bc3b-7fa3-4abe-8fa2-382d3cf40114,VALORI TANTI,1.0,10,270961,6.0,
97d28588-cd87-4d99-a3a8-d4fccb64022b,ALL YOU CAN EAT,1.0,13,192333,12.0,
445e865f-b584-478f-bca5-d7b95c186c44,Fresco Rmx,1.0,7,230086,2.0,
99a1b267-6e60-4bea-9a41-dfa9b4b1d106,Testa Dura,1.0,5,183440,2.0,7fffc12c-0d41-4413-9eae-9eb35be80b38
82b8b234-870e-4e76-96c2-b909e7abb248,Io Non Ti Chiedo,1.0,6,185086,2.0,
8313ec6b-34f5-4c26-8fca-8ce30204ace8,Neva Give Up,1.0,9,215413,3.0,
7eae4058-096b-4fb8-8ad5-14862c882b9d,Terzo Capitolo,1.0,1,136409,23.0,35b7154e-b71f-4c41-9e07-e55c5de32c31
c7e73d46-502f-42c8-9fd9-1fd9e7360a48,Fragole & Moet,1.0,10,187360,1.0,
462a79b7-d5fe-423e-a04c-7f2b33f2e65b,Organizzati,1.0,12,190055,1.0,
7767c914-000d-4072-a54e-6e68fda078cd,Immagini,1.0,1,173832,5.0,
44167fcf-a5ff-44c8-8d01-7261ea65d3f0,Invincibile 500,1.0,5,270293,45.0,
a9c297d3-60ad-4c74-bf45-c17652b718cf,Cerco Sempre,1.0,4,205080,4.0,
917bcadd-98f9-41b2-b36b-f055e0f859b9,One Blood,1.0,11,204853,14.0,
be9aea48-70ac-4df6-84ae-0fa24082db5e,Voglio Farlo Con Te,1.0,1,254641,1.0,2755b2b6-8464-4d52-a1af-b3fbfbffce10
98b85eb0-8601-492f-8acd-92f31211e47d,Castello Di Sabbia,1.0,13,175440,2.0,
dc7c9a1d-d6cb-4f3b-8355-82d0df4b05e2,Cento Passi,1.0,3,163213,1.0,
6612fdbf-5b08-46d7-8ee0-8f1c20b4f1db,Trecentossessanta,1.0,12,201453,2.0,
69670dd8-5e6a-4600-bf33-e54874199f3a,Intro (Get Maad),1.0,1,41800,0.0,
ff45e81d-b70b-472c-851d-d6e922272050,Welcome To Quarto,1.0,15,211520,17.0,62306e84-6e32-4100-bb2e-a12def94ed05
675ba199-598e-4dfc-92c3-438529d10041,Red Zone Freestyle,1.0,15,311826,29.0,67e347f6-ed18-4e13-a1f1-5653cde02833
e35a32cb-a4ff-48d6-bcf8-abd2e211b11b,"Cracovia, Pt. 3",1.0,12,174750,52.0,abfa5467-29f9-4c36-8ef5-e86875b1a390
60cd8cc4-9bd8-4ba8-8894-784ac1ba4374,Cracovia Pt. 2,1.0,6,174750,1.0,fb2a88bf-66e9-40a2-9f77-a6189fa21021
7510c3ed-194c-4969-b39a-86c2fd8f9566,Apollo 13,1.0,3,223275,41.0,
a97ba59b-83d0-461e-aa9e-f34b244db4ab,FIGHT!,1.0,10,168000,37.0,
2151a481-d990-480d-a934-1232b79a0c70,CRACOVIA PT. 4,1.0,1,190434,41.0,27a98ad7-edd0-4216-8206-c2cc3b6be7ad
d38f3bfe-e088-4ed2-85a4-b6170b7f1ee7,Te lo prometto,1.0,15,184968,52.0,
19fd4fd1-7707-40c6-9b0e-b8a9b979f019,Vivere Da Morto,1.0,5,195291,61.0,
b510778c-f16f-4b58-baf6-b1ed738ed93e,Farfalla,1.0,9,183449,36.0,
32a1c2fa-4038-4076-bcbd-81c4b2cc3003,ROMA,1.0,11,150130,45.0,c2aa7ceb-20e6-4126-a637-13f63e25e3d4
f9a92679-b0f4-47d2-88c2-a4212a57d5db,Le vostre madri,1.0,1,165333,34.0,069ea877-e0f5-4819-9dc6-8d5a1b3290f1
efd23f4f-bd28-446c-9a00-5c1586d9dde2,Il tuo nome,1.0,2,170588,48.0,
9e351455-8d25-414f-9c1e-519c71e01850,Pioggia,1.0,6,170174,42.0,
c65d7bd5-f85b-4fd5-b78b-9c91565d2cd3,Tieniti Il Resto,1.0,14,290683,1.0,39507f15-95e4-478d-b81f-a063ced20123
71383263-2627-4cda-a051-18f892acbdce,Per chi non ha un posto in questo mondo,1.0,1,193007,35.0,
de6cbb8b-b657-43b8-bcda-898ceb2e1417,Tegole,1.0,4,192457,49.0,
c4dc801d-cdf4-468a-93a3-6d6c06aae312,Black Bloc,1.0,2,152333,49.0,
bfbcfd55-420f-4f2d-ab91-f432889d1e94,Io non sono come te,1.0,5,191367,29.0,
f7447376-39f2-4e2e-954c-763eb411f486,Io Diverso Da Loro,1.0,8,168000,57.0,b60f1658-f0db-49a7-8e8c-770ce0381b53
32c29250-397f-4272-9981-8b7e4f122cd9,Grattacieli,1.0,7,206367,34.0,
ed109c48-261c-4522-83e7-a8112cfbb29c,L’importante,1.0,1,216407,45.0,6feee1ce-c81d-4561-91e4-d7780089bc00
0834cb31-1417-408c-aff1-4cab7e3aa4e7,Beethoven,1.0,8,194997,37.0,
ab65b507-c06e-4a75-8045-029c8a2d520f,99% FREESTYLE,1.0,2,191000,15.0,
de8fb935-50d8-4283-85c7-a09f8270ef9d,Cracovia,1.0,12,174750,52.0,
83f903d4-aeda-4cb6-89dc-627b64f3e2a5,Soldiers,1.0,1,145000,44.0,7cc84e06-a44c-44ad-8f0b-d3a9d8dadef8
c7487375-f93c-4c80-8af1-e83a7315f74b,Oltre,1.0,14,183046,35.0,
038ac6be-ac40-4b6f-917e-793179806bef,Bella Guido,1.0,1,216699,33.0,7b77de77-b8ce-4c03-ad6c-d5ce4a52ef98
091942ab-f4bb-4f52-9790-31375f478bf1,66% FREESTYLE,1.0,4,96300,60.0,7f82afd9-de88-4953-85a5-bf7a1eff812a
3b2330d9-04a6-40a5-afbc-74ec2bc77db6,CAMMINARE SULLA LUNA,1.0,1,191907,47.0,
ea733f23-baa9-49b5-9d5d-164865966eb6,Intro (Cracovia Vol. 2),1.0,7,186973,25.0,3689942d-7a29-462d-b94e-11024595c189
4d45ce5e-5920-4532-95b8-4f2fe2094294,Sogni e incubi,1.0,11,223124,29.0,
46dcc559-65c6-4973-a3dc-8fcb9238c349,Buchi Al Petto,1.0,5,131944,0.0,fc58670c-4886-4dee-b5d3-63d3d509996e
0745f25c-d3ab-4b2c-bd05-a839edbd9450,America,1.0,13,152478,31.0,
36b344a0-5680-4407-8769-bf372767874d,Fuori è notte,1.0,1,172875,48.0,e7fb7996-2213-4410-a0ed-f3d5a3369829
6ab2a608-019c-4d2d-b7c5-10e1030fc4bb,Guess Who’s Back,1.0,1,193090,41.0,324a7d1a-7660-49c3-884a-fe3517c881b1
7e598ba7-5363-420c-b40d-7d56e20ff8b8,Warzone,1.0,4,193950,37.0,
c4d91c86-a1fd-4ee5-9483-de2871a81a95,CAOS,1.0,6,187397,41.0,
3a529a93-90ad-4a87-9b75-3169c47aaf80,Scusa Pa,1.0,7,205125,58.0,
968a1d06-68c1-4a27-befd-704885451b02,A VOLTE,1.0,3,162725,48.0,
085b0a43-c9d1-4caa-b86b-e408a86d3f46,Stammi bene,1.0,11,151384,44.0,8e85f3a0-7166-46e7-8548-479392abfe42
466efe07-24d3-4f3d-a755-379cdf2342a6,Cavalieri Dello Zodiaco,2.0,14,208480,39.0,0c011a89-d1a4-4cde-be3a-28522abf1704
f19cf33d-42e6-4af2-955b-80f0d69431b2,Solo,1.0,3,128000,37.0,
cd68fdf4-9cb1-4466-9c39-4c8b924b7571,Il Cappio,1.0,4,172592,57.0,
267231b4-831a-4b35-94e6-b8d86eae245e,FRAGILI,1.0,2,189193,53.0,
1d018aee-c711-407e-9bd3-abc903e8a900,OCCHI TRISTI,1.0,1,165000,52.0,2aef4f9a-3aa5-4d56-a6d9-16f8bd09369d
13d77cd9-d43c-4965-8316-3228dd58f9af,33% FREESTYLE,1.0,4,96300,60.0,
f7675752-fa82-4087-8b8b-598da065876e,Scomodissimo,1.0,6,176999,74.0,
80abcf9b-f3ca-4881-b64d-9cd68e3201d8,INVISIBILI,1.0,2,189193,53.0,
f6d25ca0-ca3d-4312-a0c0-3d0084c957eb,AMEN,1.0,1,182400,34.0,
a92e1f19-a755-44f9-a7df-0268ab03ba19,Fari,1.0,3,192574,36.0,
2261cf8f-a44d-472a-9878-b6cbb088c312,Outro (Campione),1.0,3,171025,45.0,
de5d638c-3ced-447e-9206-34e55b625f48,I Muri Tremano,1.0,2,160496,38.0,3519df64-0c65-46c2-908c-7781144dfde5
056f16a4-31f4-4ffc-818b-b08acece9ac3,Intanto Cresci,1.0,1,239769,0.0,3b1566f8-763e-417f-b4bf-d8ebfc5a8722
89af13ba-0c91-4096-b3ff-9b0539a95a4a,È strano,1.0,2,181200,39.0,
d50794c9-5009-4344-a78f-ec7c8d11f168,ROUND 1 FREESTYLE,1.0,5,290703,34.0,9f9b0ae3-f1c8-483a-8872-64f3b1df5181
d009ade1-aa46-45fd-b515-fd7706e54ea5,Fuori I Denti,1.0,1,289090,61.0,e9a28587-64f0-4c4c-b074-00a6201936a8
71eb12cf-b824-478b-8d9f-992b601c3213,COOLIN BREAK,1.0,8,180000,33.0,
5d5be14d-6b17-4efb-87b8-199093a44826,ROUND 2 FREESTYLE,1.0,8,187890,14.0,704c7145-23bb-4cd1-965d-badd749feae6
4950a528-fe0f-4346-a4d2-6ec107600250,BIG SHOW,1.0,4,182044,31.0,
59cc7c3a-4e70-49de-86c9-f7bdf9c4c501,CANI RANDAGI,1.0,1,174666,57.0,3609871a-9799-47dd-97de-c847f549fb48
05c99860-57ba-421d-8fdf-30cdbcc24a88,LETTERA A MIO PADRE,1.0,12,235200,28.0,
8c879002-4397-4197-bf9b-9519303e59cd,Fuori Da Qui,1.0,1,211647,73.0,
de3e8745-c2da-4496-83ef-e7b96062a034,IL CORAGGIO DELLA PAURA,1.0,10,174545,35.0,
b7ba7987-1e02-40a6-85eb-9efad19f934b,Intro (Cracovia),1.0,12,174750,52.0,
4b36e3b4-8217-4e7e-bcd7-e49348921d0e,One Take FM Free Mic,1.0,12,239551,16.0,
2064460a-dfec-4147-a28e-92121842b2df,Quando Reppa Guido Pt. 2,1.0,7,144000,0.0,0e5b83e5-e4af-478c-a4c6-2d7597660e24
e051e4bb-3a9b-4d28-8fca-835a4636c3c5,Temporale,1.0,6,164250,38.0,
64435f9a-5422-4f39-8b9e-a326d468d684,Ora o mai più,1.0,5,153600,35.0,
729ef277-adbd-4715-be84-cbb6b721c8b3,Zero Rimorsi,1.0,2,154500,35.0,
6ea35430-ecff-4b24-baf8-8b07a9cf0b6b,ROUND 3 FREESTYLE,1.0,8,187890,14.0,
81771fe3-74c7-44d0-b543-0391b4519ddc,BLACKOUT,1.0,7,186000,31.0,
59513371-627a-4d27-94dd-ca7e6b7cdbd0,Red Bull Posse,1.0,1,175200,61.0,63d77216-6691-4cf1-b8a9-0dac72383dfc
eff61a25-191c-46cd-9e7c-171b43d93151,TECHNO FREESTYLE,1.0,9,146880,29.0,
1fd1ccdd-7ba5-486d-ba30-218d7ea6a026,One Take FM Free Mic [2023],1.0,12,239551,16.0,
bab4f6c2-dd11-4bf5-a8ff-7055a2dc5fa0,BOOGIE WOOGIE,1.0,1,193187,37.0,cf3cf584-2368-4490-ad95-40f5703ab8ff
0fdda751-0bff-41a5-9065-68927a8d9ca7,CERCAMI NEL BUIO*,1.0,12,207346,68.0,
498407ad-e429-4220-8fa5-9f8372676fe7,OTHERSIDE,1.0,6,176999,74.0,
31243b5d-a294-4e46-bb4c-32455773ba4f,OFFLINE,1.0,1,165120,39.0,a5f266b7-f89a-4724-ab43-3a5b020d5d4f
40656b45-63c5-4a55-86c9-cc97c51b08a8,Lo Jihaddista,1.0,6,176999,74.0,
868b046f-4880-4672-bc6c-27ea88a4586a,La Strumentale Nera,1.0,1,184848,59.0,ac664cab-1c2b-49ac-a698-91006091aba8
f6d354d1-c0f6-4ea9-820a-7a5f9a621975,INTRO (Cataclisma),1.0,6,176999,74.0,
960c23d5-063b-43c2-86af-b27fa8b5598e,Dimmi Come Fa,1.0,10,175293,69.0,
04922ddb-50f0-4c71-ade3-2b087e70f776,Il tuo nome - Acoustic Version,1.0,16,177494,33.0,9ad3265f-1f93-469f-ade9-f925c3081ef9
c51a84c1-f0d4-47c8-bd77-f011490282ad,Probabilmente Non Sanno,1.0,9,277173,13.0,4f9d0061-cb2b-4eae-9fb2-8334cc65da6a
dfc30566-28af-4965-8405-8639907cc00a,Quando Reppa Guido,1.0,5,176000,78.0,
74c7754c-0d85-4a2c-a3e6-b3309fb7f10f,Freestyle 7,1.0,12,207346,68.0,
073e0bea-36a6-4ce0-a7ed-6c7b23953cec,Il Cassetto Mio,1.0,9,193043,67.0,
d526a6f8-4f17-445e-9796-5ccfbb3e706c,Terapia - Episodio 1,1.0,1,138829,67.0,9126eb75-03a0-430f-92ae-c101a2e12062
5a6d1501-51e9-41e8-a862-994aa6c592c5,VICINO AL CUORE,1.0,1,181611,65.0,a796e9fb-8bad-4683-ad19-e444d3e68e4c
e407c050-e882-432f-9b7b-f64f2aa13fba,Grizzly,1.0,6,181786,43.0,72f3d72f-0f13-442c-9000-0875343c4cce
c6c519e4-5a58-4c5f-afdc-a7668fc56835,COVID FREESTYLE PT.2,1.0,7,141791,2.0,
ed37ab01-ac76-4046-ae84-f01e2fdcd060,NIENTE CHE NON VA,1.0,4,197446,70.0,
8244292e-4619-4efd-a92f-b1b5ab064ed8,Outro (Cracovia),1.0,12,174750,52.0,
8e356b6f-fe10-410e-9760-35c261f02eef,MAI COME LORO,1.0,12,207346,68.0,
be334257-a4a6-4d32-9f57-7125952f9896,Il Tre,1.0,4,187973,88.0,87e7bdc5-a181-488e-8ea9-1b6c99e2d537
1e61e78f-4554-4981-bb2f-fea3092a37c7,DOVE VAI,1.0,2,202573,59.0,239c9696-0bf3-4db5-88ff-0b040d97c2b6
662c1a79-9088-4a5e-868e-c007ea4e4969,COVID-19 pt.1 FREESTYLE,1.0,1,118235,22.0,ce43f862-afd7-4505-9a81-698c70898e0c
45fbe69f-3901-48c3-ba17-dcfad685891a,Scriba,1.0,6,176999,74.0,
76780b2b-2987-4c49-9e6e-d07508618775,RICCHI D’ANIMO,1.0,11,227693,69.0,
c51b9a1a-0905-4714-8473-ee14ef3311d2,Nemico Pubblico,1.0,1,187293,55.0,7fcf5548-35cc-4f6e-af38-966c7114c086
ff69e463-24a7-4284-b724-6e019663942c,Prima Del Tempo,1.0,6,176999,74.0,
69ed2f96-3211-4876-8ff1-065f0d9d4c1a,Il Saltimbanco,1.0,3,197600,27.0,4b8ce7b5-7cb0-4fb8-8106-bf1941e5251e
4112de9a-d6c5-47d7-90e7-a5b95484c29d,Inedito 1 (One Take),1.0,10,222133,52.0,
5a27d067-a3d0-428e-93ee-3f7545f652aa,Don’t Duck With Me,1.0,1,141813,3.0,2cdcad56-4ffb-481e-b29b-a8e6b6c4b139
cc1962be-c670-4be5-a251-1d7610402f32,L’HO FATTO,1.0,4,197446,70.0,
fdc4f45b-be0a-4ad5-bf4d-e0334f20bdb7,NON HA SENSO,1.0,3,235186,0.0,6e573b97-b3b9-4440-86b4-f62775c7c039
be503a85-c9e5-4096-b380-acecb238ed43,IL VARCO,1.0,3,112146,21.0,2e1e2bdd-461a-4934-917b-4808a3797f5e
f05a919c-16b8-404b-a96e-eb9bc4a4098a,Devo Staccare,1.0,1,147963,1.0,a3598333-78f8-4bfc-824c-4213859b16f3
3fdb35f5-bef6-4492-9447-b5d7e26695f2,Terapia - Episodio 2,1.0,2,250146,1.0,a749ce1f-5b4d-4bfb-83fb-556f27bc2c30
dbacbaed-75ad-4e10-85df-5eb1867a5652,Type Beat - Endless,1.0,2,139888,61.0,
1902de92-e915-49b4-91e3-dfccc5932e62,Inedito 2 (One Take),1.0,1,223392,1.0,7d7d34d1-3c91-4626-8fd0-94db07b7061b
89f4b356-1653-4c78-81bb-725d3ccf4525,Freestyle,1.0,9,146880,29.0,
20eab4aa-6b8f-4321-bcf7-80b26b31ff17,FRAGILI - Acoustic Version,1.0,1,187066,25.0,cacbf440-f122-46ec-8be3-631402db670e
cc016ddc-f01a-4c25-806a-4bea6760957e,Canzoni in un cassetto - ep. 1,1.0,5,176000,78.0,
25c9ee01-e8ec-4b8f-9491-1b3ae4d2f52f,LE RAGAZZE DI PORTA VENEZIA - THE MANIFESTO,1.0,11,210893,30.0,32d92a7f-8c07-4247-b84a-9d56043986a8
5bd17ed9-0220-41a4-9131-507ddf0830d3,UNA DONNA CHE CONTA,1.0,6,226906,82.0,
e921bd71-bd4e-41b1-81f3-32c09a87f324,LE RAGAZZE DI PORTA VENEZIA,1.0,11,210893,30.0,
3e61616e-ef03-4503-9d57-ced19e96bb86,PAZZESKA,1.0,2,179077,34.0,bc3f6e53-0a80-4a4c-a307-b8896987ada6
4ea2c47b-8a50-4ab7-95e4-68ee67e41427,MILANO SUSHI & COCA,1.0,2,179077,34.0,
7ff4b4ad-f682-4d31-bf1d-fc7ae1c40ccd,XANANAS,1.0,2,179077,34.0,
c473fab8-a986-4315-b471-fd10582ac00d,BURQA DI GUCCI,1.0,6,218946,20.0,
6d6ea918-8b6c-4c8e-90ea-f32b2985a7f7,IN GABBIA,1.0,1,203859,57.0,9611f9bc-4e48-4aee-a581-cbe4da9a80fc
22df875a-c31b-4b2a-a920-ff1c0701d10c,100 ROSE PER TE,1.0,8,180293,24.0,
13931bcd-1154-4260-bbb2-bc2451296f29,UNA VITA IN CAPSLOCK,1.0,15,281600,10.0,8238bbf0-7457-4324-b65a-45c963c3f81a
aa4923fc-781f-4abc-8ab7-4366d639c5bc,FINIMONDO,1.0,2,179077,34.0,
e4bb6776-8a25-4ad3-8fb2-3287121e3e16,MAIN BITCH,1.0,4,209453,20.0,
c0faaefe-2814-4819-b597-84241bf95acc,COURMAYEUR,1.0,2,179077,34.0,
d9d57e01-8552-4ded-8acc-647d600ce086,PIENA,1.0,5,191999,70.0,
add72845-f58b-484c-aa9d-73d76e5fe70b,MONICA,1.0,2,179077,34.0,
68b73c4e-578d-4dcb-9cad-6081993270a1,LE FAREMO SAPERE,1.0,14,178268,24.0,
04001e83-7ebe-4342-8682-e461f3339cce,BATTERE IL FERRO FINCHÉ È CALDO,1.0,2,174240,17.0,
83bcee59-8c52-49ab-aa38-94cb63f32500,TOP,1.0,1,222504,5.0,753ed7a9-9d37-45ea-a22e-de4a64a88dd8
9106e3eb-a1c9-4437-9667-f9414c3d811d,DIANA,1.0,2,179077,34.0,
a48318a5-85c9-4ba7-92ae-094197beaede,BASTARDA DA STARBUCKS,1.0,2,179077,34.0,
51fe95b6-4602-4423-967c-f5b799b6b2cb,GIOVANNA HARDCORE,1.0,2,186190,33.0,a60fbb59-69f2-4806-8b48-73c7d963c2e4
d11ec05a-73b6-413e-9e64-bb459870bf1a,#FIGHECOMEILPANICO,1.0,2,179077,34.0,
def41f57-8658-47de-bfdb-b9055529d2be,BOTOX,1.0,2,179077,34.0,
0421986e-36ab-4088-aed1-1310db696ef6,LA CASA DEGLI SPECCHI,1.0,13,178293,28.0,
9a593172-9b48-4b36-9457-f1d1e74dc71f,GMBH,1.0,2,179077,34.0,
027f14a1-afb4-44e4-8739-52096e59b21e,PROFUMO,1.0,2,179077,34.0,
d2ef9845-3f24-4773-aea3-5c9799ccf795,FA PAURA PERCHÉ È VERO,1.0,5,191999,70.0,
ebd878ad-662b-4ad7-94cb-46c7ff010eb0,B.O.N.O.,1.0,13,175866,14.0,3c234fb9-5542-4207-be9b-45a1cbe088f6
1ec2262d-dbd7-44ae-a928-ad6048eea2fd,RIDER BITCH,1.0,8,175834,37.0,c1c4dc68-a526-4e49-9fae-fa7c1866f177
91cffd7a-ca75-4a44-88d2-a23151394ff6,COL CUORE IN GOLA,1.0,4,144000,61.0,9ff199c3-1b45-4c23-8a1f-ec547381d421
9132e383-631f-4bc7-8393-d451a9133b25,LO VOGLIO FARE,1.0,15,281600,10.0,
14c7a82b-8a4a-4db8-9bab-9314346c5ce2,160BPM,1.0,2,179077,34.0,
aeec580a-35b4-4591-ab6c-0d5d52ea3e5c,IRREVERSIBILE,1.0,2,179077,34.0,
9f07f7bc-454e-4b29-8d66-64526aa84e0e,MUSICA ELETTRONICA,1.0,3,228826,46.0,
edd75e5c-05b3-4f55-a1cc-8d443ab241d0,CLIQUE,1.0,2,179077,34.0,
38a643ba-6473-41ee-ac2d-2e5290c04d28,SPLEEN QUEEN,1.0,4,209453,20.0,
038348c7-71ac-46ba-a9fe-d05108a2e32b,MORTACCI TUA,1.0,2,179077,34.0,
a009696a-e42c-4a6d-83c3-e747423138d8,GOLEM,1.0,2,179077,34.0,
d16846ce-5f66-4c31-833f-ca52b001dbb1,ALSO SPRACH ELENOIRE,1.0,16,258023,5.0,bab473d6-409c-4734-afe1-874ada033187
fb7c4f7a-8f26-4f43-91cf-bdddf80912ec,SCANDALOSA,1.0,2,179077,34.0,
4d641bf1-8c60-4065-b609-0caca63d86f6,MEDITERRANEO,1.0,2,179077,34.0,
4ace812a-f6f7-4d1e-84f9-c9567bb2c6b0,ULTIMA BOTTA A PARIGI,1.0,11,149373,11.0,74e17069-d9a6-4484-8ad5-61ed7e67336e
938f7ecf-622b-474e-a9fc-651a8149b168,SERVIZIO IN CAMERA,1.0,1,178604,11.0,c64587b4-d347-4301-9555-5a6d96dae2a4
9fd38522-8670-4d6b-9ab3-86b3ed6577e6,NEVROTIKA,1.0,2,179077,34.0,
462d20ea-6751-4488-96bd-c342ce925b24,CLUB TOPPERIA,1.0,2,145304,20.0,e3940052-a565-4f3a-843e-36bec7a68ec1
9c8c97f7-e4fb-4add-b786-530e0557e347,BLING BLING,1.0,5,191999,70.0,
5b80515a-7001-4cf9-8aff-232574d6a526,QUALITÀ/PREZZO,1.0,10,202318,12.0,
c293faa1-a940-4ad6-b6c8-d00308c3a393,VOGLIONO ESSERE ME,1.0,1,156714,60.0,
292e4b50-6063-4809-b02f-6e8e143f8cbd,ILLUSIONE DISTRATTA,1.0,2,179077,34.0,
baae2b45-9741-4d00-bbfd-281b6fcb841c,LE RAGAZZE DI PORTA VENEZIA (Versione ferro e fuoco),1.0,1,214810,46.0,51398d59-6002-40d7-b1f6-c94aea69a738
5d319fa7-bd80-488b-848c-397138ac29f5,L’ORGIA DI M.G.,1.0,15,281600,10.0,
94bce629-1538-4ee2-9bfa-6f8b6f0348b0,LA SCIMMIA È PAZZA,1.0,5,176000,78.0,
222571b5-837b-43e5-a018-2afe9d9446fc,ECCEZIUNALE... VERAMENTE!,1.0,2,179077,34.0,
cc7c068e-e82d-4872-b647-bb201e8cb828,IL CIELO NON È UN LIMITE,1.0,1,155532,79.0,
ecfaf809-46c7-4f3d-a881-13b27f8732e1,FACCIO CADERE L’ORO,1.0,6,200214,68.0,
444cdd57-377a-412b-aa8a-ee8c2a471beb,DUE,1.0,15,281600,10.0,
0e0d3106-3b0f-4318-bb7d-9d48ca44ea71,AFTER AMORE,1.0,2,179077,34.0,
d4a74e0c-fd17-443b-9988-20854f1623e1,PROSCIUTTO PROSCIUTTO,1.0,9,173283,22.0,
56945a81-2393-4f80-94e6-3962258ae7a9,PHOTOSHOCK,1.0,2,179077,34.0,
4fe9477e-694f-4dd1-894d-2a7bb7cf54bf,STRESS,1.0,2,179077,34.0,
b3af70e6-6172-413a-91e5-72b4938aae4d,SPAM,1.0,2,179077,34.0,
5e4dad53-fca9-4f69-878b-2a93b72f6779,DIVORZIATA,1.0,2,179077,34.0,
2e5bf522-d8f3-4b18-9c5d-73bd1f073767,MIRIAM,1.0,2,179077,34.0,
08a96ed2-563b-40df-ac01-c50bd761b5ce,CAFONAL,1.0,2,179077,34.0,
ef70909e-7b9e-4b8d-a414-66eaff7c59ce,PROBLEMI DI COCO,1.0,8,142615,69.0,
220473f8-90ab-44af-9289-6b96af2116ed,XTC,1.0,2,179077,34.0,
08a12252-d7d5-4929-9d6d-0f23bbeccc44,L 02 E FREESTYLE,1.0,2,219053,36.0,
cb75ed62-4150-4247-9cd0-662ac0d0a704,INFERNO,1.0,2,179077,34.0,
db216f55-0ce9-4f02-85f1-23fc7e1f4fc9,SINNER,1.0,2,179077,34.0,
1213c9d5-f553-4051-8a44-469bf6e55fd6,STUPIDI CUORI CORRONO LIBERI,1.0,5,147450,24.0,
6b22ca2a-59cd-45c1-b9fa-00b01ff01591,LES MISÉRABLES,1.0,4,203326,2.0,6f2fed8e-4ae8-4626-b5d2-5f436b443d4d
6e04c20f-3a79-49df-a64d-65185cebf5fb,L’ANGELO DALL’OCCHIALE DA SERA,1.0,14,203973,20.0,
cf78c9c1-816f-4a1a-aacf-39b8c2822952,VENDETTA,1.0,2,179077,34.0,
57437ccf-2743-42ed-afe7-46f08c7662f4,UNA ROSA A LAMBRATE,1.0,6,176999,74.0,
e8a6a9ac-6341-484e-89b3-1b39a5e1131e,M¥SS KETA ♥ PEGASO,1.0,4,209453,20.0,
8fc1849b-d970-4d8e-a7e3-d8483614bcb4,IT GIRL,1.0,5,232000,82.0,51969f94-ed30-4d65-abc5-2cd353988882
d1bd1d98-7a81-4cdb-90bc-517300035bd1,CONDANNATA A DANZARE,1.0,1,159750,23.0,51df9741-5ba2-4bad-8c9d-a9e43987bd62
8eab56d7-79d7-4c52-9585-e00b15a22fb9,STRONZA CON VISTA,1.0,11,182866,24.0,2e6ef09c-f3d1-48b6-9ce0-534df2e3b1f5
a7f7d6a2-ae1f-49d4-9814-3c48052ea5a3,LEI,1.0,15,281600,10.0,
9c23628c-b841-4e40-b63b-47837283c7b8,MOVESET,1.0,2,179077,34.0,
a81e873d-a5b3-47bd-9d04-b4daf8245045,SECURITY,1.0,2,179077,34.0,
0cc23edc-bb87-4e6d-aa74-2ee821956fa8,SCANDALOSA RMX,1.0,2,179077,34.0,
ace53546-8f07-4546-9b34-03accc88112c,INTERMEZZO,1.0,2,179077,34.0,
79f41809-1291-486d-ba04-4da135dabe34,OUTRO,1.0,2,179077,34.0,
866186e8-b011-431b-9b6c-88fcc44cdd59,INTRO,1.0,2,179077,34.0,
e77b631b-88e3-43d4-8fc6-7ca229804a95,LA CADUTA DELL’ANGELO - Intro,1.0,2,179077,34.0,
e2c02483-baac-4871-9410-9c3f18571c63,SKINNY LEGEND,1.0,13,261308,59.0,23abbb87-334b-4367-a2c5-82ad9d5ea2bf
ab54315b-ff76-4907-8694-8b89d2c8715e,Le Capitane - Inno,1.0,1,117437,0.0,edbba021-6926-41e8-ba72-31c1dc51d8a4
d8c75e99-9491-4081-a207-f8d948a46251,XANANAS 80,1.0,9,136730,35.0,a3e06e8d-73a6-42fe-8227-eb4bfea2edde
241bf760-7b2c-487a-b1d7-54265721d661,CHA CHA FREESTYLE,1.0,1,279069,6.0,3bad61fb-359c-4306-a087-64dff1099d00
02590c82-2254-4663-91c4-2e7b311e88cc,#FIGHECOMEILPANICO (Bonus Track),1.0,16,58333,1.0,c3813644-a18e-4721-8729-0b5e57b60173
741c27d5-205f-4eb6-8a0a-656dd0d407c3,INTRO (MOTEL FORLANINI PRESENTA),1.0,2,179077,34.0,
8cc26604-3fa0-4a80-bb74-78fe9b442b1c,COVID FREESTYLE,1.0,1,289186,16.0,
cea8f527-d877-4020-a3f8-626cb57c4feb,#SIAMOLERAGAZZE (INTERLUDIO),1.0,2,179077,34.0,
c7131b62-c63a-4c6e-9f67-4a0eb6a7479d,CHIAMATA DALL’INFERNO (INTERLUDIO),1.0,1,171904,48.0,03d53db7-7942-47c1-84b9-59e1c53bdff9
fab5a7c4-74ff-49db-8b2a-11a866d30032,Torna da me,1.0,7,180009,64.0,
39a01d31-9d3e-4d08-8dca-279af4cb562e,Ti Amo,1.0,13,265454,65.0,
c24aed59-2119-4639-9e8a-1cd46535afd9,Non abbiamo età,1.0,12,181661,69.0,
f844a031-b5db-4c6a-99cc-088de6eb1459,O’ Primmo Ammore,1.0,3,214700,55.0,
f2e5cd89-099d-49e4-a379-9c132996895c,Je ce credevo,1.0,4,202737,44.0,
7b6d575a-a0b2-4548-8068-7c3397c70bcd,Che Dio Mi Benedica,1.0,6,218695,59.0,
3e56acb6-55e3-476f-b1cc-cfb728b05c41,Il Mio Ricordo,1.0,15,354321,55.0,
360b81ef-9fbc-41cd-8878-55beae26e90c,Lo sai chi sono,1.0,10,341801,44.0,ec7913e7-5d02-4cec-9be3-21a376c24f2d
d59a7c90-d26d-46ac-abce-4f93c2072ee4,Nessuna,1.0,7,223834,79.0,
6e78537d-5ee1-45ca-8f53-1de3f8fd7fc7,Ginevra,1.0,3,228000,79.0,
475b00dc-6a2a-4594-a731-2839debd1dda,Potere / Il sorpasso,1.0,2,444721,35.0,
88cd2496-6bc3-4acb-b12c-3f79d48af4f2,Stamm fort,1.0,3,171375,67.0,
6fe7ffc9-dab2-4ef2-badd-67ebe556b83f,Lo Stesso Viso,1.0,10,206939,62.0,
479e8e49-5fda-438f-abe2-48d3e3738459,Star,1.0,8,267119,62.0,
5cb871fa-5459-490d-83ed-e2c2fde3819d,Dormiamo insieme,1.0,13,277079,54.0,
4b1f675b-8b97-4237-9d18-59759334db78,Ti Voglio,1.0,11,239304,52.0,e6742eca-2808-4472-bcd3-711134d49c2a
5bbd724d-7181-41ae-94e3-f8518e0891f8,Fin Qui,1.0,5,252734,41.0,
b43df0a9-4edc-42d4-933e-afdd58dfc16c,Le Pietre Non Volano,1.0,8,299061,63.0,
0ae6a5f8-674b-4462-a722-3f1fb054b965,Potere 2,1.0,15,279931,36.0,
8c38f2c2-6cf8-4133-a0c2-aa06a8a8e1fb,Gli altri,1.0,14,222924,45.0,
c0529c82-c891-42fc-90a6-1567a90e22ca,Diamanti nei denti,1.0,10,267091,37.0,
838c3ecc-0e92-435e-971c-25fd5c973c90,Anno Fantastico,1.0,1,185000,69.0,bd46c28e-fe79-4c34-8583-1f5798d8c490
259041b6-e8d9-4444-842b-ceaa6a437ba1,Nada,1.0,3,225097,49.0,
266836dd-6b78-4a8f-8f6f-819bcc1a030e,Parliamo,1.0,1,196714,56.0,b482403f-b1b4-458e-a93f-83e751f16860
8f921dd2-a656-4cff-a5d6-048d3cf449f6,Quelli Di Ieri,1.0,14,212985,51.0,
c02385d7-0b82-4910-af15-8c7a10e7142b,Quando Non Ero Nessuno,1.0,11,200863,50.0,
3a63b1ba-d18d-4122-a296-059b1e35da2f,Non immaginerò,1.0,12,210595,35.0,7e51d1cd-d50b-4c92-91e3-82a83773e3f2
10e1c631-7fbc-42a6-822a-bd9e7c70f82c,E’ Cumpagn Mie,1.0,18,238595,37.0,
b6e4feef-acb4-4ddc-8027-b3f7751a1d49,Miami Vice,1.0,2,245853,75.0,
041ac007-11f5-4538-bdbd-79998813f7e1,Tutto può succedere,1.0,3,200508,41.0,
ec20f870-7eb7-4955-8a4e-a22b9e9c42f1,Lv & Balmain,1.0,6,303507,30.0,
54760587-ed06-4f67-81c5-f1acab8e5f95,Autostima,1.0,8,170865,65.0,
f5662fcb-f9fa-46c6-b7e5-14f2cc603e52,Bello,1.0,4,281814,40.0,
3064c31e-9f7b-489e-9c69-ba9795e16608,E’ Sord,1.0,8,186318,41.0,
f4b57675-2ddf-4ddf-aee4-9d50f3aa1457,10 anni fa,1.0,3,286236,42.0,51008a66-c241-41e3-8170-c6d56dce48ae
c527bb23-8003-4fae-9edc-f8fcfabfd626,Andrò Via Da Qui,1.0,16,210512,37.0,
fb0350d1-67d5-4635-961c-a8a514211ebb,Devi Amarmi,1.0,17,219514,39.0,
5fadd562-9d98-4c6d-8a43-b07f38694a76,Cos’hai Da Dire,1.0,12,275434,35.0,
d20aa80f-4142-4952-a250-ff523f3d49ac,Password,1.0,13,165721,58.0,
7c5116cf-7d95-4591-a1d2-2a6242b32e6b,Lieto fine,1.0,15,270402,31.0,
7412010f-3464-4a2f-81a4-8d550b2baded,Non credo più,1.0,7,354263,31.0,
1197a21e-5857-45f0-b5c8-0bfd1b4a5f04,Nisciun,1.0,19,248324,39.0,
b5f452f2-d25b-438f-8d22-eb2fabf5245a,L’Ultima Volta,1.0,10,218508,46.0,
8d077f3e-1048-47c8-9a3d-4e73f3907761,Violento,1.0,1,205485,38.0,
7253a0b7-bc2f-45d6-8dec-4adef8cb9531,Il Mio Nome,1.0,2,219545,36.0,
e80e74c5-2d21-49fd-a83f-94207c4f63d0,D10S,1.0,4,229090,40.0,
cc49e976-acb1-4044-89d1-26a7d47e788e,Ci Riuscirò Davvero,1.0,11,259273,49.0,
17d153a8-8f6e-4e5c-8fce-476817d6a2cc,Per La Mia Città,1.0,7,223386,37.0,
854234e4-005c-4088-8655-0b93af8599d4,Facile,1.0,6,217261,30.0,
68d3becb-2479-41d9-99a3-c3477d103442,La risposta,1.0,9,169877,52.0,
96ca9088-f726-4f38-aca0-516f44148a15,Si Vince Alla Fine,1.0,15,234532,43.0,
d897e582-a81d-4868-8b89-a91871cf88cb,Non siamo uguali,1.0,2,177233,50.0,7c144896-ba6a-4593-9da6-2a154825ff51
8b841af6-869a-4021-a4f7-15e0f58cf33c,Slang,1.0,5,247467,41.0,
1ca6f2b5-9854-46c2-810d-a6d8883fc621,Lo so che non m’ami,1.0,8,233476,37.0,
9e15db7c-da88-4383-a64a-6e06f9f42b91,No Love,1.0,6,227005,47.0,
6cf27e19-d576-4170-a057-04a7f3dfb089,Un milione di mani,1.0,4,204181,68.0,
3a695347-06ce-4319-9e2e-8a943f5c5553,La mia vittoria,1.0,5,256000,65.0,
7d09eb16-ff62-478f-8ff6-2be7d8421585,Il mio lato peggiore,1.0,7,223834,79.0,
6ef12f3c-667e-494d-a855-08dd04c5719a,XXX Freestyle,1.0,9,193853,11.0,92922e87-cffb-4e19-96c7-2fa7c28bc4b8
f2bb3954-32e1-48ce-9dce-66e8c50f9c0f,Over,1.0,16,210493,48.0,
df729df5-d3d0-418c-95f7-e3283e34ed4a,Tutto Di Me,1.0,14,235559,45.0,
1ae68edd-0e37-4339-9f58-c550d4d71ebf,Non Mi Va,1.0,9,244515,34.0,
f106dffe-b070-480c-80d1-92ee0a7f2ca2,Piango dentro,1.0,6,192000,31.0,
9c4bef79-79e6-46f8-9d35-0b3d572ad6d1,Ilary,1.0,6,181333,64.0,
e5d76ecf-e6cd-4997-b9e9-5364cc59b39e,Incredibile,1.0,9,220800,61.0,
231a50a7-5c5e-4d86-83ba-eb5337eeb794,Infame,1.0,10,179637,29.0,
ef05b88f-1c8e-4c5d-bda0-2bae6ed2f54f,Estate dimmerda 2,1.0,2,185946,83.0,7d7e0637-b5a8-466a-8628-dafa18a457b2
4942182c-3202-4fe1-9005-67d0fdacfc01,Che vuoi da me,1.0,5,218923,29.0,
aa675565-609f-455d-9df3-4213243a2746,Qualcosa Di Grande,1.0,9,215435,41.0,
e9442c4d-d768-44db-b8b8-64124ddc7250,Addio,1.0,18,216059,43.0,
515148bb-598f-4de2-931a-4ca40626851c,Se non ci fosse la rabbia,1.0,13,239095,61.0,
4a5d4300-91f4-4120-a375-be7e446b328c,La Notte di San Lorenzo,1.0,2,188888,58.0,
be0566a3-85d1-4b16-84c0-8a0d291378b3,Ghetto Memories,1.0,11,297682,26.0,
3c47caaf-3522-4021-bacb-cd37e794e11f,GVNC,1.0,8,245468,33.0,
3c4187b1-a2c6-4b36-adff-83337d3e5fe2,Purosangue,1.0,1,170526,54.0,
266c47d0-1fdc-4d02-8d70-0488a869870d,Dimmi Che Mi Capirai,1.0,4,179676,27.0,
b515d827-7700-45f3-85da-f4d062217797,Karma,1.0,12,278509,37.0,
80ee7403-783a-4662-9594-aae7b715fd29,Liberami Da Te,1.0,7,240368,44.0,
2a51454d-789b-47b6-baa7-e6531f5aefb2,10 anni fa RMX,1.0,3,286236,42.0,
59be4b12-4e68-43ca-a5bc-400ecdc9aa37,Burn,1.0,21,173319,30.0,
51d9ee75-6359-417d-b1eb-43c1d506708d,Appena il mondo sarà mio,1.0,2,208166,27.0,
c732cdcc-3031-448a-8200-9a46e1a2cef9,Dire La Mia,1.0,17,271307,39.0,
63ce0150-32b0-4821-9624-42722c359da8,Morire vuoto,1.0,11,191484,59.0,
1db00d64-f409-45c8-8491-0b392aaa439d,Che Stai Dicenn,1.0,3,187680,41.0,
4e1f571b-2e5b-433f-a002-671ed87b7c61,Intro,1.0,1,80509,20.0,
dad9a194-0cb5-4e36-9ded-4b4c82ce88a8,Nulla è cambiato,1.0,9,269333,24.0,
ea9866b5-0fc4-47f3-a002-ee471f41a253,Chi è Luchè,1.0,14,238184,22.0,
b367ab3f-3eba-4348-9dae-13c202d79b35,Punto G,1.0,15,147540,62.0,
9916e188-782c-470b-a0bf-11565e6b8034,La transizione,1.0,16,223639,28.0,
08f4b2d6-0c4b-4a54-b9e3-ed71731003e1,Buona fortuna,1.0,14,213000,59.0,
9cbfcf31-cbdc-406e-8145-7de2d50cf698,Sporco napoletano,1.0,2,229926,27.0,
f7936f4e-d324-4155-95af-680a68ad5df4,Niente,1.0,1,168310,37.0,
d6592b7b-bca4-4884-8f70-af6e909fd626,Red Flag,1.0,10,129795,59.0,
d92c1af0-db5c-4483-bed2-9f7c085148e5,Rockstar,1.0,3,216293,28.0,
fd5bd07a-e576-4e55-89ab-b060c7969453,Rispetta Il Re,1.0,3,182142,35.0,
518f89d5-26cb-46c1-84b5-d0702f7f4e8c,Chi non dimentica,1.0,6,193816,27.0,
2875ed92-200e-44d5-8d0d-3698a89dbe90,HO PAURA DI USCIRE,1.0,6,226906,82.0,
04832fd2-848f-4aac-80de-28208111c01c,On Fire,1.0,5,268353,27.0,
616cf7f2-e166-4a60-bb77-f79b05c9ebdb,Bang Bang,1.0,1,233667,21.0,
69a4dbdb-6324-43e9-ae6d-21e4d4215fa9,Il mio successo,1.0,13,193759,27.0,
d0014dc5-d063-4b49-b5a2-1190194fb09a,Figli dell’odio,1.0,10,251890,21.0,
a5766987-9af4-43f0-a608-cb61895e97f4,Veng a int all’infern,1.0,18,122482,57.0,
d37c0747-c73c-43ac-98d2-1c8d9e5ebffb,S’il vous plait,1.0,12,136974,21.0,
c432b124-2c32-4c35-8591-fad4468f4561,Operazione Scampia,1.0,9,311013,35.0,9300a88c-ecde-408e-a05d-ca3f7a9c1466
89eb80bd-6800-4cd6-8a35-6b9a9077492a,Bisogno di me,1.0,1,161843,26.0,
e31997fc-ab5f-4578-9c5a-47b6f7db5d58,I Run NA,1.0,7,200875,22.0,
94614e09-94aa-48f5-9803-9d18fe8c0b91,XXX,1.0,17,160563,55.0,
3f91997c-6d59-4457-802a-9283d6a33c56,Porta Una Rosa (Red Bull 64 Bars),1.0,1,158181,31.0,75b45c8b-1c93-4532-b9f0-036a533055a2
7010f25a-a025-49f7-9aaf-4b9286355c9a,Non abbiamo età (Max Brigante RMX),1.0,20,183406,30.0,
b9e00f0a-b926-4f4d-b318-58e4a6c61099,Intro (Poesia Cruda Mixtape),1.0,1,161843,26.0,
3c9c7d56-c5a8-4b3e-b832-de57bda7fdbb,Bruce Springsteen*,2.0,2,246153,8.0,a4e59161-e1d4-4675-8d82-a972469e7a98
769ed16b-2ed8-4ae3-a043-e0eb1fa25ed1,Da zero a cento,1.0,3,206200,60.0,3f11a749-612d-4910-8fe3-b37ca0487cb3
04d4ecd1-7590-4581-9591-d4891b288bd6,Voglio ballare con te,1.0,6,163933,61.0,
1bdc09d9-3400-4aa2-9b9e-5fd43ff45368,Roma - Bangkok,1.0,3,174666,59.0,7102de87-32f4-4058-b4b6-3a803c4d29e8
0e846249-24e3-4cb7-b209-8b199f7c59c9,Non Cambierò Mai,1.0,2,186280,39.0,f7ab5713-a26a-47d1-8dce-41871cf056b0
5c0117af-7ee0-4221-b3ff-5f7cff5fc287,Non mi basta più,1.0,1,200975,52.0,03a794a8-8e4d-478a-a8fc-326f2ce382c5
56f79b1e-e1d3-4e7f-9aa5-bd31d4ffca24,Playa,1.0,9,192000,55.0,7d023189-b8d5-46e7-9c66-f4a8fb43c9fb
9c73d8f5-f387-4886-b37b-c0563bbbd7e0,Aspettavo solo te,1.0,7,186386,34.0,
6be13aea-579e-4192-ba9d-1433b2fdd390,Non dire una parola,1.0,3,188429,42.0,
37143dc1-904c-4690-b45e-43e55ae67f76,Me gusta,1.0,14,186279,24.0,
8537f227-10fc-48d7-ac44-d20213554fa7,Killer,1.0,3,213693,42.0,
6b5c471d-467a-450f-9f65-9e1fc095b58e,Vibe,1.0,4,144935,68.0,818a791c-3ace-4dc8-be40-17d06d82f537
c57270aa-d537-4a39-b411-26f87ecdf1c5,Come no,1.0,2,169560,45.0,
db0cb873-1f67-4bc4-ae5a-de5e9fc1696d,Buenos Aires,1.0,1,190909,34.0,aaba10b2-6300-4685-9ec4-d4ec462ed8e7
2b3bb43c-e470-43dd-b4b0-255f956b510a,Bolero,1.0,2,213038,45.0,
68b5ee5b-b51b-403b-9c7a-efa9c987aec5,Sparami,1.0,5,202786,33.0,
338b9b0d-b4cd-4f57-8e6c-c353bdd89153,Roma - Bangkok (feat. Lali),1.0,1,173260,34.0,77c100fd-bec8-4f7b-bf65-20c0ffe3842a
b31d372a-b5d0-4b93-90c9-9568a71fccf4,Certe cose,1.0,4,216773,27.0,
e49856cb-f860-4054-88a0-032577e941a5,Icona,1.0,6,163933,61.0,
fc359eb7-237a-4d20-9a13-3df41153c5da,Pa Ti,1.0,22,192600,66.0,d29eea48-aef4-464e-8077-c2f541598809
0b97b25b-1b52-4264-aeb3-a6d7746928fb,Anna Wintour,1.0,2,212653,25.0,
2aec6fd0-ad03-4c6b-a262-8547688b7547,Hit Yo Block,1.0,12,280560,22.0,d945748e-dd82-445a-9ad3-89fceb69a8f5
16e52ad9-a92a-492a-a0e4-e87ad06d41a9,Super Mega Iper,1.0,7,206946,21.0,
c596f3bb-b9de-4629-9be6-dfe20c828159,Femmina Alfa,1.0,1,168228,28.0,03d82527-0723-4fe5-938b-3e50635625eb
f63bef2f-9753-40bd-8971-ffec51ed9342,Kiss Kiss Bang Bang,1.0,3,174666,59.0,
4ac63d5d-5e13-4b0e-a3b9-100af2d7b895,Venerdì,1.0,11,153960,27.0,
960b8050-6106-42c8-aecb-32e7d8d0f13a,Licenza di uccidere RMX,1.0,15,234355,21.0,c231e1df-b0d4-4486-9e1b-9f6c9b6ddd21
dbca06ba-07c1-4cd6-a912-4f12aa3562b2,Una Seria,1.0,3,213693,42.0,
3bcb3d90-85e7-44ac-9803-af46600c0e55,Follia Mediterranea,1.0,1,171206,54.0,2fd36922-5e3b-41c5-9b24-da7c670e5467
9afb7557-433c-418f-a955-0ae07adcd22d,Chiudo gli occhi e salto,1.0,5,229493,33.0,
a57a2c39-3a79-4b31-b4aa-e9bb23beb5c6,Domani,1.0,6,180757,20.0,
aa525ef6-2b7f-4e81-a947-43e677bb6929,Fakeness,1.0,8,228120,13.0,
ef401ca0-629b-42b3-b967-d68d1d3eaa83,Dinero,1.0,11,149677,24.0,
44c888c9-ea8e-4e3e-95b4-6882784f4c07,Dammi un buon motivo,1.0,8,186266,20.0,
3ced6a21-2d91-4743-8da6-59ac69ca4bf3,Sei Sola,1.0,6,211120,25.0,
7a8105dd-53a1-4abd-935b-d43ec8ff526c,Luna,1.0,9,192000,55.0,
5d32a44a-87c2-44e8-9ecb-35c8f2492ecd,Mia,1.0,4,293339,50.0,b520999c-d7ed-48f2-a0cd-441701eab94e
05509e52-ab96-4755-b4c6-a3f347ec475b,M’ama non m’ama,1.0,1,143221,40.0,36bbf365-1b16-40fd-94d2-271110748c38
d1ab7f8c-243c-44b9-8676-7f55d857b61c,Il tuo boy è preso male,1.0,8,211480,13.0,
1d33467a-8092-4ad0-a752-10f6bca4de4f,Ola,1.0,13,188560,12.0,
caa88dba-9eeb-46c0-a6bc-c74624c468e8,Mi faccio i film,1.0,9,232306,18.0,
2e4671af-3a68-4661-83a0-e5ecf3cb2b62,Sogni d’oro e di platino,1.0,10,206893,17.0,
1085d8b6-a317-490c-8d99-c987d8db9d55,Domani pt.1,1.0,4,176005,8.0,30cf07f1-a513-4c74-aef8-fa20a0b65687
d8340a49-ef46-430c-9b82-42c70fbd6095,Dindi,1.0,4,168146,16.0,
a55b0473-00c6-487a-867e-b81a4463f6b7,Primo Round,1.0,2,190458,19.0,
058ffa0c-5003-424b-afc1-e8a0e38a5e7c,Fino al Blackout,1.0,1,160785,38.0,0171076f-6f51-4986-8b84-6f74d0fe2281
cf3156d6-d914-49b3-a30e-a6cb41731b0f,Rosso Amarena,1.0,15,191111,25.0,
5cf141a6-0438-45b9-9eb4-c99b5bf9c018,Cuando Te Vi,1.0,7,136470,27.0,
1e260d3d-170b-402e-ac9a-1c17f864dfb4,Easy,1.0,12,214013,74.0,afdbac85-c877-475f-a611-7f4f96da0efc
7681c1d7-6149-4b08-b2b2-939c463e427e,Feeling,1.0,2,220545,45.0,21e397da-43e0-41a5-b126-98f6dbee211b
6edb5c22-de76-4678-82e8-63161016b2bd,Licenza di uccidere,1.0,3,234355,1.0,92082dee-b8ae-40fa-9049-1eb2d0d7ae24
73c72249-0ceb-4116-a0a6-4f223854ae54,Lasciati le sneakers,1.0,6,202906,15.0,
5435da64-35c3-4993-bd36-afd5f49108a1,S.O.S.,1.0,8,142520,88.0,e00cb96c-902d-4ceb-a0b9-b2f279da080b
7a16c524-3fa4-47b1-8449-1d786f6ff271,Sole,1.0,3,188429,42.0,
aff69f4b-a769-4b24-80f7-94476cb1e7d0,Chiedi alla luna,1.0,9,180813,15.0,
d6b3ae31-aad0-41f0-93ed-019518d94e6d,Tornado,1.0,19,159487,36.0,
a6be23cc-20b1-4904-841a-403367f25b15,Intro (2021),1.0,4,282600,0.0,f0542dfd-7f0a-4668-9a01-714746460a1b
07b3f07a-b0a7-4662-85d5-77fff4dadf41,Hipster Love,1.0,10,192133,12.0,
3dcea700-b35b-4dc2-bcfe-bc834987c462,Una su un milione,1.0,5,227239,19.0,
1aac6135-456d-41ce-a151-a56e65721ef2,Come il Domino,1.0,9,167866,12.0,
96805b07-e750-442a-8305-3bf8f9cc5ca1,Una favola,1.0,10,158773,11.0,
abfedd6c-65d0-42f3-bb6c-9e39eaa06b2a,Brucia,1.0,14,226693,13.0,
4c26a900-3c6a-440a-9e25-565b6982d63c,La Verità,1.0,11,194586,12.0,
fc3f16a8-adaf-49e9-93e1-0348eb1b994d,In piedi,1.0,4,208744,7.0,
e2b2c55a-1a29-44be-bffa-26746a058ddb,Tutto Ritorna,1.0,12,189773,18.0,
675e82d6-4428-4e4b-ada8-9e32936fcb27,Maglietta e Jeans,1.0,18,145764,23.0,
fea75140-abf2-4f6c-bc0a-fd7dbb7b996a,Testacoda,1.0,1,235746,86.0,61d67ee4-ccb1-4d01-9fda-1addde028753
d27f0131-a99f-4d2f-abe0-4103724bdd5d,Cosa non farebbero,1.0,1,207500,6.0,2a8bdff6-61aa-45b7-9969-dd8545a4c32a
d0bdbb6b-e881-4142-9d27-706696bf6e60,Insomnia,1.0,10,157714,8.0,ae027361-bab0-401e-8c80-928c98157fc1
6cc1fbc6-57ec-4ccb-8b97-d0c337570fe2,Baby Momma Material,1.0,2,136875,48.0,e2e53d26-a3c4-49c0-ba5e-8c0836716bd2
a2ec8574-75bb-4918-a343-151c719a633d,Intro,1.0,1,172800,55.0,
954c5aff-c0ac-44f8-9e0a-321d236ed730,Se Ti Fa Sentire Meglio,1.0,4,199000,4.0,a9c8864e-575a-478f-9ed5-60a7d5e53302
4afd55d5-0d6f-4b48-af05-841c9109973f,Sigillato con un Bacio,1.0,1,358413,56.0,
59166f6c-4c21-4133-8976-63ac1d61df04,Lezioni di Volo,1.0,7,158145,2.0,5c646379-79d3-4079-abbf-5fd948d7eeb6
c7d709ba-6c11-4486-9974-3cfafcea525f,Locos Valientes,1.0,1,163802,28.0,f8cfea6d-cb94-471b-b27b-5ab23d38118e
0f257760-b685-4a5a-bcbd-2544a4ac6a57,No Exit,1.0,14,281400,3.0,e932b503-9fb6-4ef8-a525-54461094866a
637d14d6-8e5b-46b2-9917-c8e0829dae26,Jungle,1.0,6,337226,40.0,e54d36a4-5a5d-4d6d-9562-81ccef425381
87afd2c7-8d66-4e1a-9106-e52fe7b5790c,Nelle Mie Mani,1.0,1,358413,56.0,
5d3ea80b-bc69-4044-abd0-44dfd5999066,Roma - Bangkok [Spanish Version],1.0,1,173260,19.0,b273511b-2ae9-4b7c-a6f5-066b4d8fc711
e5deb28f-94f8-4ebc-afc4-35120c0e97d6,Un brindisi,1.0,8,213800,68.0,126f2bd5-83bb-4cb7-bc17-a3c4b38233b9
0cd11f38-9846-460a-9bcb-4a1f6d68ef76,Rags 2 Riches,1.0,19,235987,70.0,42ca5e9d-6d35-4e82-b09d-d723016cd167
16fe0263-e317-44df-8bbf-18db81fbc1a0,Tornando,1.0,1,161831,15.0,b7e8c9d5-5417-43e7-acc6-d45ea268722c
26c40500-14fd-4f5f-9606-695235eb71cc,Il ritorno delle stelle,1.0,13,279720,38.0,77efc84e-786b-4095-9572-5667891360e6
21c16986-4ea3-411d-bdf0-45b2af32c1a7,Onda Alta,1.0,1,214556,51.0,52ceb6cb-f38b-4069-9172-d5c4c080095e
d1385ef8-672c-4c44-9268-1d5926bb22a2,Nostalgia istantanea,1.0,1,1096800,16.0,e31aa0c9-fa22-433d-b3fb-759797b420e9
dac2d14d-a147-489a-b0b2-5ae5bee6088f,Ama noi,1.0,1,220512,36.0,
16782535-eced-4862-971d-37606cc25cab,Malpensandoti,1.0,13,334365,24.0,656138b6-0803-4360-8da6-7eda3bb20687
f4a98c47-36d0-449f-885b-72ff591cafa9,Modigliani,1.0,12,221288,25.0,63d03355-9d87-48b0-b42d-cb78a68429f0
69635c70-74ca-430a-981d-23721b199752,Dove Si Balla,1.0,1,198082,58.0,d18baafc-3c66-4234-a75d-888535f9b4fd
6c1b3543-ddad-4cf6-972a-c965a8aa0061,Arrivi Stai Scomodo E Te Ne Vai,1.0,8,195950,21.0,d1d4b429-dfd3-4368-b3ed-7dc234265fd3
0bc59798-0af8-4562-a249-50f998403033,Bocciofili,1.0,6,239253,48.0,ab541c19-cea8-4728-b994-15d32518d74a
7c62c72c-abfe-4a02-ac7e-312c9b01a3dc,Amo Milano,1.0,2,242739,31.0,
4cdc0016-9081-432a-aa57-f5bfa5ffb191,Essere Non È Da Me,1.0,13,243269,16.0,
75b5ccdc-683a-44c5-a221-b3eb20eb669c,Le squadre,1.0,8,186453,19.0,
74a130cd-5e69-4629-8e85-38ff469bf061,Cambiare me,1.0,3,246520,19.0,
985f6aa8-5bd0-47d2-8807-328ee7735fb1,SMS alla madonna,1.0,1,197950,25.0,
72b111a2-fe9b-4686-8e9b-7b07a36dda39,V V,1.0,6,239253,48.0,
8b7dab38-7a2b-40cf-b43b-16e5fbf0d9cb,Nostalgia istantanea (Variazioni sul tema),1.0,2,1251600,7.0,
f32d1a8d-9e83-454a-ab03-d243aa4d7d07,Di Vizi Di Forma Virtù,1.0,1,197950,25.0,
f9e34c03-f5be-44a7-8199-39a9f0cf4edc,L’Universo Non Muore Mai,1.0,11,257561,21.0,
6011dbf7-74eb-4e64-a6db-70faf9072386,Odio volare,1.0,1,191702,33.0,
c7500463-5bbb-47ed-8b0a-e3b121953732,"Io, Quello Che Credo",1.0,8,210289,14.0,
ad97439a-266e-4c28-b0b1-de9a26a61bc3,Patatine,1.0,1,187263,43.0,466eed1c-f5b0-4ef4-b4b5-577706cda37c
2f627db3-cd3f-44e4-b308-190b8b1b23d7,Katì,1.0,5,184848,21.0,
44a1df7a-ebae-470a-8839-89289853ae30,La Mia Generazione,1.0,1,219773,20.0,
61d8dcf2-7490-4e34-80e5-e23896935998,Bere Una Cosa,1.0,3,297250,25.0,
535701e0-33c2-4afe-a138-d1b557c7062a,Monte,1.0,1,236000,8.0,4241804b-aa1f-4c7b-a991-c8dd23988954
0c1da910-8560-4a08-9e1f-eaa00e4fceca,Tra la noia e il valzer,1.0,3,189950,10.0,
d0e9a8e3-1fa7-4d66-90a0-e585aba7aa66,La Bambola,1.0,10,187153,33.0,
e5b63f42-38dd-4c62-8bc2-c7c56409fa9b,Commo una troia,1.0,22,267390,5.0,636a82d8-d5a8-46b0-b31d-3b31c4a1febb
981bbdef-fec4-4018-b443-d3e0bab33fb3,Dello stesso colore,1.0,10,288720,11.0,
3275862a-c46a-4175-94ee-6af77a22d2ce,L’Amore È Quell’Intertempo,1.0,11,251145,10.0,
88c5d7b1-8964-4e19-aa18-306baae15e44,Un’altra cosa (Variazione sul tema ”Bere una cosa”),1.0,11,270906,14.0,
436e223b-3d18-4019-9214-2173e00ca6a0,Una Ragione Un Segno,1.0,8,172866,10.0,1e08e5ee-c31f-45f6-8835-5bb0ba67fd0e
167336f5-9028-4a88-99ba-d1e5037ef09c,Complicarti La Vita,1.0,2,186857,31.0,06ac637b-3014-4262-b707-12d6e19989bb
50dc8152-f14a-4c9b-a77f-84566b6fd23c,Nei Sogni Nessuno È Monogamo,1.0,4,198082,59.0,
8aad20f9-2afe-4dff-8ed9-a2f3b0bc5d87,La mia testa prima di me (Variazione sul tema ”Prima fila Mississipi”),1.0,2,221880,15.0,
ac928682-2dad-4806-ac23-5d82a5fe7d1d,Come L’Italia E San Marino,2.0,10,306950,8.0,
647db885-1203-4cf7-b8d8-b345bc24bfa5,Il ritornello,1.0,6,216506,17.0,
64b965ec-67f4-4529-a843-e3a082a6185c,L’aggettivo adatto (Variazione sul tema ”Tra la noia e il walzer”),1.0,12,322440,10.0,
4ff31aa2-29bd-41ab-87d2-bddcd0107a5c,Con te,1.0,14,216946,17.0,
21ab16f1-7323-41a9-b8df-4428877c89ec,Senza Restare Da Soli,1.0,2,246687,11.0,
5bca286e-079b-4333-9453-16be7f2968e8,Ma Noi,1.0,6,233019,26.0,
39bee434-656c-4b10-b247-c4f85e66c3f1,Van Damme (Saddam),1.0,17,255603,10.0,
e821ef3b-ac13-4f17-b90a-80d81ed0416a,Sei Cannibale Ma Non Sei Cattiva,1.0,3,185555,16.0,e4845b6a-e4e6-4669-b716-ffa25ac805ff
bc836b12-d173-4d17-8845-185451f8120e,Ma è un sogno (Variazione sul tema ”Arrivi stai scomodo e te ne vai”),1.0,4,176066,17.0,
563f1f50-7eef-4afe-af02-e6bb3ac0b235,Abbastanza,1.0,8,237478,8.0,
51c435c4-8734-418b-a74a-5fe6e746df1b,Il rap per me,2.0,7,291950,10.0,
e2d1b573-2e31-408a-b5a3-bba96536848a,L’altra (Variazione sul tema ”Zucchero luminoso”),1.0,9,173440,10.0,
49ee6b8a-4b6a-437f-868c-c6849fc3dc4d,Ma dove vai (Veronica),1.0,2,211021,21.0,
6ec1c07a-4266-4b5b-8bcb-44737a32d666,Gaza,1.0,4,178676,14.0,
313c008e-ce73-4bca-8583-2c64624f3621,Ex Contadino,1.0,5,322950,13.0,
a594ea23-65a3-4049-a5d1-2260f5fc4b95,Qualsiasi movimento faccia (Variazione sul tema ”L’amore è quell’intertempo”),1.0,7,127040,17.0,
b98b2007-20e2-4158-b368-55ff4ee482c1,Limitato Dal Poeta,2.0,4,236950,7.0,
43534031-2445-4307-ae9f-6b5deeddd49a,Le file per fare l’amore (Variazione sul tema ”Prendi per mano”),1.0,5,194373,18.0,
a9a88ae4-bde0-4872-b28d-2a4379f40fa1,Nullatenente,1.0,1,218695,55.0,601feafb-72ae-48a3-a393-4cb5b3ad6657
37bf707c-966d-49ef-bb0e-7a8e0aa7f920,Ottavia,1.0,1,238730,7.0,
673f44c2-ca33-4429-80c7-59812932805e,La Vocina Nella Testa,1.0,13,194671,6.0,
91af4c4d-a06a-4364-be71-99fa086094bd,Crassi,1.0,5,275308,11.0,
c8f0f1d1-972e-4998-b591-841defdb6899,Un Dio a parte (Un poeta e un po’ no),1.0,7,320991,10.0,
e72f38b8-d868-452f-9e81-3fd38794b100,Non Sono Più Innamorato,1.0,12,787689,7.0,
adf9be8f-bd49-440e-9c82-47d450335e63,Metà Di Qualcosa,1.0,1,205714,25.0,
41bee3ac-d715-4c16-b740-bd6aaa0453b7,Dalla Parte della Legge,1.0,6,325969,7.0,
7ec159b9-db1e-4f6d-bbdf-123637861cef,Ustica,1.0,8,188913,17.0,
4d10bfee-5e15-441b-9f1e-a20c4734ded7,Briciole colorate,1.0,5,355170,10.0,
8d293946-86c7-4cf5-aa65-1cacd074aa51,Zafferano Vulcano Siciliano,1.0,6,249166,4.0,
c4d305ba-1fdf-4079-8ed5-51df5ffe274e,Ama noi (Bariocochelbel Re-Work),1.0,14,218346,15.0,
9657642a-2fa7-4c03-9025-0185562ce842,Boulevard Verona,1.0,9,388909,11.0,
28381c1c-88a6-421e-8753-68975d7bc61d,La Danza Samba,1.0,4,302857,8.0,
e3cc1928-f7ff-43bf-a893-9a169b70b2c6,La Lobby Dei Semafori,1.0,3,249140,13.0,
aa6d5ee5-2c21-435d-a5f1-be79b257d89b,Ma Non Era Vero,1.0,5,228988,12.0,
75f00a94-93d1-48a6-9dc2-655bab62de2c,Due Gemelli,1.0,3,202100,8.0,
290c539c-49f7-470c-9e45-6888d068289e,Corallo E Vespe,1.0,5,204703,8.0,
c9311707-2644-45e9-821b-a6fb0f32d668,Continua a Correre,1.0,16,194373,11.0,
e23005df-03b6-41b3-9d23-5ad2afeeff5d,Lo Amore Per Tutti,1.0,8,293761,4.0,
01fc8bf1-b4f1-4776-b4ef-997b44736c14,La Mia Donna Dice,1.0,7,210629,11.0,
4970fb0e-c66d-4786-b441-3e211653e1d3,Ubriaco di te,1.0,1,222537,42.0,
6a8e3125-29ef-4dd7-9175-0b59d4cde220,Moderata Crisi,2.0,13,184950,6.0,
03a95fda-cdfd-4025-80d6-b29c05303202,Low Cash,1.0,2,245950,13.0,
4503191c-c8ea-4eda-855f-e7518bc356b5,Sangue Amaro,1.0,9,206666,24.0,
e0b14975-6f98-4c78-8bf0-6b8e8839c33b,Vedova,1.0,14,545737,6.0,
49e79554-52a3-427e-842e-508eed3b9f69,Signora Del Lago O Musica Senza Musicisti,1.0,2,317333,6.0,
0f0226c7-bf1e-42a1-9790-039da6b71d3b,Perché non sai mai (quel che ti capita),1.0,4,405697,10.0,
852db66a-7036-4494-8c6c-5df870dadbcd,Al Meccano,1.0,4,208950,11.0,
e4f82408-3f25-4b2b-b863-37fd97edb5f3,Zucchero Luminoso,1.0,9,173440,10.0,
e2c7d4fe-db7d-4c53-aae6-eb9cce811ae5,"Sul carro, Pt. 1",2.0,1,184950,8.0,
82368434-0263-48ac-9668-e48e0c581848,Lorenzo de’ Medici,1.0,7,213093,11.0,
e9e05f75-2559-4d9e-bcc6-7adc6a539af1,Siamo tutti uguali,1.0,2,234226,11.0,
41e4f906-a0c2-4a6a-a25b-4d7015b545ed,È Troppo Facile Innamorarsi,1.0,2,214569,13.0,
7c1c8180-fc1e-4f74-8797-8f4b5177075a,Orga(ni)smo (uni)cellulare,1.0,16,274922,12.0,
dddd9168-3c2f-4241-a861-141bd04c42cb,Una Setta,1.0,7,162049,15.0,
18062511-3bca-4738-9c66-73304c88caf4,The Sleepy Molotov (Analità Universale),1.0,23,209077,3.0,
2d8b6bfd-7558-4818-8a0c-ca711676d0d5,Patto Di Fango,1.0,10,194428,20.0,
6bfa60f2-7e49-4a78-b5f7-e306efce7cde,Amico Immaginario,1.0,6,189916,9.0,
e10682f6-4c6d-4c7b-aca4-d50ccdbbd038,Un fan In Basilicata (Almeno),1.0,4,225626,11.0,
53f3d2de-8e7e-4c23-a06e-3d8117206fa5,Jacopo,1.0,7,159852,6.0,
d638d8dd-60ab-49cf-ada8-09537d41837d,La Benzina Sapeva Di Tappo,1.0,12,150666,11.0,
4ed0896a-ae2c-44ba-9f07-d562a0a378db,C.S.A. Gode,2.0,8,185950,6.0,
134871b4-22cd-4b30-a0e0-e4489eec4c3e,Mi piacciono le donne,1.0,8,199000,13.0,
e0b20a6b-9505-4905-bf91-98d203fd66c0,Prendi Per Mano D’Amico,1.0,18,252631,10.0,
9b6b08ec-a64d-4807-a830-3b2eb3eea8d0,D’cuore (D’Amico D’amore),1.0,12,309102,8.0,
a66830d2-bf21-492d-a015-cb3bf3d9708f,Brano senza titolo,1.0,10,249659,13.0,
8ee58738-125e-4ced-a384-76d33e34d7e3,Show Me Love,1.0,9,243950,12.0,
695ddafb-27af-4d9d-84da-a49c5f463407,Due come noi,1.0,3,215546,13.0,
88d8d8a9-ce7e-40b9-884a-44a13757baa4,La Prima Risposta,1.0,15,189500,6.0,
e2d7183d-a7ef-43c3-b976-1dcda0dc51a7,Ode In Volontaria,1.0,7,194536,6.0,
ed9a5a65-2841-4551-8298-3e97f821f4ff,Passerà Al Bar,1.0,6,206950,9.0,
e5c39edd-26b8-4e1a-943b-de77d1790474,Il presidente,1.0,15,306600,8.0,
de6c9075-69ac-4e6f-8369-d6ca3fcb2ebe,Check-In,1.0,9,232105,16.0,7873778c-87f1-4a41-ae8a-3e12aa68a3bb
20fa4b10-7b49-44f7-ae08-9318be4c057b,Anche Se Dite No,1.0,13,261350,10.0,
bf1f87e6-9678-4480-b933-0dd156d2b658,Internet È Un Virus,1.0,15,270461,5.0,
d102074c-611c-47d1-93ea-70e2a5037612,Ci Ricamo Sopra,2.0,3,185950,6.0,
2dcc15b4-ff16-40d3-987a-cf00239cde15,La Chiave,1.0,7,213375,17.0,
61479812-3c61-4bfc-ba5b-228b29837eef,In Alcune Zone Del Mondo,1.0,7,235950,7.0,
8ab76eb0-2c92-46d8-98bd-16c3604d6fe8,Las Vegas Honey Moon,1.0,4,193234,9.0,
baa59cbf-d77a-4e3a-8c5c-42142aa81193,L’amore a modo mio,1.0,5,226880,17.0,
bff345f0-122f-4212-850b-2c1cc7cf1677,Pelle D’Oca,1.0,1,164387,19.0,d09b3162-2c59-43c7-9643-3ba1e891fc8f
bc640efb-aac7-4c97-be6c-9a8dc2c803e4,Tempo Critico Rilettura 2006,1.0,20,186500,7.0,
07ef688f-c817-47db-8a6e-5336c04e9dbb,Anche se il mondo ha,1.0,15,410155,6.0,
2c4789b6-4c43-42b7-82e4-d28e9f737d0e,6 Di Sera,1.0,6,245333,15.0,
f9309151-01ca-40df-bac3-a38331136e67,Miniere,1.0,5,255199,8.0,
c331114d-db37-4cf2-90ed-45105594e927,Fior Fiorello,1.0,8,236666,40.0,38b7ccda-018f-46ef-adc4-26831aa203cc
13dcffb7-4082-4fab-b505-abf634f4893f,La banana frullata,1.0,15,198950,8.0,
c59ce7d7-8341-4849-84f2-aac62b8d06a6,Nessuno Parla Più,1.0,6,294241,15.0,
89a09a93-e603-4e6d-b526-fc67cba35fc1,Umanità,1.0,10,209623,5.0,
44fa8278-b12e-4b0c-8b56-86bbf50efc97,Alì Il Thailandese,1.0,11,186950,8.0,
062b4b92-b59c-413d-a24c-e90580540d5f,Home Made Cavei,1.0,3,94666,5.0,
34f7b158-5204-4d73-b971-acf16cb88dc3,Prima Che,2.0,14,227950,5.0,
891507c7-635f-40da-8b33-18663e58eb77,La Mamma Del Mio Amico,1.0,11,235791,5.0,
bc62bf3d-73dd-4315-aeb2-6f5e32c78eca,Il ginocchio,1.0,8,191093,13.0,
ddbb7e5e-1763-415b-8c13-c5cef3492b45,Mahler,1.0,3,203636,7.0,
796dcfda-c588-4898-a340-7a8e10f7ca5b,Lunedì Chiuso,1.0,10,147102,8.0,
38405a70-2324-409b-9acd-a79921344477,La Goccia,1.0,8,242109,13.0,
f1df8a3c-5bd9-400e-a88c-3748b456c577,Parenti,1.0,9,252790,9.0,
20da9067-5328-41c6-afff-c21e89adc045,Tike Restoran,1.0,14,232950,6.0,
ee282a30-c498-44d7-832c-69493d95c4e9,Salvation Army III,1.0,4,198082,59.0,
1cf7157e-69b6-4262-9c82-3ab599561ab8,Non La 1 Ma La 2,1.0,7,167030,5.0,
6e7bdfcf-74bf-4557-82aa-88a7632e937e,Vita X Sempre,1.0,13,230423,12.0,
08688bdc-639e-4855-9551-10f5b53d69a1,Ode Con Creta,1.0,6,253167,4.0,
81bcc1ac-d828-453d-8ab6-4087dca2ba9f,La ruota,2.0,2,161950,7.0,
eda37553-7261-4778-8af2-131da7b7ac5a,1/2 Kilo,1.0,12,164318,11.0,
977c5404-6331-4c32-8731-1982245e507f,Energia Electronica,1.0,4,169237,16.0,
cc433a67-a1bf-46f8-ad49-a9b757b516f2,Variazioni Sul Tema Via Lessona,1.0,13,247362,4.0,
cc7044a8-6c8a-4e17-91be-3083b51ff434,In loop (la forma di un cuore),1.0,9,213993,10.0,
152760c1-2956-4176-ab5c-2f6fe4646d7d,La Fedina Penale,1.0,16,239500,3.0,
843b7572-b9c4-43f5-8dea-ecb7aa3eb90a,I Love You But It Hurts,1.0,4,198082,59.0,
41a7bfb7-a1e5-496c-bdaf-6882c51ad92f,Ricollocamento Di Un Operaio,1.0,4,108213,4.0,
a568a284-691a-4ed0-8e40-2a704494c009,È già,1.0,17,170040,8.0,
b5c746f8-242d-4a4e-80cb-63c9d4e59154,Acappella Introduttiva,1.0,1,198082,58.0,
e841a0d3-1794-46a1-9c15-c376671ab89e,Pubblicittà,1.0,10,233950,6.0,
01960a6e-2a57-42e3-ba48-7f0342c4d622,Per Elsa,2.0,6,126950,5.0,
c1a2be5c-9ed9-4f12-80c9-169a8ab70cc1,1000 Persone,1.0,10,230655,12.0,
992277b4-6c3b-4865-95ed-b4f69e22602f,Quando La Linea Della Vita Risulta Occupata,1.0,17,77250,2.0,
52312be1-5c0b-4e5a-a24c-7005e5146182,Il cubo (Fondamentalmente),1.0,9,182346,12.0,
c4cdb212-fe23-4151-8812-786e2f02bfcd,Luna Di Miele In Filovia,1.0,4,198082,59.0,
b0390658-4202-4d6e-befe-6970db5249fd,L’Italia è una,1.0,13,182200,6.0,
381cf897-a9bd-4e48-8144-a793b3ca3d0f,A meno di te,1.0,10,183106,8.0,
5c896759-0d64-4634-9e29-11ca6f736238,E Sacrifici,2.0,15,244950,3.0,
f3fd20aa-30eb-4cdd-b08d-6e8043f71624,Cattivi,1.0,4,328044,4.0,
3a8a6900-a5e5-4630-af90-4eea51619c25,Un Posto Per D’Amico,1.0,4,198082,59.0,
5696f317-a47d-4775-926c-5bcab4f071fb,Amo Milano (No Drum),1.0,4,198082,59.0,
56dbcdc8-bdfd-45cc-9b51-cde1d13b3b68,Il corriere contromano,1.0,12,195826,7.0,
23130e54-a5b6-4cf4-854e-34d42e887e52,Qualche Rima,1.0,12,171950,5.0,
37699edf-6272-425b-b89e-d95b13f1ca98,Sul Carro Pt.2,2.0,20,174950,5.0,
634f5e1e-5232-4ba5-9ff3-b15b1bab21ac,Pater Noster Introduttivo,1.0,1,105000,3.0,
b0383196-8c7b-4390-9834-6d9481745c0e,Origami Love,2.0,9,122950,5.0,
3cac3c75-cd73-4455-9211-0ac6a11565cd,Muziki,1.0,1,244022,3.0,7973825f-4242-4457-a1d0-503bc5f57679
d70af7a9-1002-4d74-9776-ad1d96090c90,Lunedì Mestieri,1.0,18,161750,2.0,
3084e323-fa65-404a-9c51-763cd5fe7134,40 anni,1.0,4,198082,59.0,
82cd135d-55cc-4f38-8576-317312170098,Sincero / Sincera (Seconda stesura),1.0,11,152693,6.0,
66077804-df45-4e6c-a477-c4fe838416f3,Gocce di cielo,1.0,14,129287,5.0,
dcbb7682-b345-4f8e-90eb-9c4c8d0acada,Un Grande Pregio,2.0,17,125950,3.0,
c557404a-524c-4b85-b0c3-7cc47ce7b12d,K8,1.0,9,184875,29.0,6b2cacc1-279b-46c1-b00a-0932fe80c7a4
ec32d0ff-c554-4bad-a3ce-0c12360041a6,Salendo Sempre Più (Dentro Te),1.0,12,306630,3.0,
2c79867c-0c5a-4328-8065-4e06617a08ec,Ciccio (Fammi Una Canna),1.0,21,116708,2.0,
41758a67-caf0-44b0-9548-387edcab9121,Il Cielo Dei Ricchi,2.0,18,261950,3.0,
fc7555e9-42b2-4953-a96a-c2830cdfbf78,Mama M’ama,2.0,11,90950,4.0,
2b8f1b9f-5ec7-433a-8921-1218d19db5b1,Domenica Messina,1.0,14,132256,2.0,
5411c589-c6d5-4d84-b07e-4b29d0295220,Sincero/Sincera (Prima Stesura),1.0,4,198082,59.0,
cda5f097-6134-48d4-9f50-8ee71315fe33,Bobby’s Back to Houston,1.0,11,244000,2.0,
71d95ef6-d12c-407c-b7af-ac4ed0c79c18,Hit da 5 minuti,1.0,4,198082,59.0,
e589bb08-4ddf-4d7e-a9cd-cd20cfc325cc,La Divisione Del Lavoro,2.0,16,190950,3.0,
bc467c36-50bb-4974-9fdc-dd04a94a9d28,Il promemoria (20/12/2012),1.0,5,235226,57.0,5be358a9-2f2e-4a78-9198-b7969bcea5cc
0849687e-a9f8-463f-8d50-6bdf95512f2e,Ode In Volontaria (Versione Demo),1.0,4,198082,59.0,
11079bc6-3aa7-411d-b86c-0de1063d7b33,Pirati,1.0,1,187263,43.0,
fa2fa1aa-64a5-45ba-b69d-fbde27543f30,Mar Do Alvo,2.0,12,82950,3.0,
8dc45243-1359-43d0-acbd-f7a06516ad32,Nostalgia Istantanea (Under-21 MashUp),1.0,12,195234,62.0,
24d0966b-dc03-4203-9f75-449f6f9fc3ab,Buganda Rock,1.0,1,203750,20.0,284593d3-eaa4-4d56-91b9-015d477b997e
af54eb8c-3896-4fa8-9d7e-27a416d89957,Hell Taxi,1.0,1,162000,14.0,3824b037-3a40-44a4-8029-7dbbbf010f84
cb9ec4a6-6ae5-44dc-8617-c4c0d8cb4709,Multicultural,1.0,15,206413,24.0,
a920fe59-4bac-4f19-95c7-085eec73b819,Paper Street,1.0,2,165546,20.0,176b35e9-f87d-4040-b46a-005e61cbf72d
bca33af9-5c85-4dbd-929b-5940b605419d,Jerry Il Sorcio (Intro),1.0,1,122120,15.0,
f0a59c44-e277-4153-9f33-ed34a89448ec,#Rattopsy,1.0,2,165546,20.0,
1d902c02-fa94-4d45-9325-44f5d02718d1,Who’z Your Daddy,1.0,7,126133,8.0,
8eda0a7b-c41f-4db7-ae92-5b2041548ebd,Self Made,1.0,4,116000,15.0,
402f7f7a-a315-474d-a0ab-091d235459c8,Frank Morris (El Desaparecido),1.0,5,119000,10.0,
3747f08b-3a72-4b9b-8b03-4593e3a79dfa,Santa Rabia,1.0,4,342250,3.0,a8760bb7-fb31-4e63-bbae-9e93c9650d7f
f737f696-e850-4995-b922-2c68dae33abe,Subliminal,1.0,4,198611,29.0,f4a0c3e5-33f2-4327-b8d7-f997316bd50a
50d337c9-8527-4f51-9ede-f15a58eed086,Solo Por Un Avion,1.0,4,339389,14.0,d0b628fa-82fd-4480-9e82-33edabd76697
139b0804-5f0b-4133-9712-ca980882acd8,Guerrilla Urbana,1.0,3,317880,12.0,dc5aaebf-de6b-40de-a349-65be3a1ff527
455e526e-97b2-4456-acd6-14e65fad6a31,Puta dime que me amas,1.0,1,163404,50.0,c4d3f91b-6656-4586-9e92-8d62653aac18
39a4207c-add2-4715-bfb2-93a924e2cd7b,Verdades Made In Italy,1.0,10,362339,32.0,55f9d6af-0f9c-43ee-99dc-874ad8637fa7
754f3438-d0ac-4d27-8006-e08927ad23f5,Otra Ciudad De Dios,1.0,7,287085,1.0,fa2a7430-0ee2-4e66-80e5-6fd3149461d7
d3280904-76c1-4da5-a95e-58517893f0e7,P Secondigliano,1.0,1,229893,60.0,8651a849-ed11-40c6-a7e3-abf34090a8ea
5eb5c2c4-34c3-46d1-a9e4-5743456d46e3,EPISODIO D’AMORE,1.0,10,196613,70.0,3be9a824-1460-412f-91d1-d5196d66dbb5
eb752605-f4e4-4037-b50c-7de734ccf2ef,"NU PARL, NU SENT, NU VEC",1.0,18,134306,61.0,
6193352c-6e88-43f3-9e99-1e8db9546098,SI STAT’ TU,1.0,4,205840,63.0,
8d8043f2-84dd-4cc5-8574-f1ecb7ac6df6,IO T’O GIUR’,1.0,5,200000,68.0,
ecb508ba-6db0-4f77-bba1-3ce3fbed22fe,Il MALE CHE MI FAI,1.0,2,167339,66.0,a97788a4-b15f-4e4a-83de-1da54378ad2b
f5cb4098-cbf0-4c77-953e-a12ec27467eb,Vogl sul a te,1.0,7,185426,62.0,b5f74d44-3498-4498-991f-39192ae78d72
905ddb10-b272-4015-ab06-5d7001d5f01f,PER SEMPRE,1.0,1,179386,65.0,
68cd1952-931b-4f4e-abae-2fdc67d5e77a,Amo ma chi t sap,1.0,15,209933,50.0,
20549b72-ba7f-4c4a-a101-da78d65e7d3e,UNA COME TE,1.0,7,144133,58.0,
7ae0c658-2e84-47f0-8196-d7b33c3b38d2,IDEE CHIARE,1.0,2,159840,59.0,
dbc39923-7cea-461e-a38c-a226a4f162ef,Campioni In Italia (Red Bull 64 Bars),1.0,1,234000,53.0,20fe5ff7-b610-48cf-8bfc-988b5a24dd9b
54ce454e-6fa2-4555-b997-4136ff37be9d,Narcos,1.0,8,196000,55.0,
a8148671-be1a-4d1f-a75f-753402bdcde1,EL PIBE DE ORO,1.0,3,155493,68.0,
9c18c2b1-6ee9-4b50-b14e-54d50928e6cc,Capo,1.0,2,150967,54.0,909467d3-5c1f-4d60-b1aa-1d29f8676b72
137d2546-b330-4711-8065-cdc04e83ecd7,X CASO,1.0,3,215421,67.0,78c86120-c369-4274-8398-c0c5798ebe73
87eac6c7-6e44-49cb-a042-736100adc720,SCUMPAR,1.0,16,182986,57.0,
1050da20-6f55-461f-81f0-3830edbe7d71,Senz e me,1.0,2,145040,58.0,
0a6f291c-6614-4e7b-8b33-b6f8e61ba35d,Na catena,1.0,4,165586,62.0,
6163adf5-f2c3-42d4-93a9-47478db9c51c,FERRARI (from ”Uonderbois”),1.0,30,163600,69.0,d88068fe-b2c0-4e16-9586-d8a69a56cf87
647d6f85-d125-435a-9dd6-847d6ef2108a,FINCHÉ NON SI MUORE,1.0,21,212800,55.0,
e24f1a7e-d821-42f6-ba0e-7d7fc1b0a9f7,"I P’ ME, TU P’ TE",1.0,17,187881,66.0,
034dda13-eef0-4653-a012-08c7f1631639,DIO LO SA,1.0,10,196613,70.0,
e0157709-6074-44d6-bc2c-6a7b4231d125,GIÀ LO SAI,1.0,15,189293,60.0,
0381b5cc-0419-4582-95d6-af1072cdbed8,CHIAGNE,1.0,16,179863,62.0,
ab92107e-af14-4f3e-8910-c74232269224,CHE SOLE OGGI,1.0,5,190235,64.0,
c244da02-8fd6-4cd9-903b-c0d2320c6ef5,Como te,1.0,12,218186,51.0,
0e6ea88e-9dc3-40fb-92fd-a6e0a1851e24,Moncler,1.0,4,220000,62.0,
6b51104b-863f-4671-99b0-f5978f37a3e7,UNA VITA FA,1.0,9,171546,63.0,
db546c4b-31a1-4061-80a6-ff2f8c962451,CLS,1.0,19,247626,55.0,
569336dc-8729-4d05-90ca-fe5493253401,Yacht,1.0,9,118946,50.0,
c82a5d75-97bd-4746-882e-982428da648d,Sorry,1.0,3,165842,48.0,
3adad382-1422-4b18-af15-fef9701b5825,PRESIDENTE,1.0,6,194133,55.0,
dbd50bcf-bd47-460f-8d14-af32d4acfbec,Emanuele,1.0,16,165666,53.0,
ad6a189b-02a2-4558-8ab0-fa71dd69d34b,Provino,1.0,5,195133,48.0,
80186f84-4785-417a-b7ea-cbcf71db6ade,Intro,1.0,1,121906,43.0,
4ef961c7-9c35-42e8-82bd-7a404a9415d3,ME VULEV FA RUOSS,1.0,4,173495,59.0,
345ff4c0-e9ac-490d-adea-01aaea226b1e,RICCHEZZA,1.0,1,184000,51.0,
28e8e616-aeb4-45f5-834e-8e0e0c156199,Vittoria,1.0,1,176400,42.0,
43c756f9-ce8e-43ca-8625-99fef4d4cf46,Queen,1.0,9,182727,45.0,a28e6050-62e6-44f6-bf9a-700f7800078d
1292e7e2-491e-4cc5-b6e1-074930fe485c,357,1.0,12,140800,52.0,
30f9e6db-d7d0-4026-9ba4-69d9e6bcb04b,TU ED IO,1.0,4,183203,66.0,
42cc2e1b-5e20-4afa-811f-ab5573405b3a,BELLA E BRUTTA NOTIZIA,1.0,14,228360,52.0,
9eaf04be-96f5-4c34-ac2c-c617dc8b2ce2,Na catena RMX,1.0,9,189609,55.0,
d46b1193-3c1f-43c1-8fe7-bef2c7460a89,MONDAY,1.0,7,165216,60.0,
3bdba78c-6047-42cb-bf15-0f083d595072,RAP TUTORIAL (64 Bars),1.0,1,205686,45.0,f625efa9-ebb8-4e42-981d-d5cbd577f06f
f8d1ab9c-57c9-4854-8101-076ea0b0fdba,EMIRATES,1.0,8,161773,59.0,
2734ffb0-d30a-420e-b38d-1d9a6085d2a8,POCO/TROPPO,1.0,2,195319,47.0,
61d3a28e-e27c-4bd5-b552-d10ed229842e,COME VUOI,1.0,13,172615,65.0,
df0c7e85-0043-4754-b1d7-1ac969a8d6ec,500K,1.0,3,156017,61.0,
0ae091b6-e2d2-4a7d-b86e-f7da48483a7d,Chicano,1.0,3,180226,45.0,
c8096641-8ac8-412e-907f-479c97117b48,L’ULTIMA CANZONE,1.0,4,202849,51.0,
30a70481-e9ee-401e-8c06-8ec4b53955a4,HERMES,1.0,6,176000,61.0,
a2025a28-6586-4e3f-a280-2f4ccfe3506c,NUN SE VER,1.0,6,158666,47.0,
974c2d9b-e336-4d83-a230-47a51542405a,REALE,1.0,1,179361,55.0,
1c347198-1273-4127-a29d-1af35ad41604,Dreams,1.0,6,195226,47.0,
6a4ba1d6-c5bb-4075-9771-ed9e555dc394,Amsterdam*,1.0,10,196613,70.0,
2937a222-cfd7-487b-ad60-fd6f354e219a,L’ULTIMA POESIA,1.0,20,228378,64.0,
ba34acbc-fac6-4de7-b2ce-1abca9f62fcf,SO FLY,1.0,5,138579,59.0,
6e3033ac-7b21-419c-ac06-360c21f5e980,MARADONA,1.0,9,162992,51.0,
080d794d-54ab-4c3d-9426-0ab4af936d9e,SMITH ‘N’ WESSON,1.0,2,140571,58.0,
315f88fb-b1a7-4613-b24a-a0abfa484694,New York,1.0,14,145213,45.0,
813ed586-d9f9-4eb5-9e6b-850e14455204,NAPO****NO,1.0,11,168666,46.0,
794daee0-3fe5-403e-9473-7a78413d3cc3,To giur ca t vogl ben,1.0,16,165666,53.0,
5794f425-3e3d-4615-a414-aad55d129c8e,SOLDATI,1.0,3,145124,52.0,
bd9b497f-5666-447b-b661-9d90fdd7e5ec,MONEY,1.0,8,165666,54.0,
de7b6b23-1132-4208-bf1e-e85788918504,GIVE YOU MY LOVE,1.0,18,160372,63.0,
20991421-4b2d-4585-ba93-29b58362c649,2 SECONDI,1.0,1,149000,53.0,
35f2632e-1083-4839-a65b-88754c546a0a,LONELY,1.0,5,208636,49.0,
7206bb0d-1e34-49a5-8ef0-e8ed3f1dec09,Mercedes,1.0,1,180000,72.0,
e3e42560-d857-4cdd-92ea-e8a2d8cd5537,Brivido RMX,1.0,11,227693,69.0,
96f80866-70aa-4e3c-b25f-32f962ebbe18,Riman,1.0,1,180000,72.0,
5db12848-194d-42ff-a462-34b559b5a1e8,I AM,1.0,10,133161,46.0,
bd61e2ee-17eb-4884-b679-57aeefc3eaca,MAI PER SEMPRE,1.0,7,220043,62.0,
7f75af47-533d-4d21-8c1f-b9455de1df0d,Mexico,1.0,1,192772,42.0,bd2c559d-5f06-47d7-8b5e-b882f8c2e6bf
70de4046-0509-48cd-adfe-2cda3a508015,NUN SACC’ PERDERE,1.0,8,203181,55.0,
4c923d89-1e92-456a-84d8-0a237c97dd04,Secondin,1.0,1,229893,60.0,
03d9916d-8e97-4a46-956b-e57d8147c4c9,Trap Take (Radio 105),1.0,5,304480,33.0,
5a6b820d-9936-4923-9c2c-9da2448acd74,NON CI TORNI PIÙ,1.0,17,159036,45.0,
e0fc2afd-f188-475c-bd5e-93f6f0b9e5da,HERE I COME,1.0,15,142690,45.0,
d1aaf4fd-4792-46c0-935a-ecc927a43a9b,CCHIU’ FORT,1.0,6,195000,57.0,
36e32479-3063-415c-9242-ef241530e243,NIENTE DI SPECIALE,1.0,12,150000,43.0,
3726971b-ccce-476e-b0fe-1b1338f0eae9,Mucho dinero,1.0,10,201573,40.0,
281ffdf4-9355-4238-95b4-1c5c3dbc2050,Mala,1.0,11,177893,45.0,
cf82d136-f44c-45a9-8b09-fbebf2dd7bac,PARL’ CU MME (From ”Uonderbois”),1.0,31,133333,51.0,
35a1374d-eaef-40c0-8715-7bfb4a30bf71,M Guard*,1.0,1,192772,42.0,
be2ea40a-c391-46c8-b0f3-a4558846e9ca,Mamacita,1.0,13,212173,43.0,
dc98b26b-86c8-4e6a-8ccb-0006f144a373,IN TRAPPOLA,1.0,14,137777,44.0,
ef292e5e-78d4-4dd3-8bff-a019351fd3de,105 Mi Casa Mashup: Geolier con Intro,1.0,1,200106,45.0,79e05df6-d363-44bb-a032-9a97febdd69a
dbd9a1d4-4dd8-460a-ab3c-9059b1744922,Strade (Medley Sanremo 2024),1.0,17,187881,66.0,
5616d2af-42cc-4f2b-a7db-2f8c6ef24ee9,O’ Primmo Ammore RMX,1.0,1,273600,60.0,176deb2a-2be3-4b8b-82dc-9b57996a32f4
86d58899-955b-4117-ac7b-8d0fb0b199cb,Pendente*,1.0,17,187881,66.0,
e9e392e9-0fac-4af8-816e-449886800b20,Masseria,1.0,1,180000,72.0,
9f459629-b371-4496-b91c-0a94f15a2794,Trap Take 2 Radio 105,1.0,5,304480,33.0,
49488dd5-7624-4c53-922d-205d2bab8caa,Anima*,1.0,10,196613,70.0,
2e75c3fd-78b6-47de-95f2-82418ff3074d,Cobra Freestyle,1.0,2,203927,15.0,
05b87504-0949-4034-8baa-3b917d482888,Milione*,1.0,1,180000,72.0,
fc098be0-2dcc-476b-8345-5ebb64b291ea,Calibro*,1.0,3,155493,68.0,
67e17888-d18f-4fe3-90fc-f096f2107d2a,Pirati*,1.0,3,155493,68.0,
b123b2f6-128c-488b-ad20-a89732e96836,Simm Turnat,2.0,1,195906,27.0,
a28aa50d-d50f-4d91-bbcd-681cd9c3481b,“Febbraio” Freestyle #3,1.0,19,247626,55.0,
5c4a945d-f0de-4d81-9c54-ba5882a2f221,P Secondigliano RMX,1.0,1,229893,60.0,
eca019a3-36d8-4095-bc37-e547599dd694,America*,1.0,17,186533,2.0,f0ac57fb-a274-4ec1-b3ba-4105f512b232
e1cdfeb9-6231-4abf-a859-1e0711aad063,C Chiagn A Fa,1.0,3,228000,79.0,
a9996e59-8d76-42ed-9023-cc5747fd707f,COVID19-FREESTYLE,1.0,1,206281,0.0,
1451d8e4-17a4-4bde-8fda-3e4bbc2ffd45,Mercedes RMX,1.0,19,247626,55.0,
5c77d513-28fd-4394-abf5-8f3390b89eb8,Quand È Ser*,1.0,1,155651,59.0,7197d790-674a-4129-94fd-7b6d9e38afc9
61a23857-b4b8-4316-8e70-d23e2abff29d,Classifiche*,1.0,1,180000,72.0,
77e70aab-af4c-48a2-8148-c9cf6bdbcff3,Irraggiungibile,1.0,8,209179,51.0,21b0ce69-57d8-4465-b301-793f74f699e7
3caa39d8-8abe-4c7d-81fc-e79fa679b738,Bene ma non benissimo,1.0,4,192421,50.0,
37cf208e-db39-4641-8aa8-83ce4505a1b7,Amore a prima insta,1.0,9,182177,42.0,
6e58ab3c-809f-41aa-bbc1-9fa2c3570a7a,Sogni d’odio,1.0,7,209253,25.0,ceff258c-5e0e-476a-b244-bf0251ad9264
c268e040-9a23-418a-9649-eeb0505663a3,Stronza bipolare,1.0,5,163560,31.0,
7c659c52-8a4d-470f-a13d-5d13893b1329,Full Metal Shade Freestyle,1.0,9,202508,2.0,7899b248-6bcc-4c14-bfed-83e762c28634
e0d5b211-7081-419e-aae2-2a5ff7b7cc92,Se Mi Lasci Ti Disso,1.0,1,197708,76.0,68807338-778e-4674-9582-0f39c2891a6a
384b190b-5775-4d29-b608-6a4c9369d41e,Disco d’horror,1.0,1,93200,17.0,
c77cf380-65c4-4fd8-8e04-e95859520250,Le cose peggiori,1.0,5,176111,30.0,
53b12e1f-a797-4eac-aa43-97ccbaeccae4,Allora ciao,1.0,1,166254,49.0,2fa5c188-567b-4c75-86bb-8e53ef62546f
64f5cc46-df70-4d64-a23e-985937f9c531,Se i rapper fossero noi,1.0,4,189666,22.0,
e4dc6eaf-97c3-44c1-a547-23defd080c27,Rapper Vs Trapper Freestyle,1.0,9,216029,62.0,02c927c8-63e1-49f2-b4d0-7e23f0c8e07a
8bc7af49-f3e9-4cab-91b1-3cded079ef4e,La hit dell’estate,1.0,1,188374,61.0,76100c02-440c-4b4d-b20d-1ac63bdab691
207ae59c-d66a-454f-846f-f0fde7fe240a,Da 1 a 150,1.0,11,106973,14.0,
4cae1e03-beb8-4f89-b70c-2620767e2aac,Shaday megamix (bonus track),1.0,13,268068,16.0,d735e7be-8c5d-4aaf-a7cf-1bd2c6a51ba9
460c05c3-3bc2-4ac8-9488-f706c83d6b0b,Seventeen idol,1.0,2,224826,23.0,
52252a75-48e8-45d0-8f64-2c564f1482cd,Netflix,1.0,8,160746,14.0,
297d7b34-af21-4a58-b25f-b407a63c6078,Fine settimana,1.0,3,183320,21.0,
fda6e20f-7675-4a7d-b69e-fef062b1a56b,Hit Ledger,1.0,10,294452,22.0,
8a605d5a-36fe-42c0-9dbc-f02903888f02,Patch Adams,1.0,10,164680,24.0,
917e606a-27ec-4e70-9506-448ecdf477b8,Bar Mitzvah,1.0,6,204640,14.0,
e3d51f85-ac1f-4b61-af67-f1691a965b11,Despacito Freestyle,1.0,9,216029,62.0,
6d418103-0e2c-4372-8efc-8c42266aa5e7,Telefono senza feeling,1.0,11,193619,20.0,
af4e75d1-4e48-4907-89e2-d54968db1a1d,Odio Le Hit Estive,1.0,1,178021,27.0,b07073b2-c01e-44f9-aa8f-ad31fb465d7b
faddd2e2-95f7-4846-8cb5-7a0372716463,Autostop,1.0,1,187375,58.0,85d733ea-d996-4d0d-b909-16789e037b83
61be1e1d-b11d-4d7a-8809-be5489638bc5,Truman,1.0,8,209179,51.0,
b5163992-7e1b-493c-bbe5-32292729a96e,Ouverture (Welcome To The Show),1.0,1,134464,23.0,
2d206c65-20a5-4c42-bf4c-16cfbc0fa147,"Boh, non so",1.0,16,161777,16.0,be21e5f9-7323-4111-856c-b7d9b8b2fc65
c4ed5991-ff34-4b82-940a-e778900e24ff,Halloween Freestyle,1.0,9,216029,62.0,
89608056-b891-4e28-b7d3-3fa55c224ca7,Tutto l’alfabeto,1.0,12,107040,13.0,
7a288540-0fd0-4e5f-9b3b-5dffaa62714a,Se i rapper fossero fake,1.0,4,189666,22.0,
c0e1c844-4106-4d63-a523-4cc6e50b90cf,In un’ora,1.0,1,182500,50.0,1c3da6b1-bd29-4991-bf7a-cf901044cfe0
2c90a4aa-79cc-4860-9374-f74052aa3c47,Il ritorno di Shade,1.0,1,134464,23.0,
89686c6f-4481-4adb-99be-d01e030834ed,Mai una gioia,1.0,3,196911,22.0,
27d28468-f1ad-4d14-bcc2-2873689333b4,Figurati noi,1.0,3,196736,35.0,
2162a199-a429-449d-a546-c06bfd1f8bc7,Je t’aime,1.0,10,168545,17.0,
88e2ec4f-2293-4c6a-9039-3d1680062926,Tutti a casa,1.0,2,178593,29.0,
7d0d0484-1c6a-4c4f-83f8-5d559c0ae935,Replay,1.0,12,204892,18.0,
1e188d5d-b782-48d5-a6fb-091310f7897a,Selfie,1.0,4,231392,16.0,
c8ef085c-46e6-4011-b366-5b47d0c61a10,10 flow in meno di due minuti,1.0,1,380000,23.0,
f41d9309-0482-4769-91fc-fb49feb9aced,Voldemort Freestyle,1.0,9,216029,62.0,
75650d16-7d80-43da-aa5f-5f9fb355fc07,BCUC,1.0,9,163573,12.0,
9af0cbb0-ef76-46ac-917d-a7a6cf81f1e1,Severo ma giusto,1.0,7,171093,21.0,
87c4bf5b-f677-4474-9484-ed7f2c4fea37,Il tuo anno,1.0,11,202380,18.0,
79c24884-539b-400b-a2d0-18fe6068e2d7,Jesus Christ Webstar,1.0,13,232500,16.0,
770c6aae-9fdf-4d09-94d5-00e8fc3cf175,VideoGame Freestyle,1.0,9,216029,62.0,
ffbff8b0-e908-4aca-b8da-3831c8546151,Babbo Bastardo Freestyle,1.0,13,268068,16.0,
871185a5-bec1-4753-98b3-e92863ea66d2,Beep!,1.0,2,201639,10.0,
fd0b971f-6744-47f5-a04d-aaf94b9a3ecf,Promesse,1.0,5,175153,25.0,299bc811-6a67-4e35-a57a-eb5214b8bf90
832bbe43-6a5c-4ea1-94cc-758cee0ddb21,Rap Fiction Freestyle,1.0,1,213562,0.0,047e6f68-acab-4b1d-8861-7ae968108b1f
b2fb9e89-5130-4841-81b9-4db87da40343,Freestyle track,1.0,9,216029,62.0,
a185a360-d353-443a-9365-e72e0a9d9884,Deadpool Freestyle,1.0,9,216029,62.0,
7fbcafcc-a58f-400a-981e-2827c135466e,Tori seduti,1.0,1,172730,40.0,c18914de-8b0b-4ff5-9ce3-975e75ed6e47
b6f5be6e-0389-4e1b-b918-002876bfd60e,Lunatica,1.0,1,157448,28.0,e6760ec9-4adc-4ca9-aefb-e0ae26608ff2
21beb2e0-c29e-4baa-af46-c3d955036e57,L’amore non è pop,1.0,5,195526,10.0,
3b1f0aa2-e8e7-4b67-840a-adae05d7ca64,Avanti il prossimo,1.0,12,169952,11.0,
8628d0d6-90bc-4e77-a3e2-7d87eb176e8d,Come il Mc,1.0,8,224000,9.0,
5c053117-2205-4d35-9cf6-d31f269a8f31,Young disastro,1.0,17,192000,12.0,
d30d9b3f-cbc6-4866-8134-f9a8de40ca8f,Chances,1.0,4,199912,13.0,5084427e-e443-4b02-9845-cfb09797e932
29df014c-e2fc-49fa-9d63-c0947fbf913a,Ex,1.0,3,168028,25.0,
7a006590-34a8-455b-80b8-65db6e1a49f9,Cambiare stato,1.0,7,200933,10.0,
7e74cef0-3fd6-4938-b8b3-2576b29d771c,Pendolari,1.0,1,175950,28.0,65330857-ef43-4242-937e-a158adb2d3a6
264b3515-6510-4d6a-b7e5-4d56e5d7641a,Fenice,1.0,4,163764,25.0,
bf7ad6f6-d25a-4c86-9ea7-f6de92d4eb83,Per Sempre Mai,1.0,1,174049,32.0,5167ab13-06d6-4d4a-8618-f2d10d039f5c
8cd8eaf8-6651-4666-a8b9-13416e789631,Iron Man,1.0,1,175555,26.0,
5ba8c21f-5d97-412b-a8a5-a38f7741b455,Come litigare a San Valentino,1.0,10,180137,75.0,
8f86b8c7-2b31-4df3-90b4-a833a99e56a6,Fuori Di Budget,1.0,2,146374,21.0,
29d6d7dd-23c1-43f8-bf66-d995820c3776,Come litigare col prof,1.0,2,241760,62.0,9775c5fd-204a-413d-8990-d211d94a0082
baeb05f1-9a5b-4cfe-b5fc-67b178c2b1eb,Mazza da baseball,1.0,9,250775,9.0,
2774e38f-f2cc-49b4-a810-5229a8f67869,Tutto Quello Che Ho,1.0,6,149491,26.0,
a8b817eb-2e28-4421-9975-669c3979358a,Sopra Di Te,1.0,7,176166,17.0,
c22625c8-25fb-4cfc-8b22-97de5cf9026c,Roveshade - Episodio 1: Purple Atos,1.0,36,220533,0.0,fc06efa6-3202-4bd1-b796-bae4e0b6b105
0d3e7ad8-3013-4fcc-b017-ec8ee534e7f9,Serie TV Freestyle,1.0,8,160746,14.0,
2ae94783-b1d7-4f28-bbcf-d94748690d47,Dragon Ball rappato in un minuto,1.0,1,222089,49.0,147a4f9a-107c-4e25-b0a2-cd0953517c23
05e49838-93eb-46c8-af38-84e36cb7b850,SPACE JAM FREESTYLE,1.0,1,479773,24.0,b9cf2d77-98af-4485-8572-2238ee85a59a
8d46bf3d-eac7-4b2b-b5e1-000f38c12852,God Mode Freestyle,1.0,12,118764,17.0,
5078cff8-d49c-4f10-9e9b-5264a65536e4,Anni ’90 vs 2000 Freestyle,1.0,10,210586,44.0,ee652528-62d9-4d22-a25e-fc67d4c6e496
0531e1a9-ba0d-42df-8031-3348bd819c62,Come litigare con l’arbitro,1.0,10,180137,75.0,
a8f7447f-0f44-4665-b964-c056ed107776,Tutta la Serie A in un minuto,1.0,3,217226,34.0,7d484430-bd53-477c-afc1-71a24b290652
18b3428c-2b7d-487a-b869-2dcc33c6c6f3,I Mondiali Rappati In Un Minuto,1.0,11,209962,71.0,
e29379c9-28f4-4998-b092-e25acac50418,La La Rap Freestyle,1.0,8,224000,9.0,
5b8ff15c-3915-4894-bbe7-db6c14e269d2,Nike React Freestyle,1.0,11,42066,1.0,5587d029-0a14-4856-875f-2622911a2459
99c57c8a-6bc4-483a-8eac-c4abc2d37dc8,Come baccagliare in chat in un minuto,1.0,3,186542,40.0,a06e436c-f02b-41cb-8088-1b1a106f677f
cbd891ce-bdcf-46d7-acf2-2eb63858dec4,5G FREESTYLE,1.0,6,188823,14.0,faacf911-5323-4271-9cd2-214a3a0eb142
a2c17ab6-adc2-4ee5-bc23-be2844f3d03e,Answers Within - Focus Version,1.0,3,269310,27.0,6a011739-f1fc-404f-b3c0-31b7c2738816
c95b502a-98c7-423d-9d35-cd118070d39a,Cristiano Ronaldo a prima insta,1.0,10,228906,60.0,
610fc3b4-d094-4279-8fb5-63675435eaa2,Toi,1.0,9,236706,16.0,2bb57fd9-27e6-425c-8f80-f34bad4c608f
1b31e3be-d473-4ce1-a207-9a12de2cdff0,40 rime in meno di 40 metri,1.0,1,175403,6.0,2e5cc735-dc4d-44c0-b631-0b2dcc5fbd4e
35d25e2e-666a-47e0-a3a5-c44a33e971e5,Come litigare con il VAR,1.0,5,176000,78.0,
4f9cb77c-6564-4cea-8122-1b27d11acb7e,Nazionale Italiana Freestyle,1.0,11,106973,14.0,
f76545ec-9d4f-4870-89e6-297b747b1b50,L’estate in un minuto,1.0,1,155413,63.0,e8b8236c-7561-4f81-baa1-e1e9cd6ed96d
b42111ae-a8b1-4faf-aa76-dca05270eaff,Roveshade-La Morte,1.0,4,189666,22.0,
6dc2564c-a507-4cc8-8272-5d13e5932dc4,Tutta l’Italia rappata in meno di due minuti,1.0,2,202573,59.0,
928e8622-1637-4790-a7b1-b1348678d030,Reflex Zone,1.0,12,228999,0.0,9a394452-bf08-4886-a5e3-3088e5b10a96
b2017178-56d3-49fc-91df-576e18cac973,Tutti i supereroi rappati in un minuto,1.0,1,194516,74.0,cbfd7604-ecac-422e-a4ee-e8a984daa061
f51a4a2c-6687-4bc6-a430-1b4ddf8a208c,Covid freestyle - shade,1.0,4,194723,11.0,
1defe04d-91df-4dd2-89fb-ce68484af4da,Il campionato di calcio 2015,1.0,3,264739,0.0,b324ab7e-5f72-40c5-ac2e-8bc4ea0cfaa5
2dd5478f-f9c9-40a1-ba30-70e7cb6e939a,Brain Suck,1.0,1,165069,0.0,90cf9d1e-6a7f-46fb-b59e-203db84f3f58
09315588-9bbd-4879-92a8-a737a8c25868,Twist,1.0,1,131200,22.0,07479b86-e67a-4dc9-8577-8e79f65ee953
05cd02d6-fbea-4354-8832-06daf697d5cd,One Take FM Free Mic,1.0,1,175013,20.0,98f72686-84c3-4109-b67c-85922a451238
48493ee7-84a2-4092-a952-bb4879204959,Бары,1.0,1,128623,0.0,bcbed8cd-4a77-484a-89b4-cc29886cde13
5e30a223-3024-491e-ba41-ed03faee1d21,Se le canzoni Disney fossero rap,1.0,1,183520,73.0,
180c38b3-31c1-424f-83ff-7bf5e7c8e264,Kin Of $in,1.0,10,265933,29.0,a0b4ac7d-06ea-4730-9f67-e94737d39aa5
2a8079c4-ddc1-426a-8006-c65ef342c3ae,Fuoco e benzina,1.0,2,209179,60.0,e20fe02d-56b2-4d1d-9770-eaf29ced8d57
e285191c-366f-4947-b81a-65078dbe684a,Linda,1.0,1,199378,50.0,73da6dbc-5b6a-4778-ae4d-d1fdb61631e1
3d820883-3808-4385-a140-9682d2459b97,Serio,1.0,1,218769,59.0,306a137d-a7f5-4713-92c9-404022d1898b
5a965a92-fabf-4714-a4b0-60d3036fa78d,L’ultima volta,1.0,10,210960,56.0,
310b8b1c-ba09-4673-b1f4-4c6ee7ebaebe,Renè & Francis,1.0,4,176794,48.0,
3f61f24b-c707-4f23-96dc-154d7a9d9b5e,Broken Language,1.0,1,108973,48.0,
f4304e98-a3bf-4f7e-837f-63049344b2ed,No Insta,1.0,3,179759,49.0,
66656a74-63a2-4c91-851a-0746d4bf78e7,Sparami,1.0,7,188058,46.0,
07d01d9c-396c-4559-909c-0f1d2e9e12c9,Rollercoaster,1.0,5,207550,56.0,
197612bd-f99f-4853-8506-e6cbc0e3c8fd,Gli amici miei,1.0,13,268757,44.0,
dca71390-14be-480c-9ee1-7a4e39bf2fc1,Jack,1.0,9,226226,37.0,1b77ac59-a7fe-4c0d-a4d7-87924638f440
5e2d2eaf-67d0-4f03-9479-65e7b09b0043,Cowboy,1.0,16,180546,44.0,
e23dc078-29f5-4ee7-a0e4-3686166b5e3e,Il mondo dei grandi,1.0,12,230769,44.0,ad8a94d8-fb5f-4ec7-8549-30229631ef4d
a9217a4a-e208-4c83-831b-891d0dba8a7e,Morto di fame,1.0,3,163362,50.0,6f975cdc-5fe7-4953-bef5-8eb316faad16
bce38fcd-73ff-4448-ae80-1bb5e7ee1240,Lontano da me,1.0,8,225109,39.0,
ba148b56-337d-47c8-a88d-c4aeaf4c8818,666,1.0,6,141676,39.0,
c1ef2cb3-43a5-4925-9b3e-0ec09b0bfdce,La mia prigione,1.0,11,160981,38.0,
d3850016-bbf0-4c3f-97ff-f780d8492005,Quella foto di noi due,1.0,8,194979,57.0,
6d809cdc-4710-47b3-8a2b-40d58a8321d1,Su di lei,1.0,12,232946,52.0,
2b1cbce9-00a0-42b9-ba20-4dc49ba6fe27,Toro Loco,1.0,12,164237,51.0,
1f98c380-6acf-4841-9ec0-85afd33e6544,Linda (Reloaded),1.0,1,181935,36.0,8def1103-1536-47c8-8b71-7d297abad2b3
96b310e3-4d25-4f0a-b6e3-7a7acc3f2032,Maleducato,1.0,9,172556,38.0,
8c0ea25f-9057-419b-b7df-6727689aebf3,La mia malattia,1.0,4,180300,45.0,93e5bb11-db27-498c-8da8-4cf0cddf11f1
fc45f4a3-7309-4c99-990a-d621f213bd64,Claro,1.0,7,224050,40.0,
e994fcec-8af3-4975-b6fc-ca1c3870c8e2,Malandrino,1.0,2,181471,44.0,
bbb0bb53-3a50-4614-883f-c0889c9ddf8a,Dal basso,1.0,1,204293,39.0,
3a3c4caa-aa29-4231-b946-d3c991aabe63,10 Comandamenti,1.0,7,303296,37.0,92c47b11-e68d-434d-913a-303fa6d92888
6312e280-0166-472f-9622-e4051761b213,Adios,1.0,9,192607,38.0,
093fe934-f826-4f77-b86e-28576a5c0899,3 messaggi in segreteria,1.0,14,206933,48.0,
b269c71c-e2b1-40af-96ae-f4b637b2d51b,Quello che non ho,1.0,17,213072,37.0,
4f520ea9-a641-4054-b483-96c97b9da5af,Medaglia,1.0,14,197986,41.0,
23a9797a-c0cd-48a3-a819-7b71cd3aed15,ON FIRE  (paid in full),1.0,2,176000,58.0,116e6b5f-8c4c-4de2-ba4e-d607b45d0c7b
b22f8d19-4036-4dd4-8329-393e016bf973,L’erba cattiva,1.0,3,231655,58.0,
0add5bd4-7a9b-45b3-a17c-1c9db4379df8,SENZ’ANIMA (nikita),1.0,12,193453,56.0,
46da5a29-1fea-465f-972e-8837442d0f59,Street movie,1.0,8,167080,38.0,
f24d3426-99b2-4ece-acdf-e9710fb881cd,Parole di ghiaccio,1.0,3,231655,58.0,
3b8e72d9-5663-419e-8046-90836a748796,Notte gialla,1.0,5,191065,46.0,
665b7867-c883-416f-af4e-d0f928ff1513,No Cap,1.0,2,193432,51.0,cf23fc5f-4e0b-4c6d-82d4-08b8df127a55
21f92767-7d95-4427-a5d5-a2b1fd14a2b6,Non è facile,1.0,8,202626,40.0,
719c66a1-40af-4023-9db1-ea739b9fba2e,Nel male e nel bene,1.0,11,190568,45.0,
b975c2a2-20d0-4143-92ce-0343f9c9f1e1,Maracanã,1.0,16,215369,56.0,86869657-0855-468e-b66d-59ed30c457e5
4fb82823-c08d-4034-9d7e-63fd4db2f169,Quello di prima,1.0,5,231040,37.0,
b2e1941c-8242-4e39-b297-7104facfa7d9,Dope 2,1.0,11,171723,36.0,
c954e19f-2831-4d4d-aac4-f02255ab6e55,Il Seme del Male,1.0,15,155664,36.0,
f9bffad6-ddf6-4120-97c4-9b94cd428762,Qualche sasso,1.0,1,127786,37.0,
7f00e913-be59-4d03-8d56-e17332f00eeb,Parigi,1.0,6,190240,41.0,
bad4c59f-0434-498d-91e4-b1ea11b3045b,Jam session,1.0,6,169280,38.0,
88e74a6e-3eb3-4deb-8ada-18d6d68d5db3,Vestiti sporchi,1.0,17,204920,37.0,
1895e6ec-a0e2-4cbc-be11-b5934e392473,Open Water,1.0,1,185598,36.0,
008388d3-9391-4086-b174-a2eaa89f7ede,COL CUORE IN GOLA (lords of dogtown),1.0,3,188640,48.0,
0bc07cdf-210c-4e92-941d-216dcf1989a7,Cult,1.0,13,226546,46.0,
c2d45376-6faa-4f78-b16a-51f329e8ea43,Supereroe,1.0,2,209179,60.0,
a57d1906-7d8e-4991-9169-c8f827f30e6d,Cocaina,1.0,3,208525,37.0,
c3fdbc8b-ece9-413d-8d53-cc8462e26606,Buonanotte,1.0,15,228586,34.0,
9400ff3e-347e-4fec-a93a-12512391f1f0,Soli (Assieme),1.0,6,205720,50.0,b94aef33-6a3c-4aef-a097-d8a12b8f2f8e
6e175032-cad3-4457-bc83-e08d65747e55,Uno come me,1.0,7,204906,37.0,
efe34055-1ab1-49ab-8a4b-ce2919f670d3,Mille strade,1.0,13,211914,39.0,
5784bfca-971c-4fa2-869d-2e870281fdac,All’alba delle 6:00,1.0,10,219026,34.0,
f2821f5e-16e1-4ac9-b8a9-184cf0c91083,Senza cuore & senza nome,1.0,6,174312,37.0,
9d5457d6-1ef9-4e39-8edf-6f88dfb6c34f,No police no problem,1.0,2,146230,36.0,
75febf22-2e95-49ef-a52a-cc04ac985a83,VISCERALE (closer),1.0,4,184160,40.0,
44b46bfe-2ebd-47b5-bd4d-e9de5191c090,Come fossimo cowboy,1.0,12,195163,38.0,
fdee668e-22b7-4dcc-b6fd-5a993331420e,Per Tutta La Città,1.0,3,166153,43.0,
92b0542a-f2d1-4f2e-81e2-89db78040dd4,BIG BANG (upside down),1.0,8,198253,44.0,
46fb3e9d-34d6-4b7d-9733-cc556a4c5555,Scordarmi chi ero,1.0,2,232306,46.0,
910b2240-cbdc-41f3-8403-9ba93bc6bbb0,MC DRIVE (la haine),1.0,11,180000,41.0,
c979fcff-cb1c-4c6c-bf8a-c79e8b05bbd4,ALBICOCCA (lolita),1.0,7,162733,41.0,
905ca1c8-4c5c-4730-816d-1ad9518d50a3,Non era vero,1.0,2,228733,40.0,
b603da81-003f-4213-972b-25f3dbc0256b,Il Seme del Male RMX,1.0,7,162519,31.0,
dfb986ba-4dde-464b-ab56-a16c700b2c77,Lettera dall’inferno,1.0,4,230446,35.0,
c174abb9-26ec-48a6-9903-9e8cb003f78b,Sopravvissuto,1.0,11,191893,31.0,
5687407c-c5de-4bb2-ac94-33387cc4c9b0,Neve e fango,1.0,6,178146,34.0,
ce164591-9d5a-4a40-8a92-66f8d8341ed3,Batman,1.0,2,166396,34.0,
74ce4246-67c7-4f25-b948-11dbf903c555,Psycho,1.0,4,142872,31.0,
86c6f36b-21c3-46ea-aa56-6d613887bab9,I soldi degli altri,1.0,7,176293,34.0,
914fdab1-504b-4663-bca0-0b0db447b203,Mercurio,1.0,16,215369,56.0,
a8b89f93-5347-4531-b246-55bfe1bffc6c,Più Lei Che Noi,1.0,5,183703,41.0,
1edc6886-1c82-4e39-aabb-2cf0728a1b5f,Donald Trump,1.0,4,168674,31.0,
8f10bbce-e0f5-47dc-9739-425c3a148b0d,In auto alle 6:00,1.0,1,167283,69.0,55deb2be-1f85-40dd-bd5b-d74d12c9aa17
12d88a4c-8924-48ae-9f33-e7f7c391fa48,L’Ultima Volta RMX,1.0,6,216521,30.0,
87564655-7f18-43af-b4a2-87b9176a9248,TOXIC (trainspotting),1.0,9,180000,41.0,
42dc95d6-4319-479f-9d40-b58180722f78,Vecchia maniera,1.0,16,275613,34.0,
05e2fae0-cba7-4739-a1c2-44b202f58cc3,Crudo,1.0,1,168493,34.0,
8a8dd4c1-8a81-45d7-9cc9-94664ec0eba8,Ok Così,1.0,4,147567,39.0,
7c862958-d008-4e65-88a4-8e865879ef18,Giovani eroi,1.0,10,152733,35.0,
be535d06-3ddd-495d-b16b-cb373ca60226,A cena dai tuoi,1.0,5,217866,48.0,
eac35131-47ed-4640-9a21-2893dc6f3ac8,PACINO (the godfather),1.0,1,122426,38.0,
81c7dea2-c0e7-4622-bd5f-1f3fc06708b0,SONNY (city of god),1.0,10,190520,39.0,
b7e9362b-f96f-4ead-a2bb-1b2daf6d7d1b,Balla col diavolo,1.0,17,231227,27.0,
c8f8037c-a2fc-41c2-967c-22a41734a3b2,Piede in strada,1.0,9,159960,30.0,
04fc4504-42d5-4180-bc6f-eb3a7894a040,C’era Una Volta,1.0,2,147692,34.0,
cb5e4c40-fcdb-46f4-8fb3-e7e2d7577c46,ATTORI DI STRADA (ragazzi fuori),1.0,13,210453,41.0,
8ce53ea7-e5be-488d-aa7a-d531c41eb507,LONTANO (carlito’s way),1.0,6,166946,41.0,
061925d1-45ee-4ea1-96d6-cab324d7e19f,Tijuana,1.0,1,182000,31.0,600f9b5c-c1a5-44cf-979a-5f9c724b4c2a
12ae0f24-4e08-47bb-8437-2298950e7596,BEL FINALE (the butterfly effect),1.0,14,111800,36.0,
ffd8736d-287c-41d6-9c53-040c2b092a2d,Lo Sanno I Veri,1.0,1,131208,28.0,
df41a5c1-78e4-4ee3-a569-c1ed1eb67b4d,Italian Dream,1.0,4,175640,33.0,
3cdca716-60ae-4d6a-a7b4-b1b22a280384,Montecarlo,1.0,3,196613,33.0,
d9a4f6ea-b71e-4ce8-b3b8-4aa2091bbfb6,Superman,1.0,3,189890,29.0,
eb5b48d9-0d9e-43f6-8d1b-95477aafd5b4,Prima che sia lunedì,1.0,3,187680,33.0,
75e6cb51-27bd-49f0-af2f-4c6e29ec8e51,Colpo di Fulmine (outro),1.0,13,139780,28.0,
dfe5edd6-f087-44c6-b0c0-4870b9b1e6e0,Se penso al Rap,1.0,19,205022,33.0,
45530f60-c7c5-45ef-85eb-f7b1c091a7f6,Demoni,1.0,1,221204,56.0,
8ad17e5c-473e-4820-9ba3-b443a7737e45,Ognuno per sè,1.0,6,194526,31.0,
6f1b4eff-d0c4-408b-a320-d8af718968f6,Vaffanculo,1.0,4,194723,11.0,
ec146ca4-1ac7-4c4a-959f-acddd074d854,MASERATI (the wolf of wall street),1.0,5,136000,36.0,
4c442d5a-0515-40d7-b938-92a81538227b,Sei tu,1.0,1,214400,20.0,3478ac07-f977-4f86-8c87-7518a72e7535
9c8b78c6-0014-456e-af2e-d78eb06d7419,Di Tutti I Colori,1.0,9,205714,27.0,
b15d0d24-cf15-4fb1-92c9-4b9a91884fa7,Racai Status,1.0,6,195164,29.0,
2fdf36d2-ea70-4f46-908e-d3b3cceebc91,Se Il Mondo Fosse,1.0,5,193043,2.0,4225bba4-a27f-467e-80cb-28387122a235
44e109a3-d27a-48eb-ae85-95fece61cd2b,RAY LIOTTA (goodfellas),1.0,2,184097,47.0,ce895b7c-c073-4585-82eb-423c1852deae
9b4e65f1-7e2b-4ec6-b2a8-061afa149f77,Killa Story,1.0,19,156440,3.0,82152e9f-b00d-4231-b631-cdf32233286f
087e7538-f3fe-441b-94f2-b7035db93780,Bla bla,1.0,10,227184,41.0,
019b91cd-4612-4199-bb20-3b0382f2ba59,Champagne e spine,1.0,6,178146,34.0,
ba87d733-18f8-45fa-aed0-52d2d501b83b,Champions,1.0,8,200439,24.0,
51bc349c-6393-4eb4-9410-c42dcc657152,Martin Luther King,1.0,10,253186,23.0,
442937cd-8efe-4c1a-9d00-9105846f3aa4,Nino Nino,1.0,1,172071,51.0,6657e894-e579-4438-a23a-3d0be51403ed
265ece96-7600-4d1e-90bf-1a5a9f649c29,Vietnam Flow,1.0,13,223093,28.0,
7cc687d9-1737-4b3d-8f81-25b05ff3db02,Romanzo criminale,1.0,4,226920,32.0,
53988330-aa59-4c1a-9c5b-f216a5f5e78a,Andale,1.0,1,184902,27.0,20d6adb7-2582-4515-b544-669f018daa4e
138d60a7-583a-494c-8342-54a8cad49b0a,Apatia,1.0,12,187693,25.0,
3c0ec170-84d9-4578-ba1e-1029a0fc7489,Come un pitbull,1.0,5,220797,29.0,
49925ecc-0cc8-4397-b449-3225d1fdf4d4,Capo status,1.0,5,168133,28.0,
bd7676d5-090c-4a16-91c5-966544071d42,Gli stessi di sempre,1.0,10,205826,30.0,
ee8fb4ee-63ec-442e-938d-a2b2b5d5a2c9,B.Rex Bestie,1.0,5,216263,25.0,
7b3d317f-70aa-441f-a30d-628ec3220d9d,Bella Idea,1.0,11,208351,25.0,
681ec2d3-b7ae-441b-aea5-34ae50c0832c,Sulla luna (intro),1.0,1,128000,26.0,
429e02bf-33f4-4060-a164-7948805e3ae5,Tutto quello che ho,1.0,2,153964,39.0,956c2e44-5e61-419e-8ed2-4407fe710237
09201c24-1520-4c14-ad58-6cf45a11c07a,Ombre,1.0,10,184226,24.0,
cc7ee5b3-c63f-4c16-9586-b490ff518e00,I.L.T.G. (I Love This Game),1.0,1,194175,22.0,81f5f4b9-1065-4200-8dc4-6ed50faf531e
b023bd8e-a379-4317-9d37-53755fabd251,BUTTERFLY,1.0,1,176455,55.0,73d8ae9e-46b5-4897-9d86-339a9f161e20
d6f505c3-daa7-457a-bd52-9824e82ee06b,Giusto o sbagliato,1.0,11,195337,29.0,
c7c19721-2949-4951-ba91-7d0c40f2eb5a,Era Meglio Ieri,1.0,8,225200,22.0,
b2b18d4b-bd38-46e0-b884-186f7813b1f6,Broken Dolls,1.0,10,209840,57.0,
5f221434-94ed-49ac-8755-b50eb8a15511,DANTE (il profeta),1.0,1,101960,36.0,
f556485b-a4bc-4db4-817c-27a1bc0ab4d1,JOE PESCI & DE NIRO (casinò),1.0,4,157186,40.0,
464fd09a-414b-464d-b30a-ac5f07534b78,Milano male,1.0,13,141573,23.0,
afee5fe5-f534-41e0-8942-81f1d4817c73,Il king,1.0,16,176285,32.0,
52de3816-7921-45fa-bfe3-4293a969825b,K.I.L.L.A.,1.0,1,167283,69.0,
86d2dfc0-9f0d-4c3b-b7ac-735491475f11,Teen Idol,1.0,17,204944,19.0,
910bda54-3e8c-46c8-8ce3-ecacedc20008,Blocco Boyz,1.0,8,294746,20.0,
f206f49e-5928-42f2-92a8-3b58bd94ba75,La bara più grande del mondo,1.0,4,222641,26.0,530b35d3-6b61-4f59-b628-5f06edf5df59
5da0e393-1917-4147-9dd1-32e10a701de0,Fratelli a metà,1.0,12,217586,21.0,
111178af-e88c-44c7-9952-be7da8e92aa6,Cashwoman,1.0,2,173686,26.0,
c6cc664e-5e37-4567-a2ff-7f0b4e6ff22d,Di.Enne.A.,1.0,15,257888,27.0,
963a8753-75d4-475b-9afb-355409256038,Vampiri,1.0,1,223306,42.0,d4ad0955-1319-445c-9058-405be54f7623
f2aaed13-4504-433e-99fe-e6cf62531e2c,Wow,1.0,1,186720,26.0,
4d0ae2a4-97f7-4236-8286-a34d5082f05f,Straight Rydah,1.0,11,219664,20.0,
6057eaa2-ff53-4b7b-aad0-95e6d86bca74,Dietro front,1.0,4,189316,28.0,
7b7759c6-8cae-43a1-9e5b-5eb9ba8796de,Il peggiore,1.0,1,209684,26.0,
e2b04c74-a2d2-419b-b699-490e821eeb06,Pum pum,1.0,18,164120,19.0,
66272081-45b6-49ce-b793-7d257f4d3ad1,Va bene,1.0,9,180253,23.0,
fc2355b3-902e-4b30-a8ac-25ef9c2be253,Come Sto (64 Bars),1.0,1,187293,55.0,
b3178a50-fffd-49d4-ba71-119f01da58dd,Sexy line,1.0,7,186827,20.0,
df3e7766-3194-4ee0-b752-24cf082c7130,MB45,1.0,3,184866,21.0,
09136c4a-2fac-404d-a899-32e8218c4532,Bad,1.0,10,209840,57.0,
eaefe011-6532-45af-9870-b13f1380a47c,Click clack,1.0,1,167093,23.0,
da46b3e5-5335-428f-9529-158d5893020a,13 Anni,1.0,4,192527,25.0,
f692ef85-8312-4d89-9250-d2ba72c895ce,BEL FINALE (buttefly effect),1.0,14,202146,23.0,
2a64f418-7a22-440d-a70b-300b479a57a4,Ciò che perdi,1.0,17,125760,22.0,
9320475b-c1a9-4875-9f0f-920811a9ee20,Casinò,1.0,4,157186,40.0,
dd5889a9-cb3c-4f9f-a808-d732d9499af3,Nice pic,1.0,9,189767,23.0,
9bc97eba-6842-4838-96ab-f409baa0946f,Stupefacente,1.0,5,217155,20.0,
9cdc3fb2-77a1-4141-a60a-737668767c1c,Che abbia vinto o no,1.0,1,190212,33.0,8beb2d81-5d1b-4e80-89d9-f62f56293d89
cec35a24-97a7-4415-a5e0-c948239dae7a,COVID FREESTYLE,1.0,4,194723,11.0,
f94f0e41-32d6-4d7d-9ab5-de6b10e8ea10,Tutti in catene,1.0,2,196127,21.0,
1189280c-9a7f-422f-b6ec-f6713a16fa33,Essere umano,1.0,7,209720,22.0,
0afa18a9-ab6c-4c33-a9d6-0006066d27dc,Ho visto,1.0,3,165213,23.0,
423c2722-8b3b-47fc-98db-a78670c02207,Conseguenze,1.0,15,178226,20.0,
df35d34a-9956-40aa-bad6-1aabb252b546,I’m the shit,1.0,7,152226,21.0,
82580f42-e717-4b80-8be8-151eaac56159,Non Fa Per Me,1.0,5,233163,33.0,
cb612666-c021-47d6-a1a4-22641fdb3bc6,Brutta,1.0,18,224064,22.0,
42a1429b-e672-448e-8ba2-75085b6c479d,Lucifero,1.0,1,173907,51.0,4197b218-dffc-4d6a-bade-0b538ae03f78
9849d51c-01d5-464d-b58e-8905e0c2f4f8,Grigio,1.0,11,269880,19.0,
d186edba-3c6d-4fc4-abb5-805ccac2d122,I 3 tempi,1.0,8,225200,22.0,
020bd92a-03f5-497c-88d8-9e897a3715bc,NOI SIAMO LEGGENDA (chronicle),1.0,5,158106,35.0,
da2d4096-da12-49eb-a280-39f68e4ab262,Bianco & Nero,1.0,11,269880,19.0,
b5db9db8-170c-4d4d-9fdd-965004c4a47a,Stammi Dietro,1.0,7,130548,47.0,
78e46ae2-684e-4313-a92c-f20a64140584,La testa vuota,1.0,14,258680,23.0,
a3a03dbb-0e24-4874-8376-2aede1d551ed,#Rossoneri,1.0,1,187770,34.0,bb24f35a-c5de-4d09-9be0-fe3195ea1bd7
5a815dc9-3acd-4e1f-9bac-4b8f94754729,È meglio così,1.0,14,212903,22.0,
eddbdb6e-1e43-49a5-9180-e8d3e7b13997,D Love,1.0,8,167080,38.0,
57043b60-4f4a-449d-9959-c2c4ae25916a,Qualcosa non va,1.0,6,165590,20.0,
df557393-097e-4166-bfed-5ab125f886af,Cocktailz,1.0,8,213380,20.0,
899cc1d2-d4cc-4fa8-bb71-289283106eb0,HUMBLE (sicario),1.0,3,163373,35.0,
3ec1f31c-a9d3-4c6a-909f-6ed327ca9087,Vieni qua,1.0,8,235173,15.0,
7acf445d-eefd-449b-a926-0753484121ff,No Smile,1.0,2,184097,47.0,
d3bab2cc-caff-4f26-8f37-88d067a220b7,Nei guai,1.0,10,194526,18.0,
c953bde0-2e4e-4409-a1e1-797e4b9039e0,LA RIVINCITA,1.0,1,154647,21.0,3361215a-6113-44c1-9411-d9dc3053e175
4cf5e51d-8731-4f0b-8bd7-f05493ffd873,Perché tu no,1.0,11,254626,31.0,f3136a5e-2131-4b1a-9b1c-65670f67085e
6cb25cc3-c99a-47a5-b597-ee783dcb1baa,Io sono la moda,1.0,3,187924,16.0,
7e2950f7-ca60-46c6-a381-dde499c6abc3,Iniorance Boy,1.0,2,184097,47.0,
cab46311-4d13-42ac-b88d-b7a30b94a853,Consapevolezza,1.0,16,169493,17.0,
4351c192-0e55-4c57-b876-3923c1bb6a52,Demolition,1.0,10,209840,57.0,
04beb7cc-4d5f-404e-bd40-a9c95cf54ba1,A Bada,1.0,10,209840,57.0,
cc02aed4-7d32-4653-a72a-b53d28c4d36f,Tagli,1.0,1,207537,1.0,fbf30b84-91a1-4fbf-be6d-138a19c070e5
c9906a67-1781-4e51-afcf-5ae7d5e3485f,B. Rex cricca,1.0,19,193813,16.0,
4a957c7a-6d1a-41e7-aa13-8445e1d321e1,Ho scritto un testo,1.0,1,162461,12.0,6e32af3f-b6e6-4848-9b18-f7bb1dcb68be
9e211bb1-4802-4f24-8305-3337398a5b7f,Non Credo,1.0,11,269880,19.0,
6b5ca2d2-3094-48c7-8b77-fa1dc0f74b5c,Abbracci,1.0,3,187924,16.0,
612ec641-8ba3-466a-8acf-cd79a36c5e34,MI.TO,1.0,3,165120,23.0,cdb7824c-c5b6-4baf-a485-4efc9eff3006
81cdaa13-c69e-4293-a3e0-302ceb58f46b,Chissà se,1.0,15,212665,18.0,
c62c679b-532e-4ee1-9d32-8e660f9c0a40,Più rispetto,1.0,17,204944,19.0,
42848669-16cd-4285-8d0d-b2cc2c8ec1eb,Groupie Love,1.0,1,194175,22.0,
5d2bb71c-1791-4e04-9f0f-31f0265945e1,The Flow Clocker Intro,1.0,8,167080,38.0,
4b478935-e33c-4bfb-917e-0fca5da35e6c,Sai Che C’è,1.0,5,258431,24.0,
41e87001-2519-427c-b0f7-6ee2d8f158f4,La mia risposta,1.0,5,233163,33.0,
b6ae3278-8dbb-41c6-a3ba-c496dafe7350,Cresciuto,1.0,1,204293,39.0,
1c4c1d46-0010-46b2-a6e9-7fce38f448aa,Veri e Falsi,1.0,8,200439,24.0,
576f58cc-d175-40dc-bed6-83a468a0a4f5,Buona La Prima,1.0,5,193043,2.0,
efe2b6f3-f6fd-48dd-b0bd-9729e494a45e,Riempimi le tasche,1.0,10,253186,23.0,
73869bca-e6d6-42ae-9d17-7736c6c4de47,Godzilla Flow Freestyle,1.0,8,167080,38.0,
d8ff7cf5-696d-467d-be82-fe91d4fc5d6a,Check Check,1.0,9,219066,26.0,37ffbb29-435f-43b8-9181-e8b17f1dda30
28ed0d24-d70e-4938-b93e-568a819047ab,Ti Porto Il Dramma 2 RMX,1.0,1,186720,26.0,
108c1f22-0a67-413c-94a2-e6f2906903ea,Hate/Love Freestyle,1.0,1,254400,44.0,a074e321-7e31-4a3f-9127-ffd3d24174a6
611cdb8c-26a8-4b5e-950e-09838c6afe4f,COVID FREESTYLE 2,1.0,1,204293,39.0,
61c6cea4-c80b-4f7d-9046-f0332dfbfa13,Dall’altra parte del mondo,1.0,1,186720,26.0,
dbe2bbf3-8615-4b20-a4a8-fcedc5bb1679,Loccato RMX,1.0,10,209840,57.0,
4a5abbe1-e2c5-485c-b35e-4b2eab577333,Alzati e combatti,1.0,10,209840,57.0,
52e8a20f-7055-4e81-8fab-6e8716b43c99,P Sound,1.0,4,211617,0.0,f5558f65-6692-42ed-9f75-61ae60d2decc
4b8875dc-f46a-44a4-89cb-3ba0e1037453,Autodistruzione,1.0,10,209840,57.0,
6dda6071-0a70-49b9-8e77-29d87e6ef34b,Beatbox Shit,1.0,13,281893,3.0,e50a28ad-cb1f-4222-a3cb-f264be84c6cd
240bb42d-401f-4841-8cc7-ea5ef859a8dc,Dramma Music,1.0,4,142872,31.0,
57f12a31-dacd-4f67-bb4c-d50608aeb229,Run to the Roc,1.0,17,213280,46.0,f0afeb42-f227-4cb7-9397-ea9242e82fef
512f774a-b464-474d-8b59-61093f87ba1f,Covid freestyle pt.1,1.0,6,195164,29.0,
7fe891d3-356f-4a3c-bd7f-925f8560388b,2 cose da dire,1.0,6,226906,82.0,
53ea2dbc-247c-4bb7-950f-e4ee51638afc,COVID FREESTYLE 3,1.0,6,169280,38.0,
eaa31dbd-6bf3-4d66-850d-d370d8ac4f82,Non mi fido più,1.0,10,209840,57.0,
6db64044-14a8-4679-af02-4c22b814522a,32 sfasi,1.0,12,187693,25.0,
ada789ea-d2bd-4d46-9e97-19cbb688a2b3,Killers,1.0,1,199285,13.0,39700f79-c6d3-4ae4-8ef6-bf0e13f89eef
b2a4038a-51be-4467-96ef-ddd30b3a8edb,Stelle nel flipper,1.0,4,191080,10.0,
0952a807-c24d-4c41-b053-392f47105d5f,Non so,1.0,8,233476,37.0,
c1f851e2-d8f8-4129-9b38-4c0bb8631a87,La mia provincia,1.0,8,225200,22.0,
59699d56-97a2-41d3-ab58-1753638a37a4,Typhoon Freestyle,1.0,4,194723,11.0,
185cb9b3-8008-4723-bf44-0348c935234c,Covid Freestyle pt3,1.0,4,194723,11.0,
83bc61a4-8f30-482d-8017-a4dbeccd7cfa,Sensi in coma,1.0,10,194501,9.0,f7d5d212-86e4-41dc-85ab-4a5cf0792b6c
4a18d980-e206-4d82-92fe-34f500057e22,Non sei me,1.0,11,254626,31.0,
38591040-2a36-474c-a1c5-90141d732552,Twist,1.0,2,174638,62.0,58aee983-3677-4acb-97db-59e2a7bdb674
4afdedd7-35db-4e34-aef9-c006be383597,Loco Loco Loco,1.0,16,237117,97.0,f636617a-3b99-4afb-96c7-b8d19ba7a731
fe9c25f9-9d0d-43c8-8bd6-8f0b2736189a,Si Dai Ciao,1.0,6,160268,64.0,
0be8f3d0-7529-4ce6-9c43-4b4affd899ef,Capetto Kinghetto,1.0,1,140240,43.0,1d10331b-31ef-412b-9091-02f8af8a11be
1e920e6a-4634-4aa6-bfec-aa522658a2b4,BOOMSHAKALAKA,1.0,7,264870,31.0,50d98266-8df3-46a0-9de8-3e83079cb435
6219bda6-c04f-4585-866d-e3fd4de2aa0f,Phai Come Vuoi,1.0,1,197708,76.0,
74bb189e-6849-496a-8784-390b3ab7b448,Straphatto,1.0,1,199384,45.0,cc83ce2d-544b-47ba-a0b5-84414e30412c
dfec86d6-3e19-4a8e-b975-f414717d53e7,Ciuph Ciuph,1.0,1,208135,76.0,9e1ad942-8571-45f5-afde-31c11b8105b8
af906248-c912-4c7d-aff8-a067487f1f37,Di Tutti I Colori,1.0,1,212148,72.0,54976ca5-af8e-4758-b14e-714945a4ce0f
e7143c1a-0bd2-42ce-a95b-e8b65d7a00f9,Waci Waci,1.0,9,200493,50.0,8182eca9-25cb-42c4-a023-bbb77f0e5bf5
18861376-7ec3-4d0f-8d06-d60e616dec3f,Hula Hoop,1.0,10,232411,62.0,
5215d1ab-9a04-4d22-a949-ea8621cc88f1,Uppha,1.0,4,280669,50.0,1cec4189-fa82-46b4-bf86-94c022132182
c89af4b8-e5bb-4490-a95a-ad7449785c92,Senza pagare VS T-Pain,1.0,1,210099,62.0,6d185d8d-54fa-4e26-b2b3-7ab2e32bbf13
cfcd953e-e073-4e71-872e-e3d85a1b1acc,Italiana,1.0,1,174172,63.0,16239284-f481-45cd-8b1d-9d8508b635a5
7603ab58-5fff-4164-924e-bcb2a69525ae,Assenzio,1.0,1,250533,52.0,d6a92400-0ce9-4a9f-b3a3-a38e2e2b13e0
bd56cb8e-61b8-4576-bd2d-f6746cf7286d,Vorrei ma non posto,1.0,8,225866,61.0,
0de1a238-091d-4eef-a63f-79e1ce647579,Favorisca i sentimenti,1.0,19,126093,43.0,a6c1c40a-5166-4213-bda5-7f90a2437ee7
6a1194d9-391e-43d3-9645-0936bd2e0895,Sconosciuti da una vita,1.0,1,180128,40.0,9c0d68b1-dc24-4b18-9e62-d917c59c2434
b6507ea0-296b-4af7-9835-144966c8f511,Intro,2.0,3,271880,49.0,8c22aa67-0369-484e-91e4-1533e85bbee1
6e3dea10-597d-49bf-a793-728cdd4d6363,Maria Salvador,1.0,15,223053,59.0,
afa445d0-ec06-4f44-8750-8b57a8dbf48f,Piccole cose,1.0,11,215880,45.0,
1bb28b09-7b8b-4398-b497-5e9f1d544b56,Comunisti col Rolex,1.0,1,210099,62.0,
b38a8350-55bc-4db5-af9c-92d2571ba50b,Senza pagare,1.0,1,210099,62.0,
e627cee7-f6d4-439a-a446-ba4678b4f28e,Tutto tua madre,1.0,1,226000,43.0,60f4bf2f-2dbf-4d37-b27b-1a184761c5c8
e63bc789-bbb9-4cae-a406-e46c5125e844,Fratelli di paglia,1.0,5,214733,26.0,
8c9e6524-ee82-4805-951b-9c51f256cb1f,Il bello d’esser brutti,1.0,15,223053,59.0,
94132375-e4fa-4e1f-8b46-fe3738abf225,Ostia Lido,1.0,19,173266,57.0,136d05b9-e417-465d-819a-a22c3c3d769b
28cb8201-1be4-460c-8d42-d8ed6cf52bab,Meglio tardi che noi,1.0,14,201133,28.0,
242b1e8b-6805-401a-9d86-3ec0b6f12181,Cuore nerd,1.0,12,164626,25.0,
35b442f9-a1fc-41cf-8c78-88de47740f84,Ribelle e basta,1.0,2,215453,32.0,
72f79029-2325-46c1-af48-59d18cf75149,Il giorno e la notte,1.0,3,211200,27.0,
f8c9b799-4ca8-40f5-9f5c-0e3a78166b74,Mainstream (La scala sociale del Rap),1.0,3,206280,23.0,
3978a1f4-331e-4cde-a0c6-6d4ade47f9b4,La Mia Hit,1.0,8,212640,44.0,
bdec85e3-5ce8-470e-9b49-ea0cfe34b3cb,Musica del cazzo,1.0,10,214626,28.0,
bd059253-aa0f-4ee6-9d6a-d044cdffe0a3,L’Italia per me,1.0,9,207333,28.0,
d94ac2a0-1b1d-4703-8262-613d15fa424b,Pericoloso,1.0,7,220146,33.0,
254c7e02-f59c-44cb-98f8-3f94536ba218,Milano intorno,1.0,7,196093,28.0,
076d0162-1dd6-4537-9b59-bf5d6d5a1c5d,Immorale,1.0,17,227893,41.0,ba354438-5f41-45a5-9656-eb0807a3db27
8ee97a06-485d-4ba0-a0e2-7fa7ffad730f,Ti amo o ti ammazzo,1.0,14,219253,40.0,
5969ca17-bddb-42da-86d1-2310f4dded87,Salsa,1.0,1,195750,46.0,0b1160a9-ebca-44b4-9c2d-098eef6d8894
b4b3117d-29ca-4a62-8d12-92b7c5b4a12e,Deca Dance,1.0,6,189293,37.0,
631c2a05-4aa5-4867-ba0a-83b0f42b41d5,Timberland Pro,1.0,1,231999,22.0,1edcf70d-14e8-4481-b3fd-700e032d8e07
15961158-27ae-496d-a6b8-cd0463a9402a,Piccoli per sempre,1.0,19,240600,41.0,
94e661c2-ef22-4889-a8a4-927d73e14a49,Allergia,1.0,15,229973,22.0,
5d1153d0-64a4-4db4-852d-77037c674236,"Quando piove, diluvia",1.0,5,222586,22.0,
046671b6-e252-4c64-949d-3ca2c63db926,Beretta,1.0,6,211386,32.0,
a27b24ef-0c18-434a-8c5f-b37aeaf66190,Tutto il mondo è periferia,1.0,6,201306,24.0,
18e216de-5725-4818-9851-75b2f7bd7dd9,Per sempre nell’83,1.0,14,197173,35.0,
b0cdb254-730e-4b2f-9915-8040c80968cb,Supercalifragili,1.0,4,170133,40.0,
319f6caf-4bd2-4d8f-9511-5d460d16f19e,Devi morire,1.0,20,253106,19.0,
83ca8145-0be1-4cb6-af07-d91c0469962b,S.N.O.B Reloaded,1.0,13,237727,0.0,73bcec0f-708f-4d00-bdd8-ea77416e6f65
71ee595a-a150-4e70-a458-b1117d9d5853,Anni luce,1.0,13,197533,21.0,
7e1e0a8e-33e3-48d1-804f-63ecd3487ad4,Reale,1.0,19,173266,57.0,
05d939f8-b614-497c-af59-a4292c0828dd,Caramelle,1.0,7,218413,42.0,
66eb024f-1ee3-488e-a709-c68d2b27764c,Redneck,1.0,15,218880,22.0,
047c025e-0d33-40cd-979b-7b490f355d8a,Il kaos è chiuso,1.0,22,243213,13.0,
bc1cf228-69b6-4451-927f-6269a0202106,L’uomo col cappello,1.0,20,223106,35.0,
2dea7508-ca3c-46b1-971c-635cee38ff8b,Tua mamma,1.0,13,222226,34.0,1dc77fc4-9567-4e70-a278-35a168e4d842
5f828383-c868-408b-b8ea-9430d84b7c8d,Cristoforo Colombo,1.0,11,208253,22.0,
a07f116a-6c32-4741-add6-2f1e27b7243b,Hai rotto il catso,1.0,8,207933,32.0,
5c484520-b17b-481f-b20f-460284eae649,Bimbiminkia4life,1.0,16,225093,31.0,
3ac44bcf-f97c-4c31-b0c9-f33c69843741,Santoro e peyote,1.0,10,223706,27.0,
6baaf327-ce37-4b77-b225-665e091cfcd2,Perdere la testa,1.0,21,224706,14.0,
73651214-2803-4554-85e9-b05ace24d13f,Old skull,1.0,14,218773,30.0,
9ee7b515-cff9-40a7-91ee-107e8719c4a2,Sopra la media,1.0,4,217573,31.0,
f42b4096-dc88-4b5d-bea2-a85dcdc7aaa1,Meglio prima,1.0,1,229160,29.0,
535d2d08-23f4-4255-8922-aebfea3b2780,A me mi,1.0,27,186453,16.0,c647986f-422c-4de9-a5bf-c6ef5602ce30
46a0146c-5a8b-4b4d-a856-50d2b69589ee,Ancora in piedi,1.0,1,244960,31.0,2b852964-c568-4088-af80-7d8a20627d88
deb47808-79a7-4ea1-9100-78ec43e57a62,Pieno di stronzi,1.0,16,244760,21.0,
c4484992-2f62-4609-8012-21917e0ed116,Una voglia assurda,1.0,2,174646,37.0,
a2e1b6e2-6ab1-4f31-8754-9c35106e50fd,Miss & Mr. Hyde,1.0,8,387533,4.0,53251034-f0de-4991-9049-22e5a28125a7
a36de53d-03b9-45f5-8126-6e9b6cf4b43e,Via di qua,1.0,1,207333,36.0,
0019b56b-053c-4dca-aae4-af21d69cd15a,Siamesi,1.0,9,209613,19.0,
20f109b1-4641-4517-9289-daa3727ef720,Cuore a lato,1.0,13,203146,19.0,
219cfa03-350c-4e1c-ab62-6ab6804df607,The Pub Song,1.0,19,241906,33.0,
0f9c3599-bd0a-456b-a87c-20ce9b8eb6ff,Uno di quei giorni,1.0,5,207653,38.0,
3d938276-224a-44b8-8d6c-84acd9fff813,Rap ’n’ Roll,2.0,3,217093,25.0,57fa1c9c-e734-4a16-8cb9-b8a1bd404ae5
f515c626-1fd1-4381-a4bb-c43f59213832,Fiesta!,1.0,12,177866,23.0,
f18734a0-357c-4fc1-ac8e-08f75d9ef73e,Sarò scemo,1.0,17,158093,16.0,
64b6f8c3-5564-47b0-85ee-10fa0f647efa,Il terzo spritz,1.0,16,171506,25.0,
4ff3a2be-2156-45db-a1ad-23b8e2ce5d25,Sono un Fan,1.0,4,166253,35.0,a58e96f7-f26d-4210-b7fc-6fb598f2defa
25d9ae9c-20e3-461d-b4e2-e2b179da870d,Dentro me,1.0,8,245866,26.0,
ca17ed6e-b19e-4b72-98a9-ad4ffd7c9c14,S.N.O.B.,1.0,2,229600,30.0,
929e9585-4493-46d3-8c0e-8cf483d23569,+ Stile,2.0,10,208173,29.0,
53af24f7-0e00-4ed1-9caa-b6856b023858,Maria Salvador (Video Version),1.0,2,230933,26.0,
f6986c9f-95df-4c46-b398-8c79d50d01f8,Amo l’Odio,1.0,2,189013,21.0,
080dd6dc-70af-452e-bbdd-aecf039ad179,Un altro viaggio,1.0,18,254080,24.0,
32e8d8e6-4d92-40ad-80d9-63a8ac719744,I love my bike,1.0,8,250013,26.0,
2649453f-2bf0-42f7-971e-0818b4323a0c,Tutto o niente,1.0,12,238693,25.0,
275091c8-a6d3-4994-b343-c100bd30e978,La tangenziale,1.0,3,212173,25.0,
2d31be7a-8808-4b55-a7e6-3d0fd2a749f4,Un Tera di Felicità,1.0,6,206866,21.0,
2fd5cb9a-0f3b-4e3c-8df6-bd202c4f991a,Tifo Italia,1.0,5,204026,21.0,
86fdd0af-7f86-4a4e-a821-a5c9d30a9ffa,Musica da rabbia,1.0,3,220586,22.0,
a85b6a22-3642-4cc5-a599-568ec86f885b,Buonanotte Italia,1.0,7,207133,32.0,
ecd98e69-b1f7-426b-b3df-2f622f57ee78,Vecchia scuola,2.0,1,198000,22.0,
1299af76-89b9-41ae-9a27-29342f24f655,Rock city,1.0,11,217493,25.0,
e62d74a2-8af9-4f4f-9a3f-19d0a59a0a3b,Domenica Da Coma,1.0,7,166640,31.0,
ddf0b4fc-17b7-4953-a16e-a00324929db3,I Vecchietti fanno o,1.0,4,245653,24.0,
b1befcf4-58c6-4432-93ad-b9a451fb17d2,Tre paperelle,2.0,7,230960,23.0,
2202ec47-bbe7-44c8-8e2e-4572917ba243,I Film di Truffaut,1.0,9,164786,19.0,
b3e8a235-a190-4fee-9342-e8f118eaa6a5,Il commercialista,2.0,8,217293,24.0,
baba7c8c-6bab-4b72-824a-65632024a6d7,Di sana pianta,1.0,6,229026,32.0,
3c6ee92e-3a7f-413d-be6e-12fc151d6dd0,Come io comanda,1.0,9,233520,22.0,2038c8c1-860a-4830-9992-0e48ed1f0423
c3be1567-77a7-4b81-9c92-568967ddd2ad,Sei sicura,1.0,12,241333,31.0,
f461acba-f90f-4baa-94e8-82fcd0d012c9,Io non te lo do,1.0,4,220093,13.0,
81677e71-8e8d-4f0e-8344-73c9989d6a7b,Intro (Multiplatinum Edition Version),1.0,1,301500,21.0,2a02c4fe-eeab-4281-8a7f-2246db10b51b
591c6e51-3307-42dd-883a-abbe15a97185,Questi ragazzini,1.0,17,211986,17.0,
81c1e2c2-95aa-40ec-9b3a-78299227b291,Stronzy,1.0,7,149320,17.0,
f05e38be-54b8-44f2-8f3b-ac47bfb01e9f,Voglio La Mamma,1.0,11,165680,18.0,
7650aff1-d4d6-4fd8-a3fc-38c3f27f061d,Reci-divo,1.0,16,243520,25.0,
82881f4b-0d83-4d36-9759-709f43309d5f,Tutta scena,1.0,9,218546,27.0,
a7c94bb2-42cf-4c34-ac44-363f8708e2c3,Altra vita,1.0,15,174133,28.0,
ad6a9ee3-a541-4af7-be45-2d1c22630464,Che Classe,1.0,8,211200,18.0,
48ae3ce6-29e0-40e0-81f4-5ff1562c765c,Sono di moda,1.0,6,182866,26.0,
4ae2b5ee-7fa2-4494-a811-26a03f950ade,Se mi sposo,1.0,14,221586,23.0,
67be306b-b115-4ac8-97ff-e2480a36b714,Canzone Country,1.0,10,189600,19.0,
610f4cbd-9fee-4226-b0d2-854c0fa22b7f,Come Willy l’orbo,1.0,8,202866,25.0,b5d3696d-71dd-466c-b02a-33d65297ec0e
cc51b126-f841-4e66-895b-88e6802acecb,Generazione zero,1.0,16,227927,23.0,
65cea8fd-e215-40a2-bc46-d2a6b0d57bea,Nati così,1.0,17,245080,24.0,
05848f56-8020-47b2-a280-f4f795817078,Aqua nella scquola,1.0,11,231013,26.0,
624a9697-8bf1-4a12-b9b8-87ff26f0b200,Come un sasso,1.0,12,222173,19.0,
40ee13fd-a256-4061-ae10-8b1cbda617b1,Fabrizio fa brutto,1.0,8,148680,19.0,
2aa770a1-7e91-4965-a524-904380356d62,Anni amari,2.0,9,234640,17.0,
241894df-fd95-4ddd-ae8c-da195e376fd4,Il mostro sei tu!,1.0,13,256253,17.0,
220ff077-200e-4499-8b8e-f45848fbe1ce,Vendesi idolo,1.0,10,223600,18.0,
10194f38-66cd-44e0-ab7f-418b726f6db2,Mi rifiuto,1.0,3,221293,19.0,
41740d22-6de4-40cf-8172-c109f6dff7f6,I Love Paranoia,1.0,6,191777,19.0,
638ad4e2-8847-432d-a1a8-1ee19e299b31,Da Milano a Pizzo,1.0,10,231933,13.0,
806e8bba-a0ec-4029-971a-f15f6ad14cae,Signora,1.0,10,260333,17.0,
b5d86d2b-0c3a-4247-9789-b166ad381e35,Aumentaci le dosi,1.0,1,233613,19.0,
07166ab0-c8e2-47ca-8be4-4c4bc7f58856,Le chiavi di casa,1.0,5,224173,22.0,
c7e7d45d-68bd-4cef-8c84-7ddeeed542f7,Per una volta,1.0,7,207440,22.0,
ad1bc501-5e5c-4762-8deb-6d5a443b1937,In mezzo,1.0,6,263266,14.0,
cdba03df-6f4d-410f-84da-4fb79feac867,(La notte) vale tutto,1.0,6,229466,16.0,
591de949-fe64-4220-bc78-b54a75df71bc,Escono i pazzi,1.0,3,205333,20.0,
6f51cb56-0eb2-43a4-aeaa-aadb835f73fd,Fumo ancora,1.0,3,283573,13.0,024f398c-476c-4924-9c0a-08f09e5f6af4
93dc0928-2f47-461c-aca7-f16af3f279e5,Farlo con te (strappamutande),1.0,12,210840,22.0,
8aed9621-e083-45e8-9ab3-99ac9c45c360,Invidia del Peneguzzi,1.0,6,314466,21.0,
4127f6d8-efc8-491e-99e5-78f76f4cbd2a,Freedrink,1.0,7,207640,16.0,
d21ec46d-0c20-436f-99dc-e59c39318e21,I bei tempi,1.0,4,210613,15.0,
b93a370d-d9e1-4fb5-934a-5b1fb2bf279d,’na-Bomba,1.0,11,228373,14.0,
3ee01790-036c-45b9-9096-a732721a864a,Quanti anni,1.0,15,202986,18.0,
fb4fd90d-a268-455b-834a-cfc489b7f05f,Cinderella Snapped,1.0,3,203026,54.0,
2c59a4d2-38dd-4297-847b-50783fcde491,I gelati sono buoni,2.0,12,202640,9.0,
ba73e5b2-ba56-4aa3-92b2-5a2f2651840a,Italianimal,1.0,14,245893,17.0,
a52603c6-1d8f-422a-8d1c-b19b68a242e7,Mio figlio sarà un mostro,1.0,17,144995,17.0,
871788e0-ba49-474d-9deb-8d4f013ce63a,Brillo ma da lucido,1.0,1,205253,14.0,
226cbe66-c6c4-46aa-a762-f8aaefd62cb3,Sei un grande,1.0,9,178680,16.0,
b0515552-4d49-4ff3-b602-02ac6d94bb17,Limonare al Multisala,1.0,6,251133,47.0,
b88aa93c-fa2a-4e87-be7d-8c3df738418c,Uno di noi,1.0,13,91746,7.0,
0e82f1c3-0328-4e28-a1c0-f3f4dbaba662,Io non sono partito,1.0,1,224757,6.0,93e1d4ae-65c5-428e-9499-9663c1492a6a
7595847b-3623-45d1-a890-20b563f1c96b,La Tangenziale (Multiplatinum Edition Version),2.0,5,214480,14.0,
3196b636-ea97-4b85-aad5-7363b96bccd1,L’uomo col cappello (Multiplatinum Edition Version),2.0,17,234266,11.0,
6694d42a-48d0-4ab8-8361-5b56fb5f2d64,Nati così (Multiplatinum Edition Version),1.0,8,225866,61.0,
8599c8b1-a4d5-411b-9686-7a484291a58c,Rare tracce,1.0,4,173773,5.0,
ab67fd9d-e11d-4e96-802d-a73846a32ad0,Covid freestyle - Jax,1.0,3,203026,54.0,
391c53fd-1436-4d4a-93cf-eb60864c6baf,Papercuts,1.0,3,203026,54.0,
608bade0-3d36-44e6-abbb-38186fb450aa,Duedipicche - Dogozilla Rmx,2.0,20,187346,8.0,
f2c3526d-bfd7-4a72-a9fe-572f674d3754,You’re the Reason,1.0,1,215280,12.0,65e921cd-3a87-4d3a-9772-222eacb8dbd2
74f85597-8970-413c-b485-9dc8107a4ba9,Focused,1.0,54,417360,0.0,6af216cf-d2da-487c-8ca9-38910c3edfc8
83bc215c-e2a9-48f6-8649-639461eeaef5,Knockout,1.0,8,248816,0.0,59de7963-0637-407a-a483-90052fd23bdf
b4afe538-af1e-4098-b30f-ba94080aaf48,Ottima Scusa,1.0,3,198520,54.0,13e4ffe7-1e04-4529-95b2-e472d4eab43c
58693133-6708-456c-98be-d642507efac2,Che Bella Giornata,1.0,2,237578,50.0,
6a6d7e5f-1925-4224-b616-a3c982ecadf1,Willie Pooh,1.0,7,221503,48.0,
4417f903-b2dc-45e5-95ca-9ccb601f45bc,Le Chiavi In Borsa,1.0,6,168786,55.0,
f7da1d51-9953-4004-a2dc-2047b91c5c52,La tua futura ex moglie,1.0,3,277413,53.0,9e411ec9-446d-4e30-8fdb-a5f595587231
215b163a-918c-4c58-867a-447f87083bec,C’era Una Vodka,1.0,3,286818,49.0,
ef1f69f7-56a6-40f9-b054-93b6e0d7fae9,Mai Dire Mai (La Locura),1.0,13,208664,49.0,f30d9936-26bd-4cad-86de-64127b65f382
5b3266a1-1fd8-44df-953a-51e1a3de149a,E Allora Ciao,1.0,15,193213,31.0,
2c79135c-1823-4771-8266-a464c18581ef,I Cani,1.0,2,223146,41.0,
cece0e5d-ee67-413f-aad9-55c74785f405,L’Outfit Giusto,1.0,6,200822,41.0,
27a7beb1-9888-4c23-b906-f207f7f8d1d4,C’Hai Ragione Tu,1.0,4,208880,38.0,
c3ce27b1-da13-46a2-afc7-ee3bc5e2a999,Peyote 451 (L’eccezione),1.0,1,199829,32.0,
783ef434-3e45-45a6-9dcf-c6750959407c,Truman Show,1.0,14,245416,30.0,
d32e653d-f811-4f2f-b5fc-20ee8d101aba,Io non sono razzista ma...,1.0,10,196626,50.0,
9b487449-6351-4cf4-861c-2862ad92b47f,Portapalazzo,1.0,8,210333,44.0,
48f73618-af0d-4434-b985-46c9e3e4a373,Giudizio Sommario,1.0,9,224538,31.0,
90431633-6f73-4f23-a2ff-9cd8472f8c6f,Metti Che Domani,1.0,5,194053,45.0,
f43bbb2b-1d0b-4e1a-b353-5cb826cd59a6,Giusto La Metà Di Me,1.0,7,252320,32.0,
eb328ed4-006a-4d02-b61c-6f39007dd995,Vendesi,1.0,13,193253,40.0,
5d9fa1fd-5513-4eb3-bd77-274ff7936f54,Dettagli,1.0,7,210611,25.0,39d15b45-271e-49fc-a60d-6e55c774821e
f29b02ef-82ea-4325-b347-a9399480d874,Mango,1.0,10,221506,33.0,
e973bba3-6a09-4c46-9fe8-30aa725a472a,Grazie ma no grazie,1.0,1,205649,62.0,a8d8420a-9966-4a4a-b475-4e068e382871
056e0e5a-9d29-459c-bd3a-d5af91cee170,Quando nessuno ti vede,1.0,4,222280,43.0,
aa8b706c-1a31-4d42-993d-77f40c894ae9,In teoria,1.0,1,183685,93.0,
55194d6d-7d9b-4951-ae33-ad5a66608c9d,Interludio (L’Avvelenata),1.0,6,197668,39.0,d0ebdef9-7349-437b-8b79-6e78bb46d21b
b293b72b-77f7-499d-bc67-b6f9fa61ccf7,Il Gioco Delle Parti,1.0,9,167240,34.0,
e97cd00c-73cc-424b-a126-b5549550cc5d,Mostro,1.0,2,196466,30.0,
b384f2e5-a787-4fbb-8954-4e3d8c664355,Donna Bisestile,1.0,11,208173,32.0,
b2071bf3-940a-48fc-be05-3abb4843eb30,Giorgia nel Paese che si meraviglia,1.0,4,168893,43.0,
e609eada-da0f-46ed-9aa0-5869df169a2c,Avanvera,1.0,1,158000,30.0,
672e544a-5a24-4e6e-84fe-bfda5789e891,Le ragazze del Peyote Ugly,1.0,9,206511,26.0,
9d6f2115-5a2d-4ab2-b0df-ff21c602a358,Oscar Carogna,1.0,1,154104,29.0,
25bf26c8-8c20-4f94-ae8a-f2b870ba7495,Etichette,1.0,8,136778,29.0,
bdd4313e-e12d-4fa3-a4c6-fbce4ed51558,Semaforo,1.0,12,208493,51.0,
256801d2-0cce-4fda-b7da-9fa71aead97c,Vilipendio,1.0,12,164066,32.0,
6c0b5467-be88-4724-b7f6-8a007938cc4b,Nessuno è il mio Signore,1.0,13,277594,30.0,
a7b3389f-b2fa-48b7-acd6-448ae75022a6,L’una di notte,1.0,10,164470,27.0,
27a472e3-d49f-4e4f-b398-d4f35bc1a38b,La depressione è un periodo dell’anno,1.0,1,217344,26.0,aab452f3-1638-49b1-b953-8a8c139408cb
05302696-cdc4-4b28-b2a6-1b18d0c8c325,1312,1.0,4,149834,30.0,
94e8252b-6528-466b-b114-5f42f7e5eb52,Sempre lo stesso film,1.0,13,172520,33.0,dc8c07ff-1211-4b31-a524-1dbbf32af385
5e9f3498-6a21-4a11-b816-0a08cc119031,La Scelta Sbagliata,1.0,4,233050,30.0,
0a0c8998-f861-4e69-9baf-f97f78cd2e0f,La Dittatura dei Nonfumatori,1.0,12,162148,38.0,
59149445-8ec2-4350-a293-bb08ccdd2017,TmVB,1.0,8,214153,27.0,
e12dc1a2-33b0-4149-a677-e0e5880394fa,Miseri,1.0,8,241306,30.0,
bdcf2d84-1702-4fe9-b77d-0444f98946f4,7 Miliardi,1.0,10,58640,24.0,
1ddbbd16-c867-4384-986a-fbcc9069e229,Fare schifo,1.0,2,195786,37.0,
ae687fcd-196b-4e79-8413-bb8b3b4c649b,Glik,1.0,14,133209,28.0,
282dcd2a-5e58-4397-8ece-851dedffe9b2,Friggi le polpette nella merda (Cit.),1.0,5,160801,23.0,
89b4d5bc-1916-4997-be9d-830a87322399,Turismi,1.0,11,197862,23.0,
365c04f3-e0d8-467c-9c49-17d71e8f1a31,Il bombarolo,1.0,3,218920,37.0,4671d53e-b391-4c8f-9ed6-23f5b6b43514
b1a50111-573f-453b-baf9-0efd60f52f82,L’effetto sbagliato,1.0,1,176812,29.0,e3eb8081-11a9-4151-b856-b624e909bfb9
fa69a144-41f8-42a1-965a-1cf5c37e2fea,Glory Hole,1.0,2,161400,22.0,
98300f6e-b194-42a9-baf2-9ece6794f1a5,Catalogo,1.0,5,164280,34.0,
9b4caead-0690-41b6-873d-ba3642a79589,Frecciarossa,1.0,1,197256,36.0,438edde9-cb22-4711-98e5-5a36f0c1a1cd
fd89df6f-7ec9-49a1-a1e2-e1fdcdde112b,Cattività,1.0,9,200826,28.0,
46f9544d-34ea-4918-a1a7-215259551a96,Dj & Call Center,1.0,13,192000,27.0,
b4c8ad2e-b925-4785-bad7-9520deba936d,Io Non Sono Uguale,1.0,8,171773,11.0,e610e7aa-3c9f-462c-a920-6823c6eba28d
4726567e-1a2e-4291-b682-c08f87d87844,Robespierre,1.0,12,186493,38.0,
c55f2ad4-3265-42d6-8b08-a087bb640ac2,Don’t panic,1.0,3,218064,21.0,
0c6b18cd-601c-4787-a1e4-f2cd6feb8eae,Sulla riva del fiume,1.0,1,205649,58.0,
53d8773f-fc58-48ef-b4d2-03ee1ecf8da5,Che peccato,1.0,7,192720,26.0,
3f8e81bc-6d42-479f-997c-7483c50cce69,UFO,1.0,1,135720,33.0,
a83626f4-6134-4997-9ca8-80ebe755c39c,Fresh,1.0,6,144466,21.0,
1c2bb742-7066-4ae6-a9f2-a577d287d343,Vecchio Ho Fatto Un Sogno,1.0,11,106181,26.0,
e38baead-428b-4b2d-b061-b403c086b439,La colpa al vento,1.0,3,229333,41.0,
cde6d9d2-24c9-4cc4-9e94-8584c0d0d8ee,Vado Fuori Di Testa,1.0,14,225256,17.0,dc355602-c280-4976-ad72-7de0d9ee7d8e
b8d04855-3c4b-496b-9279-85d37dad4cad,Algoritmo,1.0,1,178928,30.0,f4e8ed6a-72c2-4221-a538-900c2628979a
57812149-944a-43fd-b213-b4c839173edc,Cpt. Futuro Freestyle,1.0,12,126451,18.0,
63d8dd64-41f9-4288-9452-55b98764bf21,Cosa te ne fai,1.0,2,200053,36.0,
9a211b65-b15a-4980-a81a-2c8f05bed5fe,Brucia La Città (Mai Stato Di Compagnia),4.0,15,211043,3.0,d755ec22-eb5e-4651-865f-753d71c71377
5820b185-6572-4135-8ccd-5552c9322bb1,Il furto della passione,1.0,6,185466,27.0,
7215ba63-cecd-48bc-8c08-8606a2e82955,All you can hit,1.0,4,183973,25.0,
b35cea33-b9aa-462d-8d89-8d092c4452a6,Ogni giorno alle 18,1.0,5,176000,78.0,
c78b52b6-4a61-4579-9710-ed851c3a31d6,Polvere,1.0,11,205924,39.0,
1614e479-1871-473f-b666-8469435f11b4,Piani,1.0,6,228133,36.0,
31939676-b310-4bd6-bcdc-eab9bb865ed1,I soldi non esistono,1.0,9,182186,27.0,
69704166-58b8-4609-9449-366bc23d7476,Buon auspicio,1.0,5,207495,35.0,
08458c38-3ac7-4b4b-8b57-4a65f938cc6c,Chissà,1.0,8,179728,45.0,
0805be0d-53b8-46f3-afe5-7a5678e21c06,Sondaggio,1.0,6,197668,39.0,
655a7693-0b66-4b9d-a825-f829358955d1,Carne Da Campagna Elettorale,1.0,5,295160,44.0,1ba2958e-580f-4491-9a71-3792cae84711
9e9a6f33-610c-4d2b-892e-0dc52421a9b7,Introduzione,1.0,6,197668,39.0,
12d64087-5016-4ad4-9eb5-639adcef0fd3,NEXT,1.0,1,193184,60.0,465151d7-41dc-4256-93c6-c6df557c2105
a176b155-ebb7-443f-90fb-6e43b9b532b3,Intro,1.0,1,104045,27.0,
3a65a976-9b56-4de1-9071-a12b8c67b633,Diventare grandi,1.0,8,165826,28.0,
db9e5d73-ebfe-4440-9466-c6aacd36b2c3,A Me Del Rap,1.0,5,269373,11.0,be9e0b06-cb9a-4e61-b857-02b1df8fa698
1ca3f6ed-c187-43a3-bc55-c3890a7c7922,Accanimento Terapeutico,1.0,2,210246,19.0,391d8e51-d705-4fec-8afb-ee459de9d5c1
2483b0fe-1ba2-4edb-b7b7-f766a8263d29,Vai A Lavorare,1.0,5,269373,11.0,
431c7500-2e80-4bd1-8d9a-c89aa84bdd28,Incazzato Lo Stesso,1.0,6,197668,39.0,
75eebe76-89ef-4ce1-bed2-f0ebec76951c,Prima,1.0,5,151466,26.0,
a212ed07-13dc-48d7-98bf-826ff2b0aab9,Narciso,1.0,7,186944,35.0,
64143bf2-f82e-42df-92ef-9ab28b8bc3e1,Hikikomori,1.0,11,172760,24.0,
2122d38f-f2ed-4e42-ae54-4819fda696a7,Cowboy,1.0,9,216774,31.0,b1928f0b-41b0-48e2-9764-7e2d5569c61d
99c0e5bf-2d8a-41b8-a2d6-d9a6244622cd,La casa dei fantasmi,1.0,10,148093,33.0,
b6ced4b7-84d9-4ee2-b7d0-22feee14f2a6,I (Really Don’t) Like,1.0,10,232493,45.0,ab5bb9a6-a91c-4cd4-85fd-ce46a439a88f
e9529143-d5bb-48e9-b912-d5ba23fd7b22,Encefalogramma Piatto,1.0,6,197668,39.0,
12bef037-ff94-4772-a761-c37689316cfa,L’ultima lacrima,1.0,10,185060,30.0,
5bc45c3e-ba7c-4ac9-a2af-9596d03476e5,La Stessa Domanda - Il Funerale,1.0,5,269373,11.0,
abdd1135-38b4-4e32-89ec-ea3d239c73df,Che notte!,1.0,2,176250,24.0,
3fcf5624-723f-49bc-b204-e36bfef4f4eb,Outroduzione,1.0,6,197668,39.0,
a5d3b5a8-2484-4922-bb52-96d9123eb547,Se Insisti Cambierò,1.0,6,197668,39.0,
9ce385dc-77e0-4b43-929b-924cf3a78598,Bloody Mary,1.0,1,161900,32.0,38b1b0e5-eaf4-47d9-8194-e4db9206e6b5
0db64311-7190-413d-852c-3f7797a60683,Picasso,1.0,1,187910,34.0,4be5d775-8468-4a6d-8167-d3f96415c4b4
b68beffa-9e5a-49f5-b07c-bf31181368b9,Resto Fuori,1.0,8,192963,12.0,07beca79-7b8f-4983-a466-c951698665c1
5a5a1066-02bb-40f7-9be6-7797d3c6b0d0,Prossimo Provino,1.0,8,192963,12.0,
e9c5a7a7-a7f8-4758-9034-e02f74434f4e,La legge di Murphy,1.0,12,187794,29.0,
d786c487-db53-405e-9f08-9df1f00f9079,"3,2,1",1.0,6,197668,39.0,
c5dd2f37-648e-40be-b3e2-08a102e906a8,Wake Up,1.0,2,263226,37.0,3e30e4ce-1f09-4b50-aeb9-f387c1803aa5
387a2c21-b24e-400a-9998-7e9ccab8c687,Darling,1.0,6,197668,39.0,
d997d6bc-b595-46bd-b32c-6b6f3e314108,Un tempo piccolo,1.0,13,225982,41.0,
f704fcb2-8834-4c71-87a3-770c77aed195,Credo non ti interessi,1.0,5,266626,21.0,
8556f967-663c-4c0f-b629-c9c1e26451ef,Tutto quel che so,1.0,8,192963,12.0,
43ca7ad3-8269-46b1-a43b-91b748fc0072,Non mi basta,1.0,5,266626,21.0,
6d6a6c25-5829-47ee-9764-cdb2bd8bda5b,esse Type Beat,1.0,12,206841,22.0,6d4eb8d6-cc33-4ec3-93d4-58e285f3ea56
d72af680-e8d2-43ed-bcc1-371db582e138,Curre Curre Guagliò,1.0,2,323360,49.0,5f55204a-4563-4e40-8ad6-350515808c93
36175f91-8e22-4b7b-a220-499c41aa0b8b,Rigurgito Antifascista,1.0,5,354506,47.0,
94542e2d-ac6a-483d-8fec-f293cce3f1f8,O’ documento,1.0,4,267333,42.0,
4bc7a89e-55ff-4386-a198-f2f15fccbf2b,Quello che,1.0,5,252760,47.0,2da14e54-e044-4152-ad29-fa393861a7a9
7715b37c-a2a8-41b1-8770-f982e0c741d2,Giovanotto documenti,1.0,9,213506,44.0,d438894e-58e5-4851-a5c3-87a7887417c8
db4735da-6c70-4ca7-8c51-8ced0c1872c6,Tarantelle pé campà,1.0,8,208718,39.0,
29088e60-9fce-4277-840b-3337d52b3662,L’Anguilla,1.0,3,261533,40.0,9bb81f53-9cc9-4d00-abb9-e50adf5d7c02
9ca40d4a-9b60-46bf-9560-43073e1abf6a,Corto circuito,1.0,2,314293,37.0,
5bc58c9c-d926-4b5d-a6cb-9c515fd01ed6,Ripetutamente,1.0,10,327826,38.0,
a4d8e866-cbd2-49f0-8483-8e939fa07dcb,Sfumature,1.0,2,264826,40.0,
e5596ce9-ceca-4192-9602-7c2b78c59f07,Napoli,1.0,2,248186,32.0,
338c90aa-417f-4c81-9f84-6421b7061d5d,Comanda la Gang,1.0,1,171340,10.0,0c0ef721-cd90-4d74-a710-7042dbd04a67
d9b055bf-8c44-4202-8aec-1a9aa8d9dfde,University of Secondigliano,1.0,1,221988,33.0,
499f6190-1b5d-476b-8dc2-f3d86068e213,Comuntwist,1.0,8,219306,34.0,
2ed1655d-4dfd-42dc-8e6b-bf9b219dad05,Pagherete caro,1.0,12,405773,17.0,
df0bfc5d-df0c-4af9-ae7a-3f9aff44202f,Curre curre guagliò still running,1.0,3,260359,40.0,
750fecce-e779-4108-b251-d205bc4fc112,All’antimafia,1.0,4,287800,27.0,
e912adef-e26b-4d58-8bd5-ee234cc80d36,Non c’è tempo,1.0,2,361266,29.0,f294e3d2-1a08-444b-86b4-620fade15666
665e49b2-8fe3-4747-8790-4ef9a00b009d,Rappresaglia rap,1.0,13,267040,24.0,
e1f84747-19be-49e1-80f6-5c03fd6c05d3,Stop That Train,1.0,2,266973,26.0,1b91f8c7-5e25-4683-bbae-ca434d50ac5e
2c6faae3-dd8a-40d6-b319-66a0804b523f,Odio,1.0,12,252733,31.0,
ef4ce000-d57a-4046-b80a-4f2dfacc7e8b,Buongiorno,1.0,1,302346,18.0,
223aaed0-87d8-4671-82ab-773d3f34f9d5,Salario Garantito,1.0,12,369826,14.0,
64aca99c-1d84-47a6-b632-b596feeacbf7,Rafaniello,1.0,11,350240,13.0,
ebad3577-3d55-4c11-8ec9-d5f01a664963,Povera Vita Mia,1.0,12,318866,28.0,
3dd4ef77-8391-468e-9732-6c6e35943cff,Rigurgito (TV version),1.0,7,112293,19.0,
c9d5ad9f-d783-4f42-95f1-05fac7127704,Tuttapposto,1.0,6,229266,23.0,
c06d7512-9796-42d3-9460-6afc5239a8a2,1-2-1992,1.0,11,117400,18.0,
5cdf1d5b-6b2b-4c8f-9f28-4ef29f88868e,Me siente?,1.0,3,255146,29.0,
2827a7cf-6d13-4673-90f6-c0f1f12a5f58,Vulesse,1.0,7,314146,20.0,
71768c35-1d20-46b6-8b03-5961db730e57,Cattivi Guagliuni,1.0,8,208718,39.0,
9ba27bfa-22f5-4c5e-b401-f0da4b62acb2,Medley ragga,1.0,6,589773,22.0,
cb97f2af-74c5-49ec-b338-b47a88c22bee,Nun c’à facc’ cchiù,1.0,9,84866,18.0,
e1dc737e-9e05-4e8c-ab8f-34203e55c40a,Rappresaglia,1.0,13,267040,24.0,
0beba24f-e9fc-4597-a2ef-8ee624affb90,Nero Su Bianco,1.0,1,203376,11.0,9a227582-bad8-4a7f-96dc-4842345dcb90
9977d6f7-82c6-427e-8095-0644f3cfae0e,Sub,1.0,6,286226,23.0,
b3c58c8a-cf48-4ede-8b34-718290486991,Focolaio,1.0,8,230720,17.0,
4db191f9-eb72-417f-a127-110ca15de422,Sient’ o fank,1.0,11,208146,18.0,
c0caa589-274c-41f5-b3bb-892e1b48a79d,Odio ancora,1.0,8,221093,12.0,
0ded6a8c-5198-4a1d-86f5-8896a1f9c804,Yankee Go Home,1.0,7,370933,17.0,
ac0d0267-d9e2-4870-85cd-33713626e2bc,El Pueblo Unido Jamás Será Vencido,1.0,14,244466,30.0,
be5a8312-4250-4cea-989c-02f7ef37741a,Ripetuclemente,1.0,5,166920,27.0,
3c0c8662-c5e9-4f6e-9c3e-843c6725da1b,Esodo,1.0,1,43240,17.0,
01d97790-0697-4564-9ce4-703a035e57ac,Lettera al presidente,1.0,4,269120,23.0,
6f2b51d4-5952-4580-827d-51b7f978c8b8,Nell’era della confusione semiotica,1.0,10,283453,23.0,
a27b2972-2cbe-4c6c-b851-ccf34a89cd6d,Era ’na vota,1.0,6,300253,22.0,
1ab9d92d-7a72-4368-b619-856694179c39,Salario Qawali,1.0,3,75266,19.0,
27f00a51-96b8-4452-afae-eda344f9f950,Napolinapolinapoli,1.0,2,248186,32.0,
b816a27e-4fdb-4602-b0bf-83cd72eee16d,Fujakkà,1.0,7,310533,21.0,
c24e3310-8aba-4d83-a6fa-22427e83ad33,Italia spa,1.0,5,244558,23.0,
2d83ae02-9397-4123-bbce-87222dc01185,Si tu,1.0,1,288933,13.0,
64fa16e3-9988-4aba-a8b7-914dccd849a5,La Scelta,1.0,13,336000,15.0,
e794274d-90e5-4be8-b960-3cb4d380d32e,Spara!,1.0,9,312026,22.0,
739bafeb-1a6a-4497-9120-ea1a74c625fb,Bon voyage,1.0,9,311293,15.0,
c215011e-6f3b-4fbd-8994-54b7a4bad01a,Amerika,1.0,1,323066,12.0,55b81701-bbae-4517-9653-8ebcd9f10f64
2d169d6d-814e-498f-9c34-a349d2a63de1,Stato di emergenza,1.0,7,248093,14.0,
83bfc93c-0ce0-4c6b-b3bb-113a489ec307,"Some Say This, Some Say That",1.0,9,264733,17.0,
1c34146f-1884-4f71-a002-075e1e42def6,Comincia adesso,1.0,1,241640,19.0,
f054bbac-5dd6-44b5-9f9b-ee439e835471,Soggetti attivi,1.0,4,216066,13.0,
e64d342e-05ee-4e97-bbf0-492eb29f7dab,Esplosione Imminente,1.0,5,327973,18.0,
14ce4512-2818-4b17-9058-f5fceb497d5f,"1234 (feat. Urban Snakes, Francesco Di Bella)",1.0,4,278802,60.0,ffc9f6a4-007e-444e-b2f9-3fc5865cbefb
81a64c86-2574-4fbb-85fb-35c528de8419,La gatta mammona (Piazza Fontata Version),1.0,6,229866,17.0,
aff9b8ee-590a-465c-a7b6-85cb234cbedb,Senza ritornello,1.0,4,248973,11.0,
76937c7d-1b5b-4463-a2ab-f4dc91244801,A Una Donna,1.0,10,365693,17.0,
5029c5f1-6026-4ea6-9b8b-7116b14d0c67,Canto R’O Putatore,1.0,11,31973,10.0,
ce4eaf13-f684-4459-89bc-0fd2a2f3bf0a,Pecchè,1.0,3,253493,12.0,
d824495b-4d4b-438c-9ce9-33c96702f428,Facendo la storia/Making history,1.0,10,327826,38.0,
c5c3909a-89be-4261-ab97-7619e2a83747,Avrei voluto conoscervi,2.0,4,379066,6.0,
c8454359-5b49-48fc-8ffe-b3fb6aa4ea56,Balla e piensa,1.0,5,243560,20.0,
516a5169-29cf-4432-97e1-a903e7583799,Yes Weekend,1.0,7,75337,10.0,
54eff668-6417-499e-a90c-1bdd8c8acfef,Canto pè dispietto,1.0,2,222354,27.0,
50ee858d-436d-4fb4-b5ec-ac0121d4e33d,Confusione Totale,1.0,12,259552,9.0,
6a8b6ecb-106b-4b71-90c5-f14f5e5dfbcd,Morire tutti i giorni,1.0,9,253805,11.0,
88a82167-fb30-44a1-a191-ca27daa9850e,Resto umano,1.0,11,256888,9.0,
740ed7fa-ab23-4a79-9db4-9c078cbcc8a0,La paranza di San precario,1.0,4,170501,16.0,
689a22f6-90c6-4d95-b818-59e466d78039,Antifa 2.0,1.0,10,272169,21.0,
55facb0a-b2dc-400e-ba15-3c74880b6ad6,Vilipendio,1.0,6,272587,12.0,
97369094-2704-419b-a77a-cacfdd9b2910,Quanto 6 Bella,1.0,4,237720,43.0,fbb2fa1a-05aa-437a-a88c-ef0e8cf7bd46
1fcd749c-37d3-46b7-8524-3cf00a2d11c5,Ripresentiamoci,1.0,9,179346,21.0,cf8222d8-9e87-4b4a-b841-f9fd3cef8fa9
9ba4feeb-1145-424f-8d72-4ae3f7e0134a,Click,1.0,3,197573,36.0,
7f1e98cd-78be-43c7-b51a-c632d76a427b,Il Finale,1.0,5,204306,13.0,
02a97feb-492e-4954-bc93-897dd6839b68,Siamo noi stessi,1.0,11,223600,11.0,
33f99060-3e5b-492b-98f4-cfa60c4d0b60,In Aria,1.0,16,199146,30.0,
215b72b8-9e3f-4c65-a285-0733fc45453d,Facciamo le 9,1.0,1,209607,15.0,9ac1f692-8797-4b09-9b8d-253c1c476393
748ac25f-535d-4508-bc01-a77f0c55c811,Ganja Chanel,1.0,17,222813,26.0,
3568873b-24e6-4bcd-9e98-5b99c9e669f0,Soli contro tutti,1.0,12,185626,5.0,
e168dc2e-7955-4e58-baed-11fbcb218fb0,Vediamo come va,1.0,6,151266,30.0,bd8725fc-abe2-4492-9b58-2124bf5cdb4e
d1d02577-8507-4bd9-aa68-617cd5eff031,Perdono x la Promo,1.0,7,209160,7.0,76c62fcf-ef68-42a9-a1a5-f52b545605b0
3c1a1415-e838-4a96-80ab-ff2f3c560163,Purple Haze,1.0,9,179346,21.0,
4bc14adb-a7cf-4d80-9135-4fd4408eb1d3,I Giovani Non Sanno,1.0,1,178666,4.0,505f76de-9209-4555-8711-81625619135d
6bf97f94-3650-4ef4-b52c-66b76c8ff135,Sulla pelle,1.0,9,267093,17.0,
a574bd45-4c4e-4465-bdff-f093a97c6939,Netflix,1.0,7,168893,6.0,
294d5816-038c-4aa9-9e14-8f6369b91e0a,Quale Strada Prendere,1.0,1,182933,3.0,acc19b40-debf-4a91-a3bd-3f0ded44d321
c493cfa2-7b7c-4103-8523-e9403ccdd956,Patti chiari,1.0,8,175306,6.0,
558455c9-6492-4dd9-bb72-23087668d0ba,Marijuana,1.0,13,213600,15.0,
d145cfa4-9912-413c-8e45-57f34dedc109,Scemo,1.0,10,177973,13.0,
07fb10c2-a7b4-4682-8269-7275616bd81f,Dedicato A Te,1.0,3,173786,6.0,
c039c7dd-e5c6-4448-a56b-4059cf92f45d,Bella città,1.0,8,149893,69.0,
df198cb3-0ed0-403a-994f-df050aa62311,Inna My Yard,1.0,1,232000,56.0,58383254-26bd-4ac4-8761-107d9a5b9961
397d7d73-deba-4af2-87b7-73357790c476,Il Mio Mixtape,1.0,10,289280,20.0,
cdd18b35-9fef-4fee-9c35-dc46e0888ba7,Classe 85,1.0,1,208186,7.0,
71477cee-8c16-4ae3-bbb3-db866dfe61df,Da Baggio A Bali,1.0,2,179866,6.0,
ba779db5-64d5-4cbb-bc45-fede953a87a0,Pazienza,1.0,1,184711,58.0,95376b4e-efba-480c-8b9d-b9a205ad9a7a
e6f6a631-2c8c-4c3e-90bd-9f5a7571768a,Soundboy,1.0,4,237720,43.0,
c4bfcb07-f34c-4b27-a666-55fa7ec30a04,Lungo la strada,1.0,15,223746,13.0,5ee2cbae-bf23-4b14-905a-c6cc90862a7d
f37f6f8a-dc45-4faa-80be-3efc49cdb031,Inna MI City,1.0,6,152693,7.0,
7de63b85-7650-41ad-893a-f9cf7e363b5e,L’amore dà l’amore toglie,1.0,8,219706,4.0,
f3c67bc7-b810-495a-a942-97f46ddf36d1,Dicono di me,1.0,1,143546,8.0,
e4788d19-7643-406f-8aa0-41e68ee89fc3,Cosa farei cosa faresti,1.0,7,240426,12.0,
203bb357-90ed-4f10-9fd5-151a2ab0f543,Carpe diem,1.0,2,208586,8.0,
e6aa4265-72ff-4602-bcf8-f4248e9ccc87,Karaoke,1.0,2,209626,8.0,
2b75153b-dfcd-4e3d-b8fa-45b07cf2c194,Sirena,1.0,1,210720,8.0,5b630189-4841-42ae-984d-cfed14b76b74
5de3bdd4-350c-4a29-8790-30eedfb070a3,Voglio Fare I $,1.0,9,259480,19.0,
dd097db8-57c9-47c9-97b0-8cc1e10825e6,Fresh flash,1.0,4,201845,66.0,
7ffd09cf-7446-4aed-b5e9-9495766d9406,Resta come sei,1.0,8,233626,30.0,
5e7d477e-4075-4f23-8928-91598b887055,Cover,1.0,1,177600,7.0,7ae44092-bdfd-420a-ac80-1abcac8d84f8
0de2cd26-eabe-4255-8bb3-bb6f6b2d5ba7,Ganja music,,,,,7b846bbe-87fd-4a93-b0ac-217e8a2fe2e1
0836c7a3-34d6-4541-9e87-bcb5463ce7c0,Lontana da me,1.0,3,195280,3.0,
519f5476-5f91-4f0f-a19c-5e1b392d52a7,Sto bene,1.0,1,226143,8.0,6317d5e4-550f-49f5-94db-7f57aed22147
51ab010a-8150-4c27-8ec9-856103d59f95,Spegni le luci,1.0,6,226906,82.0,
bccc2837-f6e0-4f1f-abc3-df4d03cf94ab,Open bar,1.0,3,217400,9.0,
5e78667a-9247-4f3f-89b5-ce41e932bdfc,My Girl,1.0,2,258431,88.0,f76ddde9-9bb3-4da1-a014-c36c301591c1
db63f0c5-b989-4d97-86ce-9735cbabe1e8,Strade d’Estate,1.0,5,209786,6.0,
3e87822e-98de-46c4-a011-f80e421868a2,Disco d’oro,1.0,8,192098,9.0,75b5422d-c10e-4504-b6e4-dfb8ca96cb3d
8fc33c3e-c100-4f23-80f5-2a5a611feaa1,Snooki,1.0,1,154520,2.0,
18e86c32-06b8-45e4-90d0-16ae42fc0cee,Ancora in piedi,1.0,5,208373,5.0,
f387d3ca-258e-4ed5-9e13-9da0ebba0b18,Mixa mixa,1.0,6,212106,3.0,
f635f980-f13c-4f2b-9731-db6843e7be89,Sole,1.0,1,134295,52.0,fe9717b4-3b65-4325-a23b-baccf1eae76d
2be77214-688c-4e17-bc72-a4dcee6164c7,Milano City,1.0,5,172714,69.0,
f411c575-e168-4424-97a8-30dee985d264,Muoviti!.,1.0,10,176986,6.0,
29ec4b74-5447-4393-a2ff-1ed6eac0c305,Non vogliono che canti,1.0,9,252640,2.0,
3795e972-8e51-458c-b03b-4dda55e1f461,Equilibrio,1.0,7,177721,10.0,1b3a4f17-ee05-42e1-b826-fbadf35f4158
4155b014-7001-462a-9fcf-71c48a9e6a56,Inna Mi Yard,1.0,13,213600,15.0,
0d8306b9-e86e-4f86-b000-34350046df04,Fai La Chat,1.0,8,192720,9.0,
9f671601-724e-4e81-a16b-e333e18a2f34,Boomba,1.0,3,197573,36.0,
62b018ac-bd39-4d94-8e1f-fd80553bde99,Entics tetris,1.0,10,208773,2.0,
2b333caf-6692-43d9-82ef-4fe99fe403ff,Faccio Su,1.0,11,296986,8.0,
c21d6164-4a0f-4d88-afb2-cffe2bef4069,Baggio Killasound,1.0,4,237720,43.0,
525ffc7c-6e4e-4886-94cb-3ada3fb14554,Matilda,1.0,5,213376,43.0,bee82ad5-1684-41f6-b221-dbd9e9fe85b5
518ba565-12d5-4def-a533-ed477b747522,Vuoi Fare Un Giro,1.0,15,228786,6.0,
367cdfa4-3b6a-4fe1-b68c-bbf5b68424f1,Come Si Fa,1.0,11,196720,15.0,
6a5f6b7c-d83c-4258-8d00-5ae0e063b8ca,In Un Secondo,1.0,5,238946,9.0,
cf1a00be-8171-4053-a94e-ff5c064402e6,Quanti No,1.0,12,274626,5.0,
4aa57a10-2a59-44eb-8c8a-da6bc22fad84,Pronti A Fare Jam,1.0,6,215733,8.0,
7d57c2b7-6f11-4f36-b564-5ec717ae829a,L’Uragano Matilda,1.0,5,213376,43.0,
aba73a04-bb4a-4d8d-8fd9-56b45882e4c3,Wicked,1.0,1,320052,49.0,6a5efd57-f32e-4134-9759-fd38e1301807
d3919d1c-ab26-47c0-8490-a52daf915be1,Telephone Call,1.0,7,200306,6.0,
96109b90-5730-4e8f-be9b-993ad6ab9bba,Tagli,1.0,5,157500,41.0,
d4764539-7b05-49ec-bda3-1ae3c09a40c1,Superman,1.0,6,175293,46.0,
5194fd5e-3020-460a-8095-25b61a31c18e,Verso Nuovi Confini,1.0,5,299213,3.0,54d12405-5c3e-41b4-b466-d75a84e6ac7f
faaa4b3f-1d5b-429d-9f58-71d85908d195,Africa,1.0,1,231000,36.0,
46595719-310e-4d02-a9d4-beabbeb07ca9,Parlo Di Ganja,1.0,12,215253,6.0,
7d794d2f-606d-4017-bc42-29ab89a42713,Yeah,1.0,3,197573,36.0,
4d240b1c-2eba-42ec-bc66-b8436f32e5ce,Secondo Round,1.0,1,185806,47.0,ed9c7c46-98a2-4e05-9c9e-4775164ea61c
e13217f7-357a-4f32-ad78-780b3f4a7f2f,Casa,1.0,11,198066,60.0,
c0146f8a-ed01-44df-b263-8ce3f6b23932,Medicina,1.0,12,195234,62.0,
a9f47a3b-65d2-4415-977f-1547d74c223b,Ora,1.0,3,200973,8.0,
f5e987a5-2e26-4de3-ab62-8c7dfe65122f,Bomboclat Anthem,1.0,1,206380,1.0,e74390ff-3367-4797-b29e-59c719e454ba
a8bd9441-f884-42a7-b35a-65ae1c927690,Hey Lady,1.0,14,217288,0.0,7bdecc5a-3da3-460a-9c57-7a56a31be7de
096bde25-508e-4fb2-955e-783f05a5f470,Chaka Anthem,1.0,1,147018,10.0,e4dc6b74-071a-4774-acd4-8e6cc5b11fc6
adf32222-79af-483b-a263-d27992007bb7,King Of The Bong,1.0,3,158426,76.0,eeaba834-9b7a-445a-b104-441ba1d70b15
b7e9cddc-a8ed-4321-a809-2f341d9960e7,Per Farti Muovere,1.0,1,181373,64.0,
879fd311-6ae5-4e4e-813f-af74d253c4f0,I Still Love,1.0,10,162969,69.0,
429619c2-e178-45a2-9fcb-34101987ce80,Acqua,1.0,8,213520,58.0,3e357b42-196f-4192-9356-15628bffe9d4
459ff414-eaee-4487-bc7a-0703d3558d1f,Stoofy,1.0,4,237720,43.0,
5d37b4ac-9ba4-4424-b720-f694819bb224,La Mia Guerra,1.0,1,380000,23.0,
4fe8f1a5-42d7-4572-bab2-96caaee83a62,Cupid Freestyle (Amy R.I.P.),1.0,11,804511,5.0,8bce4427-cbe4-4dfa-a83e-b74e56e66c93
fd2c8939-509d-4f7e-accf-35d03d4cfc04,Qui Si Entra,1.0,3,240572,68.0,4e4b9109-565f-4479-af06-5881970cc5e1
55745553-159c-4b1f-ab5c-f761f226aba9,Non Ti Aspetto,1.0,9,225094,15.0,
9521f00e-2989-4bd0-9022-a297f2450efc,Piante Nel Box,1.0,7,188908,13.0,b63a4f8b-bd78-473b-a01d-a6128f2dfa39
b5f6bdda-ab43-4160-9d30-5531fdd2e32c,Uptown Top Ranking,1.0,8,237526,25.0,35ba637a-7b9b-417e-bbea-9cc17c712824
91a4a718-fa43-4a50-b19a-f5386f3e84d1,High Grade,1.0,8,269146,68.0,b26796d5-f6b0-4d6e-8756-3ce7c4cca0d2
46d371c7-6498-47aa-9bd0-97024cb04106,Fuoco,1.0,9,204169,62.0,04adb970-d3f3-42be-9581-836f7728eadb
f17e7d66-02de-4e1a-9c6b-5812ca03c9b6,Bling Bling,1.0,5,191999,70.0,
3ee86962-0f08-4a52-a39c-8f0e6b993b08,La Realtà,1.0,14,202146,23.0,
1a9e14d9-14b2-4bbc-9ae5-8159cf2f077c,La Mia Vita,1.0,14,202146,23.0,
81fb64e3-d1cf-4964-b89d-7de5f1d6a667,Entics Tv,1.0,10,208773,2.0,
719fe2d7-a626-47e1-b60d-3562b60c7107,Police,1.0,5,134112,31.0,e2556975-784c-430f-b073-5397a00cd4d6
802adf3b-347e-4c2d-a46e-6d4cb96bb843,Legalizziamola,1.0,7,164066,3.0,
5c0f49de-f896-489f-8f14-8687aa4a1734,Is A Messanjah,1.0,5,176000,78.0,
20e102a2-4d69-4714-b3d5-3a789039d4c2,Plexiglass,1.0,4,220213,53.0,cafff88a-862c-468f-beb5-77bfcb03e5ed
20f4ef2f-5261-4ba7-ac02-44fc686f0913,Facile,1.0,4,159466,3.0,
e7181627-d1b7-4eec-8dbb-ae46457a3820,Non Mi Sposti,1.0,7,223834,79.0,
14609bec-6580-4d86-84bd-3e8a293f1a88,Vado,1.0,12,199373,2.0,
d72fcd14-5bf5-43f4-acfa-19e3b8f200d6,La rabbia non ti basta,1.0,1,189406,47.0,b3f74a21-ea1f-4413-b4d3-90073590d9db
efa5a91b-0667-48db-a1d7-a952a04124c9,Fa strano (Lady Marmalade),1.0,13,225913,44.0,740c33c2-359d-4934-8b90-ac3e390d3c38
ca1ad4f3-c054-4631-ab9c-1bbeaabff3dc,POF,1.0,8,168295,21.0,64d78907-6911-4f01-af61-7e9cc4a52f9c
8fa53113-5737-4bcf-88e5-268c2fc8caae,San Junipero,1.0,1,151652,49.0,385f9dbf-9774-4977-86c2-e22c723c033c
23fafcce-48ba-4cba-8024-2fe33379a89c,Chupa Chups,1.0,3,133937,25.0,
87b3bd54-78fa-4c64-b63e-a27996c0a16e,Mamasutra,1.0,12,137256,29.0,
7b78aed4-b049-4614-8a75-19c374e62ed9,Bubble Gum (버블검),1.0,1,169218,53.0,658e4fac-c72c-4a9d-80b3-18de5f9b1014
0166084e-cdb0-4633-8352-a86302ff77ca,Touchdown,1.0,9,136730,35.0,
f7730924-b195-4bff-89b3-3364ecc34e66,Next Big Thing,1.0,2,199221,15.0,
2ddddd67-a320-416c-bef1-8d7b8edcc989,Formato XXL,1.0,1,155857,14.0,b4980b60-a876-4ddd-915e-c58712fc9f27
d15beba4-846c-47a7-9212-89e666d3b9a9,Ragazzina,1.0,5,178593,15.0,
c4d680ba-bad2-4385-bce2-dc26ac9574b2,Mami Daddy,1.0,6,150834,17.0,
4b1d96bb-7e01-4e4a-9eed-ecf75166c157,Cento occhi,1.0,2,144221,33.0,
e99299d0-d5a1-4a29-b4d1-c46cfd1ee09a,Mama non mama,1.0,5,195238,41.0,31f3b722-e61f-4122-8837-df53b806fc8c
53092f53-8dd1-4cd4-8836-1af3831f5e04,Ma che Hit,1.0,1,138500,31.0,e038abdf-3fc8-460a-a1b7-1034728bc5db
d435cec6-154e-4323-9cbc-aed1a7a0e05d,Fortissima Freestyle,1.0,1,123709,20.0,
197f2598-10ec-441b-96f2-fdf20d7917ec,Pollo Chicken,1.0,1,137875,16.0,
e94ad010-bc95-49b9-a396-48003e1821c8,Così Leggera,1.0,1,173683,16.0,91c9b9e1-676f-4dcc-a509-68923be6ad7f
76018ef6-421d-46d1-b7ce-aa8d492ea15b,TooMuch,1.0,1,143377,21.0,6450b355-5087-4f53-b888-02d2c427e5b8
fc998202-4617-4bba-9d97-fa6d18390015,Bloody Mary,1.0,1,135512,24.0,8a57a4e0-ea94-4736-90ad-f59fc2683331
46912af7-a12c-4e8d-bdd3-8fe57d09b312,Dea,1.0,6,192625,13.0,
ffae5b2a-cf04-4ea4-9cc7-e357b956043b,Sangue,1.0,3,189406,44.0,
a69d6af6-d3ee-441c-b1ee-686d04b92893,Poker,1.0,4,161841,16.0,
efd1379e-ef6b-4c2c-ae56-e19373b905fa,Odi Et Amo,1.0,7,157137,8.0,
8a6d9b5e-e61e-4d8d-940d-117c0a2b0149,Malocchio,1.0,8,180041,16.0,
376e3aa7-e29a-47af-a0b0-16f7be162830,Mayday,1.0,1,163982,12.0,e5bc65cb-26ef-414e-a84b-624a1c7307c4
508882bc-bb5b-44b9-9349-106f899e9a4c,Veleno,1.0,11,260624,8.0,
c04f419a-cb67-47ef-973d-483a6ae5ed38,Amsa,1.0,1,54840,11.0,6805cf74-f612-4505-b0d8-d97adcf5804d
30c866e6-6491-4edd-9f7f-88df441c926f,Bomba a mano,1.0,10,200500,10.0,
0a03bf18-aad0-4192-9242-343a7c913c8b,Note,1.0,5,158715,7.0,
8a718d01-db0a-498a-8f49-813544096e8e,Puro Sinaloa,1.0,3,227093,45.0,
95baef44-9a63-417b-b09e-d0fedabb8f2c,Bella,1.0,5,206510,58.0,cdc1ad80-9102-499d-8329-ca42f7f37775
12b7d7d7-b3a3-4445-ba6f-b28d50b1fc17,Neve,1.0,4,192000,46.0,72c3fa8f-3ff0-4c42-bba7-e43faa4d7f57
f664ee22-de05-43b6-97aa-08346ceab238,Superclassico,1.0,2,172200,65.0,
418403d0-53f8-4cda-8cb3-b147e869b401,Phi,1.0,3,174000,54.0,f2832796-48db-4067-a11e-5189b5485b20
3fb16dcb-e420-480f-933d-295b6abf82b5,Disgusting,1.0,4,159653,41.0,d0a885e0-d601-4f6c-83a5-a74cd4338e44
74f49cc2-bf2b-4e47-94be-63abcf4fc071,BUONANOTTE,1.0,8,220299,46.0,a8dfba71-9bee-4d81-aba1-1702374addde
396258df-a5e1-4d73-bce8-ef9691c97a98,Come Uccidere Un Usignolo,1.0,5,206510,58.0,
1e302cd9-d0de-43ab-9942-bf1c881e2a22,Lei No (Il Tradito),1.0,3,222880,43.0,
2341aa55-b20e-4963-aace-fc44ba4895fc,Non Me Ne Frega Un Cazzo,1.0,5,209361,48.0,
6c20bed8-d4b3-45fe-9c93-28d2c0356bf4,Madonna,1.0,4,219415,44.0,
16af8115-55e5-4a83-9dd8-4e94d656b985,Morto Dentro,1.0,4,194526,43.0,
c884e291-202f-43ec-b579-886359ac1d53,U2,1.0,8,164409,47.0,
e76ec98a-1b89-488f-b4f4-6529c3dcce4a,Lewandowski IV,1.0,1,112868,44.0,
db004fef-23ab-4f95-aa8f-19944d1f0f25,MeryXSempre,1.0,7,229333,48.0,
2b2e9a0e-7963-4c8e-8330-4241720e1830,Vivo,1.0,1,215142,43.0,
42f2c6c4-1393-4c81-a2c8-ab9e5e28be64,Fuoriluogo,1.0,11,182608,53.0,
d882c823-195f-4523-9312-5a37f8f25f08,Fenomeno,1.0,1,242264,40.0,f0ed5383-7c63-4db8-a994-ff511bd0a8c1
87620ca3-0671-4d1b-900f-3175ba4ad562,LEWANDOWSKI VIII (64 Bars),1.0,1,170742,47.0,
63065f0e-edec-488e-87ad-b0329a914f64,Simba,1.0,3,199000,48.0,191dc49b-762e-4f2d-81ec-7db327a9f586
8e9d97cc-2bce-4fd9-9a90-b2fb1cd7742d,QT,1.0,1,198181,38.0,
c2ccb89f-9de9-4d63-adf5-c3053d81243e,La Ballata Di Mario Rossi,1.0,7,188493,37.0,
bfb8973f-48ec-4ad5-8fb2-21634021ddb7,Ferma A Guardare,1.0,1,213542,66.0,939816ef-0933-4c50-9ebc-fd3eb90c236b
2eed3dc1-331d-4448-9e1c-fa6692e69877,Lewandowski VI,1.0,1,170742,47.0,
f7714d24-e3e2-4fa2-8fd7-f25fecb55c1c,Tosse (La fine),1.0,6,226946,37.0,
6a10eb79-b857-400f-a5b8-37fd9d4b7d95,Pensavo Di Ucciderti,1.0,9,191357,43.0,
633f52bf-7b2a-49b4-9f77-21d0191e1b39,Paranoia mia,1.0,8,151000,45.0,
dda7db44-4380-415a-b8e9-cc39d8eca6f3,Gotham,1.0,2,178000,46.0,
94ef5b73-6a96-4344-a4b4-8ec5a2e826f9,Tutto Bene,1.0,1,182068,42.0,13554ce9-8c43-4867-b19d-85a8bf14f03b
2d388b5e-ce61-4160-a8fb-804921b089f4,Certi giorni,1.0,2,194651,52.0,
2db25791-d835-46d9-a2de-7d3099cc720d,Lewandowski VII,1.0,1,170742,47.0,
e67bd9a6-5057-4b44-80e2-a56fe4325eeb,Pas Ta Fête,1.0,2,188680,35.0,
36190b55-2cbb-46a2-b60b-e6a333a61dbd,EGO,1.0,1,203693,35.0,
ab975286-bc9b-4d11-a6f0-232889c39464,Cigni,1.0,10,171063,40.0,
cab13c65-942e-4f71-a067-66ce163215ce,Bro,1.0,10,136306,41.0,
64328e25-4ce3-4003-b0d5-4050c4fe3174,Feeling,1.0,3,177368,38.0,
a20456ac-f18a-4e94-a657-6eab100a2f17,68,1.0,2,217000,47.0,
17280050-cecf-4268-8807-b8cc2eb2ea5d,Instagram,1.0,2,134726,37.0,
ab5ea004-f48a-480f-b605-1d402b943863,Bugie,1.0,12,203200,34.0,
a712c5ae-f900-4ae0-a3d2-8757a7d2449f,Tradimento (Il Traditore),1.0,5,215960,35.0,
131ccd91-f94c-4e7d-a6a8-9fff9edc8413,QQQ,2.0,10,186184,32.0,
815c340f-d896-44a4-a712-a147d8b93f99,Noia,1.0,8,212160,36.0,
d97b1ea6-0062-4111-8ff4-cda79cd1b617,Domani,1.0,4,219000,38.0,
edcc3ba7-6f40-46e6-a614-4759ed890bce,Un sasso nella scarpa,1.0,7,190153,37.0,
fdc5a9de-250a-4648-bba8-959aaceb5e41,Ti ho perso,1.0,5,198065,43.0,
f6550275-0e88-4d2a-b0f4-7e4ec885b203,King QT,2.0,1,168000,31.0,
1a094751-a604-493e-86bd-734fad616a06,BU!,1.0,8,220299,46.0,
52b2ef06-14f4-420f-b073-297221bdf166,Amici,1.0,7,195918,33.0,
7ac2d07a-204f-42f9-9f68-774c7958ac37,Sigarette (L’inizio),1.0,9,251000,35.0,
cd0a5564-de64-4efd-8f32-867d91d52154,Ehy Boy,1.0,6,199805,35.0,
1f11fb6f-22df-4e7e-a735-685907914b36,ACQUA TONICA,1.0,10,182562,57.0,
9403aed3-342d-43ef-b95b-28838327f03c,No Pussy,2.0,5,162000,29.0,
55885a0e-56aa-4bee-9470-29d9e032d90e,TUTTI HANNO PAURA,1.0,3,212424,42.0,
4660c932-0366-4294-baf3-268dd33a1671,Il Mondo chico,1.0,4,153133,38.0,
ee8dc414-6349-4d3e-b378-e31037e332c0,La paura,1.0,12,189569,30.0,
fc504145-8b19-4dbb-a085-604716d71247,Un pazzo,1.0,11,156000,32.0,
2aa12a9c-6b2e-4e9f-9d33-4be37b2506fb,COSÌ STUPIDI,1.0,11,194983,43.0,
0971d673-d72c-4009-9a84-975b1b334156,IL MIO NOME,1.0,14,198519,50.0,
42382329-a666-4d6a-af5c-90e3ebca604d,Santa Maria,1.0,3,160799,33.0,
fa0ecb99-baaa-4b8e-ba9b-de4869ddcb24,BELLA FREGATURA,1.0,5,174103,52.0,
ff898905-218f-415c-9aef-2809dec39863,LEWANDOWSKI X,1.0,1,170742,47.0,
f4037a28-51df-4aa6-89e0-7b237ab430b4,CATTIVE INTENZIONI,1.0,7,168742,41.0,
9caadf8a-cd52-4297-81cd-7f823b8a43e6,Scegliere Bene,1.0,6,175384,42.0,e8cafac1-1bcf-41cc-92e5-bea1b97ff3e9
22e8c1fb-8efb-49c2-bd83-4d0722e0847c,L’IMPOSTORE,1.0,16,203586,39.0,
627eaa72-1421-43f1-acc5-cede3eba26f2,Venere,1.0,1,183272,32.0,e3993d62-d8a7-4703-ba3b-4fac8a4b6f9b
8822ff00-9b94-4e27-ab5e-0978e342be30,La Prima Volta,1.0,4,173877,41.0,
20f08120-830b-4217-baff-77344b318be8,NON HO SONNO,1.0,13,176715,36.0,
25cb8a1d-d37b-4bdd-8232-56cd41332f25,Lewandowski II,1.0,1,206341,43.0,
66de641f-95b4-4615-9533-6bcdb7f730d8,SPLEEN,1.0,6,47986,27.0,
e1501a1b-4fb3-41b4-a854-d5af7df0c39d,QUALCOSA CHE MANCA,1.0,6,177081,43.0,
ee440182-5156-4cc0-8bb7-8765a6c8abaa,BASTAVA LA METÀ,1.0,12,195475,40.0,
a45d9f8a-fc53-472b-ab27-2248ad720e80,Mr Bamboo,1.0,6,154800,33.0,
42b106b9-cbc6-4314-a9a9-b460860c2e1d,Di Notte,1.0,2,224175,53.0,
7fa9ebe9-5b0e-4897-8104-16e2c298c64f,ROSE & FIORI,1.0,15,175860,37.0,
815e6e7c-7ea8-4cd1-be5b-c2d9e65d11e1,WEEKEND,1.0,9,175594,37.0,
c0fe3737-56e9-438e-a3f5-754e948ba8b3,Lewandowski IX (64 Bars),1.0,1,122424,45.0,
c3206e34-e75c-47af-9738-b005efe1b51d,Dissing,1.0,3,192000,30.0,
cfa00127-4fa3-44aa-8aa1-b5fb22ed451b,Lewandowski V,1.0,1,170742,47.0,
04006bf9-ab86-42b3-a1bf-e23b19a58e12,APRI,1.0,8,109466,41.0,
f2913416-5c20-46b3-8a86-b949a994e7c2,PARAFULMINI,1.0,1,208909,61.0,
3220250c-b7ed-438a-849d-524523e1f60f,Vuoto,1.0,3,174000,54.0,
5e121519-2f95-4f87-8c3e-7d397cb1a74b,La Pelle del Puma,1.0,1,96716,22.0,ab9f7aa2-4a60-4357-9aa4-ba1fa51990ac
6b1ffb43-bc62-4fba-b409-2c219e902b8f,Lewandowski III,1.0,1,206341,43.0,
9b874c8d-98fc-42dc-9262-903a973839ff,Lewandowski,1.0,1,170742,47.0,
84237a6f-57f4-4885-bfc5-8a1737b10a92,Metal Detector,1.0,12,163333,59.0,96b38025-10d2-4892-9c48-026cb7d7437e
b649e8e9-80e7-421c-b572-baeb6ac10621,105 Mi Casa Mashup: Ernia con Phi su Hypnotize,1.0,1,170742,47.0,
9adf68ca-ed7b-4cd1-906b-d516e17d778b,Ragazzi Tristi,1.0,1,203693,35.0,
5c2cdbbd-a168-41b8-8bf7-34185b3feaa3,L’ultimo,1.0,5,206510,58.0,
bd44d01a-a6c1-46dc-9406-67d02eaf31bd,Josip Broz,1.0,1,262739,4.0,e403d18a-0642-4f6b-bd0c-bbf1030283d4
8f658464-3dd9-4fce-ba6b-991c8fa0403c,Una Volta Sola (Apple Music Home Session),1.0,4,249613,58.0,
7f85b46d-05ff-4be1-bd4e-bef0630a64a4,New Generation Rap Boss Freestyle,1.0,1,198181,38.0,
2316cf7f-88a3-4aff-9c76-1470b57f06ae,In Apnea,1.0,10,162969,69.0,
8f71ee65-4367-452f-9f2c-88e7e5babb88,Beware,1.0,3,174000,54.0,
2ed325e5-57e1-4df8-8eb9-5202fd85bb01,Mondialpol,1.0,5,206510,58.0,
4af40755-3b22-4366-ae04-d511af20f549,Fuoriluogo RMX,1.0,11,182608,53.0,
5980167b-5928-492e-bc8a-5375d6fc49e2,Spoiler 1*,1.0,4,202551,8.0,
dfd866be-4044-4ea6-8441-4eb90602d0bb,Cos’è l’amore,1.0,1,209258,44.0,264aae56-27d7-4178-8dcf-f392835e42e2
278350e1-fca2-4d63-be65-1c66ac736730,Le leggende non muoiono mai,1.0,1,283626,41.0,
f417bbbd-42b3-4f17-bc7b-0388c7f6d46f,BANDITO,1.0,6,156080,47.0,4ca17743-56cc-4990-8615-259a092d6cad
e51df962-c243-4398-9609-77195219c785,DESERT EAGLE,1.0,3,168640,42.0,
666d9b23-faf7-439f-af0e-be204bb1d221,GUERRIERO,1.0,8,165253,37.0,
ea22cea9-e3cb-43bb-8ade-9c374dc9c2a0,F.A.K.E.,1.0,1,172631,31.0,8eb378bd-47e2-40bf-a789-33d2bbcff4a4
6c180173-58ae-4926-81c9-c22a33bc8338,SPACCATO,1.0,1,183093,36.0,da57666e-82c1-4c39-bc9e-faae3ecf320f
04daa37e-91c9-4d0b-aeea-d66959e8177f,BIG CHECKS,1.0,1,146933,44.0,
0e75e256-2768-49cd-8e44-121f0a990a21,DOGO GANG BANG,1.0,7,232293,27.0,
0c417885-3301-4667-ac51-fa467f5265bc,KANDINSKY,1.0,4,168760,34.0,
a6ef4c1a-68a7-4fba-bc44-24c0d9a5ffe3,DIE YOUNG,1.0,3,165418,43.0,ae1e2a92-0507-4370-8ac6-4772771f1b17
60734e5f-c131-4e8b-b778-09095dadf498,PICCOLO PRINCIPE,1.0,14,176493,40.0,
bf699c7d-a12a-4df2-858b-7e5fd095e0b9,L’ultimo giorno che ho,1.0,4,199093,29.0,
bf1aab99-5db0-47ac-ab1e-138ff4353903,Status Symbol,1.0,10,188955,30.0,36bd8d4f-a96b-4d48-bf21-4975f771f03e
12013643-8819-4152-89a7-5a6dba097154,PRIMA O POI,1.0,13,174933,30.0,
f6bebd1b-b951-4c4a-b703-0827ecbde55d,Hikikomori,1.0,1,117637,50.0,7bd93795-5966-486f-b6f6-fe20d3725533
09d3ea81-5c76-4c38-b955-eb17cc60c2a1,BANLIEUE,1.0,10,150960,32.0,
04c9731d-2ec3-48ce-8656-2fdc68a5d886,Perché posso,1.0,5,184240,25.0,
bc075508-6a2d-4660-a4ca-f86e2e00844f,GIUNGLA,1.0,11,152560,27.0,
1b00259f-3dbd-425d-b71e-8c45bb4eba80,Istinto Animale,1.0,1,149513,48.0,7c7f1227-629c-4001-ba23-57d3189f3206
82141a36-033b-46ef-ae0e-ac5dd3b5e5ea,Senza un domani,1.0,9,199160,20.0,
ce9d88c8-33d3-4631-81c0-86b86263115b,JACKPOT,1.0,15,220053,26.0,
6ec0e4c1-8975-4e7c-b634-dd4dfe1cd04f,LAURYN HILL,1.0,2,184490,26.0,
beff1325-b967-41ff-b36e-a01ddb8db7f9,Sopranos,1.0,15,211373,15.0,
27728f28-f2f0-4556-bf1c-4a61fda2703a,FIUMI ROSÉ,1.0,12,217086,32.0,
35bd1ed3-f130-430b-b1e6-619d6c6aae54,JULIAN ROSS,1.0,9,210562,23.0,
1bb18f8e-46e1-487f-af5c-5e219d1e6bd2,Fuori luogo,1.0,12,214680,17.0,
d5f1469c-d45c-40a4-ac18-75c7107be404,La guerra dei poveri,1.0,2,187893,26.0,
90a45a4e-cf83-4e7f-9820-eb78a9ac7b07,Vinci o perdi,1.0,10,161840,22.0,
61fb88a1-197a-4132-92db-14cb11e0afed,JINGLE BELL TRAP - Versione 1,1.0,1,124477,12.0,e5cf1773-ec86-48e4-9f34-69f506d671e1
d6bf0449-438b-46fa-adaa-aecae8ee8983,Ti piaccia o no,1.0,7,190570,20.0,
738ab242-6ed0-4fcc-b81e-19748d98ee13,PIANO B,1.0,11,157989,27.0,
739f1db4-720a-40e9-bdf0-79e63ff5a553,Primo Carnera,1.0,6,219200,11.0,
1eff431f-d4d3-4a23-9b1e-87c9fc4f9e30,Il resto del mondo,1.0,14,196626,14.0,
4b95caab-429c-44bb-b560-530d93cfd47c,DRIN DRIN,1.0,10,151833,27.0,
a6b8838d-94f8-42ff-b164-e6244deab854,AMMÒ,1.0,7,153878,27.0,
cacf9c48-9b14-4e7f-bd23-2e669171c736,Non mi fido di questo sistema,1.0,13,222440,10.0,
c1d31cf5-110f-4f29-9269-5e3715973b05,PELLE D’OCA,1.0,8,176485,25.0,
6a1f5228-3f25-497d-9096-a980ad22e9a3,SOLA,1.0,1,147814,22.0,
95a5e45c-4966-497a-a012-d7536a4c46c9,JINGLE BELL TRAP - Versione 2,1.0,1,124477,12.0,
94a8c45d-3469-46e3-95e8-693020400376,Sono ancora qui,1.0,7,240453,12.0,
3ee89d5c-fd5b-4cad-980f-4dd24f6cdecd,BIG IN TOWN,1.0,4,133491,22.0,
f3d93665-7ce5-44d3-8041-d886380c16ee,Guarda bene,1.0,11,259040,11.0,
1e3d0a7a-cd00-48b7-b49c-6018ed8fa1d4,TUTTI I NOSTRI GUAI,1.0,6,221797,18.0,
7f518f72-fbf1-42e6-bf56-ab974d8ce0d9,Thori & Rocce vs. Tayone,1.0,15,211373,15.0,
04f839c1-b627-4d5a-99a3-8021e683ac7e,Fuck the police,1.0,6,276741,0.0,264c362f-b32f-44f5-b235-ed7578c2a278
a9b16e7f-4647-4f29-b003-b95c546a1477,Gran prix,1.0,8,260000,13.0,
9501cb8a-5ec1-4fa9-9126-fa33cec5da06,Non c’è il cielo,1.0,5,226709,5.0,
27711808-fdb4-48af-881d-1ddf10ca7369,TOP GAMMA,1.0,5,169319,10.0,
a7aad854-cdfd-4b8f-9707-7de7c210f76b,Tutto apposto,1.0,6,153305,4.0,
e360f797-4028-41ba-9774-2b8d2b851dc2,Peggio di te,1.0,4,222869,12.0,
89378727-2d89-4178-af95-bbcb5fe47878,Club Dogo,1.0,10,188955,30.0,
a0e51122-cf7f-421f-9d25-0d9658b3ea63,So Hard,1.0,16,187120,9.0,
80cfd1d7-a233-4419-a063-fb6a3d7fb1cf,Le nostre ali,1.0,1,209064,8.0,
88a33259-b62c-4d6c-8724-b4afa5bc3361,Ora O Mai Più,1.0,10,188955,30.0,
3aa63f79-eadd-4aed-811a-49b762781167,Come guarda una donna,1.0,2,181517,14.0,
c8457d47-0097-4637-a5a4-0b592af31fef,Come fosse ieri,1.0,8,209006,4.0,
4ca092ea-75a9-4cc0-8871-16a234ab03c4,Be Regular,2.0,14,155173,0.0,a6b7ecb7-9e85-4c2b-8d69-6ec3fdb219ba
3d1d041e-81d0-46d4-8065-28fc3d55e3b8,In The Building,1.0,4,247426,70.0,20560d9d-34ba-40c5-bd5c-998f86145982
466f10b7-3666-41af-8603-1ee446d9e649,Ombre Cinesi,1.0,1,172631,31.0,
dce870f1-4eea-41cf-9d64-c57bcb2b2435,Ombre Cinesi (Strumentale),1.0,1,149513,48.0,
f5221a5d-2321-47ac-9f17-bd47841b884f,Piccolezze,1.0,9,232666,67.0,8c95822a-f9d9-40b4-8ec9-98f1a41cb0a9
7138b31d-5ec8-410b-8c1c-5359b0dc6db5,La Fine,1.0,12,224000,38.0,23015f56-392e-4b88-bc39-b6a368d5303c
13f44ca2-1e34-4b83-bfa1-0b37a3f1b2c4,Maldito,1.0,1,214306,12.0,f9d6302d-54be-41db-bcb5-f2d5cde3648b
9ff297ca-e833-4f66-b8ad-d9cf7f801616,Sono Un Prodotto,1.0,3,291840,29.0,859d67b2-bad5-4c4e-a640-37f861c4ebc6
71825d79-250a-435f-a8c2-f56466579319,Parole Da Dedicarmi,1.0,4,277640,29.0,7e97c62d-704f-48ec-abd2-cdb8c091e71f
8af66297-dc8e-42f0-8e0f-392d77b6fd12,Un Altro Giorno,1.0,7,219466,23.0,
ebb5810f-806d-4d66-a45d-aa519de9e4cb,Andrà tutto bene,1.0,1,205360,39.0,fb327dbf-3def-4d07-bcc7-b194933deecb
38899883-9476-49b7-874a-4efb434212a0,Ti Sposerò,1.0,5,193346,33.0,55686ae0-871e-43e3-9a42-e77b6db233a7
159878e0-0678-467c-9626-54e0a9e61e33,Un bacio a te,1.0,14,216393,34.0,
72e447e7-03f0-4c5e-88d6-a62b41342f0f,Fratelli Bandiera,1.0,8,317120,19.0,2ac1df41-bf72-4bc1-8582-1d478290fa93
26714b9f-3f3e-43ff-94f8-d19e811d12bf,L’Appuntamento,1.0,5,224920,23.0,
a7e74f18-9a26-4fcc-96d6-27293568eabd,Il Mio Nome,1.0,7,325826,19.0,
e5025fce-05e9-4ff1-a206-cabbc4f8d8f2,Capricorno,1.0,5,257253,25.0,ba81bb34-12bb-4436-8b62-495830869f7c
ad0f3bd6-0911-410c-8195-66606f641bfa,Lascio Stare,1.0,4,207853,5.0,
39d62539-f888-4d7b-9491-1eec6507f742,Immagini,1.0,8,228333,17.0,ebe7992c-c917-40cb-966b-35447f3d94a4
b2423ef9-2956-4bb9-8f81-bda3dfa9ba7a,Buona Fortuna Amore,1.0,3,195493,31.0,
8c1e2170-e669-4b92-96db-19f67c7f2448,Maxidelitto di Scarsi (Bonus Track),1.0,12,365203,2.0,848b66ec-8d1e-4217-b1a2-2fb1c69061da
e62a4fd4-90af-49f8-8d1a-c3b3ef769cb1,Respiro,1.0,4,213800,15.0,
2eaaf5b1-36ab-443f-91bb-1a633f5902c5,Con Me Non Ci Parli Mai,1.0,5,256933,15.0,
8d537976-a3d0-42c7-9534-3ae50e53a5b8,Davanti agli occhi,1.0,11,257613,23.0,
cedb4dc2-d4a7-4ac7-9bbc-9f46449804eb,Riot,1.0,1,221453,7.0,
6d5d9b96-f560-4165-bce1-f349c9a36dfe,Allora ridi,1.0,2,209440,18.0,
ac9f2aa9-f74f-4533-bd31-9bb8e7be543d,Solamente Un Incubo,1.0,3,192293,22.0,
5cfe1c5a-8679-4877-a31d-8070a19b47c1,Confessione - story,1.0,21,136762,10.0,773331eb-7043-479a-9f63-6445f9cbf393
bf9aedbe-9c67-419d-8b50-dfba5642a9e1,Polvere da sparo,1.0,10,219720,8.0,
2f043f7a-c07e-49c5-ac54-8b37a109b66d,Più Che Puoi,1.0,13,223666,6.0,
c47c6946-d302-4c85-9c66-3819b307ea75,Fragile,1.0,12,224000,38.0,
9e5cd7d3-e513-4a08-b054-847ba0f36131,Se Tu Non Sei Qui,1.0,4,259532,7.0,
6d336cb4-9a2c-42b6-bde7-6a130dad868e,Le cose belle,1.0,5,216613,23.0,
9e0ab12d-e837-470b-9979-74c7b59c7118,Stanze Vuote,1.0,3,250053,46.0,749d077b-2858-4e44-9793-6de910cab0e1
8979632f-f988-4527-acd0-3bc237b0bb85,Partirò,1.0,8,205640,13.0,
781e4da6-5885-42a1-ae82-c5685aa104a6,My First Love,1.0,11,175133,10.0,
6a1477be-95d4-4dba-a231-b6408294afb4,Eccomi Qua,1.0,5,293013,13.0,
8b49003e-abcc-468f-957a-bfcc93de8fee,Hey Tu,1.0,2,156364,93.0,
875208ab-d18d-4818-9e37-c545f734454e,La Mia Immaginazione,1.0,3,262533,10.0,
10c553ee-5a76-4339-b881-db902291722f,Il male minore,1.0,14,252013,8.0,
7f6c9cd6-c696-4977-a1db-bc260caec38f,Poesia della buonanotte,1.0,13,82760,4.0,
5d43c7a4-8c29-4d48-bfea-513a8834e55b,Perdo Via,1.0,2,234680,18.0,
90519557-524f-403b-807b-5524117b6dd0,Un Giorno Qualunque,1.0,11,232653,8.0,
28228c7d-1032-439d-86ba-77de87ee7ca0,Non Tornerò,1.0,2,220066,16.0,
244341ae-a306-4106-abea-3bca8301ba17,Quello Che Non Sei,1.0,9,233053,5.0,
3a75ba9a-0ac2-42c6-8937-cc151037fba6,Nesli Park,1.0,2,207160,12.0,
b08e964b-2bc2-41a7-a058-c820c0c4280b,E’ una vita,1.0,13,217322,20.0,
38cd7c79-a453-4eb2-b6fd-3cae0884e728,Tu Non Riesci a Dire No,1.0,10,256613,5.0,
d1d57258-1744-483e-b8df-7ec00316dfd6,Kaino e Abele,1.0,20,184000,5.0,
d482fdf3-0e93-4683-b6fb-c76b4aa6ac00,Da Domani,1.0,9,183066,12.0,
5a9638dd-56da-4d29-aa78-b906237f09f8,Fitte da Latte (Milkjuice Version),1.0,6,206907,4.0,4f2bf257-a8bb-4909-90c0-fc924f789a6d
923364c6-51ee-457f-b534-9f351d7c99c5,Oltre,1.0,1,163426,9.0,
ab133518-aeb8-4237-a67b-320c0678f591,L’Unico Giardino,1.0,12,255786,7.0,
cc9b64b4-3c96-47d0-9d1c-5e5c30da9190,Voglio,1.0,14,216393,34.0,
e4f0e4a6-3c82-4ecc-9d43-3f0d63848e32,Una Vita Non Basta,1.0,7,209733,12.0,
5fc6205b-49df-4ea5-b4ee-a3ffee16fde8,Noi,1.0,2,203826,6.0,
45fb62b8-f0a6-4bf8-8646-b011ba14f27b,Mi Familia,1.0,3,195053,4.0,
684be43b-aa6a-4326-8f71-445bddc54219,Nastri d’Argento,1.0,1,177142,1.0,a4e10524-6bf5-42b6-b87b-919d4f3ae8ee
b5f935e6-1cd3-4c05-9701-b47f6050a349,Mi Sento Ok,1.0,2,209266,4.0,
01f7c051-2f8f-4c28-a23c-c9f9d8b0c933,Amici Non Ne Ho,1.0,4,262173,5.0,
01517117-abe5-415d-b84b-b6a97e2313e3,L’Inizio,1.0,1,240000,6.0,
5d7403f1-ccdb-4d6e-9a85-f0ae208fdaa4,Ecco Fatto,1.0,2,169706,8.0,
6d6b11c7-cb28-4417-8145-e687fb1156f2,Il Vento dei Ricordi,1.0,12,260372,3.0,
ec1dbf45-586e-4620-8643-2f889a053fec,Intro,1.0,1,117760,7.0,
9071d9ce-2604-445b-a5c4-440a8d538fda,Sono Tornato,1.0,12,294160,7.0,
561dc927-c95b-4f79-a2a4-0bf5d7349258,Strano Italiano,1.0,8,230853,3.0,
d001e1b9-4713-4a3d-90b8-8698293963bf,Vengo in pace,1.0,5,216613,23.0,
736fe334-a275-4300-bab7-aa335afd4d07,Guardo Fuori,1.0,13,220093,3.0,
bf158866-d671-4716-8d32-dd0b81193a05,Io E Te (Bonus Track),1.0,15,192774,8.0,
cdd12aab-21ed-4e1a-b412-855fe22dbc83,Qualcosa Che Cambia,1.0,11,204493,8.0,
e1b418cf-c4f7-4798-9874-21025d00c762,Quando Te Ne Vai,1.0,10,232746,3.0,
0ef41618-7003-4efc-8e04-0e2977c1eb91,Voce,1.0,9,246746,9.0,
ac1141e9-2d0a-4e93-8e1e-764453616a43,Lazarus - morti in piedi,1.0,2,193899,12.0,
1aca4736-65c5-450f-b2e6-a67ed1daa305,Se puoi,1.0,7,211066,10.0,
39c66e07-fea4-4d86-ae9f-fc6ec3d254d3,Solo Se Vedi,1.0,1,380000,23.0,
3647d71c-3253-4efd-be1f-cc84710e42f7,Soddisfazioni Garantite,1.0,1,205360,39.0,
b8a1e617-b9bb-449a-a100-a299bb30c785,Credimi,1.0,3,193506,5.0,
250d64dc-4693-4fa2-9e2b-cf32fb273adc,Credi,1.0,10,253680,8.0,
a5163ec7-4bdd-458b-a017-ff5dbf69662d,Notte vera,1.0,6,198586,13.0,
dffe7f62-077d-4978-9b50-749403cdacef,Operazione Transito,1.0,1,127384,56.0,2a101c3b-a3c3-4a19-bff1-e0a73916e5b4
e515ebd8-9fdd-4f3f-bdba-ff87c3ff7053,Se Perdi,1.0,9,269720,7.0,
a1a7e843-de86-489c-9abb-577e7cc0beb7,Il cielo e’ blu,1.0,10,241386,13.0,
04035d1c-5294-4048-be4e-89abaf1d8a2f,Un Volto Un Nome,1.0,6,199933,8.0,
4bb7e1c6-ea57-4b43-b740-9ff8f9a37eb4,Non Dimenticare,1.0,10,188973,3.0,
58876840-600d-487a-a5ac-787c3f28c2b2,Guarda l’amore cosa fa,1.0,10,219093,9.0,
0b9ce49d-589a-447f-9c01-5c3583b8b53f,"Come Viene, Viene",1.0,7,277066,3.0,
1e808d4c-91a9-484b-a8a2-51fd6223e324,L’Ora d’Aria,1.0,7,219947,52.0,d4dfcd79-4fc3-4820-891f-da11f2401c3e
c0bbbf75-99f5-474d-a493-df33a39a8481,Una Come Lei,1.0,11,217363,2.0,23bed4d4-5b8a-4c05-89ec-ef139731072c
2f670757-67fd-4612-a9b6-5f077ad32583,Questa follia,1.0,11,197413,6.0,
3dc0a5ec-58fc-469d-aa63-a65c0fc6f9d5,Ancora In Piedi,1.0,13,231533,6.0,
48f0d499-c03b-40d3-a9e1-95039b6ae6fd,Forse,1.0,8,208786,7.0,
2ce73824-4666-475f-bc5a-b4ba41688890,Perfettamente Sbagliato,1.0,9,203066,8.0,446719b1-f5c3-4d1a-b531-8f55e4ecec64
4d642a6b-c044-476b-a05c-def40dee968e,Arrivederci e grazie,1.0,9,210960,7.0,
162719d7-b75a-488c-a16d-4b651d04c6db,Ancora una volta,1.0,11,213693,7.0,
4bc4dad4-6c0c-4d2b-910c-deef1ebe77cf,Mare mare,1.0,1,159973,20.0,e9e34c23-6f47-4b6b-a5ed-7492e3b4b0f1
b9159d87-286d-494f-a8a9-2b1448077099,Salvami,1.0,9,155853,13.0,
678d1d83-85ce-484b-8c2e-583884282852,Sarò come vorrai,1.0,4,210160,13.0,
97b85d60-ae84-4215-9383-11200ab7206e,Viva la vita,1.0,1,216053,5.0,c05bae21-728f-4c46-9b01-f5dd65a441ed
7f25d5b1-e2af-463e-adf0-c9eda8a200ae,Dimmi che vuoi che sia,1.0,8,204026,6.0,
2c7923a0-762a-4bb3-9982-667eed2f5852,Terra di confine,1.0,15,166881,13.0,
98f60381-e4ce-45e6-8d91-38b5c15d6c6a,Glin Green,1.0,6,206907,2.0,
ba5ce51e-f53f-4b7a-89a2-a1656d1c0e0d,La Vita è Solo Una,1.0,7,237791,2.0,
265f922c-8c9a-4b43-9417-3bdc0813e0f2,Intro: Fitte Da Latte,1.0,1,222390,3.0,
f835239f-2fdf-48e6-95c9-238e02c99f4e,Lazarus,1.0,2,193899,12.0,
a0d6e204-9926-40ca-8474-489a093e9862,Non Mi Sembra Vero,1.0,10,180440,4.0,
dc249237-90c0-472a-b283-34831ef9cef1,L’Amore è Qui,1.0,5,257253,25.0,
cfc3c080-6cc7-45ae-a870-d6d63bba71f3,Outro: A Me Stesso,1.0,14,243013,2.0,
b7aaa7ff-0671-4d5e-bc0c-f19184b80ed7,Una Malattia,1.0,3,218367,66.0,
e2086055-4ff9-4d06-a965-0285200c5eb5,Slam,1.0,15,160146,4.0,
9ef0ef5e-e0f2-4052-a8f8-e0a49c2bb355,Lasciami Andare,1.0,4,214226,5.0,
1213e901-285a-4400-8581-395b2a744071,Io Non Sono Come Voi,1.0,5,192413,4.0,
5120583d-5101-46d5-ab87-51ccc757baca,Il Mio Sud,1.0,11,215666,2.0,
80bdafe2-d2a3-4461-b8b5-a59298295f7e,Sogni a metà/Evento di guerra,1.0,1,194468,74.0,50e903fd-200a-4526-aa65-ef972d55c0fd
10496151-ab3f-4d85-a29a-4b6499c57c24,Mia Follia,1.0,3,194706,7.0,
7bb84ad2-60d1-4bb4-acbd-c4a961f0cddb,Non mi importa di niente,1.0,22,292826,4.0,
5768477c-640c-4523-a9f5-cfeb6cc8ebe6,Sempre qui,1.0,3,214386,5.0,
ab50f0f9-0348-413e-9f3b-748b19b3eef9,Non Fai Per Me,1.0,12,267693,2.0,
f547055a-73b5-44d1-8582-24666af26d20,Ricordami chi ero,1.0,16,217693,9.0,
0aae8a64-8cb4-4fa0-81de-c578fbaa90d9,Corri In Fretta,1.0,6,181773,5.0,
f8c781d5-2bef-4652-a383-dd91f8e0fdaa,In Un Soffio,1.0,6,190440,3.0,
a71269bc-82dd-4987-b838-2cfe998286df,Nuvole e santi,1.0,1,68659,2.0,
15b80077-af4f-47bd-b1aa-e5b6fe78119e,Prima o poi,1.0,5,208853,7.0,
d6845cbf-0f07-4efb-a437-b1bfed20ebe2,Un Posto All’Inferno,1.0,5,265090,1.0,
f1b4d11a-e8b7-47d4-9120-bd2d814ee602,Tu Non Lo Sai,1.0,8,196962,1.0,
abba0e1a-6e19-4476-966d-649615a25ae1,Fallo Pure Tu,1.0,10,166712,1.0,
dd6d2f60-f8a1-459c-a47b-fe39f2ef095f,Quello che non si vede,1.0,6,184640,8.0,
c671d248-5d8e-4181-a3f6-b19ce98f3a00,Rivoluzione,1.0,1,194000,8.0,
d5c383d4-564d-403a-a8aa-520578daef55,Stay,1.0,4,217000,6.0,
eef2ba9b-2464-4f85-9fa5-5cc320f84ccb,A Tu Per Tu Con Il Mio Singolo,1.0,6,226906,82.0,
c7e1c11f-a944-470d-a448-e2222b3d44b5,Solo Uno Solo Io,1.0,3,232227,2.0,
5e67851f-ef58-4bc1-b51d-fa306647b73a,È Come L’Inverno,1.0,9,180863,76.0,
da7da925-a4c8-4f2a-a9ad-4f0b7fbf5c11,Lontano,1.0,6,165813,4.0,
cfba0b24-6e6a-4c0e-8209-b6cbf83f3375,Io Ci Sarò,1.0,2,110314,2.0,
59d0b55f-c379-4dde-ba28-9f8accea51a3,Hai Promesso,1.0,9,120266,1.0,
a3e9c9ce-2703-43e9-9d3f-b8ab49b4c45b,Il mondo e’ come,1.0,7,198600,12.0,
a9065105-2697-4246-85f1-779f90a3da5b,Come Sei,1.0,14,190546,3.0,
e18a8bd8-f1ef-4184-964a-c1edddb20b41,La mente/Autostop,1.0,8,171933,6.0,
c1c1ba84-3457-4eaa-994c-3b0e3f86b017,La Tua Vita,1.0,2,242906,1.0,de33e640-0794-455b-9a20-47c22805db90
74a13740-66e6-4a38-88dc-c4ede54c5430,Nesliving,1.0,12,224000,38.0,
aedf7a2d-dd65-4a50-afc4-54b27ab244c0,Allora ciao,1.0,11,199973,26.0,
9cfeaa96-28ef-40b9-acb1-c22313ff6c3b,Interlude Latti-cino,1.0,13,148452,60.0,
14441646-26cb-495e-b363-19fec19133a0,L’Eternità,1.0,7,274120,3.0,
e9ea003b-2a95-4302-955b-67d0e1b3f11e,Il Tempo,1.0,8,196680,5.0,
1e7f1a8c-f9c6-4e6a-881b-593331af8136,Money,1.0,5,232680,11.0,
87972740-90f9-4fdd-81e9-e716de445f57,Niente Di Più,1.0,16,266093,33.0,
ab320076-bed5-4ddd-894b-cddc809d727d,Amore mio,1.0,3,216826,8.0,
f26e62d5-7d6b-469a-be41-5d35e6e0ee49,In Aria Le Mani,1.0,6,177474,2.0,
3d22f2be-46d9-4ff0-a4ce-6baa5a708a00,Francesco,1.0,9,148786,3.0,
8ae57c92-5789-45fe-9796-3369924b0b18,Anima nera,1.0,1,193973,7.0,
07fe0491-acb1-4e47-86be-ed73bb3fe873,Ricorderò,1.0,10,200506,11.0,
7ca84123-10b7-4294-a556-743be7795c5d,Vivere è ridere,1.0,12,220120,14.0,
4a8f7baf-4906-4578-ae4b-7186920ddcb2,Piccola mia,1.0,6,239720,7.0,
8a6ddd66-e69e-4572-9d0c-0c87be98aead,La Musica è Viva,1.0,4,169742,1.0,
94e08301-1ad7-4f49-82aa-92552f78c664,Equivale all’immenso,1.0,2,215960,13.0,
32299144-e724-478e-a08a-81341442f313,L’amore torna sempre,1.0,8,223280,16.0,
bc49f26d-633f-46a0-95a4-919b42a2a8a4,Ma che ne so,1.0,6,209400,5.0,
1eeb8cf5-caaf-413e-b052-88400b4dcdc9,Un altro mondo,1.0,3,229000,8.0,
72a4c8bf-8d98-4ed8-9d13-8214aaac9131,Dove sto andando,1.0,13,296293,3.0,
ca53f0af-28e4-48bd-a569-22c5a51f0d85,22 giorni,1.0,9,205966,3.0,
e0c3902e-671e-411e-8200-403761d7d23d,Ancora tu,1.0,12,167560,17.0,
eddfdfaa-4f96-43df-8ceb-5ec6fb313496,Se guardi il cielo,1.0,7,205693,3.0,
addc5b89-a14c-482c-9a4d-0339e179cd92,Tesoro non conta,1.0,14,166480,4.0,
40c5445c-ca02-4036-9c49-a7c8f3872c01,Io che ti cerco,1.0,5,192520,4.0,
90685972-213d-414c-ad2d-1cd05bbeb47d,Do retta a te - Solo version,1.0,16,219493,2.0,
f44b66d0-e49c-40b4-831d-c990b39d2769,Solo,1.0,7,206346,7.0,
3d21dbe4-fbf0-4647-ab7e-06619a6989e9,L’orizzonte,1.0,10,224613,3.0,
b5f8a954-188a-46de-8f6b-3246bd100370,Il mondo che ne sa di noi,1.0,18,218306,7.0,
c583c28a-7ce7-4c8f-a9f1-420c983e8104,Blue Monday,1.0,17,163000,6.0,
d5396c7f-89c3-495c-9ec0-dccc5360b0d5,Troppo poco,1.0,7,197320,3.0,
2e290624-4c5e-4a98-94c2-48fb84d8806c,Oceani e tsunami,1.0,1,172325,39.0,e56b1985-4b4f-43af-bf65-a6ec60ed3450
81f1dfac-c756-4057-9e04-e68e1116b805,Portami al mare,1.0,1,159973,20.0,
ed8c7f1f-e01b-4c47-bdff-566eb641e02b,Non è una bugia,1.0,1,165956,16.0,a8f18220-a2a4-4a21-bb30-6b30588db328
77ddc491-1d81-4b75-bbf4-4f95edbdc0f9,Guarda come flexo,1.0,1,149669,47.0,e5f168fa-c1dd-4ab7-a6dc-f88391979497
cf948fe2-1e1c-42f3-a406-18f9b135cec3,Guarda Come Flexo 2,1.0,16,178666,42.0,
47c39b5f-54ba-4503-922a-4c61784ca28e,Piano Piano Way,1.0,1,228025,39.0,236e07f1-4132-4271-ad7d-44186b478c66
d3e0e9f7-e250-4f7a-8d33-6a7d9fa1ff32,Twerk,1.0,6,152440,53.0,
fe705b5d-d7ff-4076-bf03-e028609fd506,Karma,1.0,6,226863,45.0,7cfa034c-d896-4e1a-9ecc-71aa645ae585
fcd585b2-d71d-415c-afee-776942686a1f,Me Lo Sento,1.0,1,270058,38.0,2f16a626-34eb-4b87-a3d5-f16e1fda3d39
b4c5367f-bf63-468f-b75a-12166dffc582,Mc Drive,1.0,8,188320,49.0,
1770f13a-ff8e-44a8-9364-1d5b1ba7e647,Costa Tanto,1.0,2,208960,46.0,
248274bf-6318-4359-8bfd-97dc81b1d8ee,HARDER,1.0,1,176000,61.0,bf5299a8-e288-47de-8678-5ed04f4caeb7
bb267fce-e65c-4b97-9b48-eb09a35d8ea9,BlaBlaBla,1.0,1,113511,42.0,f6141795-f500-4aa6-8e5e-c32cbc2c3b10
66c3ec36-cfcf-4a5f-ae0f-a0bd0b26a506,SKUSKU,1.0,1,224000,39.0,8bc8a920-9a96-42c3-90f0-a166de160157
141a23f7-1f59-4489-8367-25a99ea8357e,Come Se Fosse Normale,1.0,1,202624,28.0,78c8331f-f7dd-43b0-afeb-d9ae268ebce1
858a4dd9-ff51-4c93-8844-34d1e379c424,Lindo,1.0,5,195124,31.0,78f6af3b-383b-4fbe-be52-42dc6a65c1ce
02a54d5c-136e-429c-a866-4787d911e3a7,No Cap,1.0,13,154880,47.0,
680030c1-10fd-43b6-bbef-1c446a26edcf,BINGO,1.0,1,150444,37.0,47156659-fd11-4340-8490-960b3c11823b
d0838d47-7737-4faf-a762-7535aef83546,Colleziono Banconote,1.0,4,191706,30.0,
66ac129a-597e-421c-a25c-1feb99876476,Fallo,1.0,1,144136,40.0,
518f1b7f-089e-4e37-81ca-62090052b08e,Demone,1.0,1,161703,42.0,9f2eb068-3683-4766-9766-934aea6d8901
cc3b2352-c05b-45d9-8615-3e31f2c08f58,Arte,1.0,6,152440,53.0,
1a72889e-f81b-45ac-8223-64a3f1e7f4a6,Va Così,1.0,3,166200,33.0,
0bbd30fa-f20f-49fc-abbc-f25d80c1cfef,Vodka,1.0,4,169714,51.0,
6c961ef1-2fae-43ea-8765-46b4368717b3,PULL UP,1.0,1,150121,43.0,ba9fc1cc-757d-457b-ad9c-dff4e3cc64ec
a22243f7-6a0f-4541-b938-5f7545949d59,GUARDA COME FL3XO,1.0,1,148571,37.0,a45eb885-2711-4df0-9db9-608fa7546552
81d6760d-5cf5-47c2-9493-e7b0ef62cb3d,Il Passo,1.0,1,165581,30.0,5d2369dc-0fb0-4221-9eb0-86063a01a155
3438db42-c949-45ff-94f8-5441ce2d08aa,Faccio Apposta,1.0,1,126320,33.0,
be76f307-9c6b-4be5-826d-a414adf01cc8,Sugo,1.0,14,180533,31.0,
016b5954-0dc3-4fe9-918f-71b22a262cce,Arcobaleno,1.0,1,156000,34.0,a7458604-dc06-4366-8ca9-b500c2e6194d
c8bba48e-dc89-43ec-9792-f65ec0d758cf,G-Star,1.0,12,203266,27.0,
6d6c681a-5c58-472a-87de-89fe7401ec7e,Pesca,1.0,7,229744,31.0,
a338891b-7e9d-421b-994a-955e90d99a10,Esse Type Beat,1.0,1,139842,53.0,448cc555-7105-4cc6-9c1d-6289791aac77
da71b28a-d940-4318-a2a3-802505fc4609,Pochi Pochi,1.0,1,225566,35.0,f161f83e-34f2-489d-a01a-a45ec4d41739
dfd43af2-0389-4ff5-838b-c47d6cede417,Forte,1.0,2,166105,31.0,
288e0885-ab29-4697-ad6c-55c6a93255a0,Lelly Kelly,1.0,15,150600,29.0,
d644f1b5-8d3e-49d6-9fe2-dd3cc930cae1,PLAYER DEL SECOLO,1.0,1,194769,53.0,141d0616-c90c-43b3-b30a-e120df118978
60d2a676-eb34-46f0-a6c5-ab9f1a6ab321,Benzina,1.0,3,180986,29.0,
96e77ee6-e7e6-4cfc-bc14-8abbab9d0076,Mille Giri,1.0,1,220235,66.0,1511b246-a2ea-4547-a0c4-9a82b3cd63b7
8517dda8-6fb0-4549-8f58-4a6570ec5bee,Twerk RMX,1.0,8,150468,43.0,
b89ddf3e-2eac-4a06-aa3f-d59bb5673e4c,Hijo De Puta,1.0,9,120453,33.0,
87dcb241-c6e9-4a90-9e44-d9a37140a623,CUORI SPEZZATI,1.0,1,174146,50.0,2c0f562e-83d9-4199-b6be-cc42093b003f
f7d80ada-26f3-436d-a15b-cad9bb765234,Bandito,1.0,1,159272,42.0,37bcc6d4-6ca3-49d0-b7f2-d570220a2cda
99880b23-9ac4-4dbd-b324-ae02fee7c1b1,#SI,1.0,1,141904,33.0,80ab6592-4c88-4199-b512-7fd25dddd7a9
b6194509-7ca6-48aa-b636-87af81a11f8e,Do It,1.0,10,192000,30.0,
e35685b3-e7a2-41ac-9b9f-008e45ac3d07,Di Più,1.0,5,142853,26.0,
7dc33645-3e2f-4722-a3fd-1d89822cc139,Mes Amis,1.0,4,163043,26.0,
c3d39766-e8a4-41b7-9901-eef31edda08e,La Wave,1.0,7,125840,26.0,
f99cf474-eb7a-4359-80d9-d7acb7159637,IDGAF,1.0,11,171826,28.0,
eac158e6-183d-4e3a-bc41-900157497419,Palazzo Parigi,1.0,1,129000,35.0,
b4dcee40-ac95-4a7e-b12d-a50fbcb2fd8e,Mama I Did It Again,1.0,8,202386,2.0,67f58fbf-c259-4175-acd4-60350bdaf02b
0730ce6c-f853-459b-950e-22ab2ca8ce6b,Soldi E Vestiti Di Marca,1.0,11,132000,41.0,803db602-b479-4dc7-bbfe-c8acf4cef803
29b6db42-1958-42e7-8fd1-320c9df0ee9f,CONNESSIONI,1.0,1,136614,45.0,abbaafa0-323b-48ad-b802-f2a44f34b822
d9e0d485-cf17-4540-a6d0-619242bc26bf,Facendo Faccende,1.0,4,169714,51.0,
ca4b4df3-1629-44cf-9548-61bb2ec4b9ef,Me Gusta,1.0,6,163437,25.0,
aae078b8-041e-42aa-9151-d48c39d25b3e,Mikado,1.0,12,142135,31.0,
f62378e3-c46c-4e76-8a5d-87a7c24b4cb3,Lento RMX,1.0,1,164175,30.0,05954733-fb65-4a5f-89b8-809e58d365b0
ab9851c1-9e6b-41c5-a0b4-b89e76d12be0,Arte Freestyle,1.0,1,255475,0.0,46f69fbc-d1b1-448c-8dbb-b092d252429b
2d942e23-012c-44e7-94a9-87dc177f0efa,Street,1.0,2,174135,30.0,
021cfde5-e5a1-454d-8523-63ac3509c97f,Giovanotti,1.0,1,155413,63.0,
0e2706c4-b561-483f-be1f-d6707a2f03b2,Good Vibes,1.0,13,203028,36.0,
59da55a2-9dfd-4152-aed4-a2b948049ebe,Culo Grosso,1.0,8,199663,39.0,
938e42c4-0409-4488-bf3d-8c3e5a2a6af7,Milano,1.0,7,103384,32.0,
44eb9c15-1dc6-4311-a6d0-804dc493a9c1,COVID-19 Freestyle,1.0,6,180413,0.0,2406ecf6-6787-4266-868f-0a6de9f1243a
82a547ef-1e18-4384-a77c-5f8d2e491afe,Fake Luv,1.0,11,206962,21.0,
110f3cfa-3a9c-476a-a3ab-56528cfd55f7,100 Metri,1.0,5,144878,25.0,
51ea3fad-599d-4099-ab09-ef88fa6c1d60,Pikachu Freestyle,1.0,1,161454,15.0,61ebeca6-84cd-4ce8-a05c-83623f4bf88d
6ace3c82-7b6d-4e4b-b5a7-a3ca478c6b6c,Fuck My Opps,1.0,15,152571,30.0,
68501d84-9d69-467b-929a-97c053e1238d,Freestyle New Season,1.0,2,199148,1.0,8879859d-1de6-4339-b0c1-b83598ef9457
4374205a-4d53-47e6-a640-aa43d5fcf8f1,Offline,1.0,16,176363,35.0,
6a93369e-be1f-46a3-896e-5e24f7815d99,Coronavirus freestyle,1.0,1,150000,17.0,4c42142c-0787-4e13-8de0-3c6ba83a9e04
c8a77a96-2bc4-4f58-b675-3fbfb9df5ba2,Friends,1.0,9,134545,24.0,
44f40fa9-27b0-4f86-8bf7-48994202a442,Samba Freestyle,1.0,1,188578,2.0,d0cb3c62-6c59-4d74-a633-92fe3e201e70
8f24e7f6-8907-47d7-bb90-ff71f86be4ef,NULL,1.0,4,169714,51.0,
bc6dc790-9582-4b66-b87d-c050a545e350,Come Loro,1.0,14,171712,23.0,
b12bc117-d232-4e70-95d9-4e10ffd97457,Cristiano Romambo Parte 1,1.0,1,465780,5.0,b1462ce6-cfdc-4804-ae62-047b88eb5adb
5f0854ed-4cfb-45f7-8e9d-d64190fca6b0,Sintetico*,1.0,1,136614,45.0,
9cd3c145-e19c-4b3b-8aad-54d16d4bfcb1,"Si, ah",1.0,3,172850,65.0,5064c5e3-305f-495d-b9fa-864449ddfb33
a0adbf12-f2ff-4f7a-8655-1983cf46e81e,Missili,1.0,12,195349,69.0,9429e21d-fb2b-4194-962f-17585d90114f
44c3d55b-9fac-41cb-8558-e255ae8cecf1,8 miliardi di persone,1.0,1,223384,64.0,
c0cad87a-2016-4f94-9167-8789cd327b64,Nei treni la notte,1.0,8,184146,62.0,
4e396e59-1ff4-4fa9-ae69-6ddf130eeffb,Hai visto mai,1.0,4,208000,59.0,
bf0c2ad8-ad67-4855-8aa1-083c736fb38d,Gli occhi,1.0,9,142350,64.0,
07578d73-f015-48c3-a11a-b48518616b83,Cratere,1.0,6,179389,62.0,
a112a3d5-0838-4964-a822-be4d3d252d28,64 Bars,1.0,15,188738,50.0,
1910f4e9-d46c-46a8-85b8-8afb18ff5d2b,Floppino,1.0,5,163874,50.0,
d5fa3867-3f8d-4c77-b409-d7abb79a0926,Gravità,1.0,11,215383,57.0,
484e8032-a935-418e-97d4-6a10736fa785,Accattone,1.0,7,121043,44.0,
e74ca187-2923-475e-ab66-9530a56f13ff,Due ali,1.0,5,231000,59.0,81bc54ca-134e-4e39-bc6c-c7ee1b433bbd
9d5be446-66c9-4150-b05b-8266ceeeb99c,Branchie,1.0,2,192130,46.0,
3f110796-c0f2-49a4-b4b9-a02d41aa910a,Stupefacente,1.0,20,187245,50.0,
92c0f302-62b5-4525-b1ce-eede6f53c396,Chicchi di riso,1.0,7,206400,60.0,d9f6f489-737a-4825-ae03-f2a995887a30
02ea3a7c-c76a-4d58-8740-1150d066c0f0,Colpa del vino,1.0,3,173333,53.0,
d735ac8c-3b82-4d4e-b3b1-91a68d883194,Avanti / Indietro,1.0,10,219439,41.0,
bf221246-eb96-4db8-8d0f-d5cd4e22d135,Buio di giorno,1.0,2,183035,55.0,
50f04a8e-c0c9-4681-b79b-d7d50dd19bc9,Fare su,1.0,16,157366,40.0,
122afea9-a254-4d27-913b-f6ebc4b8916f,Amarena,1.0,7,214000,59.0,
d664e436-8f1d-426e-af7e-995ad2841cb7,Le cose sbagliate,1.0,8,102999,53.0,
5e1b25bb-d3c8-4c17-a6c4-2acd0a44c4cf,Allucinazioni,1.0,9,197000,44.0,
f2cc4e5b-9ced-4c48-9aee-7b972cf23086,Chanel,1.0,4,188000,42.0,
5486b23d-56e0-48b5-bc08-50c55e33c961,Sempre bene,1.0,9,215431,46.0,
9750b3e7-14e6-4c4a-ac20-ae9a1860556f,Lambada,1.0,3,239000,55.0,
62264057-b06f-418f-ad72-b7665a705ae6,Sassi,1.0,5,176843,42.0,
9162c67c-5a5f-4c0b-996d-b54008cb8031,Se avessi saputo,1.0,10,233766,41.0,
5ec9b772-f12e-4275-a01b-43a5101a0745,Contento,1.0,6,204900,43.0,
bf54b050-4ca1-4cb2-b9dc-9a9eab56c6f2,Tornado,1.0,5,180087,46.0,9c2e9f93-bbdb-4cdc-9886-3fbd21baf5f2
ae94e632-18e9-480a-a723-adf9bc60fe1d,Le sigarette,1.0,1,196477,47.0,
ba552954-bc1f-4a81-9308-0991be91095b,Sotto effetto,1.0,1,191703,39.0,
db4c7d9a-92c6-487c-af04-be68aa60ad2d,Sì può darsi,1.0,2,186750,50.0,
993e88d4-dcf5-41ca-a807-6e3ea03ee3bf,2004,1.0,3,193858,38.0,
a23c9203-eca6-4c8a-b116-e4ba9cf51c4d,Farmacia,1.0,8,194863,39.0,23b866d3-b417-4424-8919-978978c7807c
7d3bc46a-d535-4508-baa8-dd49ee110b54,Pianeta 6,1.0,8,207338,33.0,
49b6d61e-294b-4f38-b0c6-f4fe9c1efe1e,Cardio,1.0,4,217428,42.0,
c4c8dd74-cb40-41cd-b0b5-750298d4b1a5,Gabbiani,1.0,11,203597,42.0,
f98acaf5-d8c0-412c-9f34-a204d528d97a,Faccia della notte,1.0,10,125700,34.0,
ddeee0b9-bd11-42d2-bc62-b6a6eaf5ad63,Sabato nel parco,1.0,18,176727,36.0,
a1287570-c7a3-40b3-aa9c-5d8dbfb2d559,Sosta,1.0,1,160561,45.0,f77de378-bdfd-440c-a7f1-6c58e9a3838e
dac8c674-11cb-4e13-b054-f9f6e7533077,La notte mi chiama,1.0,5,189230,37.0,
a9dc9788-4f8d-49c3-8b6e-a6f85b11d107,Giorni da solo,1.0,3,189666,37.0,
49451a9b-31a6-40aa-889e-4f385a8eeccc,Scheletri,1.0,6,234246,32.0,
d93ba80a-8a5f-4b51-b17b-5ec6cc7dc79f,Love ya,1.0,3,151714,45.0,d1cfeb30-afa2-419b-89a6-839554018100
90082216-4bb1-401d-b293-4d947e023e68,Nuova fissa,1.0,2,165985,44.0,
29617dd9-5b31-4d0a-8a92-31baeb79b3b8,Terapia,1.0,1,134845,29.0,
4afe688c-8b57-4064-8d7b-26cb8aea5f27,Intro (Fogli colorati),1.0,1,91000,31.0,
15a4a0f3-688f-48d3-a77b-52a44b16be32,Quando finisce,1.0,1,149361,41.0,
9f607d8b-9da7-4f18-abb1-7a7fc3840c83,Pelle,1.0,4,185696,44.0,
9f8df9c9-d8af-4caa-9f3b-d616a79a024d,Visualizzato.01,1.0,4,137142,28.0,
fc2a7c81-b344-4bf4-8bfc-a5e8ef29ed75,Pallone,1.0,4,209332,28.0,
98803ce4-553e-4f4f-b449-84cd5a06e128,Inviato.01,1.0,13,88636,32.0,
923e1ae6-900d-4ca7-8f4b-115885fb9984,Visualizzato.02,1.0,9,86400,27.0,
11248831-8274-4d0f-8ac8-8117231f81c7,Visualizzato.03,1.0,14,77897,27.0,
79bbb47e-0ca9-4478-84bd-d2dfc25e7c52,Quest’anno,1.0,3,184846,57.0,
388229c5-2b44-418d-8760-aeb3c4ae0d09,Visualizzato.04,1.0,21,92125,25.0,
55e55a53-3fc1-403a-8846-8190c54b2cf5,Inviato.02,1.0,1,150857,31.0,01530892-5e36-43e3-a229-f6987a493e67
37e5f681-100d-4530-bd32-dd681b606074,La calma.,1.0,2,207307,20.0,
062444df-c299-4103-8b26-c5cbbbe60436,Recycle,1.0,15,99009,28.0,
601f865b-1c69-4237-9913-fa4de31b905f,Buio di giorno (Redbone Rmx),1.0,3,240001,54.0,09e8bdaa-9e15-4136-ab2c-4840022ba347
cabfa18d-4b0d-4373-943a-b606c64ab445,Siamo Noi Pt. 2,1.0,3,140399,1.0,df1f345f-9f2a-421d-8e89-13d778477b7c
b02a9f40-02e1-4110-a2e2-2f55f5b3c2fd,A Mano Armata,1.0,4,198260,62.0,
b18f8952-85ac-4d39-83ad-266e5d2b17d3,Consegnato.03,1.0,1,150857,31.0,
57d8358d-b361-4ee5-922c-1de05261acbb,Consegnato.02,1.0,1,155946,0.0,23cb46da-d539-4ba2-b0bb-c208a2877b92
d47ffee2-4ebb-49cf-a067-e97c519f10a1,Homeroots,1.0,1,150857,31.0,
3de4de10-4b6a-40ab-baee-606c2f34ce24,Consegnato.01,1.0,21,92125,25.0,
5cc93f15-fbcc-4ca2-9d1e-a5a993f0b206,Troppo Vicino,1.0,3,140399,1.0,
b2ec8c79-03f4-4765-a865-8063fbbdbf72,Idiot Savant Intro,1.0,3,172850,65.0,
2f779ae0-df4b-45c5-a67a-a0280d85d538,Straordinario,1.0,1,150857,31.0,
1b3c1203-0942-4b24-95db-4f9f873ae33f,Sempre Di Peggio,1.0,1,155946,0.0,
44ee697f-a34f-43ff-a63a-589b4cc72d6b,Pausa Joint,1.0,1,150857,31.0,
0fc3f2fb-1e1f-488d-8264-7874d705ce0c,Contento (OP1 rmx),1.0,3,172850,65.0,
54d00f03-7f30-4a97-a013-a56b45cccd02,Lampo,1.0,1,150857,31.0,
20305493-39ef-4292-8c7a-74fd5a0929c7,Ipernova,1.0,7,177866,52.0,597d598a-75b1-4173-8765-1cce94e00e70
d977b070-86c6-4336-be6a-d501ddc627dd,Fuori Luogo,1.0,8,165746,37.0,
0984cfcc-80e8-48c9-8b15-732957683aab,I Grandi Non Piangono Mai,1.0,4,226200,44.0,
c86f85ad-d715-4998-acd7-12f5c244620a,OPS,1.0,7,192213,46.0,0f7a7d27-4227-4bb3-afe2-6af8fc7665a0
eeaa411a-330d-4800-aa78-1beb8f1a2469,Fiori di Chernobyl,1.0,2,175611,53.0,ac364d6c-9e21-4354-a129-0fee43087a6f
853baba6-47e0-4d84-9d17-d32c9ce6a54d,La Storia Di Sam,1.0,6,147800,31.0,
9b4a7c11-e5a5-458c-b709-c2f791999dfe,Carillon,1.0,1,207250,48.0,2f35e07e-bb66-4878-ab3e-6a3cb8ec2895
2cebb2a3-aa35-4ffd-8126-c1b7190d3121,Pianeti,1.0,10,164346,29.0,
fc7c3102-9e38-45c6-b06b-5d88ddd3b92b,Supereroi,1.0,7,195000,58.0,623eeede-bd68-4b99-9158-e63a078cac48
28732e0b-b84d-419a-a006-3d827fe73041,Supereroe,1.0,1,246947,36.0,a4eed8a0-c9c9-4958-855e-82af63268bc1
1568bf6f-5acd-4093-aaf8-9fbd07efb81e,Superstite,1.0,3,196440,27.0,
dcf6de42-71b8-4d31-ae20-4b4cfa9945d1,Rainbow Soda,1.0,9,198280,25.0,
4d755e9b-d02a-482e-bcc0-1c44e30a0bd1,Tutto quello che ho,1.0,1,205500,38.0,7a743e8a-1ec1-41cd-9836-4df38e53d2e5
2477843d-72d0-40b1-8610-53c3f831525a,Ti amo ma,1.0,1,205500,40.0,6f580989-daa8-42f6-96d3-eaa5333928a9
f9c12cf0-1636-4d97-ad2b-af7f6fa9842b,L’errore più grande,1.0,6,198853,27.0,
78732adb-cae7-4b1f-a2ac-c4075a1fc866,One Man Band,1.0,2,180960,19.0,
279ce339-2f79-407a-8a49-20e009971757,Giorni di Pioggia,1.0,5,151200,24.0,
60defb74-d392-4117-a1de-09b7b627981e,Carillon (Acoustic),1.0,12,210040,23.0,
a2c3ef60-4227-4b4a-8db7-283b28c558c9,9.3,1.0,11,225937,43.0,
36ce76ce-83a0-4aa7-8f3b-4712cdd25a1d,Meteoriti,1.0,6,188253,51.0,
e3935a3f-c7f5-4d59-a808-2b76fa578b35,Honey,2.0,2,317744,0.0,3e2b141a-e5a3-43a1-b0b3-ab3cf3538fb8
4d69d5d0-84b4-434f-8a6b-0c16b0711e4b,Nemico di me stesso,1.0,3,162306,24.0,
80a8f624-c4e2-4e5c-9cc7-1878528ca181,DUE ALTALENE,1.0,1,197142,53.0,7c83f4ea-479d-4f86-aa32-767b4dafb5e0
f13b12d6-7290-4b9e-b91d-e84059c48ca9,La somma,1.0,1,197624,39.0,de922565-18e9-4574-bb83-c52faf338ad8
58c72a7c-0bc9-4269-8f51-13e47186547f,A forma di origami,1.0,4,193520,40.0,
f32571ea-425f-4833-97dd-705c9a9747f3,Non c’è più musica,1.0,10,210941,33.0,
748b700f-41e5-405c-880b-e1e5aee66911,Un domani RMX,1.0,4,184666,35.0,
81f1d993-0439-407b-b468-3631a3e8d5b7,Intro,1.0,1,38120,15.0,
086fc09c-f45d-4f01-a508-d34de17873d9,PERICOLOSA,1.0,1,160416,43.0,
44df3444-3bef-4b45-9ffb-3c1510a6d66b,Grazie A Me (Acoustic),1.0,11,193146,21.0,
05a2daf8-af4c-4683-b296-e11dbdb5c239,Grazie a me,1.0,1,220000,29.0,3f2e11eb-b2f4-417a-8af5-757f4027cb40
a3390a0f-b8f6-40c9-be65-2cf99f35a271,Sindrome di Stoccolma,1.0,7,175053,27.0,
186d430e-9613-4781-b275-9272f095493f,LA FINE DEL MONDO,1.0,1,162000,48.0,88450935-8fb9-4142-9900-3ecc54f5e3c4
0ad041be-7950-4d2d-94d1-dc3ba37d7138,Sentieri sulle guance,1.0,5,189800,25.0,
5798d79f-06ba-47d6-b468-99687b2c9ffc,Intro (Petrichor),1.0,1,51333,14.0,
611a5a9e-99b9-4b7a-bb69-9beafdee2ed0,Outro,1.0,12,185106,34.0,
43b91a4b-9ff1-4d22-9d92-ea9334f886b1,UN MILIONE DI NOTTI,1.0,1,160000,48.0,a3b39d0f-f62d-4bce-ab69-f89d30fc226d
73d2d1dd-a744-4ad8-af45-8c5df372e361,CRISALIDI,1.0,1,183983,39.0,42367aeb-51fb-4b01-962d-5feee5f4b66c
44d38781-f088-4e58-9f7a-6f4cdfa606d8,Ricominciare da me (Outro),1.0,12,185106,34.0,
afa1dbfd-18e9-400a-9b01-4553005bc836,Non fa per me,1.0,9,166986,24.0,
6ddbee09-37df-4c94-a952-84562a42861a,ODIO A LA LUNA,1.0,1,152882,49.0,33cc6086-b6f6-4a28-8c4d-1e945b4fb44d
bb18f9cd-4b09-4bbc-ac29-2970cc0ad89f,Meteoriti (english),1.0,3,248240,0.0,86be26d6-e2a8-41f1-ba43-17de429dd446
78bfca1d-271c-43fe-ba1f-9bbcdc05c5e6,NEVE SU MARTE,1.0,4,197294,38.0,
4efe3ce5-0fa2-45ca-a568-79189b392910,The Way You Do,1.0,1,195500,19.0,214aa9e9-f137-475f-88d2-fe3439b738f9
8350b40a-5dbd-4f59-864d-ca89cb4fb521,SINCERO (RMX),1.0,6,226906,82.0,
f4148ce0-65c6-4ac5-b1a5-1a7b3c1d43d1,SINCERO,1.0,1,145846,46.0,b50d60fa-bd35-4595-9491-c2d82bc7fca7
60837941-d649-4427-9239-6842e4d43a7a,FRAGILE,1.0,3,167478,28.0,
cfa6aca4-a6ef-4fe4-a078-6d4b1ded5d43,PAURA DEL BUIO,1.0,2,192400,29.0,
b129bf0a-5af3-4e02-8d54-08eb3a3e8974,ARIA,1.0,10,170125,31.0,
f7e944b0-f62c-47fb-a2f4-41398090a3ae,FIGLI DELLA NOTTE,1.0,4,201146,30.0,
df9956f9-1285-4608-ac4a-2a72e30569a5,Tutto quello che ho - Acoustic Version,1.0,6,226906,82.0,
c927f8f9-32fb-4534-97b3-9088fc729b56,3.10 AM,1.0,8,156722,27.0,
fb4b66c9-8cc0-4a31-b3fd-d84f691b3788,VITE PRECEDENTI,1.0,10,148800,29.0,
a0db1f41-43cd-43d9-9215-fe840b92dd77,SEMPRE UN PO’ DI TE,1.0,11,171893,29.0,
04d8e126-c9c0-4900-bd79-dde5dbff2ca3,QUI,1.0,5,153333,27.0,52127916-c64b-4a9c-bda2-37cee06ec375
c9b2d86d-82a4-4777-b4e3-2a72534706c2,NERO,1.0,9,219148,24.0,
3cd89e5e-ff84-4456-8af3-ad2709d32678,ATLANTIDE,1.0,7,161052,30.0,
502f5700-6616-4397-bd92-296c9aa19a3a,Merry Christmas,1.0,5,126667,0.0,e8156510-2af5-40d6-a45f-41f3250d2bb7
a17920b8-f9a1-493f-ac62-bcec7dade3a8,I’m a devil,1.0,3,335240,67.0,4cbe1842-edab-41ad-8507-1c910a223c9b
fb120ae4-b540-4e73-8037-1803ce9713d6,IMMORTALI,1.0,9,237973,26.0,
f3694e7c-95be-402a-87b9-2058ca1eda41,E INVECE NO,1.0,5,141323,17.0,
e32234eb-8b3f-4cce-a7a3-bd601993bbbb,L’ULTIMA VOLTA,1.0,5,168853,20.0,
ccb2394b-00e3-47a5-8628-707c97b9092c,Talent Show,1.0,12,216312,54.0,b57ca036-b734-4b92-aa9f-b996c7c40ab7
b3c173e2-c5fe-4c10-acf0-cdc3d6c62b3f,Memories,1.0,17,240039,0.0,8a7200ba-bdb8-4899-b95e-547cc77116d0
53390519-fd65-47a9-8363-439b2a8fdb07,New Bitch,1.0,5,218253,17.0,3842490a-d453-45eb-8569-0d767ec9d282
9299f44f-7205-4074-878a-456d1a3e92f1,OUTRO [2024],1.0,2,267853,4.0,0ee87edb-5d1b-41bc-a7c1-bfd0594d2ef9
590e9179-5912-420d-a815-68f28fec19b4,Night club Dnb,1.0,6,249920,2.0,ef2117a5-e5b1-4e75-ac5b-f9ecedb0eb59
ffd2d2d3-10b6-44cd-ae89-d5230440eb63,Intro (Memories),1.0,1,206698,7.0,ee85df77-aeea-4746-a0d6-f7ea0f36078e
9299935c-90da-463e-b812-bb5b2faecdbe,Veleno 7,1.0,12,173960,57.0,
d8673eb5-c347-4d12-9561-bb3fd1e70243,Lo Sai Che Ci Penso,1.0,14,180346,59.0,e9c1431e-84aa-49e4-811e-5bdc05f50a5c
cbfa6ab5-f67e-450f-81ba-62397e012c61,Bene,1.0,2,237250,59.0,
34a66c86-d19b-4a86-89ff-696868e9d25f,Davide,1.0,8,206211,61.0,
a36e1804-7c3b-4922-905d-60959117036d,Senza Di Me,1.0,1,201961,64.0,acd8bca6-b2a2-4809-b488-3f9afe399760
5f2494fc-821c-413c-8618-945fc94a46ec,Forte,1.0,6,207322,63.0,
7ebf05a2-1a5a-4d75-abf6-f85294cf36ae,On The Corner,1.0,6,348400,87.0,d717d449-5fb4-4356-849c-4e22b774f7a3
395104b0-9499-48d1-b7af-d3e03e8eae11,Keanu Reeves,1.0,5,209791,55.0,
cd7a3f12-3f1e-4ea0-9652-78c2ce54d11a,Ye Ye Ye,1.0,2,266960,31.0,5ac0cec5-2772-4798-a6e0-07f3c3275d0b
3111ec42-0980-4c6f-84aa-cfc0a4580f99,Blue Sky,1.0,6,187615,60.0,
e2f203f2-0ace-4e21-932b-4112bfbb6c31,Fuori e dentro,1.0,1,170000,55.0,
a1e4c396-60de-4eca-876b-7961b931fcd7,Fuori,1.0,1,170000,55.0,
37df81d2-34e8-4f79-bf58-237f5b24b2a3,Esagono,1.0,2,186426,52.0,
325a5e23-1f1d-43c7-a6f4-d48339715332,Toradol,1.0,1,136118,59.0,1bdd7d82-fab7-478c-9ee4-feaaa956556b
4ad19bd4-d1e7-4a95-8d3d-b93dd01e4545,Gigante,1.0,1,81896,13.0,6030f3eb-ec79-4731-817c-16f691e7b509
46e0bfde-0eb6-49c7-a2df-6539ad70b9cb,Ballata del dubbio,1.0,12,204021,44.0,be3557d0-51ac-4e6a-8779-a228d5ac94e8
33e45bf5-c336-412b-ac6e-caf6b6caa6b3,Non Lo So,1.0,11,205699,45.0,
eb309dda-51c0-4a31-943e-7eb3a941834d,Mama,1.0,3,180581,55.0,8feea168-4de4-4a7d-bfbb-196fdb0b3bb0
092a5551-a1c3-448c-9336-d300c3e815ea,Preso Male,1.0,10,236602,47.0,
75ce1104-6748-468a-97e0-7d4763048af2,TU T’E SCURDAT’ ’E ME (ILLEGAL RMX),1.0,1,221403,72.0,
c9231bcc-f746-4f8e-acfb-3e90f4515ee8,Oro e Argento,1.0,3,231788,45.0,
e428bd34-43c0-4c58-a3c6-1e60f565f6ad,Holy Grail,1.0,10,181883,42.0,
1d7bee43-eadb-4e5e-a408-30de13e38b5f,Vmpsb,1.0,2,186008,63.0,
13425280-6c60-4c5a-b8f2-3c604cccfbbc,Non Cambio Mai,1.0,5,176400,51.0,7bf82eb1-f212-4af1-acb3-9bef19e7a17a
effe16f2-5c2e-47f6-a161-45c525a3f22b,Fiori,1.0,6,181786,43.0,
50276e94-c861-4bbe-980d-0facf83cac42,Voodoo,1.0,5,205346,60.0,
357eb6e4-7bcd-4384-9d3b-bfb21fee4954,Mondo Di Fango,1.0,4,117384,55.0,
2aaf8488-c68d-472e-8ef6-b6b26f38035a,Veleno pt. 4,1.0,7,205125,58.0,
eecf7ff8-e6c8-4db9-bc50-9b0adce9e634,Veleno,1.0,7,205125,58.0,
4dba6d77-cb57-43d3-82bb-1a13bb338e0c,Veleno pt. 5,1.0,7,205125,58.0,
db59b130-7292-4e8a-a740-c9aea0fcfca1,Paradise Lost,1.0,1,164118,49.0,
888ca9e7-97e5-476d-a2ca-33e0f1c7a582,Ballon d’Or,1.0,11,185195,63.0,
658d2066-c9b9-4cc2-9af7-40209dafe194,Ballata del dubbio pt. 2,1.0,9,265453,39.0,
a064d2f6-ff83-4830-a78f-c5a247bf2914,Haterproof 2,1.0,10,187615,45.0,
b4d7c589-878c-4511-8e64-430c6e57a0c7,Nonostante Tutto,1.0,6,207322,63.0,
20f20660-5cb8-4379-94ab-09458e09ccee,Come On Baby,1.0,2,245853,75.0,
451e4740-ba9b-4f57-9421-2fd80cd5f22b,Ciao Baby,1.0,2,186008,63.0,
b9ad4f96-2ff5-4936-9b21-9de1f0fe6f56,¥€$,1.0,9,204169,62.0,
9569c7c1-3b6b-4851-94e8-bb935cb79064,Alright,1.0,7,162284,40.0,
f0402cce-be24-4a2d-bc57-35729af0b9d5,Tanta Roba Anthem,1.0,4,202564,41.0,
6e81f721-6f1d-4419-badf-721c38519482,Inedito,1.0,14,224308,36.0,
df042749-20f3-4086-a1d4-4bc220113d47,Dancing With The Devil,2.0,3,190883,77.0,77e5a5b4-6558-4b9c-8885-7f0c23a4b582
fb65bf13-6d15-4392-a0f2-624d516d3612,Il primo,1.0,15,163212,44.0,
476a72f3-4485-46e0-aaec-7298843170cb,Diverso,1.0,11,209898,46.0,
2f8580e1-c1c3-4bd7-a227-b7904830b2c9,QVC9,1.0,4,117384,55.0,
1f3eb159-abd3-4820-a0c1-cd5736471b55,34 rime pe spiegatte quanto sei bianco,1.0,3,217640,56.0,c0c79f49-2e86-4e66-9380-dac826ca5735
41b25715-41ee-4d01-847f-cfb6655d48e1,Codice PIN,1.0,5,222400,44.0,
3c8ced16-2d66-47a5-857a-6095a923f88a,È Inutile,1.0,14,186721,52.0,
2a0c1ac9-3194-4c60-acb8-47b843c9f8f5,Haterproof,1.0,10,187615,45.0,
2db549d4-481a-4824-9626-1dc40eb811a9,Scappo via,1.0,10,237822,42.0,
becde09b-7b85-4dbd-b50d-4514d21d4817,Scusa,1.0,3,246598,48.0,
ff6a8733-3690-40fe-b283-2884b4721833,Canzone Triste,1.0,4,178761,65.0,
cdd6dec1-b111-401c-9fd3-ef2c8354f83c,Scatola nera,1.0,12,173960,57.0,
05530510-2163-4a04-ac69-c769ad77a588,Come me,1.0,4,194333,41.0,
29af23db-5d02-447b-ab3e-d90339583cf6,Alaska,1.0,13,218575,41.0,
8b84c6e5-f7ad-4c3c-8647-0980307e8a8b,Outro (Certe volte),1.0,11,209962,71.0,
c1d754ea-0cf1-4354-bae0-0bd848b6dc32,In Una Benz,1.0,5,142000,42.0,
4e70da54-7720-4636-961e-42d26f4bcc04,Stare male,1.0,6,195831,35.0,
de30daf5-23ed-41d9-ae4c-0af219554e09,Karate,1.0,3,175813,45.0,
cdcb5fcd-48ca-4144-a7ea-8e4e0c381293,End of days freestyle,1.0,6,216032,12.0,68dc0cf5-ad23-452c-bf3e-cc07a11ee788
53ce88c6-775e-40c3-a687-52508cd6985c,Pistorius,1.0,6,239974,50.0,7fa81162-1a74-4b68-b93a-4b5656565b44
3fe4a714-ce54-451c-a5a1-5b1703c04c15,Giuro Che,1.0,3,202758,40.0,
18802312-843b-4200-9a5b-6d762f5b95bf,A Me Mi,1.0,7,223834,79.0,
694081d2-5485-4ba2-bbaf-d4c0de42b34f,Fuck/Peace,1.0,6,68839,38.0,
409a0f1c-8587-432c-beed-45ee99668034,Passa,1.0,4,197213,47.0,e49b9eb1-daf0-4056-be10-f6cb72dc30cf
f2949e61-c29a-41fe-8cd1-3bd6a2777610,Hangover,1.0,5,250978,50.0,d40ad1fd-1e15-4886-b5fa-3041a4103b2c
a2e59d8e-5bab-4906-bfca-a7106a49bec5,Ballata del dubbio pt. 3,1.0,13,223868,42.0,
c5d52aeb-0db2-42b3-9fd3-5625aa0c7982,Quando Vuoi,1.0,8,245209,38.0,
0d344c4e-e7a9-4adb-945b-3627023df422,Ti Amo,1.0,12,200801,40.0,
17fa9c80-2e20-44e7-88b9-c5443b1b9cbd,Cioccolata Freestyle,1.0,6,207322,63.0,
30e9bc9a-d2da-48ca-ba98-09fe4484ebb3,Money Money,1.0,13,264496,35.0,
e5c089f1-4c11-4551-a256-3b68d2a65b76,Outro In The Night,1.0,18,175240,52.0,
8d0fe382-51c6-4133-9530-75807e07b1ce,Non se ne parla,1.0,2,223919,43.0,
04d054d9-aed7-4c0d-96fc-7b4a9aaed378,Non ti rivedo più,1.0,7,223834,79.0,
2ead48c3-ec7f-44b2-8748-c202ca219858,Vivere pt. 2,1.0,6,200214,68.0,
b8d0fd02-87f4-4fe8-b8a6-0eef879a6855,Californication,1.0,5,185600,40.0,
a06fc401-a3a5-4d8c-8694-082c27422b71,Pezzo Trap,1.0,7,260000,41.0,
77b0cca3-fee9-4d22-b08b-4c22a94930d6,Un’altra notte,1.0,10,205533,42.0,
0e3423ee-caff-4d50-be60-cbef261c61c2,Che ore sono,1.0,8,209453,44.0,
3eb76f5c-b6b7-43bf-ac25-8c9ae8fd4f34,Sempre in giro,1.0,9,307245,42.0,
bbd21a50-e461-42b1-a4fb-abe145823ffc,R.A.I.S.C.F.,1.0,1,136118,59.0,
3fb09359-4d07-4138-99dd-62147df373ad,Marte,1.0,8,135615,45.0,
e8fc8424-d534-43da-969c-93363a066798,Rossi,1.0,1,136118,59.0,
8d45bcd5-e016-4785-b0b3-0b2bc0ea549b,Tutto OK,1.0,11,218506,40.0,
00b1711d-76b4-4267-9be9-3b7e7fb26345,Già da un po’ (2010),1.0,10,187615,45.0,
69ca9d6c-b035-4524-b7fa-af0d6427c721,Noi Siamo Così,1.0,2,126500,44.0,
4a892dc7-bb1c-408a-830b-0444278b0279,Davi,1.0,8,206211,61.0,
90ee451f-75be-43a1-bca7-2d2dd9d755c8,Diario di bordo,1.0,15,243144,37.0,
14fea102-1246-4c3b-8031-afb37c21c97e,Come Me,1.0,4,194333,41.0,
e6a51a9a-0bd6-4170-9bda-056f74790988,Vivere pt. 1,1.0,13,265454,65.0,
3fa1e8cf-5679-4536-84a8-bdca921fd41c,Bad Boys,1.0,2,130714,39.0,
689552a3-dd9e-4099-a7ca-48337a237e33,I Don’t Care,1.0,16,245286,36.0,
0a1ec826-c26a-408d-a53c-426480740e58,Rap Doom,1.0,3,181259,35.0,
95290731-99db-407d-beca-a683d4a8839f,Fresco,1.0,2,237250,59.0,
a827c7d3-70f9-4484-acfe-dd5dab5d42ce,K.O​.,1.0,10,190810,47.0,
9463126b-0091-4676-851a-213793427f71,ᐸ3,1.0,14,191114,51.0,
fc519602-6f4e-41bc-b3c6-5b6bd82c8e9b,Top,1.0,5,191202,49.0,
43899130-686b-4591-9ced-a42ef1e70ab0,Fair,1.0,10,129964,36.0,
7dade461-8974-405e-a8bd-1c9f98f2a671,Chiamate Perse,1.0,9,202765,41.0,
6d4d9573-2295-4358-b349-363f01b7ed26,Trap Emo Rmx,1.0,17,142306,36.0,
f3114782-99de-4c37-bec5-0eec5aa9f676,Che Ci Faccio,1.0,4,202792,39.0,
8c1f413c-055a-4f97-bbaf-2a9e39c8079c,Black Mirror,1.0,13,220317,38.0,
c4f15be4-b49e-4dab-8299-43f983daabfa,Rimango quà,1.0,8,264614,16.0,eafdbde7-2867-43ed-b3cb-55a803b6f007
c0445b7a-a2f0-4515-9d0c-5f7381e15413,Veleno pt. 3,1.0,1,183230,23.0,f6d534a6-1889-4aac-974f-199a162c241e
cec310cd-58f3-45af-b938-8e12ce59a129,Out Of My Way,1.0,2,246368,40.0,
005ecfad-28f7-453f-9fbc-0520d3ae0414,Più Di Così,1.0,12,225694,36.0,
fb6373a9-1c2b-44ea-8cba-b8467cb5f3b9,Veleno pt. 2,1.0,6,233239,41.0,
81a60c55-394c-4eb1-a01e-2fb1d5a1381d,Niente Per Me,1.0,13,195549,35.0,
85a427be-b3af-4146-9e8f-8f79bc94fecf,Intro (QVC7),1.0,4,196874,47.0,
1c83ef1a-6adb-4c62-b41d-2fe6f6b82f86,Un Giro Con Noi,1.0,6,203000,41.0,
373a9f1e-a63b-41fd-b48d-37e19e118eaf,Buonanotte,1.0,15,221064,39.0,
bdfe6300-2d00-4620-b28f-a44865c8620c,Essere vero,1.0,11,146333,66.0,
d99af1f2-2450-490c-989e-89116008a54e,Non Me Ne Vado,1.0,15,186000,38.0,
0fd1559a-5d47-4d17-9b09-20be94dd88c5,Intro [2016],1.0,6,257332,17.0,
f1ae8206-c5ea-41b6-8a0c-cae9192b6276,Quello che vi consiglio pt. 3,1.0,16,172618,35.0,
7eb04401-08ee-47bc-a829-f15e522f3438,Non ti piace,1.0,2,193545,12.0,d56012b3-544d-4fe7-9cf5-43f6e748d955
fc8b850a-b12c-4aa4-bce9-f8cfa69a39f6,Rollercoaster,1.0,11,177882,36.0,
70241fa9-10c0-453f-8a5c-c46f8cbc4151,"Si Va, Pt. 3",1.0,16,172618,35.0,
61785a00-701e-4963-91a4-b0c7510f3826,Nato estremo,1.0,4,221215,37.0,
b3bbd161-95d5-417e-b5d5-e909787aa740,Outro (QVC8),1.0,1,171931,0.0,d23a652d-f800-4b4c-871b-8def4bc7fdb5
0eb74e27-914f-4baa-aa6b-d681ba4242f6,Ehy,1.0,15,156028,36.0,
c16cafa8-cc7e-421c-829b-8ce0d595c33d,Domani,1.0,16,225327,38.0,
914f43d9-9018-482e-a1c0-6c2805577b6d,K-Hole,1.0,11,216881,38.0,
2e46c41c-f7ed-4288-95d4-2af21ec7bb61,Fratè,1.0,6,207322,63.0,
3ad6d91f-4278-480e-b2d8-d29789ec4b67,Instagrammo,1.0,7,261377,45.0,
2339bed7-6172-4df1-8e8c-e95d21d37db0,Rollin’,1.0,7,163115,41.0,
b676844e-d50c-47f4-8935-83bf61cd2da0,Tutti quanti,1.0,13,165660,43.0,
6fd08300-7ddd-4db3-babd-47de03221cd2,Eutanasia,1.0,12,309704,36.0,
8b030215-61e9-46a0-ba4a-54af3daaf585,Falsità e cortesia RMX,1.0,17,199253,44.0,
cf156a8c-2a22-4181-b776-139f08164eb2,Pochette,1.0,9,181430,56.0,
b7617c3a-ddc2-44e5-8570-135cd0ec600c,Da Piccolo (Snippet),1.0,10,264573,69.0,
cb605041-6005-4101-9a71-612b9422200d,Rainman,1.0,1,136118,59.0,
970646b1-7bb9-480c-9619-4a35be62a59c,Questa Qua,1.0,12,172380,38.0,
a53b7873-bfdf-4bfe-8009-1ccd663f5b06,Fammi Fuori,1.0,5,158254,38.0,
3ba0d365-902c-4201-b335-478eb408c81a,Cambio Le Regole,1.0,4,226456,36.0,
c24dd920-6f77-4e7d-bcc6-e6ccdde12d85,Ce L’hanno Con Me,1.0,12,223192,36.0,
ee03ae86-472c-4692-b6b5-bc156fd24869,Russian Roulette,1.0,9,143371,36.0,
1cfe02ce-c211-40a9-8560-2003dea914c6,Ok!,1.0,11,218506,40.0,
c574a6da-2310-47dd-b49a-db4d464d9e06,Fabio Volo,1.0,4,202745,32.0,
71c15147-e519-4e97-b26d-1dd4c71e4ae2,Intro (QVC6),1.0,4,196874,47.0,
c29bfd63-1e53-4c31-be41-3d3715513142,LA PROSSIMA VOLTA (64 Bars),1.0,1,149123,40.0,d4f3a395-a3fb-46f2-ad43-80107dd481f4
1b3d8a2f-35eb-4d76-a6e8-39b1227cd2fa,Gli stessi,1.0,7,199180,40.0,
2b3f61e4-7174-4429-818f-0396540ccb4f,Silenzio,1.0,8,177672,55.0,
6262aaf0-5580-43f3-aed9-a04c78d794dc,Le mille e una notte,1.0,1,194516,74.0,
1e9a2abd-8e38-405b-9783-696b23ec7b73,Outro (Insegui i sogni),1.0,11,210000,46.0,
27c47873-4eee-4438-87f3-a8d259df350c,Non Mi Va (Interludio),1.0,2,182245,76.0,
cf119507-db63-4814-a750-4abb6f76e5ac,Fuori di testa,1.0,6,195831,35.0,
7b8763b3-62d9-4bdf-8a7d-eb5adbcc7d47,Il giorno del giudizio,1.0,1,130228,36.0,
32d57bb7-c062-463a-af66-42a0345b634b,Intro (QVC4),1.0,4,196874,47.0,
b8cba56c-a9cc-40a8-993d-ee60d090d891,Coma,1.0,1,243970,30.0,
216174e5-bb5d-4a69-9e08-a6d257a70331,Va bene così,1.0,7,195422,33.0,
0623ccda-ae58-4bfe-b801-533ec3bf3235,Intro (QVC1),1.0,1,133846,42.0,
b9c826ff-f1a8-40e7-abfa-0ccfe98775e4,Ancora un po’,1.0,7,205125,58.0,
c7ff2233-9e25-4291-bb08-32795ac6116d,Faccio questo pt. 2,1.0,7,205125,58.0,
1ef5f129-4569-4add-b934-b37e06b33eda,Il sesto elemento,1.0,11,188779,37.0,
4a5ff19f-e721-4eb0-bdd9-403f9cdd81f1,Top of the world,1.0,2,252306,91.0,91a42ad5-3742-48c4-bbc4-db03bcbae2c8
84a095db-f308-4c11-bbd2-e58b575d815d,Controlla Freestyle,1.0,12,173960,57.0,
beb99d61-93a6-480a-8656-bf0861ae79ad,Siddharta,1.0,2,186008,63.0,
e921660c-74d6-4781-a004-ff84d5072f72,Come no,1.0,2,247666,58.0,
f53682ca-e6c2-4031-9317-9c51c8f07815,N.F.C.N.B.,1.0,11,185195,63.0,
e858ded5-5d96-4c5f-987f-ced86f325193,Baci Al Cianuro,1.0,7,206040,33.0,
dbb74de1-447c-4c77-92af-9e558471223c,Adesso,1.0,1,201964,52.0,
b977b5fe-0ab8-4350-80ee-2a7b9e2ea68d,"Detto, Fatto.",1.0,1,208320,40.0,
740df17b-5d4c-4196-9bbe-394904ae05f7,Cosa Vedo,1.0,1,165128,31.0,6eaec460-b24b-4764-a060-dca0f34513e2
2d70173f-7bc9-4fc1-9691-bdc7a64174d0,Niente,1.0,13,195549,35.0,
19eab34d-64ef-4030-ab30-00a32a94ba04,Zitto e guarda,1.0,5,231360,35.0,
38a8026d-9edd-41ed-a399-3d9e94ff5feb,Lo faccio bene (QVC6),1.0,12,173960,57.0,
a2ce5a5f-1acc-43b9-855f-5c4cfb171008,Mai,1.0,5,176400,51.0,
f6076467-0059-4c16-9ec3-9253c7d08e64,Chissenefrega (Snippet),1.0,2,186008,63.0,
4c68d968-ed44-4a26-9efb-40d7087e0270,Male e bene,1.0,12,173960,57.0,
a493ead1-bef0-4795-8254-417e2a321699,Dimmelo Pure,1.0,10,180137,75.0,
735521ac-9b91-4972-961d-a29aa528e3d1,Pornstar,1.0,6,237266,53.0,
0f25addf-e1f0-407a-a229-36a73ec15fa4,Eclissi,1.0,2,186008,63.0,
383b3c22-a552-438b-987c-a642aeca6e61,Questa giornata,1.0,9,307245,42.0,
716a34e0-5fa4-4de8-b732-ea6a918ed8fa,Sigarette,1.0,3,236466,35.0,
642ca092-ee90-4970-803a-722c8700736f,Drama,1.0,14,253567,38.0,
fabf5661-e35b-482f-8881-3c7b30d1305e,Me basta questo,1.0,1,207394,38.0,
f2379a84-6d41-4b37-9a33-a03385bd1360,Outro (Too Much),1.0,1,143606,4.0,366ef657-8ad2-4589-9baf-d0ee4d8eb071
82ffaa79-7341-4f50-bab5-9e61acc238f1,Si Va pt. 2,1.0,2,254889,10.0,aaa21bbe-8be2-4774-b3ea-12b431abb96e
7fef0e4a-bab5-4e07-bf05-efb35876bd75,Pow Pow,1.0,13,165660,43.0,
9bb8b587-a83e-4548-93e6-f5e5a88cea54,È morto,1.0,1,207394,38.0,
4ec26269-cbfb-4144-86be-36063355e289,La la la,1.0,6,151746,45.0,
2876cfc8-618e-4c0a-822b-805f2038d8f9,Con me,1.0,3,259186,56.0,
2721b8a7-abdf-48c5-bf1d-0d1c869f102e,Come gli esplosivi RMX,1.0,5,145209,34.0,
380a13fd-092d-44a9-aeb3-5dd14d5edaf7,Superman pt. 2,1.0,17,484266,28.0,0e425fc3-40c2-4800-bc2d-45d9630292ff
c38bc73e-42c2-44da-bafd-e1302980d999,Intro (QVC3),1.0,4,196874,47.0,
83acc144-2d3b-48d9-8d17-cd21f41d6da5,Intro (QVC5),1.0,4,196874,47.0,
59162306-8a61-49f4-8c8e-3d4893e7c74a,Smokin’ Aces,1.0,8,208750,35.0,
87a4fa3d-3cc0-47ca-ac4c-d07b63571c13,No Comment,1.0,4,188900,34.0,
1325607a-9f07-4f8d-ba82-11f1a1d6942d,Intro (QVC10),1.0,1,133846,42.0,
dce978b9-57f2-4643-b254-52c5d1bf6965,Inutile che dici di no,1.0,1,265933,47.0,a6c12470-913d-4cac-84fd-8b6220fa688b
ebcd0d01-91ab-4cb2-a1c6-d66126b49d18,Goal,1.0,6,189287,46.0,
2ac0187e-4f96-4042-9893-7c5052568836,La Ballata Del Dubbio Pt.4 (FINAL ACT),1.0,12,204021,44.0,
8e8dcabd-065b-45e7-bf03-2f1e11d44d10,Jorge Lorenzo,1.0,4,158125,40.0,
ba11ae4e-6eb0-4131-82fd-4e4106c95a69,Mettere Giù,1.0,10,207627,35.0,
e208787e-cb1d-47df-a7d8-442a4e996c78,Nun Ce La Faccio Più,1.0,1,188000,7.0,b0c6abe3-1696-4fa3-97aa-030403917d85
ea440290-64fc-472e-96bf-0ae8f587c004,Sail Rmxxx,1.0,2,186008,63.0,
78bdbac6-a911-4a65-b283-c74c967bd1f8,Quello che vi consiglio,1.0,11,185195,63.0,
9bd0cb91-d470-4d55-9bd0-de8674453140,Stò in giro (Fratè è un sacco),1.0,12,173960,57.0,
97307c4f-72ce-4215-a950-603c280cf184,Quello Che Vi Consiglio pt. 2,1.0,11,151335,34.0,
6d978bf9-e75e-4764-9bfe-1cd7feaf47ba,Tribute pt. 2,1.0,1,195173,4.0,977986d4-5968-4eaa-a4c5-670ab11af279
bf686e7c-3220-4ead-8845-42860872ceaf,Superman pt. 3,1.0,1,210306,3.0,2959ae58-4f8e-4315-890e-e54989df5b40
a74591b2-36f3-422c-8530-8d57fc892db3,Fire pt. 2,1.0,12,260906,6.0,807231d9-2004-4a60-86a8-0259bb063282
09098174-7e2d-4d0a-84aa-ca2b6084ef32,In aria,1.0,1,84569,0.0,2958d0c5-c368-4b80-9779-7ab21a283578
5640247f-342a-4772-b8ca-62fdf5b26ebd,Billy Idol,1.0,11,151335,34.0,
e0e17047-93ef-46be-9187-a081bd4ee3d4,Andare via,1.0,4,221215,37.0,
15127af1-befc-45fc-9a68-5ed507cf90c5,Quando Sto Con Te,1.0,11,181596,43.0,
3a7107ff-f837-4c08-a97c-945e6ea9c9a9,Il Salto,1.0,10,164726,48.0,
b6f7279d-46e8-4b4c-8301-f3e27f8b658b,L’Unico Compromesso,1.0,6,239974,50.0,
8bdf5004-6e57-4b8f-a667-51877ed9041f,Jeffrey,1.0,3,121851,46.0,
75dd9076-86f6-4052-9964-2fb1de357b29,Dove Stanno,1.0,1,188000,7.0,
d8a2dbe6-ec10-45c1-8722-1570daffbd0f,Ogni Volta,1.0,12,183460,43.0,
fb8665f2-c3e1-4dbb-bd89-6e870a8f15d9,Ci puoi riprovare,1.0,9,180863,76.0,
ec183195-39b0-4004-aa59-5ea58d704e6a,Colpevole,1.0,14,178360,51.0,
89ef2afb-8e25-40c7-b349-c1237681f148,Qua Con Me,1.0,13,221458,39.0,
7ec79248-f94b-4b94-81dc-0bcd09b0aab0,Restiamo Soli,1.0,4,196874,47.0,
6ff2d49b-e566-45a3-ac89-2ec0d15b135c,Non Ti Vedo Più,1.0,20,195789,50.0,
1072d71f-7685-4c0d-85f5-d8d730aa4e69,Ti piacerebbe,1.0,8,207630,32.0,
0977e4bb-2554-4627-8b64-6561fa333a95,Ghost Track (QVC1),1.0,6,222640,91.0,
d07f66af-e142-4996-966b-5480ff79863f,Without You,1.0,2,189235,43.0,
200b950b-78b7-4f6c-ab14-faaa67800260,Superman,1.0,6,175293,46.0,
0deeb18e-f27b-481a-b491-41cc88ac9060,J.A.S.T. pt. 2,1.0,7,244306,12.0,5ef0865f-e449-4d1f-a595-2d0d906aa31e
270ce216-8283-4f5d-8364-a1c9244c20d9,La Merce Più Buona,1.0,9,242540,43.0,
76666c64-9308-4c07-9236-166e64840fa6,Quello che mi chiedi,1.0,9,252946,47.0,
4e1eb856-4c1a-45f9-8cc1-66e0118a388f,Rollin’ Pt. 2,1.0,7,163115,41.0,
0f94cd68-0a52-4101-a679-4b40696e4902,Intro (QVC2),1.0,4,196874,47.0,
f8118cdc-df77-401d-b693-984ebd50ef58,Giù (Resto Qua),1.0,2,192747,26.0,
041c3d70-cc33-4d3a-9774-019f1cb415ca,May Day,1.0,2,232186,94.0,
88d9aaa2-cf08-4845-a6ca-eaabdb280f56,Work,1.0,17,191682,1.0,18923eaa-5d7e-4d22-ac75-153fc1033a7c
31fe109e-9fd0-45cd-b9c2-f664602fe877,Daydream,1.0,2,186008,63.0,
6aa99b10-dd61-4cd5-bc7f-1ce29821aa52,Winners&Losers,1.0,17,241820,29.0,
524f95b7-592f-41c8-a37b-a3e06614fb30,Fuori Di Qua (Out Of My Way pt. 2),1.0,3,209043,31.0,
d7a7331c-2881-4407-8ca7-7b0cf7e4c6f0,Dove sto,1.0,1,188000,7.0,
3286f6b4-2af9-43a6-a3be-524e330dc0f5,Outro (QVC1),1.0,22,155961,42.0,
84b5ed83-4f8f-4ee3-b082-7671d433b140,Terra/Luna,1.0,3,236160,29.0,
5e6bb492-2ba0-4354-88b7-6d900311ee59,Neanche un giorno,1.0,9,307245,42.0,
9ec77c2a-8bd0-436e-b1c3-29efb03ebb67,Outro (QVC5),1.0,1,171931,0.0,
46dd26cc-bf30-4780-a3fa-9add7b204865,Disco D’Oro,1.0,1,153546,27.0,1c432eb0-9cf4-464d-9d06-f470d7c4675d
e205918e-0590-40cd-993d-b1874fcd397c,Lo Stesso,1.0,4,193101,30.0,
6ff2fba7-8d20-468c-a8cb-3c5b5b5258f8,Si Va,1.0,16,172618,35.0,
9ddee7e4-4852-4e0d-9f72-b8c13ab96ece,Temporale,1.0,4,182564,16.0,55b24a43-c66d-4d46-b4f9-7bc5cbd421c1
11692e86-4f7a-4db4-8a62-0ae7b6e30aa0,L’ho scelto,1.0,4,221215,37.0,
fa33ad35-edae-45f5-b006-b98267b45ece,Decathlon,1.0,1,136118,59.0,
3129a1e4-c3ea-48a7-bb9d-89f601e0a199,Nevermind (Spegnila),1.0,18,240362,28.0,
25b83908-5ae0-4328-ab87-42c5b15a73b2,Fanculo al mondo,1.0,9,307245,42.0,
de98f2b4-d13c-4f19-904d-b55ac8a8da3f,Giorno nero,1.0,5,176000,78.0,
ce5602e5-82d6-4250-98c9-37e3803fd9ce,Quando Mai,1.0,2,179241,30.0,
9f4acc84-c06b-4ead-aec6-e1f278692b8c,Fire,1.0,6,207322,63.0,
d6e4cd47-d072-4431-9f18-7b30acd48339,Met Gala,1.0,7,199180,40.0,
84d95ee8-95af-4ca0-80f4-fa851479c68a,Vibes,1.0,5,132933,44.0,
635fe384-e2bb-47de-8104-aaba1cdf2e11,Faccio questo,1.0,7,205125,58.0,
cda9c46d-d7f8-4fda-8443-6761a8dd452a,Tribute pt. 1,1.0,1,210306,3.0,
8f9fb0c3-8345-4c52-9c95-c4649a038066,Nun ce la fai,1.0,1,188000,7.0,
e3996428-fa5a-4a52-b181-c0f4556f2413,Coppa Italia,1.0,16,152000,42.0,
c19b72c7-e7d2-491b-b0df-af5082150320,Natura Morta (outro),1.0,22,155961,42.0,
9fae01d3-5763-4e7d-b17b-a49f3e29a7f5,Povero Stronzo,1.0,1,175200,61.0,
9d8f5bd7-3115-45df-9b6c-102e94d9caab,Vado avanti,1.0,5,164177,59.0,
90615b17-2685-47b0-baf9-68ea3f20e41a,Basta,1.0,1,207394,38.0,
c7a1ad07-3e33-4750-9cab-85c70fd05c3a,La penso così,1.0,8,182473,49.0,785a2d17-95a1-49c3-8b23-06f57568270c
d773508e-e114-4227-986e-bda01d8956e1,Antidoping,1.0,4,237000,28.0,
bafacfb9-2904-4783-8604-cd690a5440aa,La Testa Mia,1.0,7,200889,29.0,
8d0f41d8-aa0b-416d-84e1-e42187d79902,La Bibbia,1.0,13,156743,41.0,
bf20fcdf-7a47-4878-8685-9b49f29d8dfe,Classe ’88,1.0,1,207394,38.0,
7fce7c6e-3b9a-4ccb-b6c4-e484b0716a9c,Tu che scegli,1.0,17,189642,75.0,
dd158f28-e2de-4692-8149-b209970e0cf4,Persi,1.0,8,199754,41.0,
ec77e7c5-c521-4ad8-8904-d44ae3fc1180,Occhi Di Vetro,1.0,13,195989,27.0,
6d24eabb-63b2-45ad-9711-778d7972ec32,Hip Hop Snippet,1.0,21,132919,43.0,
d4284131-eb3a-4dca-904d-42e3309afddb,Che ne sai,1.0,7,205125,58.0,
ba2c012c-ca14-454d-9dd6-ab223d3077ce,Sempre Le 4,1.0,6,208200,31.0,
8697abaa-3cc2-4546-9228-7f9329738ffb,G.A.R.M.,1.0,7,174920,56.0,63457508-34f8-4216-8803-84f8a5f7a296
a61ff644-6176-43c8-8ef7-b220a3930161,Sperare,1.0,2,237250,59.0,
5f062e89-b9c6-4608-b85e-f56b15de817f,Gospel,1.0,1,217785,36.0,85a879c6-bf5f-4305-9398-7603df774605
9e326e6a-8d17-47b2-98a9-c55f1e802109,Hallelujah,1.0,2,186008,63.0,
2695bca2-f277-48f8-8c45-bc30ecda1495,Ghost Track (QVC2),1.0,6,222640,91.0,
c4930f5b-9e52-4ef8-85b1-cf6bad2e77c1,Se vuoi puoi,1.0,1,180666,42.0,61316240-d691-43d7-9673-3cead68eca3f
00ec2936-f86d-42a9-84de-1e0f330d1968,Liscio,1.0,17,131878,42.0,
c3939291-7087-4126-ab55-d82c073765eb,Come te,1.0,2,247666,58.0,
88ffce4a-f4d2-4c66-a104-d15b0a8c4059,Devo essere l’unico,1.0,16,466000,62.0,
37079262-a3b0-499e-af2e-a8dd2d3d625a,Cucimi le labbra RMX,1.0,1,175342,23.0,189631c4-80ca-46db-8559-f42f3d148e3e
b5951f45-5778-496f-b1ca-11447d690f11,Via Da Questo Posto,1.0,10,187615,45.0,
50f85ec9-101f-4ef7-be44-eee39e05de17,2013 (Accendila),1.0,1,134040,27.0,
143887b1-ca0a-4cb7-bf2c-97aa76d57265,Sperare pt. 2,1.0,7,244266,1.0,9d072a9d-0eaa-4366-8683-c4f79f31d1cc
bb858d81-f5c3-44db-98c2-e6243c85a7d4,Non ce n’è,1.0,12,173960,57.0,
d09c9db7-123a-4493-a8a0-9d77d383e6db,Bianco,1.0,1,217785,36.0,
bc34799e-c003-4a50-b06b-1aa91a58864e,Outro (QVC2),1.0,1,171931,0.0,
622f5076-04d2-4c52-87ee-a73ed88e530a,Forever True,1.0,16,268384,30.0,
15f4bf16-447a-4dbe-a34a-4fc709df3ffb,Chissenefrega RMX,1.0,2,186008,63.0,
846cbfbe-1428-4761-ac49-8b832fa737a2,Fatti,1.0,6,207322,63.0,
685198fd-1628-49f4-84bc-42ab26820cc4,Jesus,1.0,18,154194,38.0,
7af5d1b1-f380-429a-89dc-946cfceccdf2,Riflessioni,1.0,6,207322,63.0,
2ebde7e0-b25d-4999-b094-47eb33b51a84,Se preferisco,1.0,1,211647,73.0,
ed3ca193-fca7-43a8-a48c-26bc2a9f1d70,No Good,1.0,2,210688,93.0,82323cf5-91d5-497d-84f6-d8a02c0299ac
f0056fc9-14c0-4954-a00c-d63666944204,Non ci fermi mai,1.0,1,167283,69.0,
634d70ca-31c6-4a01-8053-d1bef7cbcc38,Lo Faccio Bene,1.0,15,199631,25.0,
34830574-fd39-432e-b008-7d75ba76b4d0,Collier,1.0,14,243007,26.0,
e848c394-9069-40d5-aaf5-170ecca4dcb3,Presidential,1.0,19,187304,39.0,
0bc183b6-31fe-4603-97ba-ef6d50afe5ec,Te nun ce poi stà,1.0,5,279403,1.0,487af672-07b7-43fa-8f6c-ce87fba7dc82
7c1878b6-bfc5-43cc-b2c2-be6289bd7dff,Noodles,1.0,15,112000,37.0,
a9d0a6cb-84b5-440b-8aac-6949254e3d67,Mondo Spaccato,1.0,8,196313,25.0,
4e274f70-5ef9-4730-bb97-af6616bbc425,La risposta,1.0,1,181440,12.0,02da9bfb-7aa8-4b68-9ddc-e0a44ac56120
30c21ef8-d335-4383-97cd-c9d1c1008350,Watch how it go down,1.0,8,216880,92.0,
305fe5fd-82db-40f9-a48e-9aa7929d9b9e,Hi-tech,1.0,18,353754,81.0,2af34021-94d6-42ae-8b89-7307c7be4989
56b67454-fa6d-4615-916d-d174858c65bb,Celebrity,1.0,9,246003,26.0,
b4657881-0b7b-4893-bdbe-67de8ff69a9c,Fuoriclasse,1.0,6,207322,63.0,
c35a48a6-d2aa-4b34-a75a-2a358499c1e1,Baghdad,1.0,6,207322,63.0,
308220a6-fcaf-403b-8821-6e1d1a08afc3,Di noi non ti scordi,1.0,6,226906,82.0,
6981c32f-5f77-4ecf-96dc-cebf89e61e73,Back on the scene,1.0,1,249302,91.0,8586db37-eae3-48c4-a886-447fb798de37
4a823f61-0b7b-4d8b-9a14-256d5e9aa451,Low budget,1.0,2,228506,12.0,5c94d763-7f8c-4cfa-80e2-bcf05615aee1
e82cdc7f-d4c4-4206-9163-a30ecc448578,Mash-up radio 105,1.0,1,219813,18.0,a83dcb9d-3a62-44ec-a8db-9700030a5e34
382ec2a9-28a3-45ad-8516-7bf3ee6cf742,Fan Culo,1.0,9,186213,66.0,
c6f64877-6d42-45dc-841f-09ef4923fc15,One Take FM Free Mic,1.0,5,215594,64.0,
1ddc0988-a6bd-4eb8-a2a4-3c83c38a8c6e,Senti qua,1.0,1,207394,38.0,
8fd8d1fc-2dee-4a54-940a-08157391fef9,Non è colpa mia,1.0,4,221215,37.0,
020eb16d-b113-4ae1-9377-406ce6254449,Covid-19 Freestyle,1.0,1,186566,5.0,
2ee36a48-43d4-4028-ac3f-9487c546fceb,Radio BB Special,1.0,13,225586,12.0,119238dc-a3b8-4bd5-b344-c61569f3bbd9
0725e6c9-429f-4d30-9318-a9cd2a1ea41c,Passatempo,1.0,8,206211,61.0,
629962b4-49b5-4516-a325-bf0b6027dbcb,Ce n’è ancora,1.0,12,173960,57.0,
cbae78a7-33e0-4c1d-b0ac-f89ebe728783,Non ha prezzo RMX,1.0,2,245853,75.0,
54e92105-bc0d-4d1f-8093-0b114a7bbf6c,Puoi,1.0,6,187615,60.0,
23c45e57-773f-4ee8-8fcc-c9d3cf183a37,Exclusive 2011,1.0,1,188000,7.0,
5c6f2614-d8ac-48dd-8fe5-90f282125dd6,105 Mi Casa Mashup: Gemitaiz con Veleno 6 e Tanta Roba Anthem su SICKO MODE,1.0,12,173960,57.0,
824d166d-faea-4cf5-b03a-5cd47a799cbe,Come un jet,1.0,9,307245,42.0,
c1c8d062-dc14-4239-9291-ba8fab81b05e,Avanti così,1.0,12,183106,6.0,bc081436-4231-42f4-9e4c-51d469789375
51c02f98-d235-442e-82ed-697ea743b60b,🤮🤮🤮😤😤😤😫😫🤒🤒🥴🥴🥴 (Freestyle),1.0,6,207322,63.0,
c0e3bb22-d2e8-48ec-92cb-7b7c1110faf0,FDTCK - Red Bull Posse,1.0,1,209656,33.0,bb0bbc47-a323-45f9-ae35-1441f64a0706
255b05a4-7508-46ae-9f63-d1e03169bfba,Veleno 3 (Detto Fatto RMX),1.0,17,165773,0.0,b6fb98f0-c19a-4be1-b886-0719001550aa
a1c3e59c-0b09-4faa-802a-598f4fb8bb58,105 Mi Casa Mashup: Gemitaiz su Bimbi di Charlie Charles,1.0,2,186008,63.0,
a6f38a80-bfd8-48af-b257-928618662d22,Mejo che te dai,1.0,7,223834,79.0,
30f150f7-eb9c-4d6e-8480-fcce0fe9aced,Noi Siamo Così RMX,1.0,6,226906,82.0,
4d83c7d2-64af-45af-8efa-69e3d4843484,Haterproof (Detto Fatto RMX),1.0,18,103748,26.0,04902c2e-1e37-475c-b0ff-0aafe80e270e
560c8b07-9678-4f4b-8801-7028d92857b3,Collasso,1.0,2,237250,59.0,
c6c28f4b-06fe-41fb-932e-54cef50ea88d,La Risposta (Detto Fatto RMX),1.0,10,180137,75.0,
54347a13-e9eb-4f05-9191-16aad90fbc39,Covid-19 Freestyle pt.2,1.0,7,141791,2.0,
1ab07383-1b0b-4765-b54c-626889f919c0,SNITCH E IMPICCI,1.0,13,202380,48.0,625456e2-7d66-4bbe-8cc5-3cecc8bc7838
5b1b7645-b644-46f2-bd6e-28b3d7342724,Occupato,1.0,9,144000,44.0,e7aae397-be22-4886-a46b-4584e4436a3a
667cb964-10bb-4d2f-8c78-5976e4c1ab78,ELEGANTE,1.0,2,220896,61.0,
c9e2fdc7-657b-4e56-a89d-a58a685a4301,Boss,1.0,6,204093,47.0,
a1e21ced-7a94-4168-afc8-396bc701becd,Kanaglia,1.0,6,204093,47.0,
57c21bc3-6372-4b07-ba1c-86de4c9aeb3b,OPPS,1.0,3,194285,41.0,
a6038d21-2e22-4c52-b5d2-ebd4c5fe35c9,ENJOY,1.0,5,187200,36.0,
613bfd01-5385-47dc-bd16-6d96b8951e7d,ZERO+ZERO,1.0,8,150943,35.0,
e06d5ff3-5390-4a4d-ac00-ac944fcfa74f,Wave,1.0,4,169400,46.0,
45477963-007e-49e9-9bd2-9a47dd2a286a,WICKR ME,1.0,9,204324,33.0,
9047545f-586c-41dc-9855-a0c56f54a583,Booster,1.0,3,205906,39.0,
5b3907e9-71a1-4990-bda2-4c8a215e9f1c,BANKROLL,1.0,6,166758,27.0,
d229da9d-7223-4c28-a199-d79ef003bce6,ELO,1.0,2,220896,61.0,
b105c368-7d26-42eb-9830-57e0436d3ed3,GIRO D’ITALIA,1.0,12,163636,32.0,
6fbd40db-6784-4db6-ba79-bb29dda7b142,223,1.0,10,146250,25.0,
55340795-83be-4491-ac4e-eeff01269136,OH MAMI,1.0,7,168857,30.0,dafebfe6-4122-4443-a8e2-3f64d9f80bf7
3dfea01f-fb25-48b2-bd76-f25156631891,CALMA,1.0,7,198260,28.0,
9b3f9d19-88e1-47a0-b659-abdf940bf87d,CHANCE,1.0,11,173513,28.0,
aa9e62b4-0808-4c34-9533-9796ad61c9ac,Massarenti,1.0,2,220896,61.0,
1d466a23-1f1b-40bb-a92d-a7ee5c6fb661,ANIMA,1.0,3,165517,23.0,
27cf894e-59cd-42b0-9e89-1e2c0f704d40,Drip,1.0,1,181468,28.0,91e84231-8a26-4a64-9f0b-5376ad029da1
684b0611-279c-41eb-a98e-b00174ebb1fa,DOMANI L’ALTRO,1.0,4,155064,28.0,
09d2de94-4308-4aab-bb5e-812439b1a6bc,MILLY ROCK,1.0,6,158518,52.0,54868c91-5d57-41c8-b070-ffe29705a693
9632d384-8482-4190-87fe-e5d17797d95b,Quello Vero,1.0,12,189657,28.0,e670d77b-1a78-4a1c-a641-8a1f004a6ec0
ed601bbc-28a6-412e-82d2-1229452ed003,Casco Momo,1.0,2,181668,58.0,
0491791b-996a-4ca8-841a-4d8462158968,GG,1.0,2,176720,20.0,
412d4487-1afd-43e0-8fef-03347a54b769,XSEMPRE,1.0,1,128371,19.0,
c5e79abf-2920-4990-8997-27e01866a558,Piccolo Dref,1.0,10,195106,27.0,
fa58866f-3cc4-490e-af7d-ad3340e31041,Fortuna,1.0,5,200066,22.0,
27f01991-59e7-496a-a509-696a6cd2117d,STUPIDO DRIP,1.0,14,163636,24.0,
190946fd-c4ff-406c-9469-1cd302e94f15,Soldi Blu,1.0,7,112000,23.0,
b1ac8bc3-ce89-4edc-8f25-ba0067d6bc66,NOTTE E GIORNO,1.0,15,108923,23.0,
b91c5560-e75f-43d6-aab1-d8d0b8df6ca4,GHOSTBUSTER,1.0,2,180794,43.0,
34aedc0b-961c-4166-8fa8-76936b5124d7,Mannaggia,1.0,8,186013,23.0,
07d612b2-2d0c-41d1-8384-77a341c5f4bc,PURPLE RAIN,1.0,4,203076,43.0,
f5fbf6c1-7f52-45bb-82c0-df9f40121ad4,Esse Magazine Freestyle #20,1.0,1,234000,41.0,
fc406989-4479-4a89-bcfe-16ebfcfd55ec,HEAVY,1.0,5,165230,20.0,
8774b1b1-024c-4945-b370-3015e6f95f38,SHOOTER,1.0,2,140115,22.0,
e5590061-ffb3-4a97-bfc9-84f67c18911e,KNGL dance,1.0,11,216680,21.0,
78795086-d980-4d54-ab31-c002b7dd332a,GG (Kanaglia Mixtape),1.0,6,204093,47.0,
4d4040de-d99b-473b-8dd6-5953d0b9dfb0,KNGL Edificio,1.0,2,220896,61.0,
873d1216-e524-46c7-b5da-bf08671f4f6a,TZUNAMI,1.0,3,169510,42.0,
7a9cbe63-71de-4bf3-90af-2df59629a29b,DOUBLE CUP,1.0,6,148965,16.0,
b10c6325-836c-4084-9b6e-58bd082ceeaa,100MILA,1.0,2,220896,61.0,
8bebed0a-3d1a-4948-a45b-454b6a5125df,CICATRICI,1.0,4,177627,17.0,
74fe7152-0d2c-4b5a-9e8c-6ccb35b4d026,ORAZIO KANE,1.0,1,159069,34.0,
cdace82f-0a8e-4bc2-be4d-bdc04bb4270b,JANNIK SIPPER,1.0,1,130142,33.0,b640aac0-eb04-42cd-8a0a-6f6f610add70
0eea4fe6-58c2-4125-bfc8-72d2fe94287e,APOLOGY,1.0,8,138682,15.0,
9e413478-5860-4011-a97a-9f815bf6e9d9,Lemme See Freestyle,1.0,1,182181,33.0,3b3cfd69-3925-4c79-b298-f0bccd72d8c8
c65bcd7c-8cfb-4d3e-9cb1-2023c653ad0e,CHAIN*,1.0,2,220896,61.0,
6beb0a2e-e367-4775-aeca-f633aac526b0,BABE,1.0,8,163473,38.0,
96800013-d223-445e-8241-9c12a98bd114,Sottovuoto,1.0,4,167999,69.0,
02211ee2-49e1-4931-af71-4d3ec12b512c,ELO (2016),1.0,17,230106,10.0,32f55cd1-c7c4-4a77-9b54-368c50d1d78d
1e3c26e3-c3d8-40d1-8fd0-644f2dd7f773,Eminflex,1.0,2,220896,61.0,
398ad0e0-9ca6-4e3a-baf4-1c7d78614d9f,Battiti,1.0,1,155368,24.0,19477dbe-5bc2-4b32-a323-1f8844f3f733
ad35e34f-66b7-4ec2-91a1-481fbc427d1a,Prova del 9,1.0,1,129737,40.0,3f3a7024-5b1e-44ed-85df-004a07629d04
3cacb764-0f29-4d11-b2a9-73b0c10574dc,JUNKIE BAR,1.0,7,154673,40.0,
50785c4d-22ff-4167-8dd6-72fecf3f119c,ALLERTA METEO,1.0,12,132650,30.0,
7e8499b2-58f5-4c7b-994a-e772876e6e56,MR. Komparema,1.0,1,122686,26.0,015591e2-8e34-4bc7-8cdc-b6c9b4243c22
6043272b-7067-4862-9c52-8bb76154c31e,Patatine Nuvola,1.0,2,220896,61.0,
87c856c4-64f4-4a28-acd7-34c865372e27,RICK STEP OWEN,1.0,11,117735,31.0,
dd8a1504-1b07-476f-8abe-4f30b2b54599,KNGL LOVE GANG,1.0,5,200000,68.0,
57558b55-0960-4c19-b2a5-fec798631c46,GOBLIN,1.0,6,158518,52.0,
074bda79-7ed9-4de0-9db7-5b64159e614c,On The Radar Freestyle,1.0,1,431671,27.0,
16be8e4b-f00a-40bb-a7c3-432d3f8b590c,BLA O CAP,1.0,1,105882,54.0,4bb93f8d-93bd-4f7c-a3af-a72640a72d08
066e900e-00c8-4dbc-87cf-52a859cd52d9,I WANT U,1.0,10,184489,33.0,
6e19b4f9-09d7-423e-9f96-bcce61c589cb,INFLUENCER,1.0,9,136171,39.0,
0fe1929a-12f3-4718-99ec-eb9634a7ea3c,Panda RMX (Bonus Track),1.0,19,356053,27.0,fef4ca75-cbdc-4d46-86ec-7ddb9a00453d
429c3961-c719-4ac6-892f-fb795a7f298c,SACRIFICI,1.0,5,126720,27.0,
048679bc-1d46-4fad-ba16-8e1ba6a5a610,Giorni Nel Blocco,1.0,1,180000,21.0,e708bfa8-7b26-4483-98cb-ea351becbc31
5a79c7ed-04d4-4da5-86d7-becbcfa24802,Radio 105 Freestyle,1.0,14,197853,24.0,
7f4c6c52-75b2-4e76-beb9-3235e86385fd,Bolo Top Mariuoli,1.0,4,201006,26.0,75dfb06a-4939-430e-ba5e-807cbeb6b283
f0041524-8247-4e81-a578-8428c4cbd805,VECCHIA GUARDIA,1.0,14,113032,26.0,
11380de5-fac4-47dd-a466-75f86cde84ab,Questa È Droga,1.0,2,182245,76.0,
5b3fa05a-f699-47e2-96d1-5792b5f61d5b,Online,1.0,2,220896,61.0,
23eedcd7-1e5a-4b06-b8c6-c12249c830b6,Junkie Spiderman,1.0,1,179076,29.0,575e5573-b2a7-4439-9c66-4c8a61958787
83312a50-44a3-476b-b994-b8e929817d79,Kzz Mrd,1.0,2,220896,61.0,
9523c126-b4cd-4fdc-967d-6bed42f3051d,Esko fuori la porta,1.0,5,187573,71.0,
659febac-f856-4b7c-9ae9-a60dd093b316,Nasty Freestyle,1.0,1,234000,41.0,
f986b836-5844-42cc-b564-5796a5302a3c,Kompra Tutto,1.0,4,169400,46.0,
ad018e41-6cb9-4908-8ec0-fa067fa8c7fa,Pessotto,1.0,2,220896,61.0,
7d80d412-6604-4e12-ae2e-31ad9ff367af,Scrivo Barre,1.0,7,205125,58.0,
07015cee-c5dd-4827-b44f-1ec4c1eff8e1,Kompare (Bonus Track),1.0,1,236777,1.0,
25ff46ba-0cf1-4d07-9385-d0ed9eb9563c,Dentro Me,1.0,9,180863,76.0,
a274cc82-505e-425f-ab64-81baa02f448f,TOMA TUSSI RMX,1.0,1,200653,39.0,aa64d35a-da5d-4d07-bea8-c0f61b78f257
a8560ed1-720f-469f-a885-d01f0c751857,I’m Dref,1.0,7,168857,30.0,
ae099433-6cb9-4bc3-bd05-34afa75f8bb2,Space*,1.0,1,189000,36.0,88364e19-ecba-4898-89f3-df721a85195d
76ecfec1-4a19-4cdc-b33c-fa03d34d7398,Pensa Te,1.0,2,151586,71.0,
f7e2e143-c8c6-45da-b185-5afc8076d921,esse Type Beat (Sanremo Edition),1.0,3,200869,57.0,
aeac08e1-b018-417e-b604-642667901798,BossMan Flow,1.0,1,234000,57.0,c7259c1a-44a8-480b-8c08-1526f71d5bc9
39752b49-3af1-4e70-9493-eb41940f04d8,No Non Ho,1.0,12,189657,28.0,
86edd823-0f5a-45f8-9ef4-9bd343d275e5,Lettera ad un fratello,1.0,9,206805,68.0,
a5077592-241a-46c4-bfba-cd773ed509e1,Beef,1.0,10,184489,33.0,
8ba68b08-8264-47bd-8327-b608ce2bb7df,Pila di racks*,1.0,2,182245,76.0,
e31ad9d7-7879-4456-8409-f85aa4d5f33b,Fuori posto,1.0,1,192096,72.0,
539355cd-e9b1-4578-ac85-cc6e37aca897,Kanaglia (Kanaglia Mixtape),1.0,9,144000,44.0,
c52a7640-bf39-41f2-b5ba-fe4b9b8a2de3,Fook Em,1.0,1,167642,3.0,be512204-488d-4d12-a192-c49a09b14411
9c8136e4-a704-4db3-b0df-ee2b13fdf94c,Smo King Sea Son,1.0,26,236720,0.0,4c74c65f-d970-473a-94bb-d7bb8516b433
c54f17b0-d45d-4434-9e40-f09bdbfed991,Five Millions,1.0,2,228638,15.0,4492b741-2287-43cc-ab54-45686e68c873
44003c71-15b3-41d7-a578-8469df66ad34,BLOODY BARS - DRILLUMINAZIONE,1.0,16,335080,50.0,
fc96109d-c51d-4a56-934f-06026119c958,X 1 MEX,1.0,3,174746,49.0,
0548b3bf-b429-4516-a720-6ae43ef47607,MACHETE SATELLITE,1.0,2,146986,49.0,
1de74068-6dca-4e0b-ab10-3e5c140d5c7d,BABY,1.0,10,138560,48.0,
a136be55-b75b-4fbb-9fae-8dd056d68a5d,TELEPHONE,1.0,5,168760,54.0,
f01da9ad-be21-445f-b51c-2674ab75859f,BLOODY BARS - STUDIOMOB,1.0,6,72133,46.0,
e4d32623-3498-4ee6-bc55-463fcf2903d1,ALTALENE,1.0,7,186853,54.0,
06002434-5ef9-4fb3-9049-5e892a0b3ebd,WEEKEND,1.0,4,180480,50.0,
bfa3559f-91b0-407b-8b93-9678817a5c6e,GREVE,1.0,12,145973,45.0,
d14ca162-f5d9-44d4-8fc1-c28cfd99df5b,5G,1.0,14,199320,38.0,
c3ed6f1a-805a-4ec3-a412-230e2fec6e36,ALASKA,1.0,8,190306,43.0,
6807d55d-e8ab-419e-a830-91349212f5aa,BLOODY BARS - LOCKED,1.0,9,135106,37.0,
46d9ac67-597a-49b8-b9fb-b7a4a5a149e0,SPACETRIP,1.0,13,155040,43.0,
6e179053-95fd-4823-b4d4-76e13976b96b,SBSM,1.0,15,140826,43.0,
c9517699-30d4-442e-8f58-7c69cdfa81ab,OMG,1.0,11,194680,37.0,
8aed682c-6452-43cb-bc5a-ee03c4719f0b,Vecchia mia,1.0,15,202874,30.0,
1fd91c2a-aa9e-4561-9eb2-68cc81e6fb5a,The Low Kiddz,1.0,12,112667,34.0,
6e6f3e99-8aae-497c-ad96-54787144aa33,Il soffitto viene giù,1.0,2,156518,37.0,
407a9dbe-86e4-4290-b07e-8c2f45bf27d4,Nocche nere,1.0,21,177879,18.0,
7be76914-f03a-42e0-aedc-41e0feddf4ea,Non ci rimango,1.0,1,188373,72.0,39aae88e-cdcf-4414-8b60-06ba9bafdc3f
8a4c4a78-b5f1-4476-8e1e-bed5abdcc308,Alberto Tomba,1.0,14,177006,24.0,
a1a1097f-a5e5-4719-986f-7cc7c093f2eb,K-Hole / KimboSlice / A Volte Esagero BV2 Mash-up,1.0,10,206050,7.0,c61d7943-0730-411d-9913-32bdfe216bf6
ff42a6a6-f160-4356-9681-928de4fabd49,TESTAMENTO (La resa dei conti),1.0,1,239414,28.0,
d41e8827-e78f-41e2-affd-15fccef2211d,Andrea Diprè Freestyle,1.0,18,103748,26.0,
2cb000f6-8090-48c2-a52a-62ed3bed3e7d,Tutto ora,1.0,6,165456,19.0,
776dd9e4-2d3f-41b6-80a5-42bb99d296dc,Patti chiari,1.0,5,142254,23.0,
720d8920-f636-4df7-83b6-9ffb9f738bd3,Sua Eminenza,1.0,10,148047,21.0,
72d0f125-e75a-4de0-aece-751d0498fcc8,Nella Baraonda,1.0,13,186955,22.0,
5482f8e3-d5c1-4857-9d06-9d5db783831f,Padrone di me stesso,1.0,16,158073,20.0,
2628e8c4-c232-4043-b062-0a1afe2cf320,BV2 Intro,1.0,1,107961,19.0,
5e5ee3d9-5d1e-43dd-92a4-8ae2e87d1944,Rabona,1.0,4,68969,25.0,
6eea90fa-a3ac-43ed-8673-0167a3b4f49a,99 Problemi (Remake),1.0,9,203962,7.0,eab71d6e-a0ff-4d3e-b645-76575f98cd2a
7f87b7cd-b595-4463-b026-99d3c89b00dd,Non mi manca niente,1.0,20,119681,17.0,
eb52a745-6003-4563-a347-41bb24d2d1fe,Rellapiras,1.0,9,149193,16.0,
18a4b2ea-cef9-4d5c-9760-bb5cf179a86e,Big Bang,1.0,11,170247,24.0,
d0b0328b-e230-4c8e-8c57-344c2f424051,Jodie Foster Part. II,1.0,7,84234,18.0,
33f516f2-90e3-4c6a-9ac1-b540e2cfae9a,Cresima,1.0,3,64113,23.0,
7dbd2465-576d-43c2-bf52-7d2cc70c6549,Machete State Of Mind RMX,1.0,8,139520,47.0,
dbd2833a-4bb9-4e08-8c7f-17df430150fd,Bloody Vinyl Intro,1.0,1,107961,19.0,
4613e19b-f66e-4bbe-a441-142c8819379c,Prozac,1.0,17,85732,22.0,
8361df47-db8e-4b7a-9a53-1e80d699a722,Asylum,1.0,19,78371,16.0,
c4b29ecb-a167-47de-97fd-dd23b90d7767,Guadagnare,1.0,1,194346,60.0,b0576864-8be5-45f3-a064-4dac61b6240c
36d4585d-568f-4926-8227-df2e7ca370e4,Yoshimitsu,1.0,12,170164,3.0,244f285e-3f0c-4b77-84cf-ede5c5a10a87
25b65b41-de01-49d0-9e62-8d23a5bf26f6,Fotte Nada,1.0,11,174699,8.0,116e12fe-0998-4a5d-8b31-f9995bb7c7d8
a0697e8a-ab01-4315-b5fa-0f6eee97f0de,Plenilunio,1.0,1,211662,41.0,212064b3-f783-4fe8-bba3-88c765130f82
c8f666f2-2517-4485-b0e7-56e7f44bf5bc,Toro Loco,1.0,12,164237,51.0,
e2f211fd-8742-42a4-beed-3df1e5e86966,Stonehenge,1.0,1,131000,2.0,96593184-8565-4df9-bcc1-ffa2633be89d
ee5e3845-d4bb-43a5-a5f9-8169fe6c3e76,The End of Everything,1.0,8,216880,92.0,
43c1e70c-f0ba-4167-9096-2ea18b035cc8,Bloody Vinyl Mix Pt. I,1.0,2,156518,37.0,
2493fea9-0b61-4f56-936a-5e7187c3036c,Bloody Vinyl Mix Pt. II,1.0,2,146986,49.0,
af0a251e-789f-4469-9480-4bd3c0670142,Il tempo cura,1.0,1,152904,58.0,97fcc38f-aee7-4fb0-957c-a8ce4f1abc81
a20f4425-62ea-455f-aa98-75ff24897389,Perdono,1.0,2,195926,63.0,
6867d93c-e8a2-4b44-bebf-e96b3ba7f7c0,Stanza,1.0,18,138358,60.0,
d1b5f94f-168f-4904-8327-4f40f97a11d3,Dentro la mia testa,1.0,4,161454,64.0,879f00ad-3597-40d4-b75e-31ab2087853d
07cd61a7-f19d-4c50-8a04-3ce337d90401,Leanin’,1.0,7,148923,56.0,
83842adf-6a23-4889-b5aa-16ad2425f85b,Non mi basta mai,1.0,13,214588,67.0,
15286e1d-55fc-4cc0-b803-c7add8ba3970,Victoria,1.0,14,168292,56.0,0c91cc13-82de-48cc-9e9c-875f7c04e178
a56a7bdb-ee33-4882-a9fb-20e3613a3f40,Ragni,1.0,2,196162,58.0,
4acc39d6-ab62-49fa-ad35-780c805536cf,Business,1.0,8,187548,55.0,
5437e4dd-1c8a-4279-8dbf-98f914f0ad27,Nn so se,1.0,5,144238,55.0,
670a93fa-9df1-40d2-9d96-bfc49d2fdcb3,Respiro,1.0,19,155200,57.0,
8ac475d4-6b47-4a9a-b5ce-9546ea835d04,Codeine,1.0,17,130560,59.0,
bab43b02-e62f-42bd-b806-fb87ebe2691e,Indaco,1.0,2,196162,58.0,
055007ea-3ece-436f-8368-29bd725aae87,Come mi guardi,1.0,10,203076,66.0,
44eb961b-2ff1-4354-90f8-f5db2b8a1a6f,Angeli,1.0,9,197027,60.0,
d13d4895-6712-48eb-9871-ef8185bf5720,Medico,1.0,12,195234,62.0,
ea57a512-b3b8-4e2a-b03d-c10900282453,Wet,1.0,1,138365,60.0,dc7a5050-6bdc-4a5e-9bb6-ca4163facab6
e0a7e8b9-2377-4f45-b9c0-16f5cfbf4f5e,Fortuna,1.0,4,152000,60.0,
9852c276-e00f-47a2-82e0-23065766ee4c,Umile,1.0,3,171250,58.0,
07e388ca-8232-4406-88c3-e3f8a864f56c,In automatico,1.0,9,179199,57.0,
15d92b27-89c7-4c60-a00e-89743730ae83,Per te lascio il party,1.0,6,196666,53.0,
2286a502-1283-4b97-91e5-fd6ae3f33eae,Cerchio,1.0,10,128000,50.0,
5332b124-beb1-4a17-9e01-062eef7c4129,Tutti i giorni,1.0,3,198000,61.0,
292e29cf-51f4-45be-ae80-70369f0e4c34,Fare presto,1.0,12,148453,54.0,
5617f722-836c-4d8b-a004-98d186542f1e,Lei Resta,1.0,13,131282,56.0,
3a9d8a6b-d84c-4e31-bf52-8e25b198986b,Bnb life,1.0,1,200470,53.0,
8f1e96a8-e339-4394-95ed-9564e718f6ab,Correre,1.0,5,169787,59.0,
75250548-db1f-413c-8f64-938ec386eb89,Freni inibitori*,1.0,1,144084,0.0,14866d7b-5d66-4b77-915c-80daa62f0020
ed96b4df-3d10-4263-b069-8fe8ddc439ae,Up Down,1.0,10,140897,52.0,
7e2e3f8c-e681-4f38-b1d5-e19bea9a72a6,Segnali di fumo,1.0,8,140800,59.0,
de8a33bb-7582-42d7-a166-2b17ff094418,Routine,1.0,1,174997,57.0,114555da-cec0-4696-9731-c3d00408f59e
f306f168-b427-475f-aea4-48fa127829c8,Sei del Mattino,1.0,5,185736,56.0,
296861cf-ca15-47d6-bb7d-d03e8c60d839,Ci vuole tempo,1.0,1,192052,1.0,cf15d216-a47e-4aba-96af-502cfe17865f
8650caf7-6d2e-4389-8cec-cf89e7abe5bd,Total black,1.0,20,179568,53.0,
d14ebd68-e347-4457-a8a6-ede644b517f3,Mischiare le carte,1.0,1,182970,57.0,
b3262cd0-92e3-4418-b002-1c74630c3430,Hard,1.0,1,145573,52.0,
39910da5-6200-4464-ab4b-661c8e002d3b,Swiss freestyle,1.0,1,258910,19.0,dcc866ff-3fa5-41c2-8101-11e97624df52
d2d94eaf-215b-4dd6-aa4e-2adca387569d,Oltre,1.0,12,163333,59.0,
6cc1460e-b027-47f8-8264-ee5ca4e6fe09,Triste 178,1.0,5,183908,56.0,
dda99cfb-fbd7-4aa9-9234-3eac4ccb8d80,A casa del ladro,1.0,14,168292,56.0,
07e19f5f-66e8-4227-a04c-9d73b0ba41f0,Fino a domani,1.0,11,140800,49.0,
08741098-f0f8-4d31-91ce-1f8a86ca7466,Sesto senso,1.0,6,181176,60.0,
781d1e9b-230e-4479-a1fc-d02939736d6a,Voci,1.0,5,144238,55.0,
f9aa4e96-bf77-4969-ac85-81f9f13c9824,Ossigeno,1.0,3,202083,48.0,a88217ce-0bd6-421b-a4c7-719b15cad5e4
66c6b782-ed37-41ab-a0d1-33c055179a7a,Non è facile,1.0,11,204426,51.0,
49dddcf6-cd16-4fc3-8353-87acb2bb7551,Shottini di Lean,1.0,2,110555,57.0,
23300eef-f9bb-4736-8179-0a87c20f2cb7,Fino all’alba,1.0,14,130285,50.0,
7a506a3f-1fbe-4e5d-909e-f73baca67f9a,Emozioni,1.0,1,170973,49.0,003938f3-c0d7-4753-b4d6-4886f5618745
3ec3853f-c3c7-42db-8748-4bed216f04df,Lavoro,1.0,16,59016,50.0,
9ff63ecb-8e68-4825-8715-8ee70b062cdb,Storia,1.0,6,147600,47.0,
6fcf3b7b-7bc6-4db3-adcb-6b22a70eb055,Guai,1.0,2,174915,55.0,
742c4ad2-650d-456c-bfce-019ed7baf604,Ok,1.0,10,111989,53.0,ae5ea55e-80df-4e92-b686-24df3a3485eb
a9bd4c41-d4ae-4121-9f73-358826a9b722,Sogni di lean,1.0,7,201600,54.0,
a3841ae7-f20b-4b78-b2f4-47f2fe8d667c,Etc,1.0,15,128450,47.0,
d1b68175-ae2e-432c-8fd2-6917eba6234a,Operativo,1.0,2,196162,58.0,
6694a2d6-8493-42e5-8a5c-e16e7a27b4ff,Settembre dentro,1.0,4,158000,56.0,
2b530097-1fa5-473d-af91-7f596e846441,Rich off pain RMX,1.0,1,136655,1.0,c2e7851e-5108-46a1-9858-169e758df35b
80029f21-a4b8-4518-839c-1aedc5a27647,Guerra,1.0,6,170234,50.0,
11ed0f27-3ca4-40dd-9317-3240f431eeda,Finta di niente,1.0,9,180863,76.0,
5e932ecb-d308-4ee8-95a5-320a8a5ad60a,Diretto al Top,1.0,4,148965,53.0,
66d52685-f37f-41f5-92ed-533059cc3d19,Suite,1.0,1,192864,45.0,dd599120-3d76-4a9f-a001-df45cf8631d1
59ef38c1-ee15-4dd8-a63f-18b8252a8010,Mentre il mondo crolla,1.0,1,154560,51.0,
5d51eb76-7875-4a07-95ae-277be38dea32,Vienitela a Prendere,1.0,9,168462,51.0,
aba9a55b-6adf-485d-add9-416e1c68abda,Backup,1.0,11,180346,52.0,
9d229f38-bbb2-4655-a1cf-d54beb1479b2,HOT,1.0,12,146776,54.0,
04ea7c46-ff8d-43bb-ac31-1181203c384c,Provarci e Riprovarci,1.0,4,153139,62.0,
5bdd70d1-2aaa-4980-9e08-adc6c7632519,Un buon motivo,1.0,1,184235,48.0,
26432e0a-4e47-46e3-a898-73d8d4f1138f,Sono Così,1.0,14,144721,47.0,
216534bb-a37d-43f5-928c-cc132aa36a63,Si si,1.0,4,151579,65.0,12aae48b-a343-49a7-ac9a-0d970ac4565f
074818f5-7283-4176-af2e-30d4ed3134a8,Che ne sai,1.0,2,170880,49.0,
88462882-669b-40b5-ad7b-f90f0d19c763,Kid,1.0,4,151579,65.0,
a436b72e-5ee0-488e-acb4-ee48f198ae36,Swiss,1.0,10,102658,58.0,
8d3b56f2-8a47-4fb5-ae18-d03cac00d0cf,Progressi,1.0,13,150006,50.0,
968a5402-1a9f-40c1-86e7-5890f9f07430,Plan B RMX,1.0,8,145454,35.0,66e29121-64a0-48fb-b759-9cedeab98aff
065d31cf-1d92-4dde-9c54-b9acbdc0c136,Bicchieri di plastica,1.0,5,158499,52.0,
7d6a8c1a-154c-4400-86ca-57357cf51aed,7 Am,1.0,7,139058,54.0,
458b119a-9543-4ed9-9706-92f5ee377f05,Sembra facile,1.0,8,173151,49.0,
fba2a22e-17ba-43ae-8115-2775eb440163,Fratello,1.0,1,196621,45.0,c3470b97-7b4f-4d86-ae09-ad7091b69b8c
eac4992e-2c69-4e80-9829-2e9bfe0cddb8,Vuoto,1.0,5,209706,45.0,
0c6bdaa4-20f1-4046-b300-99a7ac461270,Lean e blunt,1.0,3,193167,49.0,
ca5cc3d1-6bd5-4c03-9c07-30e84d7c77bb,Danza dei soldi,1.0,5,216000,44.0,
d6611275-9108-4352-9ec0-70b7db5a8792,Ancora qua,1.0,13,181395,53.0,
e1717fb3-a02e-41a8-b0a2-db0baf39ec26,Maledetta primavera,1.0,9,201293,55.0,
82a6489f-ea7f-4297-a71a-b4a865f75ac8,Piumini,1.0,2,185000,50.0,
1a104243-f49f-48e4-a465-c8acf1b13821,1999,1.0,1,164919,47.0,fe943c91-b99f-4f28-83b4-7f000c0d7e4f
f8c154e8-de6f-4e7a-ae3f-35914f0724c0,Per sempre,1.0,3,192413,58.0,
8760c0e6-fb78-43ed-a2c7-7611c41cc600,Colpa della noia,1.0,2,130750,38.0,aa58d783-6657-4083-8b2d-f82952574591
d3b2d84e-ec8b-49d5-9b86-d20a948afe0a,Segreti,1.0,1,202085,46.0,
554cb620-73a8-44e4-bade-94b5a567e706,Ego,1.0,3,141818,49.0,
50344c16-97cf-4da7-8c69-7287eb1a4d7b,Atlanta,1.0,2,249973,0.0,34896e5a-6656-4165-be88-c80bdd96ef8e
3ee9b518-95f1-49c4-9fe0-d03f3fee184c,Traffico,1.0,9,179815,54.0,
db481649-0f11-4999-bb19-a89406cca70e,NELLA TRAPPOLA (Red Bull 64 Bars),1.0,1,237822,58.0,6a224e50-e7d6-43bd-92fe-31e3d8dd1d70
6f0f5834-3dff-49b4-b620-d9d15f204f8c,Da soli,1.0,8,188174,48.0,
0431b3a6-47ad-4123-b050-4df8bd9bf5be,Jungla,1.0,6,184966,48.0,
842fc14d-9461-4b3d-a7b7-7601de49c214,Amnesia,1.0,15,158076,48.0,
69aa7458-4633-4f88-baed-7c2855c38a74,My Dawg,1.0,7,155121,47.0,
87f99716-ff88-4c18-90ce-5c9c598f9a60,GG,1.0,1,140000,50.0,
3db2c1d3-ed97-4aba-a6d4-f6901c4d7a74,Vibes Kid*,1.0,1,171758,24.0,90da3cc1-91a1-4db8-982d-9f0207dd7f7f
a0948077-d60c-47e9-9b1c-a60e04f3f50d,Emoji della traphouse,1.0,3,193167,49.0,
3509a305-12b9-4d56-a050-a938232571cf,Senza Invito,1.0,1,193578,48.0,f025dcc7-b8c9-41bb-949f-5977f4d90d5f
ef909984-3bd6-438d-89fa-5f12669d62b8,Introverso,1.0,4,81926,45.0,
c9b9b22b-8bf4-4037-8d35-74ad4cf82366,Energia,1.0,7,171851,51.0,
0e8d79c0-0322-426c-b39b-1b68e699b378,Il mio turno,1.0,2,196162,58.0,
766c507a-4ae7-47cc-a299-badc66b3e168,Lockdown,1.0,11,199137,49.0,
a92d397a-2cdd-4a9b-8f33-da54d2ae6639,Fuori dal buio,1.0,5,183908,56.0,
c3aeb5cd-c6ea-4347-aa11-6568b835cd06,Call center,1.0,6,313013,41.0,6a0479ab-de08-477e-8347-f0f44aad8b3c
7978a9da-8846-46ec-9926-a646301911a1,2,1.0,10,203076,66.0,
d8c18a57-8ade-41ca-963c-0df3a5f72abe,Rock’n’roll,1.0,1,128450,42.0,58f2d0f2-87f0-4827-84e9-5bcbf9a85686
e9d0d332-898e-442b-b8ae-c7bd2387ac58,Sharing Locations RMX,1.0,3,156891,7.0,6f328501-812b-43f3-92ea-ff1936e54933
19911602-6fb3-46ad-b0d3-8079eb02f736,Infinito,1.0,7,148925,44.0,
ad8014e5-4518-4a22-a9b8-986da8a7819e,Social club,1.0,1,823272,34.0,e32f4a08-44e1-4d47-93f5-222eed5b499e
f3517a75-e3b7-4771-9186-9510f73893ec,Top RMX,1.0,2,196162,58.0,
12eb8a5c-ea95-4aed-9cab-46171ddacc7c,Ancora,1.0,13,181395,53.0,
8dee4dc8-d78f-4bab-9005-405e471dfe54,Gas,1.0,2,174000,45.0,
f397e2cd-b2cb-4ed7-a9b0-c564e7963b8c,Brutti voti,1.0,4,170016,48.0,
edec4ebb-2587-4437-9637-87b9a926beef,Vincere adesso,1.0,1,152000,48.0,30dc8a80-8b0d-4bae-8ba8-12fea68ba3d6
6a6d9fb1-bafa-4c89-ba29-d9f3c5a79ad2,GO HARD OR GO HOME,1.0,7,297426,48.0,f72aedee-49eb-43ac-8c06-ed94793de8e8
089827e4-c5f4-4877-bdcb-b8fd1bd8ae4d,Sincero,1.0,2,174880,42.0,
e5c5ac47-c5ea-4e3b-b272-3bac1f59a1bd,Vivi nell’aria*,1.0,1,258218,20.0,5b0329ee-18f2-4039-8994-f730d2c5e66b
7195b353-887e-4eea-8f74-22bc0f9b586c,Può succedere,1.0,5,183908,56.0,
9c77afb7-25d4-439b-bdc7-2c743bada5fe,Sogni,1.0,7,201600,54.0,
d66b1364-2d2d-4ce9-b442-30d247846f89,La passo ai miei fantagenitori,1.0,5,144238,55.0,
05612149-1b76-4383-a524-e6d3db55b818,Champagne,1.0,1,157738,41.0,4e8ffa32-32aa-42c3-bdd5-2d0edab2eb31
24d46510-9800-4250-90e5-cbc37d3a6c9a,Moonwalking in Calabasas RMX,1.0,8,127228,28.0,40e53386-a22a-4da3-b48e-15cea20a6ea2
627e2175-0432-4ff6-b20a-1510f7fa75dd,GOAT Freestyle,1.0,18,327605,58.0,
8f9cbf2c-df17-4536-bd3e-4fb1532af3b0,Pensieri Manicomio*,1.0,3,202625,59.0,fabb8e35-6b16-4c85-998c-e32439dbc81a
91174043-b12f-4f2a-a76a-4e0c48fc83d9,War RMX,1.0,1,235933,84.0,316c2abf-75d3-4c8d-8ead-e50e5f4e0e29
fd9a4371-51d9-4a5a-abe8-935594fa89da,Non hai mai,1.0,1,82343,38.0,
c05bd6ee-c574-46af-8144-f458d56f7e8e,Stare solo,1.0,2,196162,58.0,
0fdedc2b-0480-4a7e-ae2d-e951e83c2dea,Futuro,1.0,1,164522,43.0,0a6015a1-cc1a-487e-8376-21d712d2f940
9829f1b7-9d73-4587-b9ff-9f3f26673514,Stoopid RMX,1.0,21,214857,4.0,c40dfdb8-f041-49e1-ab2e-b1c375352a52
3321d3b6-aa24-4562-bcd5-7e2708a304e5,Lassù*,1.0,2,196162,58.0,
eeca9e9b-d781-499e-ac38-82123c15503d,Lontano,1.0,1,200080,41.0,cb71b201-c227-44ed-a848-9922acb852f7
6dbc3f7d-651d-4d86-afc3-8fb3f5731e14,JUST HOW IT IS RMX,1.0,19,568129,22.0,e0a48e93-c0a8-48da-9230-b8c874dcd1c8
5ef4b4ca-d5a5-4d00-84db-9be85340ed2d,Tranquillo,1.0,3,193167,49.0,
d5900c45-6e57-4f7a-955c-927f8c92eec8,Nei DM,1.0,1,160105,6.0,9a2ca69d-d576-4091-8fc2-56200e167cc3
b15993f8-027a-4d4d-abaf-bb2c209c343f,Fuori dal buio (Non Hai Mai Mixtape),1.0,3,165266,16.0,82694327-1738-47cb-928f-65ffb40e1b3e
b443513c-25a3-4b0c-868a-5b4564cdc7f7,M&M’s*,1.0,10,167921,66.0,
7f9f9deb-f8bb-41f7-a52e-b857da01e8e9,GOAT*,1.0,18,327605,58.0,
26dae259-71a5-422e-bb80-67e4f905fc36,Peso*,1.0,2,162089,0.0,246b4347-cd22-43fe-aae5-ecca8800c60f
430dcde2-f0fd-4080-9e9e-cebca32eea02,Anarchy,1.0,2,196162,58.0,
ec68e621-c77a-456d-8921-87c3d16d176b,Questione di tempo*,1.0,1,194175,22.0,
257bfbb4-4e03-4992-94b0-3cf95f36222f,Adesso,1.0,1,152000,48.0,
ea5b18dd-bdc5-4671-a910-5a2c4d766cc3,Fuoco,1.0,18,327605,58.0,
692ac504-e9af-4ccf-8c60-009fb46d149b,Cuore di vetro*,1.0,5,183908,56.0,
c17597ff-af8d-42f5-afd3-4bf55c19a82f,Mixtape Intro,1.0,16,163360,9.0,f1df9b8f-701e-4ced-a5d4-591bc5480cad
53a55a92-8c63-43ee-ae7d-886d724293bb,Che c’è,1.0,1,3753057,32.0,b01762c5-4038-4ae8-858d-b5e2f49fb1c5
602d7826-3d71-43f4-9100-0c4f1b59207e,Due cose*,1.0,1,202292,21.0,b2ebdfa7-e652-4e5c-b81b-c83aa87224ad
1690919c-7bad-461d-87c8-c9d2b68b73a1,Alla mia maniera*,1.0,1,140816,75.0,
63f09446-000e-4484-864b-37e6b7add7dd,Take 105 BSMNT,1.0,8,221252,1.0,ba67e40b-a486-4f36-bf98-ec5cc3e26181
5ccedbf0-bf15-465e-81ca-a5b16980f565,No scuse*,1.0,11,310760,27.0,2c1528ba-4a6b-4fd1-8371-2e3bebcfcbe4
efc4f41b-255b-4087-8186-52aa0e393fe2,Tony più Finesse*,1.0,14,168292,56.0,
8c94732d-1222-4f85-b2ec-e8e51b8ac8ee,Sbalzi*,1.0,2,196162,58.0,
b180d720-307a-4030-84c0-4a770f2925f2,Il cuore (Outro),1.0,5,183908,56.0,
faea0298-7083-4fd2-969a-91c2fc92e66e,Drink and Smoke*,1.0,1,216907,0.0,8db2bb8f-225a-48db-b96f-780d076ba658
7096b62b-aa19-44a2-a07c-64600c0d8b9d,Can’t Feel,1.0,12,212893,4.0,083860b2-1c93-49d3-9d76-b3fe5ec3747b
816f83b4-78f8-484e-864b-f1ad72bd477d,Percocet*,1.0,1,128828,2.0,df6edf36-8f33-4bd7-a647-95106c95f8d5
fa3a82a7-0447-4812-b2a4-2972dd276b39,Non ci siamo,1.0,5,183908,56.0,
c53f781c-db1b-411e-b296-762a45b91157,Sintonia*,1.0,1,132413,0.0,962bce2b-9a33-4465-ac01-93811759cb4a
448be4c2-605a-4839-8258-ba7dee84dcae,Spin it*,1.0,1,111993,2.0,713d7797-73e0-48b2-a667-1c9683959ba9
ba8dffeb-3ee2-4df3-986b-820707e7426e,Sotto tiro,1.0,4,256015,5.0,45b4de78-ae36-4830-aa16-8a63d75efbf5
424c3a15-9cf3-433f-a76d-c7dc97056e7c,Vieni alle serate,1.0,1,245186,14.0,90813415-5d73-4601-a164-c06920374bd0
10c4d9cc-7519-4e67-b69c-30f107dece55,Una sola chance*,1.0,1,410381,22.0,cea03944-678f-4f5b-b5eb-d064f96891ed
acd26cf4-7e25-44f5-af5f-e79c7b3cb8bc,Storie,1.0,7,357133,0.0,05d97549-d6c2-4611-9aae-af621f45c385
2746f42b-40f1-40a4-90be-0ab9bf461f57,Un minuto*,1.0,2,130750,38.0,
db6338d2-b84d-4a66-9e6f-9ab2a6beb532,Per tutti i fra,1.0,2,196162,58.0,
74a68a1f-b862-40d0-b90c-4e2174741020,Ci sta,1.0,1,3753057,32.0,
bd403e30-9c38-4597-ad99-137d8405b045,Non fa per me,1.0,18,327605,58.0,
ee85d52d-65a9-4904-be06-42afb7b0da25,Casse,1.0,18,327605,58.0,
02d228c7-5d77-459d-aca2-bb177cfa2b49,Non mi interessa,1.0,4,153139,62.0,
34e60f22-f273-4334-abc3-9b2a15330542,Tutto a posto,1.0,2,177348,78.0,9fc941f1-0636-479f-a350-66c1de9efdcf
a464e452-0056-45c7-b244-64424c45de85,16 Anni*,1.0,14,168292,56.0,
7ce9070c-c5e7-4eb1-b734-96a81340606e,Don’t play with me*,1.0,3,202625,59.0,
b6ac9f73-c834-4b1c-8552-0e469f013e15,La La La*,1.0,3,138749,64.0,
4ed95452-9c4a-4f97-bebf-41d160f7304c,L’erba della giovinezza (Maria),1.0,9,223400,51.0,9bb84d23-adf2-43c7-8020-37eab11a0daf
83dff727-0859-4ff0-99ef-8271baed9bd1,Ti Penso Sempre,1.0,12,235720,46.0,d109ba10-8f62-4bb1-abf2-5ce3efc1d77b
6446443d-62ea-4535-8f1d-448b90ca50f6,Mi accendo,1.0,1,199500,19.0,d7085c0e-d71b-46d5-8614-503d7d164480
c3870e78-342a-4bc0-9710-6052e68835e7,Sotto I Raggi Del Sole,1.0,2,186013,50.0,
64c30c30-f4a4-43db-8d7c-5043ad34f78f,Per Roma,1.0,5,181640,14.0,
6114533b-b994-4e70-ba0c-5bff0ed380c8,Il Mondo Non Finisce Qui,1.0,9,186213,66.0,
8b33853b-e02a-4bfc-8a5a-a8686b8b2014,Sangue (Blaze),1.0,1,174520,31.0,
37917153-cb15-4a74-83a8-295bfaca347b,Amore non so,1.0,1,241600,28.0,4fc30c63-ac49-40a2-9db2-ed58f2d1e3fa
b4f81294-5d1b-458b-9a99-c1838df27748,Solo ganja/bad con me,1.0,6,294413,26.0,336a3fcb-247f-41f0-9136-110020bf5f88
85c9f894-cb31-4bdc-9500-2d2750d88d06,Bella,1.0,3,194640,29.0,
5553be93-9d46-414c-ae2e-acbf855b0b30,Ancora E Ancora,1.0,10,246000,22.0,004367d1-0054-4091-bdda-5676eaf21856
b1bcb1b1-6266-4c2f-add7-29f53cfcdc46,I Sogni E Le Idee,1.0,4,219906,34.0,
ba171fb2-906f-423e-ae97-ef71e35bc9c4,Il vigile,1.0,2,185786,35.0,
b28d4eee-a0fb-427a-98fc-d01135f341d7,Mikecheck,1.0,6,184120,18.0,e3cea955-641a-4a3e-9f65-83f8cc7c141a
66d92fa2-90a1-4a40-b62a-0d5b742712c2,Bam bam,1.0,2,182706,20.0,
6f820fe8-84ce-4dd7-9f6b-8265396fdfc0,Isola di plastica,1.0,10,210386,8.0,
76db92bc-7c17-45ed-8f84-f74590bfd1c7,Roma Turn Rasta (Bandolero),1.0,3,245320,22.0,
255e6004-502a-4b94-b5c8-35c15145114c,Amami Amami,1.0,7,225866,18.0,
114f2a32-69f5-48a9-9bd7-94e98747513d,Rap-Condicio (Rap-Condicio),1.0,5,84066,9.0,
2133b92e-017b-405c-a807-4423a29fdf9f,Come LAria,1.0,1,208800,22.0,
b8f65d40-b0cd-4c24-aa9c-35aa21910eff,Amore vero (Amore vero),1.0,9,223400,51.0,
41c47027-1b68-4b96-bd07-439ef7254196,Andrà meglio di così,1.0,2,231813,26.0,1048ac69-bd7b-4017-8f3d-6a81e1d2a3d8
e689951f-4786-40fa-a541-750d2357b949,Un Giorno Chissà,1.0,13,326213,10.0,
7482033c-d2c6-4963-9ddf-ac367190f9ee,Il Sound Della Tua Città (Sound),1.0,7,187026,16.0,
1bfcf7af-6f39-4c02-9b60-1a9f03e50645,Bagaglio a mano,1.0,1,186000,21.0,
f13fbcf8-4f3a-494f-89a8-d986b4a42785,Kilimanjaro,1.0,1,169835,5.0,ca448c8c-c328-424e-8d7f-eb23a1732e09
86c21b0f-7e50-4282-bdee-132b356d5fb5,Nun te resisto,1.0,1,190866,8.0,93ef1cea-0321-450f-82ad-a41f64c4b56d
e8ca329b-2452-4eed-9d2c-aa14d500e615,Fino all’alba,1.0,1,241600,28.0,
2314975b-d478-492b-a7de-bd4ae1812b1d,Buongiorno,1.0,11,187320,11.0,
5bddc9e2-d346-4622-a3f7-cf005b9bd1ba,Mappamondo,1.0,3,185160,18.0,
eb00de68-ca88-477d-b914-9c53eafdc20c,Rasta non casca!,1.0,8,229773,15.0,
fd38248a-7ded-4204-bc10-30cb5a95d2b5,Mi Manchi,1.0,3,197453,2.0,
a111b41e-c6cb-42c3-a778-227db97ae833,Zitto un minuto,1.0,9,184933,15.0,
73f1b0f0-3ae0-4841-a5ca-512275eb6f57,Bianco,1.0,4,203613,11.0,
beabd942-b82c-4ca3-8b6f-eb31cadc0999,Non Dire (Sempre Di No),1.0,9,225920,6.0,
e2d37b0c-4333-4379-8851-388c68592e95,Il Mondo E’ Anche Mio,1.0,6,224253,9.0,
208095a1-9c84-4787-9ebc-a5e98adf1a80,Aria,1.0,1,208800,22.0,
7386fc29-5f8d-4a41-b2ee-9c4130842b82,Arrivo,1.0,8,165626,7.0,
96ecebf0-5981-4e86-a5b1-371e2231b81f,Stalattiti,1.0,8,205826,7.0,
d3f79f83-8fa4-433d-9ecb-fb8005f561fa,Sotto Le Pezze,1.0,10,260265,7.0,
f0296c5d-5360-435f-8422-9d235f8502ab,Family,1.0,7,175546,7.0,
0d74fb2d-d2b1-47e5-9246-4f5ec84fcaeb,Finché c’è musica (Love Selassie),1.0,4,212986,13.0,
597e4398-f7a0-433f-bcc9-c8608f7ff715,Bruggisco,1.0,3,185613,20.0,
fbdf6e87-2e0c-4b1e-84b0-d67979cadc02,My Love Song,1.0,7,240065,59.0,f579dd31-d38b-4801-928f-1a948372b0af
9d909795-00d9-49da-a6cf-058f5c117519,Borotalco,1.0,10,250346,51.0,
962e6685-542f-4813-a912-8d2900cfcd39,Polvere Di Stelle,1.0,12,228526,50.0,0a973663-2281-41a4-ad19-96cb1d0eed8f
70cdea0b-d142-4883-b185-8f45b377bb38,Dal Tramonto All’Alba,1.0,5,198637,50.0,
86892245-6e4c-41bc-9525-22623696a1a6,Mic Check,1.0,3,217640,56.0,
2ef02f5d-f85d-4247-89a1-595b1e2608fa,Sinnò me moro,1.0,2,213493,54.0,
cdaba324-6d5d-469b-b405-17f8b761cc20,Cronaca quotidiana,1.0,6,273746,43.0,
9bfcfafe-c899-4f76-b124-c11c58095145,Verano Zombie,1.0,2,220960,49.0,
c3418e8a-e195-439f-8ebf-fce7d4345d47,Butterfly Knife,1.0,8,231266,52.0,
2bb088df-fd0f-4611-a08d-8ade80f1373b,Lobo,1.0,15,166520,46.0,
d8333336-ea35-427a-bba9-93165811f5e2,Casa Mia,1.0,4,162160,51.0,
088d6885-feb6-4cf1-90ee-f7bb1785107c,Verano Zombie pt. 2,1.0,12,204173,33.0,
8ff4d699-710a-48f2-b629-14ca628fc29c,Attica,1.0,3,190565,58.0,
1708db95-2066-44c4-b827-2c21ffcb26a1,Localz Only,1.0,3,177694,50.0,
6446964d-66c0-4ccd-a879-f8b48e18cedc,Via con me,1.0,4,190805,50.0,
ee039803-ba3d-43e0-8212-19b2cdf90d71,Zoo de Roma,1.0,9,187400,51.0,
1f13baf3-7ed5-41fd-98af-29caaf17ee8f,Non Dormire,1.0,5,221230,46.0,
3e3b7370-eb0b-4387-8ac4-566b68f97868,Training Day,1.0,14,213293,43.0,
509f3739-a1b4-412b-b2d6-7a6048d434c8,R.I.P.,1.0,7,287853,45.0,
aba1aedf-8246-4563-a232-8f515a8baecb,Drag You To Hell,1.0,1,199866,50.0,dd2feb74-25cf-4be0-8e79-a0fc56f8a349
ad35fe43-9cad-417a-bb7c-765171c91757,Aspetta La Notte,1.0,17,162043,47.0,a86be965-bd1a-4b90-91d0-d11f6bc58984
bb605999-f515-4aea-b6ac-be2d9f641564,"VERANO ZOMBIE, Pt. 3",1.0,14,258665,44.0,68a95ba2-100a-4a8b-b34b-96d74e411d13
9b197ddd-532d-482b-96a7-f6b4942bb405,Sono di Roma,1.0,3,219946,41.0,
7ebb7840-773d-49cd-a5bc-b95deeb433db,M3,1.0,2,112506,49.0,
17f110ed-768c-43b2-b405-8ee493c562b4,VIRUS,1.0,2,150833,41.0,
7ceacac3-25bd-49bd-832d-607bc4e166e0,Respect The Hangover,1.0,7,240212,37.0,
4a385647-6c8c-4d59-b8c4-523966d9f5c6,Enemy,1.0,3,217640,56.0,
be2919a6-fdd0-486c-a85d-b4a539ba2fd0,Matanza,1.0,9,188373,38.0,
cadc91ac-5c5f-4ba4-b025-b7529a7340da,Tajerino,1.0,1,244600,38.0,
56672c29-0cf6-4c39-97d6-e0aef58aab7c,Sputapalline,1.0,5,199160,41.0,
a6c5bcef-279f-4091-b0fa-61e73f7460d5,INRI,1.0,1,135520,42.0,
d75343c4-48fe-4a2c-b5d1-f340efbbf9a1,CRY LATER,1.0,4,174619,50.0,
8b3fa93e-1f2c-407f-b9f2-083010272b9b,Mark Renton,1.0,11,168240,37.0,
9f560a4b-633c-4bcc-927e-f7de8f6abd5d,Non ho tempo,1.0,2,162411,68.0,
ede24202-d175-4531-8caf-c8b631a7bc5e,VOLANTE 4,1.0,3,208941,48.0,
744233b5-345e-4f48-b22a-71a83a181a8e,Notte insonne,1.0,6,200130,37.0,
7b52c38f-7462-477a-a60e-3f014ad01d91,Vato loco,1.0,8,127960,39.0,
1f573614-f797-45b3-aae3-d4e216261f2f,Delorean,1.0,3,241493,39.0,
4fe41c84-7da4-4edd-8523-74cc61b84369,Karashò,1.0,8,227213,39.0,
e3cfa07c-6380-4659-b3da-dcb092749ee0,DOPE BOY,1.0,10,159095,51.0,
67c65e97-3a6e-44f3-9b8f-7fc9f0eefad0,The World Ain’t Ready For Me,1.0,11,208292,47.0,
922c3f4a-0782-4ad1-9527-b5f4bb0741d4,BLISTER,1.0,9,199148,47.0,
aaa0601e-d747-4d5a-be45-8af0c3a832a9,FOOT LOCKER,1.0,7,182400,42.0,
6e636295-76e4-4778-bae4-babd4a367bf3,Lone Star,1.0,12,199080,40.0,
c8d51ef4-75b4-4f9d-8744-047b00dcd340,UOMO A TERRA,1.0,1,123061,42.0,
dcb4844a-fb1e-4204-a373-0e06b63bbf04,La Calda Notte,1.0,5,232386,36.0,
764e3cdc-9519-48c3-80ba-003868c6e415,Niente X Niente,1.0,6,204026,39.0,
6b3c72d4-cffe-478f-ab0f-dd7477a442bf,Sotto indagine,1.0,4,166266,40.0,
ee51d9a6-d865-42df-b0cd-81a0a6cbbb85,NO RATZ,1.0,8,202838,44.0,
789dcc3d-3662-461c-b45c-92e2e399b852,Alfa alfa,1.0,1,184068,42.0,
349fa691-f7f1-4e4d-b666-d0f037f83964,Game Over,1.0,2,178399,40.0,
2b9da467-b0d4-41bc-8aac-3a2a635ea383,Guilty,1.0,9,187400,51.0,
295297a4-d4c9-4823-a894-dd7d554c2094,Sanatoria,1.0,4,256013,42.0,
cf8c9598-ebfb-4bf6-b28a-d7edbed72ea4,WELCOME BACK,1.0,5,203544,37.0,
ae5260df-b7fe-4bda-91b1-f76422810e2e,Monster,1.0,7,240065,59.0,
80bdfa59-90c6-44ec-8354-e4041c04023a,I’m Feeling Good,1.0,14,262915,40.0,
5b9237cf-a6af-4c0f-895b-9f861cd26196,Shabboo,1.0,2,162411,68.0,
8c467d97-0397-4e55-b707-3858c08e4b4f,Fake Emcees,1.0,2,178399,40.0,
828cefd5-1158-4d6b-aa33-885fb0958c78,Vendetta,1.0,12,282490,36.0,
34aeed6d-4b80-44e1-99a0-bc79b106ced6,SPINE,1.0,6,155294,44.0,
e1efee77-2ef6-4076-aef4-e78401d7355e,Quelle Notti,1.0,4,163626,45.0,
cd263a5c-527a-47c1-897a-76ff76c36364,DAYTONA 2000,1.0,15,161632,41.0,
72223197-6329-47fb-b015-b453021d1d47,Intro (Verano Zombie),1.0,1,146506,36.0,
81ce1cbc-bca6-4dc7-8fb4-0889c9536d57,White Gangsta,1.0,10,330768,36.0,
bd8bd53b-59c8-4784-9d5c-3a93503f661c,Ogni volta,1.0,16,238846,35.0,
189999cc-1e33-4bce-ae99-52269d621642,Nel teschio,1.0,13,178026,31.0,
2d699bba-329f-4474-96ba-f5a5b3393ef3,“El Padre”,1.0,4,165921,44.0,
b59782b8-4476-48fa-8c00-18d18e7a0e28,VICTORY LAP,1.0,16,134328,41.0,
dbd50ee0-f2ae-4096-834f-7e6738a77851,Don’t Fuck With Me,1.0,7,163893,45.0,
f7a58cd6-35b6-478f-ba30-4fa453097336,Drive Solo,1.0,9,137346,40.0,
42c540d6-f365-450d-b3c4-b93b797ae11e,Nemico pubblico,1.0,7,192240,36.0,
1dbffd6f-4ac0-4d8b-b0de-5969859585b3,Musica Truce,1.0,15,253093,33.0,
5c7b97ad-68a8-4812-b2d1-49749585f090,Tour Notturno,1.0,2,120623,40.0,
1ad55148-1faf-4d2f-809b-426885f85c8e,Monumenti,1.0,10,213135,41.0,
17b33cc6-ddf3-453a-8a9c-e1c08753d352,Charlie Sheen,1.0,18,176243,37.0,
f9437eca-d24d-4ae4-9e9c-12b7d0407b23,RVSSIAN BAG,1.0,4,123789,7.0,acca12f7-e0ba-4e61-aef4-a8ac5b3da313
fd4160c7-5d50-4cdd-a30e-0a9fe0864ecc,Merda Music,1.0,5,149013,39.0,
7c6d3f56-5ed6-440e-a861-6b9f0edbc66f,Hasta la Muerte,1.0,8,186712,37.0,
acc5cff5-5ab0-47b0-b524-3df45b1667d7,Infame,1.0,9,160791,36.0,
e3b789cd-a67d-45fd-af34-e5285e347d1e,WAR GAMES,1.0,12,141176,34.0,
41f939de-8722-4fda-bb75-183b567da320,MONEY BAGZ,1.0,13,148038,32.0,
082e4f4e-a266-43c4-985a-3f46bbbc8af8,SOTTO VOCE,1.0,10,165157,40.0,
4638fd5c-40f9-470f-a5a1-2cd2ddc81cbb,WORST WAY,1.0,11,161311,32.0,
1683c0b9-da0c-456f-9aca-3f2b88d4d62b,Mosche nere,1.0,3,190146,38.0,
a237a42a-ade5-4c88-8a13-96661d3a3ac7,Il Lato Peggiore,1.0,11,255078,35.0,
43425378-e23b-4ba0-bb84-ef6d1018e891,THE MAJOR,1.0,2,157317,39.0,b7c61f39-ba0b-41da-bfa3-b428de709f59
2dcc8782-416e-45b2-8a09-8b0163c500b8,Volare,1.0,9,168034,35.0,23e04563-9d69-44bb-b02d-fe9b5ab68f67
471c1897-9ce7-4499-81b7-cc1efbd9f954,666,1.0,10,159746,31.0,
bec0b91b-6826-4015-8316-6560ca1600c1,Molotov,1.0,11,194385,31.0,
68165df4-22a9-484f-b5b8-7b452ddaa1c9,Truceklub,1.0,7,223120,37.0,
b84ac5f2-5734-4e43-888b-14768bc2ca2c,Italian Psychos,1.0,10,137066,32.0,
16192412-15e3-416d-b62f-255bfef1e361,Air Force,1.0,11,194385,31.0,
5dccca23-afbe-4d92-b323-76bb86ecfddb,The Chef,1.0,2,179037,36.0,
6287cfe5-ea6e-4ed6-b243-02475e1ba510,C’ho sempre torto,1.0,4,141000,35.0,
1364e04e-1dfc-4e39-a249-9485f298c1fd,Black Box,1.0,6,141250,38.0,
a146fdf3-104f-4d39-9156-b04953a5d6ab,Talent Show,1.0,9,137256,38.0,
dea64bcc-4909-4d87-bed1-57d92fc745ac,Sepolti vivi - Prison Blue,1.0,8,216653,33.0,
4dc30236-e980-4c9c-801a-8f1691e68ed2,Dope Boys,1.0,13,163505,33.0,
d3c81757-98d2-4057-b789-360dfa8945d7,Bodega,1.0,6,221300,34.0,
8a5da697-14cf-44d9-8f1b-3e86815c07a4,Grand guignol,1.0,12,204173,33.0,
1175da7e-2589-4609-a906-98dbdfc3593a,Strategia del terrore,1.0,12,187354,31.0,
fdf615ab-9fb2-4a26-a515-2866396c2b7a,Count Down,1.0,10,209465,32.0,
ae1ca416-4333-4fdf-8ca0-fd1ae821e65d,L’ultima chiamata,1.0,14,195533,32.0,
8241655e-bde9-4850-9e40-136f8c0833c6,Autodistruttivo,1.0,6,164373,36.0,
d25a664d-60db-4cc3-a979-b059681055fc,Mi Casa,1.0,4,162160,51.0,
eecb3d48-f0c1-4a17-8e79-db1401df6300,Parla Chiaro,1.0,3,150000,36.0,
19e41069-2ada-477f-ba05-cac8c76a5ceb,Role Models,1.0,6,230160,32.0,
1d6c3bc1-4a62-488e-8f82-94e5fdf00b40,Underground rap star,1.0,2,168400,28.0,548bcc51-a3e6-48bf-b785-1df4a5596e27
8472dabc-40cd-4907-b89f-d28ec6db6bb8,Latrina,1.0,8,226306,31.0,
6e943970-e551-4219-8497-0fd54e30fb90,Grand Finale,1.0,13,159328,29.0,
e6fca761-d9bf-403f-8b5f-feb381f4fe61,TRAPHOUSE,1.0,1,152142,42.0,
94521720-6081-4346-befd-27174617cc79,GUARDAMI ADESSO,1.0,1,182535,32.0,5c601c0c-9dc6-43f0-9681-d0f789673b06
e4035ed6-0c91-4093-827e-2a413c8b89e5,Mentalità Da Clan,1.0,11,170400,36.0,
9b752a12-690f-4650-83f2-767f9d89afa7,GRAN TORINO (Red Bull 64 Bars),1.0,1,237241,43.0,d5ba2f39-34d7-4c4a-9f47-0dd3409d32fd
facc602d-4203-4dbb-a02c-232b4e9a3cb0,Intro,1.0,1,146506,36.0,
ae125225-4d16-45f1-93ed-866935f89273,Rome Calling,1.0,14,198565,30.0,
703182cf-154f-425a-9105-7cf970834a52,"Io, Gel & La Stronza",1.0,14,144533,31.0,
8296910a-428b-4a70-8c59-4b87c0e8ed7c,Patriot,1.0,2,166266,30.0,
8b11b461-bc92-4c51-a7d2-d7850c29b301,Zona d’ombra,1.0,15,300218,27.0,
6b813443-f60d-4427-9271-b5fd3fd36ba1,Senza Uscita,1.0,15,199506,30.0,
63b298c5-a28a-483d-9249-f7ea27cec347,Bio Hazard,1.0,9,151233,31.0,
ccd9e3cf-b0a8-4690-9493-770ed1cc51a4,Introducing Noyz,1.0,1,92373,29.0,
612bed73-92e1-47fd-a913-87d9371102a0,Falchi della Notte,1.0,13,151920,34.0,
559af719-fbca-4199-82d0-de075058a02d,Golden Boys,1.0,8,227213,39.0,
914969d8-7cec-4dbe-9523-18354c9127fa,Prima che esco,1.0,10,279706,28.0,
4505bdcc-b015-4ff1-a747-39160cda208b,Al Qaeda,1.0,2,162411,68.0,
2cb62447-ed5b-454c-b9be-1e20d0da82f3,Confesso Tutto,1.0,21,153400,32.0,
818d41a3-0381-4e34-b53b-f58025d8b8ec,Stop Hating,1.0,13,178026,31.0,
770cbd87-d35a-44bb-bb87-2e266c115195,Stillicidio,1.0,9,159533,28.0,
3025a050-4057-4e9a-b6fb-10220b339f30,Notte in cella,1.0,12,187354,31.0,
5fd41674-622d-47cd-8915-aecb452247da,Keep Your Mouth Shut,1.0,11,331853,27.0,ae3f85a9-f4c3-4df0-9f0b-6996c3b60102
56ed89ff-476e-44f4-a86c-6fadae66983f,Real TV,1.0,12,155373,30.0,
af007b47-7518-489e-b568-ed615ce113ba,Drug Town,1.0,11,194453,28.0,
581c096e-b202-414a-971b-49a68a1a3514,My Cocktail,1.0,14,144533,31.0,
a919b3ba-fb52-4d65-8bd0-5888e34645a2,INTRO,1.0,1,146506,36.0,
cd4bbf6a-73e1-4205-99fd-4410a06312d0,Underground Rap Star (Push It to the Limit),1.0,13,197462,5.0,990b9056-835c-4fb6-adf8-2b1795cce326
d829acb9-e9e1-4dfa-a790-5361b5dbfa9f,Merda Cousins,1.0,1,138660,49.0,c9276b17-8b52-47d3-8b89-8fe8e2265b67
31af7e9e-2f0b-4704-9559-3639b14fc067,Posse Track,1.0,22,298421,25.0,
1e95013a-44a8-4a0d-b0d1-15ab1677aecf,From BK to RM,1.0,1,12746,0.0,
8d615c19-b98f-4448-b088-17bc21734303,T.Klan Regime,1.0,11,132240,25.0,
c594d02b-a896-45b8-8c93-01809a38e902,Welcome To The Jungle,1.0,1,180453,32.0,
d48e196d-932c-48c2-ad79-d503ac05fd90,Young Vets,1.0,4,119329,56.0,74b38dab-63c8-468f-be39-bcd2da507388
f705ae6c-61ac-4d54-ad29-8a9576707945,TruceMala,1.0,2,112506,49.0,
4ff190c6-826b-46c4-b3db-1a0c12f82eec,Denaro/Imperativo,1.0,13,181826,21.0,
d62b0354-ff64-4832-83a0-55e0cc8c018b,Monster (Salmo RMX),1.0,3,217640,56.0,
8ceee355-e102-4c65-8930-f010eadef274,L’amaro nella voce,1.0,6,235826,22.0,0f8c658a-6bef-4251-87d2-8cd319ed2b5f
4e9d8ae1-e167-46b0-84ab-fe29eb91d079,Non è un gioco,1.0,11,267480,2.0,f7a957f4-3b5f-4dce-8088-dcf0adc8f1f1
2c73dfec-256d-4f69-950e-36605f118276,Santeria,1.0,2,162411,68.0,
0a626952-d5f6-4028-b027-51efe7e50705,Interludio,1.0,8,74354,26.0,
3fce04e1-cf29-4228-ac02-636431040a14,Interlude #1,1.0,1,184068,42.0,
5f2e03a9-54c7-4279-b034-f8a9a2dbdb21,Lo sconosciuto allo specchio,1.0,1,138660,49.0,
c5a384e1-fcae-4794-9847-049a0ea84949,Fuori rotta,1.0,1,138660,49.0,
c4d8e965-3f27-4ed1-a7a3-9c9345dcf405,Via Con Me (RMX Big Joe),1.0,3,150000,36.0,
39fdf61d-5cd5-498f-89b1-89af31b80cb7,Sorry Mama,1.0,6,226557,59.0,
9f24be5c-a980-4d85-94e7-d74a7a356e7b,Pessimo,1.0,9,147506,23.0,53f33903-85be-4660-9443-90bfaf9f3111
43ee4e5b-ef65-48e3-8f80-a91b1302c90c,Intro (The Best Out Mixtape Vol. 2),1.0,4,163213,13.0,a7fec0d4-1518-4599-95bd-ed9b4922bd3a
e6808b85-4524-4e7c-983d-2230854a69c4,Colors,1.0,2,162411,68.0,
e2f2269f-ef7d-4e00-aaf8-e525f08129c5,No Way,1.0,11,161311,32.0,
5ba563f4-3a93-4fcc-99da-617073884e68,Freestyle,1.0,13,151920,34.0,
119cc65a-6977-4cb2-b337-86e5b3460b4a,Bombtrack,1.0,2,162411,68.0,
e9e18b8f-87b1-4e1d-af3f-97782bdfce19,White Trash,1.0,2,120623,40.0,
b3759f2e-80f5-4bae-8964-995274a18e30,Tropa D’Elite,1.0,11,168240,37.0,
dcf1b7c1-cbf6-400a-99a4-36037fbda0b4,Famo Show Off,1.0,5,162857,8.0,6049bd7d-a98f-4e57-9f56-1dc4278c6caf
2f6dfb64-2da7-4ff3-b4f4-3c65e224b546,Money & Egos,1.0,13,84049,25.0,
91ef7f97-d212-4f1a-ad95-8c3907b86b5f,Freestyle Radio Disagio,1.0,18,239493,28.0,b2af92a8-9ed9-468e-b7ed-575a3617b4fb
aef83ea1-2639-4481-a26d-9479d3990b62,Mix,1.0,20,516786,53.0,
89873565-c521-441c-b16a-f159a8508727,Interlude #6,1.0,6,180855,27.0,c20b675f-3a17-4594-bb97-d547ee16d72c
cb28e119-9917-4c40-96c1-6e73cf8e2273,Interlude #5,1.0,6,230160,32.0,
f090608d-6ce4-414b-8553-9ffe56006d03,Interlude #2,1.0,1,184068,42.0,
4a48489b-be1d-4261-8b0e-a3f574b599e1,Interlude #3,1.0,6,230160,32.0,
87bf9b40-cbbf-4f71-85e7-3de30a2be2e5,Interlude #4,1.0,6,230160,32.0,
22fa0943-9bb5-4c1d-ad3c-4043ae13b852,Mister,1.0,6,283000,37.0,d925a19d-42ae-4f12-a255-c990eac08016
21959132-542a-4721-b071-602dd8c68d32,Sogni d’odio,1.0,6,210133,29.0,89088c60-c6ff-4b10-8f19-1357903a9dc9
eb395381-4f78-49f5-8249-7bdb179a7bc9,No McDonald’s,1.0,8,170971,31.0,
85848779-bc38-4851-b046-3d3ba3d01844,Nuvole,1.0,13,173018,25.0,
be8d4562-dd9d-4728-a00a-d44374642fc2,Jetlag,1.0,7,210313,22.0,
33e0cdfc-7d92-4728-97ef-9c35f2175746,Che si fa?,1.0,3,188613,21.0,
8524b5dd-5394-4af8-a4d0-4378bcbffe01,Grazie a me,1.0,4,277493,26.0,
10142b1e-a43c-4dd7-a701-2d2f7c31ee6a,Fashion Week,1.0,5,175331,23.0,
cf0660f1-d734-4b25-a249-52874069d2be,Foto,1.0,1,130848,22.0,
0a3f4b07-4d8c-4071-84e3-071b4546d040,Fischi,1.0,4,192482,21.0,
2bff944d-b902-4015-a960-1c515da3e692,Non ho mai,1.0,2,157977,19.0,
3a4c2ff2-e8d2-4094-8b2d-25bdd3d29639,5 momenti top,1.0,15,245506,22.0,
4cdca831-295d-491c-ad51-a0490979e9e3,Burial,1.0,2,162533,19.0,
d4381055-d5b1-4e8e-8ab7-ee8b806a26c4,Sotto,1.0,9,231600,26.0,
f2df861a-63e8-4de4-8169-85a2b492ff72,Una come te,1.0,12,175758,18.0,
f6463fee-bc39-4abc-a0f0-e27a68daa050,F*ck Fame,1.0,12,212413,21.0,
919d32f9-9c55-48d0-9242-da2b972143fe,Euro,1.0,10,204933,16.0,
527c3229-17c6-49b5-ac61-dff799255d3a,Torna su,1.0,9,189440,19.0,
052544d5-f804-404b-87a7-d2809ab66538,V(a)iking,1.0,1,117106,18.0,
2148cf8f-6f97-4224-9597-fe8a3e1ed8d4,2 modi 2 mondi,1.0,8,196973,20.0,
3af24998-fb94-4318-b978-04b14fc984d6,Calamita,1.0,11,154336,16.0,
87768dc4-55a9-43b7-bf11-6d4f3fabf235,No Problema RMX,1.0,7,213942,35.0,7c16795a-f06f-4cbb-af57-96d5ed8866a7
51a9e551-c3b5-4a41-9c93-a6fe8b0f987b,666,1.0,3,179200,17.0,
28a4e21b-4e7f-4ff9-90ff-1aaa816672cf,Jack uccide,1.0,6,210133,29.0,
4feb3496-5670-4add-9765-54161efcb708,La mia lama,1.0,14,185733,17.0,
dddb8557-67e8-4445-9413-f7af274af5d0,Don’t Push Me,1.0,9,169584,30.0,
6021142d-819b-4099-8e41-13abdd328959,Come persa,1.0,13,180360,16.0,
ae95d5ef-b524-4eb1-a4a8-e4b9ab3c917a,The Show,1.0,3,196068,29.0,
9c897998-3caf-46f7-8df4-b8a734e7803e,Bussola,1.0,1,203910,29.0,
ee42c292-4778-4a08-aa67-6008cc6d0b38,Quadrato,1.0,4,176470,35.0,
4cd98fef-4a3a-47b0-b1b9-4ab7e1adbfd3,Non mi va,1.0,7,165800,17.0,
cbeeb208-90a3-4a38-a33d-8520eef5d8ab,Yes Yes,1.0,5,165178,31.0,
b9a03796-b8d5-469a-bfbc-a77d7c37cd56,Soldi sporchi,1.0,11,213146,14.0,
ecff8347-9a0a-4451-9d45-1dc01b706833,Funema,1.0,11,211930,28.0,
af906784-d357-47b6-b6b0-e016616ed054,Spine,1.0,12,246553,27.0,
3df0fe18-30a2-4d37-a470-cad7d8e422b6,P.I.M.P.,1.0,6,175098,44.0,
0dfa29c4-d390-4656-8370-fcfd45d79668,Da 0 a 18,1.0,6,212092,28.0,
42e03f2a-af4e-4cbc-a762-644fa2dcc836,Mandalo,1.0,10,170346,14.0,
eae5c85f-df52-43bb-95fd-8b8e275a4d6a,No Problema,1.0,7,213942,35.0,
c3f8962c-5fd2-4869-80d7-9b1c489fcfa9,Come Tutti,1.0,2,215059,27.0,
66fce0b0-235f-4800-822e-5b3044689c89,24.7,1.0,6,240053,13.0,
8b56980d-e788-4962-82a7-3fb9730a5daa,Ogni Notte Due Notti,1.0,8,161860,26.0,
23cd4751-46eb-4f61-ad17-cab015d5ad4f,Fiero Di Me,1.0,12,212413,21.0,
1d003213-39d5-4b33-9476-03995c1c0110,Mosaico,1.0,10,246000,5.0,
453a9a89-411b-4d2e-9802-926b4430324e,La legge del più forte,1.0,3,223213,4.0,
4d64efca-d9bc-486f-b908-b536ee1011a1,Narcos 1000,1.0,3,218000,4.0,
998e8cc1-a7cd-4de8-a085-2ba3354368b7,Vita in Ita,1.0,2,208013,7.0,
c971e757-869e-4aa6-bd7a-62e78a95845b,Lavoro RMX,1.0,2,238685,31.0,
da0007d5-1981-4059-aacd-950b14b3cdfb,Grande Ser.T,1.0,5,240000,4.0,
0e4efa9d-4d4d-4c9c-8067-23a38f689cbc,Non chiedermi,1.0,1,157946,4.0,
46939cca-56d2-42f4-a30d-dda89df8f3cb,Spam Rap,1.0,19,202666,37.0,
1e086c35-c057-4998-830d-897c60d4f77c,Per Un Pugno Di Dollari,1.0,6,315475,13.0,
e045550e-8830-4492-8ed1-ef5f48ab4892,10 000,1.0,3,161333,6.0,482e8e26-2c50-4de7-b990-91172da05e0a
8d46d0e4-ade4-4b3f-baba-fc2693671570,Lasciarsi e andare,1.0,12,173199,5.0,
db8913a9-e743-4830-8e03-40351c3e609b,Bad Trip,1.0,15,309306,3.0,
fc1dd4f5-5daa-4fc1-bdc0-65cadbe32348,Estate Albina,1.0,19,202666,37.0,
1af78987-9d3f-4156-a583-0c45353dbc15,Vicinato,1.0,19,202666,37.0,
26c2c0b1-4c52-439e-96d1-13294988ba70,Conto Alla Rovescia,1.0,14,280786,27.0,
e377ec2f-40ea-4866-9e91-569e3677973e,We Gon Make It,1.0,18,291400,41.0,3e7c05c3-6ff8-473b-9827-9a7fb5d0c35b
99728032-0972-45d7-b3f3-90cd73c59485,Re Mida,1.0,19,202666,37.0,
9d618609-e4fa-4260-9786-2b233e9c95fa,Fumatore,1.0,4,230600,6.0,
aecb456a-a66d-4fee-8762-c5f6e802aa63,Rimmel (Regola Uno),1.0,2,238685,31.0,
03db5cc9-c83d-49c1-8108-42fb03e36e0a,Blocco,1.0,8,218000,4.0,
600df39a-a5a6-473f-bc0e-6cdc3c1d4b4b,Smartphone,1.0,19,202666,37.0,
517d69c6-ef6e-4c35-8d94-52192942f50d,Opposto,1.0,19,202666,37.0,
aba5602e-7c27-4144-9dc3-f007e3f52351,Otis Freestyle,1.0,3,197813,20.0,
8b7e4737-2ddc-4053-98cf-67afa76aa6e7,Ferite aperte,1.0,14,256933,2.0,
da58cda9-7183-4b0e-8a4a-9bd98bd2b7fd,Cheesecake,1.0,19,202666,37.0,
8441b100-1f10-4a9f-a387-fa06be00a8cc,X,1.0,15,236333,3.0,43a1ef1f-39e1-4645-bceb-16a8e8871025
5061508c-db2f-4c33-b23a-76092eb1862a,Personal RMX,1.0,19,202666,37.0,
2acfe314-9615-48f5-9294-47df6be8165b,Numeri,1.0,19,202666,37.0,
6b120ff4-0f0d-410b-a881-e4e3083fc83c,OK,1.0,5,141500,5.0,66370605-c821-43b3-9835-5adcf5d54cdd
347b7d97-448d-48eb-aa09-cbf1ef9fc603,Gombloddoh,1.0,19,202666,37.0,
1b7d8a59-962b-462c-9e71-938c19c564c3,Gesù 2K13,1.0,12,212413,21.0,
6e033a58-d1d5-4369-bea5-de353880819f,Fumatore RMX,1.0,19,202666,37.0,
85c9dc5e-6ea7-4d69-b002-d10eb4e7d6e9,Chi Non Muore Si Rivede,1.0,6,363733,4.0,494cea60-1345-493f-9577-fdd8d5781f5e
86ebcca9-f0f8-4d41-8f78-26a8cad5dbc6,Di nuovo in crisi,1.0,13,254453,2.0,
1fbfee99-b509-416c-9981-a74bc9e976f5,Spacca Le Doghe,1.0,3,197813,20.0,
aae5464c-6a75-4d90-849d-ffa91e481dfa,Tatuaggio,1.0,19,202666,37.0,
7c0321b8-ef51-48ce-851b-e87c8cb1300f,Vai Giù,1.0,12,212413,21.0,
b23c65b9-25bf-4a4e-8bf8-e62df17af0ed,BEAST MODE,1.0,1,121507,23.0,0c6ab93e-8c28-49d0-8cfb-c2ca3f865c2d
083111e9-9e98-44b1-b423-ac9dbbe0916a,Non credo,1.0,7,222600,2.0,
d4102da4-ec2f-4c1b-84ae-06237e906c7f,Funny Games,1.0,10,195334,5.0,a3c68241-9ad1-4472-8a25-771f3e9bcade
f64b3904-3e19-46a3-a49e-b75736f87fc6,Solo Tu,1.0,19,202666,37.0,
7fa31b6a-deac-4056-bbb6-2b49305784bb,CLICK CLACK,1.0,3,116193,23.0,
c1aba722-8bb2-40ba-a160-9e9000bff431,Samsonite,1.0,19,202666,37.0,
cf050fec-d8b9-4d0b-8d51-d7c35e7503b1,Vrum Vrum,1.0,19,202666,37.0,
67999b6e-7e97-440d-9c04-84712a9d4d98,La Legge Del Più Forte RMX,1.0,6,363733,4.0,
1d509aac-7059-41fc-99d8-568c0fcbe1a9,Non Arrivi Fino A Qui RMX,1.0,12,583917,24.0,e2cd9570-ff3c-4cdd-a776-35401ea5df0c
519dcdce-c362-4a5e-8cbf-89b4177d4df5,Una Volta Almeno,1.0,1,221403,72.0,
92a46e99-73c3-463a-b576-c34c23e7f410,Colpa Dei Sogni,1.0,8,183589,0.0,00d04e7d-aebe-45f2-a7fd-106cdeb056a6
cc32af4a-8af4-40ed-b8f5-db5677dab546,M.V.S.,1.0,20,516786,53.0,
c1007fd9-7e14-41c1-8c53-8a418cf8452a,Io No,1.0,12,212413,21.0,
d65249a4-7352-4b35-b8fc-ad439d544030,Spaccagambe,1.0,19,202666,37.0,
3627d255-4616-45eb-899a-1a07e7b3577b,Fanno,1.0,10,111426,1.0,b3134cf0-9b64-4406-a592-d29b027fa671
5f3d3400-e087-4f0f-95cd-ef04de01ea72,Smokin’ Intro,1.0,3,244813,6.0,8e69cd6e-a472-4068-ac43-46efbec37cab
39ced9e0-84ea-45c7-aff8-5f47fca48e26,Gimme 5,1.0,6,363733,4.0,
7c638a01-74e2-4e48-8cf5-902073cfd946,MARATONA,1.0,2,162166,20.0,
8d52620a-bfcc-4a26-8b4c-b6eaebd8d2e0,Non Ce N’è,1.0,9,301680,0.0,ac9e4817-5406-4236-a8f6-3d47ceac6e76
9ec3e367-f33f-4957-815b-61042bb52f39,Pourinho,1.0,19,202666,37.0,
7f2745f4-8134-491e-afc7-f328e4b2b507,Viaggio Nella Rovina,1.0,8,253280,0.0,bec02520-7187-435c-b2a9-dd2945e8d0a7
70b98c7f-637d-4442-9a21-5dee97c67d36,Grandissimo,1.0,19,202666,37.0,
2e954758-30ab-486f-be4e-0020655842de,San Francesco,1.0,19,202666,37.0,
4ba30346-f582-4fef-9928-96b5523495f5,Come Gira,1.0,12,212413,21.0,
1ac28b75-a379-4d5f-b78d-2245dc4b2c8b,Reckless,1.0,8,179466,10.0,c132fdb7-5723-4052-8d2d-ce000ea8f560
707c7174-5cff-4d20-94ad-b403fa218549,Angolo Di Cielo,1.0,10,111426,1.0,
b34aad5c-432e-494a-bf1d-24754605212e,Non Noi,1.0,12,201456,4.0,53f05aee-8417-488c-98b9-124620b6fe93
10239dfe-7ffd-416e-9b19-8776886abf0f,Roby Baggio,1.0,19,202666,37.0,
92e7fef3-9868-4e37-a3f2-1c82bc5c9953,Hula Hop,1.0,3,197813,20.0,
65ba53ad-a22e-452a-b679-665b7b9fb341,Piantato Giù,1.0,12,212413,21.0,
678b33ff-8b29-4178-8636-a683e9e20335,Non Ci Fermi Più,1.0,12,212413,21.0,
c4ba7290-fe6b-45ef-9593-5238e3815543,Chiama La Volante,1.0,10,111426,1.0,
4e7f9641-ee7b-449b-b9b2-95c90cbfa5d4,Sono Cresciuto Qua,1.0,12,224417,0.0,80d3d0d0-f00f-42bd-ba30-2b922519c7d5
9a2a5136-83ef-4365-86c7-ce6370de3795,Facci Passare Alè,1.0,17,210187,9.0,
8dc66261-fe3e-4a3e-894f-ad36088f51ee,La musica non c’è,1.0,6,222794,68.0,26a9951c-eacb-4656-9a69-4184c4aaaf66
70f6e2fa-c90a-4b6a-9c32-ca8d4c946e79,Le luci della città,1.0,10,179076,65.0,
aceab29d-90e8-4641-9b39-5b40ceb02647,Taciturnal,1.0,8,174000,61.0,
1cf44eb1-dde3-44d7-9902-2f794a94a22b,Faccio un casino,1.0,3,196807,64.0,
f031fff7-59cd-4248-8e83-1c47e7a18070,E yo mamma,1.0,4,201857,56.0,
c14f0c23-d410-4e0e-bd7c-189df6f08c86,Jet,1.0,7,178932,45.0,42035974-d8e3-4435-9cc9-0fa36fa072cf
2fb9d217-82f7-4232-a4ef-fc5c5ed03164,Lovebars,1.0,3,165906,60.0,72211efc-a29b-4e36-8fe4-58983683d3b2
54a555cc-9ba0-4073-a938-128dce50d91c,Parquet,1.0,5,217846,41.0,
21c5db75-8b88-48af-8443-1b0158c53924,Occhiali scuri,1.0,9,248678,39.0,
a81c0a9a-e936-43d7-bf16-5dac07fe86ee,È Colpa Tua,1.0,5,230093,59.0,f8b64069-d4b0-466f-b16a-d1f741b3020a
43f85e69-ed35-47b2-b5ba-e0cd250ee1a7,Ciao,1.0,2,221484,43.0,
a40de2c4-e4c2-4fdd-b5c4-c722d631a08a,È sempre bello,1.0,2,203880,62.0,1f886f63-c351-45a3-89a4-13719536f43f
080b25ed-a16d-4f97-9223-e1b96ea67e2e,La tua canzone,1.0,6,192040,63.0,
09f2a174-604d-4d75-9e16-c2535a40b703,Delusa da me,1.0,7,197814,41.0,
882ea8f3-7133-4056-9a2d-839df69f076d,Mille fogli,1.0,12,199187,36.0,
d178f961-e24a-4b12-8e22-ed90c385c9d6,Un sorso d’Ipa,1.0,11,210556,34.0,
e0a4ee26-e776-42dd-8384-4534202694b7,Catene,1.0,3,175826,43.0,
773996c7-29bf-44c8-9c7f-806bafd16c79,Domenica,1.0,4,201546,52.0,
01c05780-8b6e-49e9-ac45-03fa312d6677,Le parole più grandi,1.0,11,224931,58.0,
bf3c5087-56f8-4139-a640-3ed707b9616e,Lontana da me,1.0,2,223053,48.0,1ff24e0b-3432-4df5-ad69-3a89e53ba6c8
77f35954-7f54-41aa-858e-c34e6a846d9c,Pezzi di me,1.0,8,207630,32.0,
c5f5dc63-4d39-4354-989e-380f9d95d732,Sono stanco,1.0,1,155532,79.0,
7bb93865-1d30-44a3-ab69-20048e22143b,Crack,1.0,11,226549,49.0,
c51d3273-010e-4a60-aa5d-0c6d7c73c9eb,Still fenomeno,1.0,1,177328,33.0,
32a847ee-2a08-4e86-81a7-2c0b14ee218c,Fuori di me,1.0,5,250880,36.0,
3593f1dc-73c7-44a0-b600-1a5d8f1ade8d,Ali sporche,1.0,4,226506,44.0,
0180896a-42c7-4060-9296-f16e5a6ef4f6,Come nelle canzoni,1.0,8,212897,56.0,
abcdc0ab-275f-4339-be3f-e1c836b9c79d,Aeroplani,1.0,10,229880,30.0,
c26fbd85-bf29-4e87-a2c3-eb4ae982ba8e,Mal di gola,1.0,1,171666,32.0,
e62677ec-83bb-406e-b07a-37d7ab833e5f,Costole rotte,1.0,9,202000,28.0,
36ac1a77-4cc8-4721-9f1c-cb0645a8a196,Nella Casa,1.0,1,118254,40.0,
b3780cfb-1cd0-4fd6-887f-d4719a5cd685,Terra bruciata,1.0,2,165729,53.0,
f99a6a1d-d2ca-44ca-8615-467b5686539e,DM,1.0,9,194786,48.0,
e2425ef0-d335-4e55-b776-c3b5bb16d720,Gratis,1.0,7,215320,33.0,
771bc74a-0d9a-4cda-8786-3bcca219c519,Fari lontani,1.0,4,173706,41.0,
9634f162-13a1-41ee-8512-7a6145188b73,La strada è mia,1.0,7,234374,27.0,341600ba-f3f7-4448-b937-ea4722bca773
a45cbf0e-de01-4126-b9de-713670b207af,Mal di te,1.0,1,179366,60.0,db333180-03ed-421a-9c6e-c31e03e38f55
f27a54d6-a407-4891-9ff3-c6ed2a2e48f9,Occhi rossi,1.0,6,177310,57.0,
435a63f3-7b61-425c-aa6e-7bc8f7d852cb,Vorrei portarti via,1.0,7,287680,32.0,
a3240ad8-ad77-4220-a381-11a18379f65d,Vai con Dio,1.0,9,187506,30.0,
7121f689-da5f-44c0-897f-abe008412fcd,Niente che non va,1.0,11,224931,58.0,
cadd5f1d-f8a0-46cc-ad57-006a03737f85,Mi sono perso,1.0,7,148764,17.0,495add5f-50d1-4cc9-a6f9-385ae949112a
e306d6e9-ebaf-4743-93d7-6a506edbc52b,Sesso e droga,1.0,7,211966,40.0,
564c8416-b1f3-4f13-aff7-39f293b6f0b5,Verso altri lidi (Uomini di Mare cover),1.0,2,165837,67.0,
9d3b0bb8-0010-488e-8ab5-3afc3e0c226c,Era già scritto,1.0,1,118254,40.0,
f73edd12-4a42-41a5-a2a6-97366f17d9c7,Siamo morti insieme,1.0,6,179400,44.0,
aa6f7e87-f5a6-4439-bb94-9107e148f61f,Hangover,1.0,1,192133,35.0,
6521c09d-2dff-483b-8da9-199c2d76bb03,Flow Easy,1.0,4,189966,31.0,
ea843819-c2b4-4c17-817f-de3436f65891,Cosa mi manchi a fare (Cover),1.0,2,182500,35.0,
5eace2b9-1e56-44ca-aaaa-7f10d50aafff,Niente di che,1.0,3,194415,36.0,
a585a574-7aaa-447d-ae0d-bbd3a5e0cbaf,Vetri fumè,1.0,6,227636,40.0,
b570c35d-0fc5-4bdd-919e-c89506a254a5,Mamma Roma*,1.0,9,140869,65.0,
c86dbf8a-0947-4987-b9d3-b363d3d5defe,Incredibile romantica (Cover),1.0,8,153000,27.0,
379e5ca0-8f57-437e-9708-9aa11816052b,Ninna nanna,1.0,8,143173,26.0,
a7d12315-7663-403c-82af-f24b99d1393a,Ol’ Dirty,1.0,9,168034,35.0,
852bc66b-0d39-4581-9e2d-6b1de2336910,Ti manca l’aria,1.0,1,192034,66.0,560ceede-062f-4f18-8d66-d3696e09e9fb
809154f5-025a-4024-8014-bfee454f47f7,Figlio di nessuno,1.0,9,246350,12.0,75fc467c-b874-46e3-a630-7097677d0797
f9212672-c980-4c69-8599-dbc174512cbb,Casse rotte,1.0,12,242378,32.0,
878f33a4-8bb4-4e2c-a7ac-0bda6e9ccb8c,Aspettative,1.0,12,174986,39.0,
b2dbbdba-a2e9-41a9-aa8f-2a65948170a8,Chiama Me,1.0,5,229710,44.0,
d365faa7-f99f-4e8a-9e36-f3f9ad0ddd76,Alta marea,1.0,5,171903,60.0,
c83b8ce3-75d1-4b70-a397-bba15bca057f,Cielo di sabbia,1.0,1,194516,74.0,
bd3a7d5f-f02c-44c8-85d6-bac898e83afe,Qualcosa di grande,1.0,2,161432,60.0,942fec28-f35e-4b0c-b9d9-989353cac4d7
edd01d46-1bbc-461d-9609-5b0dd066a431,Una luce alle 03:00,1.0,10,157413,46.0,
b2cfbf69-232b-4c18-818a-507a4357cd7e,Cerchi con il fumo,1.0,5,174737,34.0,
e32b5c54-bf01-4315-8da5-25c3f2976473,Fra le nuvole,1.0,3,174265,34.0,
2ed88afe-c657-48a4-ba21-7b494ef6f09e,Ti sposerai,1.0,8,231390,33.0,
4516175a-aea3-4646-9608-212fbbb0776f,Non erano fiori,1.0,2,223053,48.0,
6688b51b-f0a2-4bdd-9240-9366ccd461b9,Margherita,1.0,13,163413,38.0,
6d72c269-ba9b-4964-a11a-5e376f560667,Che colpa ne ho,1.0,8,164333,53.0,
5501c66e-7435-4cda-bb94-ab1f7c7dd54f,Forever alone,1.0,9,206013,30.0,
ea5e6265-d743-4b6f-87da-7ffa65e592d9,La rabbia dei secondi,1.0,2,191093,28.0,
8c8f0ecc-259c-4d22-a518-cab3f84cf394,Local Heroes,1.0,7,132716,38.0,
cdacdce3-f240-494f-b00c-5473099c950e,Con le tasche leggere,1.0,4,193000,30.0,
4cd7f456-4462-406b-909c-5a25c9df8545,Tre fori nel cuore,1.0,7,183079,5.0,cc9aff87-15ef-481b-9190-878e47d89a93
7d7ffa17-b5fa-4fbd-8c8d-40bd48527641,invece no,1.0,2,267120,22.0,9f351a11-1337-49bc-bc50-297aaaeab460
f973a88b-3d52-4bf4-b0e7-222ceabd81be,Dramma nero,1.0,5,318880,24.0,
ed32ad2e-ecb4-44ae-a417-cbb65e4afb74,Wu-Tang,1.0,1,145966,30.0,
d3e6a281-2017-4672-bbac-e64983e923ac,Bomba a mano,1.0,10,195374,37.0,
eab98c0d-032c-4664-84e8-c8f6a29faca1,Se esiste un Dio,1.0,11,173973,37.0,
205f701d-3c31-4b71-83bd-9ccec7ce8ac3,Le cose che non ho,1.0,6,226906,82.0,
4046b40a-b4ff-4399-8ae4-99fe6f43ae29,Stalker,1.0,4,199880,14.0,
e113b3f1-d258-4898-bc8f-3ceb8eccd456,Buona fortuna,1.0,1,193500,24.0,
c918ef32-6759-460d-a30b-7f4f95bd9756,Dove finiscono le favole,1.0,5,205194,23.0,
0db66b90-9a87-4a1d-bd26-0cee6d580395,Faccia da rapina,1.0,14,241540,30.0,
617416a6-b8ed-4dfa-8cfe-3afb7bea6594,Via,1.0,2,223709,24.0,fff6b716-d179-478c-bcf1-0b18ed48543f
c0991ef3-a3f7-4bcf-a8db-bfeda7c68cb5,Quello che so,1.0,7,273489,20.0,
e0f58b8a-5b26-43d1-bbb4-4a0d45687a4b,Cassaforte,1.0,11,224931,58.0,
9fafbc58-94b3-42bf-9107-8e8d3d0ebb76,Testa uragano - From the Rooftop,1.0,4,212000,30.0,
12a22d54-5b56-4a3f-b4e2-5d6ba1082f6f,Essere liberi,1.0,2,196525,43.0,
ab8bbe5b-f74d-44b9-a710-11eb5d523ab3,Still life,1.0,1,198545,24.0,
66c3dd1b-9a08-4452-90c2-7640f6207258,Circolo Vizioso Royal,1.0,11,218253,33.0,
1b891482-5769-4a30-8485-32067f1d75c5,Nei treni la notte,1.0,3,181789,43.0,989f21ba-8378-45bb-b616-2ba032f96649
8b5bcd0e-c98d-4aaa-b1e8-4b3db3c1f5a9,Almodovar,1.0,5,171903,60.0,
91a73261-c675-4cd3-854b-e7f0c0a59174,Oh no!,1.0,3,177826,22.0,
3e745f13-0f19-48e5-8bf3-f37f43439640,Buona fortuna - From the Rooftop,1.0,1,193500,24.0,
3457d694-ae10-4383-8688-b38e28f20df1,Volare,1.0,6,177310,57.0,
377c796c-abec-4c05-b949-31c6b01f39c3,Torcida,1.0,1,174628,65.0,ec42475b-dfe6-44aa-9e4d-523aa8242e27
8a50f8db-d3d6-42d3-9fe4-f1614899286f,"Fra le nuvole, Pt. 2",1.0,2,159520,32.0,
5430770c-8b0e-4796-99e8-bf59a1f5afe3,Roma di notte,1.0,8,201722,54.0,
c38226ec-54f5-4643-93fc-0a11496be1d0,La strada è mia - From the Rooftop,1.0,7,234374,27.0,
2aa92381-85f8-48fe-8d06-571ad1c0d382,Intro Fenomeno,1.0,8,212897,56.0,
833e9303-a0c2-4b3f-a4e6-3d646d1a60ba,Fuori orario,1.0,4,190222,29.0,
26b59310-e2ab-450d-a6cb-21f0099bd4f8,Balla con me,1.0,1,140160,73.0,43c9da8c-d841-4e94-bd91-9060c85c1c63
d17e9dc0-7711-4bc7-8d8b-d53b4f9fc90d,Pezzo di cuore (demo 2004),1.0,1,140816,75.0,
59e61edb-4fea-4c6a-b495-47a1f1218a18,Lontana da me - From the Rooftop,1.0,5,227750,36.0,
5106b3ed-eb57-41dc-a944-a36a578ab30e,Tutto normale,1.0,3,209666,14.0,
aa3eb7c3-e453-4e81-bf66-29d92524eb8a,Costole rotte - From the Rooftop,1.0,3,200000,27.0,
3850b052-a343-426a-8bc6-d1de89411fa1,Dentro al fumo,1.0,3,155816,53.0,
fc07b7d8-562c-4841-81e3-467fa094c1a0,Estate 1998,1.0,5,171391,52.0,
18988e79-3980-47ee-824c-86baca543f4f,Nessun tramonto,1.0,1,144000,52.0,
d09ad9e4-d25f-47b6-b711-326d3d214e40,Va tutto bene,1.0,2,182245,76.0,
6707c276-e3bc-42b7-b242-c28f3f4d77dd,Fenomeno,1.0,1,177328,33.0,
6058c78c-7ad0-4d36-8abe-7a99adef4fa2,Senza mani,1.0,1,105520,13.0,
5cd43737-f8d5-40d4-828e-a34f4729c8b0,Non dire no,1.0,4,176333,51.0,
ca08d837-531c-4876-aaac-f82630c2defc,You get ready,1.0,13,256000,95.0,
39a66cb0-bba0-4255-9d59-bc2e6e02863e,Sparati in faccia,1.0,7,223834,79.0,
5bfd11dc-1177-4934-98db-b30260c87a06,Mr. Nobody,1.0,9,183536,50.0,
c6b4da2f-1528-487d-b692-adbd887df744,Sei piedi sotto,1.0,2,245853,75.0,
bee1f8ac-5f07-4d99-adeb-7ce227f7ea96,Senza te,1.0,10,168377,49.0,
17db23ee-788d-4d60-8792-a0fd3fab105f,Non c’è più nessuno,1.0,9,246350,12.0,
490a296f-ce94-43dc-bf2d-683d197b5243,Mille miglia,1.0,1,207313,73.0,a0f530ac-97c9-4066-a4e4-56fdba39fe78
058db6eb-746d-4230-a071-d445b73e2fb2,Margherita - FTR2,1.0,13,163413,38.0,
13872434-cca4-4796-8b05-39f84c80590d,La tua canzone (Spotify Singles),1.0,1,216112,31.0,
4681fb5e-7ee7-4c77-8dc5-4549932e0dc8,Sorry mamy,1.0,1,118378,7.0,96f09440-7c13-4a96-9a93-165fc4ccfc82
0faa2ee8-cd23-478c-b1ea-43c004e1bc7b,Il tempo vola,1.0,12,208448,48.0,
fbc0f94b-c824-4a73-a63c-1cdf5672d1b7,Spingo dentro i monitor,1.0,7,273489,20.0,
2e7cb58c-7e3e-4b08-8b66-ec787556e8ed,Volare (Freestyle),1.0,7,132716,38.0,
cb71f783-4cb6-4c96-b622-fec7612c1d23,Inverno 1998,1.0,11,172640,49.0,
0d563899-446d-4467-8242-b8d8ca1b047d,Intro,1.0,1,64527,9.0,
8c28d5c8-bc26-480a-9e2c-019d4f0bbdb4,È sempre bello - FTR2,1.0,4,224483,9.0,75afe89a-da73-4ccb-be27-4e28ac73a358
d0571a56-c462-4d7d-b7e6-8881f2dbb954,Le luci della città - FTR2,1.0,4,212000,30.0,
9ad9f95e-aa6c-4199-b0c3-8de153bbedab,Da Grafic Revolution,1.0,5,230093,59.0,
dfd68ded-80e2-4e36-a281-1262017dc184,Essere liberi - FTR2,1.0,13,265454,65.0,
ac6f99ff-37c8-4316-a6ee-b664ce924aec,Follow Me,1.0,1,222000,90.0,4d63edae-edf8-4c33-aaed-4ced726fca96
1ce46cbf-8b28-4e01-b7b4-ad09d7ce27aa,Faccio un casino (TJ Unicorno Extended Mix),1.0,2,322702,1.0,b2a20f80-bd34-463a-b2cc-0f54dc46238f
0fc1b2f8-de9c-4adc-a2db-3e5277adee8d,M’ manc,1.0,1,180000,72.0,
08b10242-140e-4acf-850b-526a354daa3b,Non Ci Sto,1.0,1,183529,59.0,c6dc80bd-5a4e-4295-aa5e-65f05a3761ff
ca66d237-3261-4468-95d7-e9060c0c6d98,Kriminal,1.0,1,196714,34.0,5b7dc12e-b9ac-4557-937d-e46262a16142
cd596bf1-51ce-48c5-a8a7-c94f6c05326a,La Mia Parola,1.0,1,170161,72.0,e17d063b-3a1a-441f-975c-c7b58386b989
c13484c9-7f94-4ad3-a30f-a34c54b35505,Hope,1.0,1,171111,49.0,04fa6ccc-f2ba-499e-a9d9-c9dc3a1b97ea
13d3efdf-cfbc-4109-bdaa-ab1df4fd23d0,Cuore,1.0,1,202588,49.0,082bdbe1-6a76-4d32-949c-ddd4360536eb
dbf65696-9a69-4d61-ba71-2184ef464bb9,Spirito Libero,1.0,1,180150,57.0,85e56564-c3aa-43ad-b637-ad41e1623a71
8fecd52c-d284-48d8-9f59-864cfecdcb7a,Dai dai dai,1.0,3,265746,17.0,
9dcc8f2b-255d-47f4-bdda-3c00467fd61a,Immobile,1.0,1,276546,9.0,
cc539eca-1732-4ee5-bb7b-67991e06a01b,"In Your Mind (ft. Micaela, Charlie Charles)",1.0,9,202440,37.0,33aa2a4a-ea44-432e-b3b6-7321be3fab1a
13df97c8-4ca7-43e2-a2a9-c7daae165598,Pimper’s Paradise,1.0,1,213333,9.0,19eac864-03c1-4222-abb1-c4c6ca25d2b8
fd5234bd-3dc0-4cea-891e-da2355466d3d,Per Scaramanzia,1.0,7,166983,63.0,b3eea7c5-fb47-4bcc-ad2b-583ff5c6587d
25d5cd13-17d6-4a2c-8d52-9712ad76f87b,Count On Me,1.0,1,223093,13.0,df88c1b4-d779-4d04-8bbf-c476f9d57fa2
59c69a7e-59eb-4ca2-8565-0f8b1d11cc7b,Timeless Spirit,1.0,1,212960,11.0,58d69569-147d-44bf-8d4f-2bd10aaab142
a65961aa-6925-4b97-8b06-545a3ae749c3,Intro,1.0,1,90750,7.0,59713d36-3bab-44ae-970e-52424550f020
8b6d3d6c-2faf-4b1d-b2c9-113a43df454c,Chessplaying This Dame,1.0,2,241133,9.0,
3c9b966e-15e7-467a-bec4-98a7c8d87a4d,What About The Meaning,1.0,4,230933,8.0,
32dbb761-d840-4e1d-ab14-c8305bd17c13,Miss You,1.0,3,237653,5.0,
a25fb0f8-3c87-416b-bd93-4181b56ae957,Your Last Chance,1.0,8,156773,1.0,
4fa1df58-0c86-4fbf-9c8d-ff5aa95a5a29,Melody Dream,1.0,10,324840,3.0,
bb7dd555-174b-4d92-8ebf-f79154329f78,She’s Dope,1.0,2,227066,6.0,
4e1c62fc-280b-4b41-970a-a659260edf49,Amor de mi vida (Amazon Music Original),1.0,1,265299,29.0,73fc50cd-3982-4026-87f1-f1b2dc6ae695
fafb663f-f873-4cd7-8e23-0c292702d92a,Wineflow,1.0,10,102026,8.0,
76447068-fe25-44a1-9b87-eacb002967b6,Your World,1.0,14,533040,1.0,
07818680-0596-449f-bcf8-cfd418d0b892,Remember,1.0,5,209426,4.0,
8049550b-3c30-4bdd-964b-075be3ab9244,Who I Am,1.0,4,209600,5.0,
a19470fe-00f0-463b-90ce-dd227885154a,Away From Me,1.0,3,183893,1.0,
8d8b66b3-a4ba-4213-9ac7-36655e03f1ef,No Love No Money,1.0,9,231920,2.0,
08cd0b32-f927-43ad-9171-3e1410509a3f,About You,1.0,8,246200,4.0,
07199f7e-f4a2-4fa6-a412-d7877c3dd30f,Los Impresindibles,1.0,5,215906,2.0,
73ec1597-1813-49b5-8b4f-da4ce61996e3,Joy,1.0,13,283386,3.0,
b768433d-e4a6-439f-9865-3a97d7e6093f,Got to Be You,1.0,9,229093,2.0,
09039870-56ec-4f65-8958-577980779b6e,Heat,1.0,11,230826,1.0,
36f7c70b-79a7-464e-b88a-b344d56e6265,Skyscrapers,1.0,7,275493,4.0,
c3e2bf1b-250d-47fd-9be6-bda9e78d9c9f,Introducing Avantguardia,1.0,1,90750,7.0,
ed78c1ef-4293-47d4-87ad-53eea0fbb4e5,The Answer,1.0,12,176840,1.0,
feb33f0d-1de7-41ff-ba78-1bd157ca747c,Superstition,1.0,6,255453,7.0,
8f4c4110-3075-417e-8290-288c7916b17d,Like Before (Honey),1.0,7,235613,2.0,
b8471a9a-1d64-4709-92c7-2559a06fb8db,Intro (Demolizione 2),1.0,14,211373,2.0,f68ac119-0ced-428e-9c73-2a1e002628c5
0b48d03b-e9d0-4776-be11-2c32114ad9d5,Golpes de Realidad,1.0,1,152659,0.0,0376fad4-6693-41f9-9fa5-cdd6c84a353a
9ffe1971-4895-4aea-8b57-93fa3d8545d1,Veleno 6,1.0,7,205125,58.0,
a9a11628-dc0b-4f37-a5eb-905fde28d766,Bolla papale Freestyle,1.0,2,126000,50.0,
b6880619-47b4-4b55-b7a0-26fdd84e7fdc,Trapano,1.0,2,173188,44.0,fce63632-aacb-4e6f-a565-d77644a21c0b
755d3993-381b-41f7-b5d6-a80ae55133eb,Intro,1.0,1,131447,45.0,
457bc75f-6a91-41b7-b087-7d16c6359021,Centro,1.0,8,184304,54.0,
0965bfc8-e384-4d55-838d-9e1745fd4417,Non esiste,1.0,11,248051,36.0,4159375a-95af-4088-88b8-cd8295585b3a
f7b00d8a-cff7-465f-a9e0-9b4952406eba,Salsa,1.0,4,227682,41.0,
f3b94dca-c6cd-4d1b-9dd6-3512d610d640,Il momento,1.0,6,213030,44.0,
65096d25-b96d-40f2-a17d-4d76747bf12a,Veleno 8,1.0,8,182473,49.0,
0d8262cd-fb2a-4b21-9821-1753b3debecb,Patatrac,1.0,6,196400,42.0,
a2540997-e6ef-45a3-a44a-813090fe3cae,R8,1.0,1,108272,44.0,
83e6b416-a947-438a-b14c-7400b97e1f14,Hollywood,1.0,6,199553,43.0,
20cff9db-6b7c-4848-b4bd-6b3dcf184fec,Mignolo,1.0,3,135136,44.0,
db9ed7ec-a159-4ddf-a712-2607b34f02b7,Numeri,1.0,6,132950,44.0,
f9444bcd-3bfa-4fc5-8e1b-7d318ade6074,Ramadan,1.0,4,209446,39.0,
52027ce9-9e44-4ba1-9cc9-0332c8b73624,Ciò Che Fa Per Me,1.0,5,166250,52.0,
20643881-09e2-4870-a7ee-6d9a48660d45,Mary Jane,1.0,5,220800,47.0,
525ae687-c143-4f3e-ad6c-805822f1ca66,Baby Blue RMX,1.0,8,237333,23.0,4551ee7a-325d-4284-9ed9-3dc73f3dce20
dcdcac9a-51d7-493c-9fc7-9ca72e6082bd,Solo con me,1.0,4,189850,38.0,
90cf3c27-b83c-45c3-b4e3-e0865b705e6c,Devil May Cry,1.0,5,184610,40.0,
8e983803-4990-4ae5-8252-451ba16455ff,Mickey Rourke,1.0,11,233023,43.0,
eade2093-6493-4914-839e-de66ed6cc04d,Doppelganger,1.0,2,172500,42.0,
9fd94115-170f-48a6-a47f-dab43b29aeac,Escape From Heart,1.0,8,268973,8.0,e1fecd4a-2448-42af-bc79-4e3f77594bdc
0276dcad-1c33-49af-9756-d7c008991bdb,Lo Rifarò,1.0,1,183797,68.0,96701d99-d517-49ae-ad3a-cfb9d767f020
f0c1faff-2699-4aa7-bcd1-1dd0e5be1503,Come Ti Fa Mad,1.0,10,187615,45.0,
01060fd3-a6c6-41d5-8233-b65f02074857,Successo,1.0,3,199200,41.0,
2eb0414d-d5dc-4db9-9f06-234b0fa9842a,Fuck Girls,1.0,1,234725,61.0,c1ab7146-9ed0-4056-af37-9377e4ad826e
cceadd00-280b-4de5-b126-51cc0cc7d608,The Hills RMX,1.0,10,345466,17.0,ebec3b50-92b5-4632-b95e-accce2dd7e2c
8a0a2983-dbb9-4d0e-98ac-85c106f74fd7,24/7,1.0,8,167659,43.0,
3b6ef740-4084-44af-a652-c4582ed59957,Storie,1.0,10,164625,49.0,
792923f6-01e3-4adb-ac33-149cb0ef288b,Kournikova,1.0,1,124835,36.0,
efceeb27-822f-43b1-b48b-70ff4b2a7a0d,Defcon1,1.0,10,103824,40.0,
bc794b7c-a04c-44f8-b08d-59f52b185837,7/8 Sour,1.0,10,163027,37.0,
ebfc27a5-f236-4aaa-843e-3f8127589f4e,Supernova,1.0,7,226704,41.0,
3baa1d7e-d8d6-476f-bc19-1f9de02136a0,Niente Proprio,1.0,1,177061,38.0,
24bd21d9-3fe4-4f23-bcd1-521b87b67727,Fuori Piove,1.0,13,186000,38.0,
a27d8ed0-294e-4182-9db7-0d88c76f2b8e,Niente Da Dividere,1.0,9,183875,38.0,
63b490b4-0bf8-4407-a2a6-9afc80d073a8,For Honor,1.0,1,155359,33.0,6c2733e1-605b-4a6c-985d-a45e2614348e
08d93b8d-3a37-46fe-9a05-9500d741e069,La mia tipa,1.0,9,175085,38.0,
607f47a0-0c3d-4198-8884-c648ca4d10af,Ludovico,1.0,2,135136,35.0,
66a08a31-d3ed-4f05-8144-0fcca6b541f0,Extraterrestri,1.0,7,207124,35.0,
11e83b97-21f6-4e56-ab98-f492b82863fd,Nel cervello,1.0,9,200983,35.0,
3033dc69-5085-4b8e-8076-5927275965a6,Deep Freestyle,1.0,12,312626,83.0,c8dfa6d4-9365-4ba5-b422-db8ade49e140
edfd37ad-56ba-4962-b6d6-0d1edba4f6f8,Beatrix Kiddo,1.0,4,145636,33.0,
d4f64b46-3c78-4800-ae38-7e48d950abb7,Plenilunio,1.0,1,211662,41.0,
a6ba8528-d118-421c-a2fc-521fbd38bfd8,NLS,1.0,2,126000,50.0,
b0cc6a74-80e9-492d-bcbe-124ded48ae95,La Cosa,1.0,3,129776,37.0,
2eec350e-e89b-4b08-bb52-c2dc92c77de9,Chillin’ Rmx,1.0,16,165953,44.0,
c17437bf-1936-46aa-92c7-9d1fdf332df9,Intro (Scusate Il Ritardo),1.0,9,260001,46.0,
c781b449-19a2-4dc7-9a0e-cbf146128229,Vai bro,1.0,13,181695,33.0,
83b9e456-6e9b-47a1-8a96-fac710044c7d,Queen Rmx,1.0,9,182727,45.0,
b500c167-2060-43f2-aebd-fce44f5cb562,Solo Per Me,1.0,5,178624,46.0,
85908810-df41-410c-9b15-30ca0e8be549,Dopo il rischio,1.0,12,157713,31.0,
70702027-5f51-4fda-93a3-ba619f6fe050,Hot Pot,1.0,6,125334,37.0,
d074f233-b096-4825-b478-08b9d9708757,Tutto in un giorno,1.0,3,222775,35.0,
f2bfc4bc-a8f8-4d08-9ffb-39de7bf4261f,È solo l’inizio,1.0,8,190409,67.0,b396d727-486f-4ff0-9f7f-60bb07934583
e45a624f-5b41-4fbf-827e-0e93616fb14b,My Shit 3,1.0,2,201266,14.0,7960b0e3-a2d5-47e1-8931-651768164fb0
5b277187-b259-4ca0-8925-bdd6ca1182dd,Jacuzzi,1.0,1,100214,37.0,
ba1ec091-7f46-4c9c-b479-f961c52733a5,Non credo,1.0,7,198021,31.0,
a0310c90-501c-47c1-a5df-5bc3c640c409,A/R,1.0,6,332229,75.0,e22e8720-4461-4a94-9dc8-7c2c33e4b383
a5d99a76-23d4-4d86-9346-154b6e8b842d,Perry Mason,1.0,14,134318,32.0,
8d719db1-284e-4a46-8327-4a6463f80914,Occhiali da donna RMX,1.0,13,265454,65.0,
974f303f-cfc7-4713-a065-482b6a946a78,Il Traguardo,1.0,1,212148,72.0,
ddef3067-7734-4a7c-ae51-47955c3005e4,Uova D’Oro,1.0,11,213063,31.0,
35d3711f-f8d9-42f6-a2a0-07551d0a9ea8,Vero o Falso,1.0,4,147412,35.0,
9cee26d0-de96-4303-aa40-5bbcd72dc922,Mi va a puttane il cervello,1.0,1,168057,0.0,a372dabd-8a6e-47a5-80e8-f3d25c38e24d
1b90943d-53f9-4ee0-9824-37c10af469e7,Like This Like That,1.0,9,157395,39.0,
3f9ba80f-68b5-47bf-a6d9-853c2db6c8dc,Top Player,1.0,8,148166,38.0,
f4f65d98-4b76-446c-aa6a-69c17b8c6c17,Migliori dei miei,1.0,8,202432,32.0,
5952c72c-d162-4fb7-a9b9-da8de0d7c9ea,Chillin’,1.0,16,165953,44.0,
219bf945-6b55-48bf-aac5-84ff832e2874,Dead A Pussy N***a RMX,1.0,9,315391,1.0,1efb14cb-7763-4972-9a65-a4cc1b122652
9ba5e37e-46f1-4ef0-9fdd-5aaa0947b01f,Trash Music,1.0,9,203728,0.0,c254c2a4-8e2c-459a-bd94-461db84a6b52
8c2feb9c-3ef0-4582-9113-13bb3481cdbc,Tutto apposto,1.0,10,213167,31.0,
e2ac1854-ed8d-4910-9870-eeaaaa7a07d0,Utopia,1.0,5,190352,48.0,
46d62e5a-7c2e-4203-85c7-1bfbd1f56a2e,Garda,1.0,7,141508,38.0,
07e1d220-f6fc-4124-b530-e5f3489f27dd,Stiaah! RMX,1.0,8,184304,54.0,
06535fba-8295-47c2-9ed5-6ae037a13a80,Questa Merda,1.0,1,170000,55.0,
08f89a1b-08ef-40f8-a73b-8188ab7ec80f,Bruce Wayne,1.0,2,171060,44.0,
7db5af6a-1fee-4728-9a05-ddb181e74d59,Jon Jones,1.0,8,144042,42.0,
aaea1020-33b6-4206-8936-7643b4d5fba0,Audi,1.0,11,125471,31.0,
5fded29b-0656-48a7-98ea-2031631377ea,Gaudí,1.0,12,174232,38.0,
43b5349b-13a5-49ba-b523-5639a3bbc16c,Grande,1.0,12,140707,33.0,
2e427451-b92e-4536-9500-76c4b4e06787,Lonewolf,1.0,3,209558,41.0,
65306c9d-a35b-42f7-a12f-071e2cafd595,Fresco fresco,1.0,10,175090,30.0,
786c1ca4-e3dc-42e3-b67a-92c4b484be1f,I’m Gon Win RMX,1.0,1,1878254,14.0,3e9e1c01-0bc4-48d1-b18f-b0bc79b84a39
74e8b968-edcb-49d2-8a5c-185cd61cf4b4,Rainy Trip,1.0,10,345693,10.0,67711b3b-dcc3-4f31-b9c2-d8721d95df01
a8f6a81d-8750-41f7-9088-da63a4db0eb1,Comodino,1.0,12,127909,33.0,
8ad39760-0ba6-46f6-92c0-351f7adfaa0e,5 AM,1.0,6,207979,0.0,0b29b07f-e374-47ab-9c3f-8a3dcd05384b
94573864-f2a5-4128-8c49-37fcb0b7a7bf,Underground,1.0,6,305410,0.0,538a734a-86be-4813-ae37-2050d11de7e9
4d5a82d8-5d06-482b-aec1-4de8fdcd375a,Madtadone 2018,1.0,13,166000,54.0,
179eb74f-545c-48d4-84ff-f92be9dd915d,Quello Che Cerco,1.0,2,246780,44.0,d97a1108-b54e-4bf8-b6d7-58a0368d8700
376d2b58-d178-46c7-87af-db0b7f54e65b,NSFCM,1.0,14,121989,33.0,
8745fee3-e743-4388-8e30-38be737a5444,Serial Killer,1.0,7,135340,42.0,
9ab1a773-27cd-4c2a-b07c-4028d203e8b2,Niente Di Nuovo,1.0,15,156284,35.0,
cb31327c-18a9-4d6e-a9bc-b727135b622e,Dopo Tre Giorni,1.0,2,172500,42.0,
69ac2a61-da76-48f2-b634-1bddfe35224b,La Partenza,1.0,5,204375,67.0,
c1bbf7ba-9156-4372-981d-df1adeaef5af,Alfredo’s,1.0,13,163313,30.0,
3164c923-a4e2-43d6-8669-53b72688547c,Dammi Luce,1.0,1,191824,31.0,57c6ad9a-5a50-4927-bce9-360ed2e173f5
6da29026-1e47-469c-8f7b-155a5396bc44,Psicodramma,1.0,10,191233,40.0,
f807487b-400e-4d6c-871b-74e44fe026bd,Madtadone 2016,1.0,1,131447,45.0,
3e9189b0-7fdd-4fd9-ad92-e3b3df631e8a,Perdono / Dylan Dog,1.0,14,202791,39.0,
c501d68a-f94c-4057-bd7e-711e6e8e92d8,No Entiendo,1.0,6,129873,37.0,
0b824c52-68be-481a-ba81-689fa1d060f2,Difetti,1.0,11,142612,41.0,
cefb7d2c-812f-44a5-8dc5-166b408951c5,Soprano,1.0,4,150869,40.0,
62ab7526-ce76-4ca2-bbf7-d377991f8520,Questo è l’anno,1.0,1,212148,72.0,
9e9e0da1-2ab0-42f4-8b56-8074906ad49b,Demoni,1.0,13,172679,37.0,
77ac9aac-a9d6-4cd2-9559-aa5e511c64f8,Gas Pedal,1.0,2,226937,61.0,
94be9d67-b85f-4a5a-80c1-bec09d55080e,Freaks,1.0,1,400592,0.0,5c33fd60-e503-43d7-b4f1-a9551d87178a
75e0fee0-d94d-4986-a256-444988d0d54d,Guarda Mamma,1.0,9,307245,42.0,
832cd200-eb9d-4f8f-878e-24b9c8bd3352,Honiro Exxclusive,1.0,2,246780,44.0,
b7904b04-1017-4208-a265-d5b01710affd,Good Vibes,1.0,12,199410,36.0,
e9fc9766-3152-412b-be50-efdd04577d4d,Pay Day,1.0,5,257133,43.0,8aff1ba8-932e-47a3-9373-5beb612c27be
b4906a21-edaa-4ae8-bfb3-cc9ff5b9cba3,Bunkerino,1.0,13,166000,54.0,
113274ad-ae51-4def-8c24-4682682ee55b,C’ho Flow,1.0,10,187615,45.0,
2d05eaf1-dfd1-4d2c-9e08-f84bf1782f80,Madtadone 2013,1.0,11,196520,11.0,e3659187-ceaf-45dd-9bc9-27110ad4d8b4
8e6b2a7a-588c-475d-9e8f-b81bf31be0ac,Senza Finto Bon Ton,1.0,2,238533,63.0,
849d2d94-73b9-45b0-a2ce-cacf4b21f102,WTF,1.0,3,207874,0.0,b2827a1c-d9ab-4ee0-b027-f40778d1f190
ca4cb0a2-05d6-4f90-bbc0-de697b9d94e5,Weed Porn,1.0,6,228734,22.0,5bd3d7e4-21f3-4f4b-aae8-b921408a5678
58abcc5c-fbe6-41d7-9730-38205d71debf,Sono Un Fantasma,1.0,2,246780,44.0,
9c6eed12-7a8d-431f-9794-3009e3377da8,R.I.P.,1.0,6,165585,45.0,deb2a97f-bf76-4cae-9761-152b97202e3c
71154c92-82c7-4279-bef6-dbb53ec870d4,Madtadone 2012,1.0,13,166000,54.0,
8d5f6641-c2e0-4a33-8f9f-dc36bbc970e6,Gin Tonic,1.0,9,175507,42.0,
5fe6dce0-2117-4f0e-bf1c-f4cf0a0c3222,Numbers,2.0,7,304223,0.0,138afebe-dbba-4f73-ac03-0f8a493f4934
b0a9fdcd-a8a5-4c60-8fdd-b520eb06e0e0,Molly,1.0,8,155133,55.0,
b3b406cb-3ae2-4e12-95b5-2f87ba2a8662,Madtadone 2011,1.0,1,131447,45.0,
c39323cf-f9d3-46d1-b9cc-f7d94c821f75,LAVA FREESTYLE,1.0,1,119111,33.0,37f093fb-3666-4b31-b7f0-5ee346374216
d4a4d11e-25a8-49c2-89f3-16bdff27aa6d,Tutti Kings Online,1.0,1,1878254,14.0,
c7748bfc-4c06-474d-b850-878dc5a25463,#CoCo Freestyle,1.0,4,174922,7.0,ef5a0592-dda9-44c0-8648-c02e795742fc
17d3422b-2b23-47b6-9010-efc083e268bd,My Shit,1.0,9,216818,0.0,fc404e62-5e7d-4497-9957-e8db0fa97757
61857d8f-339f-439e-b4a6-7d6e07d1913c,Madtadone 2015,1.0,13,166000,54.0,
bd1664f1-dbc7-4387-b476-605121dae223,Raid,1.0,1,37066,8.0,d6c93322-62e1-445d-a5bf-aa1f4afeb909
32c3b1bb-3dad-4628-862e-b7fcc7c4baf3,Free MadMan,1.0,2,126000,50.0,
7cee0b9f-97cb-474f-90e9-e386c104bde0,L’Alibi Perfetto,1.0,18,238666,32.0,
14386d69-4532-4a67-a7aa-2a2ba4acd258,Tra I Peggiori,1.0,13,178064,66.0,
eeb50d2e-2739-48aa-8b0a-e8851eca25dc,Zarria Cock-tail,1.0,7,275653,2.0,a3c307cd-d3d9-4993-bd5f-0415ba6279e8
bc7f6cb0-3451-4b46-9e86-05cbdf1fc3d6,Fino A Tardi RMX,1.0,10,180137,75.0,
1fc257d1-455f-4d4c-b4b2-3eb285a88474,A Millie,1.0,18,169466,48.0,f17e3b64-0e8e-47de-aceb-e23f812e04cb
ed3ee342-2b25-4d63-9237-9be0ce559ec4,Madtadone 2014,1.0,1,230625,5.0,3cc41277-f136-42a6-a306-7c826d9476b6
ce73763c-46e5-4d17-aa56-7b1c46aedc30,L’Odio Dentro,1.0,1,267313,70.0,5252b1ac-607d-4c32-a201-61c230271b7c
2bd6c2ea-73b4-4a39-aa5b-66df68d772e7,My Shit 2,1.0,3,106811,0.0,4ab529be-f5d4-4866-943b-63c95544e9e4
7b5e64e1-ded1-432f-a23c-15dd21bb4573,La Minaccia,1.0,11,150349,67.0,
4cfc2363-8a26-476b-8bc3-beed3c04c024,CIA Killed Me,1.0,16,172640,12.0,8f8e0ae9-780c-47bd-820e-f057ef8dfea4
d32c731c-aa08-41d7-a68e-97dbec20d208,MadNeda Freestyle,1.0,2,317668,38.0,90bbdb20-1886-407f-9fe8-7a79cc1ffd0b
9e8c02e5-a8e6-4b97-b857-09aa3d1c0537,La Volta Giusta - Red Bull Posse,1.0,1,321517,45.0,fe8f640f-de52-4b6a-9dec-f105789742fb
49542cdc-2634-4c8c-8e28-7273015e6839,Una Più Del Diavolo,1.0,4,209446,39.0,
3bf8f678-002c-4601-a26c-08692a84a662,Trash Music RMX,1.0,9,203728,0.0,
2b0446f5-c939-44a6-a9e6-5527bed73c00,Lo Specialista,1.0,5,165080,14.0,b88c2f1a-ec01-4cde-b842-9b93ef9853d9
0dcdfef3-3c82-4965-8910-077218ecef37,V.I.T.A. parte I,1.0,9,307245,42.0,
d14af730-b27d-44dd-8933-949a6c8cc067,Questa Merda RMX,1.0,2,182245,76.0,
55f3674b-b58d-4720-b1bc-a0dd59df7fd6,Riscatto,1.0,13,166000,54.0,
9b647355-bef6-49dc-9571-befbae053993,V.I.T.A. parte II,1.0,1,140816,75.0,
7b87046c-88f5-460f-9d56-98467db927f2,Notti Di Provincia,1.0,5,284480,61.0,39b7b2e1-5cc9-406b-9ec6-45a2fbacbe3b
a6f7cbb1-63fe-4549-95fc-1f453537dac7,Non Basta,1.0,9,307245,42.0,
b92e82dd-f058-428f-a699-108894af3450,Non è per te,1.0,6,226906,82.0,
df128ee2-b74e-48cb-84ce-176706678492,Lo sporco al sud,1.0,10,181104,12.0,008427fd-f014-4a04-a9a3-18a9cd480381
823c30c8-cc5a-4e41-9932-96a418584389,Act a Fool,1.0,22,180333,42.0,91b7be17-2dd9-4187-a071-a85670c24c13
6c3c788e-de66-4579-bcb6-69dd0423ad20,La Rinascita,1.0,4,190594,40.0,802a3291-1f6b-49db-a36a-af995980427d
8e1992e5-3cc2-4512-84de-8c5bae5ecc2f,Chi Può,1.0,2,246780,44.0,
138c4c8c-c834-4e59-bcc8-7ed80e6928b3,Cypher Freestyle,1.0,8,149970,27.0,6cb4533c-cc40-4024-8d61-c46b2df5b6d4
c1ad98c8-36be-4284-a851-8b784bffeebb,Non esiste (Sun Version),1.0,14,161896,27.0,
d78d3972-4f02-4b51-b92d-dc2d8d39d60e,Il Momento del Riscatto,1.0,1,207600,2.0,cddb483d-c717-4330-a2e0-2a0ec125e257
d63a3b9b-c2ed-4edf-a057-0f48bc5e3fdf,Pentiti,1.0,8,184304,54.0,
8edcbe30-9cba-4f82-a0f9-c9bb5ea5eeb6,Devi Ballare,1.0,1,179545,64.0,
ae216087-c540-4848-9c25-b6bcc82e0e72,Covid-19 Freestyle,1.0,1,186566,5.0,
386c74af-8fe0-408c-8214-bf6f6f020321,Cripta Massive,2.0,1,123181,8.0,65f6efb5-6046-44c2-9dee-56136e9861ec
d0c94f13-4d4e-4848-bf62-3c6bf534d5e0,Sotto il Bus,1.0,6,226906,82.0,
4be240fc-9b30-45e0-aad5-710f060af551,Enigma,1.0,20,516786,53.0,
d21f22a0-3cad-4814-ac28-899b6ed4fe19,105 Mi Casa Mashup: MadMan su Babushka Boi,1.0,7,205125,58.0,
a475e693-49be-402f-a6e1-5fcd159640d1,105 Mi Casa Mashup: MadMan con Numeri su Wow.,1.0,5,191999,70.0,
f61b6d01-fe12-4cf5-be0d-4a608907ec6b,Ne se obrushtai / Не се обръщай,1.0,1,190918,38.0,00348fe0-87d7-4374-bfbc-ef210892fc6e
7df28131-2dae-497d-96f2-1710abfbbb40,La Bella e la Bestia,1.0,1,271463,45.0,9a9b9e58-1bde-4e40-b7a6-4c3950435538
80f6ab0c-4bc2-4838-9754-5b40da0eef1b,Ulalala,1.0,2,266960,52.0,58003517-696e-4c48-bf2f-5db1f142d3cc
1dff9573-a6cc-440b-8375-8be5699ecea9,Cenerentola,1.0,17,317173,42.0,
5bbdbd47-67f4-472e-aa8e-40c851607b20,Rolls Royce,1.0,4,173345,56.0,
8df3beff-98ef-4538-8aea-f9495f2ca759,Penelope,1.0,14,228280,45.0,
36b8e965-a350-4800-9ace-08d902a998d2,Playground Love,1.0,22,254306,29.0,
77ffe9b8-db3c-4b2e-9abe-bd4a81b28787,CCL,1.0,12,281026,38.0,
d0dcda42-b4fa-46da-988b-bbe8548453a8,Bonnie & Clyde,1.0,4,234294,38.0,d93981b7-ca95-4796-a666-97a7658a3e18
71173c9c-cb3c-4bf7-89e8-89e9e5e36d66,Ora Lo So,1.0,5,260714,33.0,
982a1665-99f0-427d-985f-2daaa7911125,Scelgo le Stelle,1.0,6,329862,34.0,1b091b97-be94-46e3-9ee1-15bba77ae4ee
ee3bd0b3-5034-4249-8823-daedfef2b8cd,Teatro & cinema,1.0,1,230426,34.0,
3d656122-9403-4cd5-95be-2c480a0833e0,A casa de Sandro,1.0,19,233586,39.0,
cbae5a9d-3528-41c7-81e4-1a170c121b78,Non sei come me,1.0,11,185573,30.0,
4818a1cb-b28f-472f-8146-984668ac1a98,Purple Rain,1.0,8,159240,47.0,
05215008-c8d7-4bfa-95f4-feac28cb710d,Incoscienti Giovani,1.0,1,204811,74.0,16bf946e-900a-44d8-a7fb-3c4f86e87ce1
87542ade-8833-499b-83e2-17f204297418,Mamacita,1.0,3,205520,40.0,
8d3f2a02-79c0-4f0d-9f75-9d53b5869956,Ora è per Sempre,1.0,7,295952,26.0,
cddce7eb-766a-476a-9e6b-65647589fcdf,Occhiali da donna,1.0,15,252800,33.0,
0b528b48-9ccd-4112-9257-7016a4953849,Maharaja,1.0,6,230613,45.0,
71015dcc-1f90-4a81-a49b-c9c38f85baa3,Amore mi,1.0,4,205090,33.0,
aa8ff6b0-5050-45a7-a767-2f94e4684491,Amore & grammi,1.0,10,248160,35.0,
e7b74a7f-c48f-4f58-823c-1c5976784e51,Barabba II,1.0,12,267535,51.0,
95d4065e-0934-47d5-893c-1a9b8b310eed,C’est la vie,1.0,16,193150,60.0,
4b9e1eab-6970-4123-ab9e-4358996bbd78,Ammo’,1.0,13,205186,31.0,
5eadaae4-de39-444e-b63a-9dbe6b446976,In Paradiso,1.0,20,240626,37.0,
b440139c-c9c6-4fbd-a77d-dd6e5a5a265f,Ragazzi madre,1.0,2,266960,52.0,
ac0bfdd5-0b98-499f-ab70-3851cd0e7213,1969,1.0,11,209538,52.0,
ac4571be-4d34-4cee-808a-bf2b556b1408,Ascensore per l’inferno,1.0,14,212280,32.0,
3ba2d8a3-19f2-49a2-9c69-abf3ad6ef63b,Me ne frego,1.0,6,221437,59.0,
73d9f730-5abd-4859-af08-ad03fbd9bade,Perdutamente,1.0,1,244244,67.0,
d45b9f0f-ec9c-4aa2-a521-bce923584570,Amico del quore,1.0,8,179520,35.0,
387f2c54-a63c-425e-8d03-0f80d0374411,Angelo blu,1.0,1,275093,33.0,
7154c89c-b90b-4440-b818-84630186a6ef,Dio C’è,1.0,13,198064,30.0,
f195b401-d21a-40e8-8314-85b205dd7d05,Scat Men,1.0,2,225956,42.0,188b7995-2eb5-4e95-bb57-d4a4bbc75751
fe7a796a-c307-48c1-8fd1-d537343d05e4,Pusher,1.0,9,313000,25.0,
6d221730-173b-43c7-9b35-a479fc7310de,Wow,1.0,16,298026,32.0,
9bf10ed8-7592-41b0-b152-54b1fbe7ee24,Cristina,1.0,4,259769,57.0,
08998c5e-c616-480a-86b0-749b6838b3c3,Latte in polvere,1.0,5,203320,31.0,
d0f18de6-9843-4ac9-a616-7664230556ce,AMOR,1.0,2,177348,78.0,
603ce4ae-9c57-4d8e-974b-b3f5715ed47c,16 marzo,1.0,3,233492,69.0,
4a93f5f4-6871-40b1-96e1-3c8169fde540,Midnight Carnival,1.0,12,184920,31.0,
732317d6-4a55-4f9b-985a-736b589d4174,El ninho,1.0,10,173800,29.0,
ab16f7f4-1990-4a10-88d2-e93973aad141,Profumo da donna,1.0,9,196186,30.0,
1091198a-fd83-4b5a-b2ca-58fa96e08a5a,Dove il Denaro Non Può,1.0,6,263330,26.0,
f4fe5d1b-0958-4880-a058-52ecdae486e5,Bvlgari,1.0,6,266306,30.0,ea06b10a-f355-4634-b849-9137f288caf3
1cc7d38b-62ce-48d2-afc5-7701eddc0fa8,Dio Ricordati,1.0,14,220000,25.0,
b2c81b3a-475b-46d5-80ce-e0cb690f8238,Roma,1.0,10,163350,32.0,
8d213ab1-546b-44ab-b2ae-9a8b23527faa,Ghetto Dance,1.0,3,268974,23.0,
a35aee32-5631-44c2-aa9a-cba12d68000d,Lost for life,1.0,9,267633,21.0,
a83afcc6-3711-4420-a568-b5cfa1e12558,Dolores,1.0,9,159000,27.0,
5865467b-ced1-4fd1-8a30-371309ca133d,1990,1.0,1,237682,46.0,1507c86c-58da-4187-82a5-6b57cf3be324
284e77ff-7972-4ed9-96f8-1c3395207952,Prega per noi,1.0,2,250000,25.0,
b3271960-67e0-4e2f-9156-599c6cdbc77e,Bam Bam Twist,1.0,2,174638,62.0,
2ec33e58-2979-4d05-b486-9946a189d783,Real Royal Street Rap,1.0,5,230365,34.0,
3eb089f7-fd86-47cd-94b9-2ffd0a2bea24,BVLGARI BLACK SWING,1.0,6,266306,30.0,
19008619-cd07-4f2d-928d-fd8ef9bfaae1,Amore Disperato,1.0,1,188918,68.0,635fdd01-6b05-42fc-875c-0edd641aaa18
b2cd1450-8611-457a-924c-a3034633dce4,Burro e marmellata,1.0,6,151800,26.0,
d4321ca3-2551-4e63-852d-6bb2e4de7abc,Ghost,1.0,8,284142,21.0,
e277a3b2-f9c9-4f05-82f8-c3379726e9f4,Summer’s Imagine,1.0,10,191727,27.0,1073ed41-ed51-40ff-8efa-07a5d00d8bbc
e7b22891-26a7-4fde-8bd9-5c0b33e16203,Miami Beach,1.0,18,197240,29.0,
3aedc4c0-0a1f-455d-ae87-07afa2e6f7a3,Di Nuovo Maggio,1.0,10,249500,26.0,
f917abd6-aeb3-4538-884a-7957e7981ee0,Ragazzi madre (Prequel),1.0,3,105613,25.0,
e3103f79-88f1-4f7c-8a9a-c04096fd3848,Je t’aime,1.0,12,209516,33.0,
a6dcdc64-014b-42c7-b544-1d8c33563425,MARILÙ,1.0,6,250830,55.0,ea25785f-e407-4914-89d5-b5ed17d6f6c0
10aad189-33f1-4ba7-afe7-9ac2527d5247,Zucchero,1.0,9,185684,37.0,
41e4658e-c788-41d6-bc24-6c127e739e70,You and Me,1.0,8,221053,27.0,
379dc239-b20a-4ea1-a6ca-2cac8bb6fc1c,Sweet Dreams,1.0,6,179751,51.0,
25825089-6de6-481e-8ef0-d48e3da0bf67,Blu,1.0,12,238885,41.0,
136fc0b9-7ea9-4d3f-8d86-41fd77378552,Barabba,1.0,12,267535,51.0,
fe534de4-d189-4ac5-862e-6e221ce66780,LAURO,1.0,2,177348,78.0,
a9f62fae-8a87-4551-be5d-c2938502ef2b,Bed & Breakfast RMX,1.0,15,229500,26.0,
7754114d-ce77-4cee-95ee-6dd593ec1aad,Roba francese,1.0,5,180960,25.0,
9ffaca67-52c5-4811-9ef8-6671243e1870,CCL (Prequel),1.0,11,24693,0.0,
0279fa65-a953-4413-921f-7f32c47248fd,Scusa,1.0,15,210666,34.0,
58b331fb-9074-40e0-baa1-256d790dad40,Dannata San Francisco,1.0,3,193742,60.0,
1d9409e9-51b7-4344-ae5c-19940d0a1a35,Un Sogno Dove Tutti Muoiono,1.0,3,226500,15.0,ac640122-9536-45f4-9fad-3bf1289d0809
f67bcca6-ab3e-4a9a-8e84-a0b0de9d0462,Contromano,1.0,3,218615,20.0,
927784a5-22ab-413f-8443-c983957c0146,Insalatiera,1.0,15,246990,28.0,
b4e8b017-a749-4f7a-b997-f98af7d44e47,Sexy Ugly,1.0,13,177300,30.0,
8f3c70b6-88af-4b6b-9e30-c8ced943780d,G,1.0,1,204811,74.0,
29a570c4-5687-4427-abc5-6e43275fb116,COME ME,1.0,6,213983,46.0,c26c85ee-aaee-4f85-9ef6-fd548050f3ab
499d3b9f-7552-49a1-8f1c-ccd3197d45c8,Santana,1.0,14,161146,16.0,
5457ce3c-19bf-4467-8201-168749be4789,LATTE+,1.0,3,191614,40.0,
d86d541b-b57d-4eea-9090-9f96ffa841d9,Scarpe Coi Tacchi #2,1.0,5,174800,31.0,8694b63c-02e4-4bb8-bfea-3eb9c4d717dd
30cda428-c284-4609-9877-8f8a6ad2086f,Fragole,1.0,1,209621,66.0,bf593c4c-3ced-4323-8262-987950aa6aa4
b9d3d82a-e3bf-4df4-9905-2d684543aa2e,Cadillac,1.0,7,153129,32.0,
132846c5-8bdc-4e62-a51b-e6e3618d5cb4,Delinquente,1.0,14,156483,30.0,
2dce083d-56ed-4eb7-8b8e-5172157bbf67,Banda Kawasaki,1.0,1,191682,48.0,47cd79a4-b6b7-4ec7-8ea5-0ed5f315f9ec
5dff8316-aa7e-4b73-ad44-f9e95cc68347,Tu Che Ne Sai,1.0,4,176100,20.0,
3d4bb0d7-93bb-45b5-8d67-06392a15f49f,I Wanna Be an Illusion,1.0,14,215132,27.0,
243fdf07-563b-496e-a673-a54830f6fe96,SOLO NOI,1.0,1,271472,48.0,2dde28a3-3a82-4154-ae18-521b78f782e6
6749d4ff-4ae6-401f-b5f5-5213812d27b1,Barabba III,1.0,12,267535,51.0,
85f78a69-a303-49f4-a696-f6a47c4ebbd8,Il Giorno Del Ringraziamento,1.0,5,176000,78.0,
c3ec115e-83cb-441f-9968-7f484b4deb83,STRIPPER,1.0,1,173013,42.0,2e64c3d7-bb48-4dc9-91e9-64cde74c714c
b25e79b3-5a75-4007-9a21-b3b894094b04,Dio disse,1.0,1,124133,17.0,
5980c6bf-ba3c-4f9a-8348-907edbf20dd2,Ragazzi Fuori,1.0,17,258000,23.0,
6d634268-a7a5-4982-9f90-dacacce0aa85,Lacrimogeni,1.0,9,185759,52.0,
9d237c00-6f68-4282-b759-27f4ccc7f111,Las Vegas,1.0,7,196835,17.0,
6e1439b8-8a95-403e-a3c3-30bcc919a6b6,Nessuno,1.0,11,271209,18.0,
fa68fa08-8be6-4213-87d7-583b7c6444ef,Drink Lungo,1.0,13,242230,15.0,
844f6ee5-fb6e-4b48-b36c-a064b2670c1b,Pessima,1.0,3,193093,31.0,
632a6513-c75d-4c1f-9090-15d5e2e8b9ee,Maleducata,1.0,1,172794,43.0,
e7f9df74-ac9d-4d27-8195-d57bbec5055a,Motorini (Amen),1.0,5,230365,34.0,
497c6ee9-eafd-4924-afb3-ca877d1dc1fe,SABATO SERA,1.0,13,230452,40.0,
c56e46ca-f00d-4906-a56d-cc007c04d735,1990 (Back to Dance),1.0,2,210767,38.0,
077bdd5f-1267-4d64-9ba9-f40c4efd5cff,Hollywood Boulevard,1.0,8,219044,22.0,
85367172-0832-4ca5-80e4-5654d79b2693,Walk Of Fame,1.0,8,222456,56.0,
8e32ce3c-b609-4a76-ab75-b83856ba4396,DOMENICA,1.0,1,190939,45.0,aa730669-fe6a-49cf-8d1e-741673ebf1f3
44b2ba5a-e8a2-498e-b397-37f9eb90d162,Scarpe Coi Tacchi #3 - La Fine,1.0,12,232164,8.0,6ecad014-a377-4821-86af-8e0bde4a6954
34c6e260-aabc-480d-a1e6-632e1e7ecd31,Rich Forever - Testamento,1.0,16,252191,17.0,
6ef77767-11cd-46e7-9bd3-964f7ce42e24,Tu Vuo’ Fa’ L’Americano,1.0,4,191813,36.0,
2c30b5be-b84f-4484-ac57-509812b78718,Chicago,1.0,2,182320,26.0,
b59ac475-deb7-481f-a743-013ac949684a,FEMMINA,1.0,7,176709,40.0,
b92c68cd-9a9b-48bc-9849-14b15a592a21,STUPIDE CANZONI D’AMORE,1.0,12,185550,42.0,
37ad2167-f52c-4607-a618-40f4cb8e12c6,Memento,1.0,9,185759,52.0,
18664c9e-a0a2-4448-a6fa-9dccb4221789,Scarpe Coi Tacchi #1,1.0,1,145565,9.0,920a36db-8e84-4a2a-beb9-a42dc3b04ccf
cc0c588d-9507-44cc-a431-628a78bb1e99,Giovani Crimini,1.0,9,185759,52.0,
21c14c84-9094-45bf-a217-b31819182ae7,Disneyland,1.0,21,148106,25.0,
06420b68-7293-41fb-b4e9-b7d7589ffbfa,Young King,1.0,1,118000,18.0,
bf26cb52-bf83-435b-8278-1efae2d0cf65,No Twitter,1.0,10,222075,16.0,
ce412482-cfd9-4af8-877a-72eb2e9b9a6b,Neanche un Giorno a Scuola,1.0,11,210966,19.0,
170fc248-faa8-468d-b8a0-fd2a5f2d9b87,Gloria In Excelsis - NEFASTO RMX,1.0,9,150416,1.0,0e82a429-f14b-4d51-aafe-8a04fef7a934
335e6c32-7d21-48be-a0d3-09bc639ad576,Vivo come fossi l’ultimo,1.0,10,209552,71.0,
fd303d46-08a0-468f-aacb-8bbed919fa09,BARRILETE COSMICO,1.0,10,216866,27.0,
1c534488-26b6-4df0-8478-4112ac787921,A UN PASSO DA DIO,1.0,8,222725,42.0,
85491775-ae7f-4e42-9036-5840cbbd6f9f,Groupie,1.0,12,189660,17.0,
9389bd44-2977-4b30-8622-f5f171d14603,Hotline Drin,1.0,9,185759,52.0,
2433be72-4ff9-41f3-a3dd-989502d0c4b3,Pantaloni Verdi,1.0,9,185759,52.0,
a11915d8-db60-4273-9c67-d24d1923362e,Cadillac 1920,1.0,5,156720,23.0,
c25cb9f0-84cd-459d-a435-46f11baee52c,Fiori Di Papavero,1.0,5,159042,54.0,
bb8e86cf-7da1-486f-9366-a91e5944a1f6,Nati Da Una Costola,1.0,10,180905,52.0,
c620dcd5-9f23-4e31-9815-6875e7f84403,Macedonia,1.0,17,142222,16.0,
fd1db269-a077-4aa5-87e2-8fd1ddbd9c03,My Funny Valentine,1.0,1,177280,20.0,
4b4ad85b-0a5c-4cc2-9c70-c78d2b738d09,La Bella e la Bestia - Unplugged Version,1.0,1,271463,45.0,
3dd557ed-d540-4d82-b6bf-677278e41fe2,Dirty Love,1.0,9,219756,52.0,
a6379600-5541-41c0-8831-5a4953ab2da5,Santana Pt. 2,1.0,2,177348,78.0,
a412ab9f-9fa9-43cc-bbfe-e03f3415f7bf,Grimey,1.0,10,210160,10.0,
da25cc40-d86c-4a57-813e-7231b92a09f8,Armani,1.0,9,185759,52.0,
ab527abc-440b-45f2-b143-2d66eb90228d,FM 90.91 - 3 Ore a Notte,1.0,3,62056,18.0,
f7be3b60-c2ef-4241-8174-5568e5a4b094,FM 19.90 - Amore in Pillole,1.0,1,36501,17.0,
18ac9fe2-0743-4d01-b63a-7efd943f2032,Piccola Sophie,1.0,7,209200,22.0,
d5e99ab3-cbc2-4447-9a73-7bb37744061a,GENERAZIONE X,1.0,6,159851,25.0,254dc7a5-63cc-4b15-9409-71828f68decd
affb64c1-eca7-4ce5-8774-f34d1ddf0088,Rich Forever (remake),1.0,16,252191,17.0,
a8f127b0-bd0f-42bd-8d73-25314f3ec32a,Polanski (Freestyle),1.0,14,197853,24.0,
43ca39e4-f9b1-4cc0-a5bd-120df49e3fb0,Stupidi Ragazzi,1.0,1,208786,54.0,b20280a5-8fa7-4328-8d2f-2463209d3f3b
dcc9e88b-2384-4399-92af-bdfaa427f859,Regazzini,1.0,9,185759,52.0,
5ce619eb-53c0-4513-906f-5120a4c6a544,Clockwork,1.0,9,185759,52.0,
15a9e382-81b7-4ede-87e3-0d561da478c3,FM 92.93 - Dissonanza Emotiva,1.0,5,45643,16.0,
636b3850-c912-4e96-994c-1d4a72e270ec,FIORI ROSA,1.0,9,227125,48.0,
99d59482-106b-4cdc-995c-7861fb70fbe0,FM 98.99 - Il Banco degli Imputati,1.0,11,101559,18.0,
772bf6f5-bbea-4ca5-80db-b982e853151c,Happy Birthday Mr. Kennedy,1.0,11,172821,50.0,
33389719-b6d2-43d7-989f-b4462d22e0c3,Jingle Bell Rock,1.0,8,145386,22.0,
ae241309-53fb-4094-acdd-afb7e19ad3ee,PAVONE,1.0,11,173953,23.0,
4691fa76-f4ea-431c-ab55-84bf9aefaac6,Tra Gloria E Paura,1.0,2,189120,62.0,
92b0727a-4ea7-40bb-8214-db1ecc82def6,FM 94.95 - Re della Misère,1.0,7,34615,16.0,
b97410e0-bda7-480c-8e0f-92e2001395bf,FM 20.00 - Non è Shakespeare,1.0,13,34458,15.0,
c925cb66-da3f-41c0-8781-b36c4b5a8b95,Medley (Cocktail Tropicale + Di Che Cazzo Parli?),1.0,9,227370,9.0,1c1bf049-8f4e-4a36-870b-38b4bf7f5fef
37bcd57f-d0a5-405b-8e5e-9e7403bd9c03,Exodus 23.1,1.0,9,185759,52.0,
c227ec7c-4a1b-4692-8094-dff1d53d717a,Malato Di Vuoto,1.0,9,185759,52.0,
3074e5cb-9c1b-4970-a01d-429006043289,FM 96.97 - Ave O Maria,1.0,9,18372,0.0,
f1f1de2a-775d-4fb4-9456-94686c671ba4,IO E TE (ANNI DA CANE SOUNDTRACK),1.0,19,182697,41.0,
c8df1f40-b613-4cc2-a379-566911244004,Tutorial,1.0,9,185759,52.0,
f8058f2f-07b9-4a24-8533-9747639cc867,PREQUEL,1.0,1,31907,21.0,
475a4fc1-53bc-4d62-87e9-ec0572712c03,Playground Love (Ragazzi Madre),1.0,22,254306,29.0,
9996aa40-2d58-4eaf-a199-3fec3b44ac66,LETTERA DEL MONDO ALL’UMANITÀ,1.0,1,68866,19.0,
367af895-71de-491a-8395-e84123b880e3,Perchè L’Ho Voluto,1.0,10,210160,10.0,
97eb089b-020b-42e3-9fcc-62b5ed80ef85,C’est la vie (2020),1.0,5,163314,71.0,
afa462d2-1309-4c1c-83e6-8914569484bc,DIO BENEDICA CHI È,1.0,4,51263,18.0,
286d5df8-d1e7-434b-a177-1befd05e1bdb,Che sarà,1.0,1,186343,53.0,9cdf8f6a-abe6-49ca-82a1-d2a1c446829b
4374fffd-afa2-4332-ba33-c0beecf48741,DIO BENEDICA GLI INCOMPRESI,1.0,9,39173,18.0,
ab26f355-ac69-41e1-a13f-de956e116ad4,Intro,1.0,9,185759,52.0,
61d57e9a-43bc-4701-92ad-b38dfd5d8747,DIO BENEDICA CHI GODE,1.0,7,44333,18.0,
93fb28a3-3a52-4301-81a8-2e8cecb1b701,Bear Grylls,1.0,9,185759,52.0,
6f1ed63f-408a-4d47-b050-75ab824c12c6,DIO BENEDICA CHI SE NE FREGA,1.0,13,49760,18.0,
76ea8fb0-00d9-44a6-8ae3-3ee028918026,Massive Attack (Outro),1.0,2,202464,4.0,c4ff9b2d-ec28-49f3-8208-17e106e283f5
bd4ef4ba-84d8-4c3b-ac90-5324d15f698e,FOXY,1.0,1,158214,32.0,
932862f1-e00a-4f07-bbf3-0e442cea3347,"DIO BENEDICA SOLO NOI, ESSERI UMANI",1.0,19,66719,17.0,
de1c02de-34f7-4449-b283-56e5a27a1a59,La Febbre Dell’oro,1.0,1,161860,52.0,32ff6c96-55f8-42f6-8be0-33e6fd3968fb
6cb770e8-ae16-4d7d-8c08-30a121c0180d,Good Am1lliee Freestylez,1.0,3,233492,69.0,
c7bbed86-d85d-4f38-a585-f5912456d6d4,RICORDI D’INVERNI,1.0,20,102069,23.0,
7c146fbd-ba2b-4053-8d0b-ceb100c886a3,ROLLING STONES,1.0,5,180280,29.0,
ec289df9-be66-4db4-b3f7-d263c6e402ee,Purgatorio,1.0,9,185759,52.0,
356b5ba3-f7b0-4958-b968-3fb35ffa28f4,SEXY BOY,1.0,18,149373,24.0,
851697eb-0e3d-413e-97bf-ca3e5a81b856,Bianco natale,1.0,1,234545,11.0,ca00e41d-2812-446c-8cc3-ac8f8e065f00
5151438b-7019-4a60-9d61-eff53703bd7c,Uccide La Moglie Con 50 Coltellate (Intro),1.0,2,177348,78.0,
5db3909d-07f1-4f67-bce1-47bc0dc77ee1,Leggenda,1.0,9,185759,52.0,
710dd0f6-9b49-4b2f-87ba-a7b7834554e7,20 Kili,1.0,9,185759,52.0,
76a6109a-97ed-46c7-bf79-5a6055fee9ff,Ketamina,1.0,9,185759,52.0,
a5cdc354-ba3f-402b-b37c-112b7b2c1ddb,Sto Bene,1.0,9,185759,52.0,
6af9f9c0-81f9-417f-b9d7-7a321e669cf2,Super Quark,1.0,14,197853,24.0,
67408b77-5ce8-4ff5-b072-e0da19a40b34,Supereroe Freestyle,1.0,14,197853,24.0,
82cdd50c-247f-496b-9f56-4a46f708d3e7,Ascensore per l’Inferno - Radio Edit,1.0,1,168927,13.0,1867bf4c-5cf3-4e4e-aa1c-acf8a5bc8091
bdb2f3bc-188f-4d1b-85e5-de5a1e926470,Banda Kawasaki (Rmx),1.0,1,222893,22.0,17f170b3-d581-4c2f-bbf7-4d95e5cefaf0
9a8193c7-2f44-4399-92d0-cdb5f50e8068,Amore Disperato (Deborah De Luca RMX),1.0,2,216533,39.0,
a55f604b-315b-4714-ad63-08931d799cab,Apnea,1.0,1,164417,64.0,0285e6df-f2c9-4571-94d4-950007d5551a
c9247198-5b4a-4352-aea7-baee578fd0a9,Aeroplanini Di Carta,1.0,4,224746,56.0,68262249-74c8-41b9-a29a-b9a1ac0bf40c
1fbe91c1-3c3d-475c-981d-34bf7af6d236,Milano  bachata,1.0,6,167346,58.0,1a031f6a-8451-4066-aa7a-7f9b7e0d2a95
a685e9f8-f0d7-420c-b5b4-295b4dcbdb4b,Mai più,1.0,3,223266,47.0,
f428a802-3a5d-45a0-9eee-06338d1f8f6e,Oh Mama,1.0,5,198880,48.0,
398a890b-e32d-4a7c-a22f-10bf515c8a1d,00,1.0,6,191386,52.0,
7b0450c0-9933-4af6-a267-15a1c74c946e,Solletico,1.0,2,186066,53.0,af0a0798-1c69-4357-ac64-b60a16fd1ac6
5fc470e5-19d0-4366-8574-09f06e3b0b2c,Solo,1.0,16,189240,55.0,
f35fd304-e9c1-420e-ade9-a372ad67ae90,180,1.0,3,169280,45.0,
222e48b2-73de-451e-99e9-fa0e7ba9a00a,Acqua Calda E Limone,1.0,5,201026,50.0,
fb427baa-e1fe-4563-800e-d55993f0d7b1,Origami,1.0,8,214186,42.0,
dba8b22d-c7fb-4140-a2eb-000b6a521800,Dove gli occhi non arrivano,1.0,1,171906,51.0,f07443de-2219-48ff-b5c7-3cf86469e7f6
ba7852ac-c905-4572-a418-25ba9b77d41c,Brr brr,1.0,7,186453,40.0,
4aba49e2-26ed-44e6-9d59-948b51284440,10 RAGAZZE,1.0,11,174727,56.0,
1ddcae56-cc5c-485c-92e6-5cc8c8290723,La solitudine,1.0,5,205773,36.0,
5c1946b8-7145-4ce0-aed8-9fc97fdfed4f,NUOVO RANGE,1.0,8,176772,67.0,
f548175b-0eca-4731-8a46-0ca56ff0d29c,CANCELLI DI MEZZANOTTE,1.0,14,213636,57.0,
18a275ac-55f4-4f1d-a011-0770f3043c46,Ossigeno,1.0,6,180600,45.0,
6b19a7fc-ddd9-4839-9cd8-956b388379df,Visti dall’alto,1.0,5,196253,51.0,
bd997706-ca41-4677-ae22-ffce6e4f9ec2,Verme,1.0,4,211826,39.0,
52e62d16-42ee-424c-af98-2969bc787d22,PARTIRE DA TE,1.0,3,221019,64.0,
8c0f2c30-dcf0-4478-bc17-304640b63cf7,Sul Serio,1.0,1,145226,42.0,
6ffc6185-cc1b-425e-90bb-3d92e0a32884,TAXI DRIVER,1.0,8,176772,67.0,
3ebef541-6342-435c-86d3-934231a494cc,Blu,1.0,2,165333,51.0,
da8ab8f0-8d2b-4eec-a8b0-92951333d81f,Sissignore,1.0,2,213746,40.0,
17dcd6eb-1f9b-4db5-a539-34325efdf7b2,DIECIMILAVOCI,1.0,6,170399,49.0,
4851437f-fb32-4178-878e-182a39e9731f,Per Un Pugno Di Emozioni,1.0,3,127480,34.0,
98a25196-a9e1-44a6-91b3-49e12989522b,Mon cheri,1.0,11,181866,56.0,
20375989-c29c-4e59-9a63-94d48b93341f,Dasein Sollen,1.0,4,224746,56.0,
23fae75d-78d4-43a4-805b-566befcc9f42,Io in Terra,1.0,2,211626,59.0,
15cd21d1-e5e0-4859-bd4a-daff59a3954f,LUNA PIENA,1.0,7,166983,63.0,
0395dd07-28b5-4367-b327-3ee3f910a1fb,Maddalena corvaglia,1.0,12,176400,32.0,
0f655edc-c7b8-4556-b215-89953200a942,HO SPENTO IL CIELO,1.0,4,232597,49.0,
826ede3a-c5a8-4558-8ec5-7f57e1bb7865,Peaky Blinders,1.0,9,157760,37.0,
19837640-504a-4dfb-b91a-768912440a37,Boogie Nights,1.0,4,180520,45.0,
38b5b220-ccb3-4928-99a4-44f28058bec4,Alice,1.0,7,147000,40.0,
f83cff96-2573-4393-9169-1142490df43e,Rossetto (Intro),1.0,1,201363,24.0,d6b2d2e1-9dc8-4eb4-b3f8-446e9c092a04
b19f0c98-ac82-4389-aafb-547ae5b66f5c,Liam Gallagher,1.0,1,150960,26.0,b628477c-be7f-4336-86ce-6f28ab0c7159
1ec03201-0e4f-4916-83c2-b9f127f879b2,Non Ho Mai Avuto La Mia Età,1.0,1,154473,29.0,13e6902d-d8df-44e2-815a-8d8b4c4c43f0
a00304f4-3fbe-45e1-bdbf-bf503bbc42d1,Farei un figlio,1.0,10,183893,32.0,
9df7fbd5-462d-4faa-a14f-2fbdb4b55ae5,Impressione,1.0,6,154880,38.0,
6f554d2c-2778-4ca0-b856-ebe0804f2e76,MARE CHE NON SEI,1.0,12,160148,46.0,
ad418001-66df-4b17-83ee-1842f695640c,Gioco,1.0,10,178026,40.0,
cc95fea5-28c4-41c2-9a4e-2932b10b6ebf,La U,1.0,2,159440,37.0,
923d576b-bc18-43ce-877f-1c280500a237,Da Troppo Tempo,1.0,1,226551,31.0,835eca8f-78df-4cd2-9c94-866121446cb5
8c239293-97e9-4693-8c80-f9c6d23c00da,PARADISO VS. INFERNO (INTERLUDE),1.0,9,192882,36.0,
02958d07-c428-4482-892d-d9ab95b1408b,Mirko no,1.0,13,186440,34.0,
161e602d-0c2f-4868-89bd-428ab39dafa3,Canzone,1.0,8,167573,39.0,
d21638db-0dc4-48fc-9626-82b984e1abd6,ME O LE MIE CANZONI?,1.0,5,167479,49.0,
006bc11f-ae80-43cc-8fd7-b2f48b873120,Mikado,1.0,13,160333,34.0,
2b1f8a10-5a1e-4d30-8683-78a85472a23e,Per un no,1.0,9,154693,33.0,
f8e5b1ae-72de-415a-929b-e6e6cf00bd8c,Vuoi Una Mano?,1.0,1,157506,30.0,
b4866293-80ee-46c0-af5d-2cc61872c32d,SOPRA LE CANZONI,1.0,10,194217,46.0,
76fd3d4c-702b-4125-94d9-60a7fa7ea51a,CUORE DOLLARI (64 Bars),1.0,2,142617,40.0,
4ed929db-2989-4549-b4cf-0391cabd89c5,l’ultima infedeltà.,1.0,1,160975,60.0,
be28a845-5a7c-4d43-a0aa-0a5398f79233,Cose che capitano,1.0,12,152746,33.0,
c630f881-8466-424d-98d0-d6e8192a8991,SOLO CON ME,1.0,13,146494,38.0,
607d974d-6769-428e-b1e4-3cf737773fd1,4Z,1.0,14,141773,29.0,
21e87257-174b-411c-bdc2-23dd031527b8,il ritmo delle cose.,1.0,1,192421,70.0,691028c3-7c04-4e08-b8fd-bde849b06f80
d9d58568-e484-4ec5-9d65-94b5c1ffff42,LA CODA DEL DIAVOLO,1.0,2,188975,66.0,
9a36754e-6fba-42cd-97aa-b07072ce1c6f,Dasein Sollen RMX,1.0,1,150960,26.0,
1e015285-174b-4204-8518-3db5496ad9a8,INTRO,1.0,1,84500,24.0,
b48a2c84-a2e2-466a-9d9f-55886dddbd44,non c’è amore.,1.0,3,151839,67.0,
6360ba9b-a39a-4b13-af5e-31ccfa582ee2,apnea da un po’.,1.0,1,164417,64.0,
9f6f2ff0-dec4-4b8b-b7d4-7e1459f484cc,INSUPERABILE,1.0,2,172461,53.0,820b3acb-8ee4-4c3e-b33c-9b5e2f55a8aa
723e6dc8-83b1-415f-8e50-104a884b1f95,Soltanto Parole,1.0,1,209034,74.0,
80ae691a-e834-4a54-8938-6b840776838e,10 secondi.,1.0,11,150800,62.0,
70f75008-c65b-4b52-ab69-3e9a16f9512a,vent’anni.,1.0,7,182769,66.0,
e16c295e-af1d-4c6b-b9b5-ec6b0b2cd226,"odio, quindi sono.",1.0,1,127101,46.0,b4898f50-3d96-48bf-91b7-2e3b6e9cd076
3f16fcfa-75e7-49a4-ae8c-89be075d6171,São Paulo,1.0,4,178680,22.0,
1f6d13ff-0284-4ced-807a-f3c51dc8ec73,Hold My Liquor Freestyle,1.0,8,228386,3.0,f83f094b-1a29-4d90-8279-08c528af63e5
e3d3d535-6f47-4e38-8522-2a61cda85250,Fame,1.0,12,151546,51.0,
4beeef1c-44a1-438f-a94d-a18515669e71,Remember,1.0,5,206198,34.0,996fa108-7d15-474f-985c-0000a2d6932d
79ae1356-ee06-46a9-a15b-ca87ba7073ad,Non Cambio Mai,1.0,3,198026,63.0,
fd14b926-7d17-43d1-a933-a6c41f107b9b,dirti no.,1.0,2,175102,66.0,
f8ea790f-e469-47e2-9c8e-3b4c7774f42b,orfani.,1.0,15,193312,60.0,
4da76f5e-c8c8-43d7-8e5b-ec65558d0da6,veleno.,1.0,9,188550,60.0,
7260165a-7150-429a-b357-ab92db1b6c8e,vorrei.,1.0,5,184950,61.0,
ba15cb10-a584-4109-8cf4-dcbc6c907b73,PARTIRE DA TE (MTV Unplugged),1.0,3,225597,39.0,0a926067-38d8-4f9c-bb1f-765b41850efa
da03f1f9-fe2e-4a67-988e-6219e18d719f,MALEDUCATA,1.0,4,165328,42.0,
ad188e75-c028-4e86-b5e7-a46e20e0c496,RIDERE DI TE (MTV Unplugged),1.0,6,257527,31.0,
7b091d12-2fb2-431e-87b5-da912e5e29f5,4G,1.0,3,230483,50.0,
7ac7847e-33ac-4f58-a4fe-867a0b43becf,brutti ricordi.,1.0,13,157500,67.0,
2d867f43-9a5e-4d47-8286-d6d294a05b9c,senza di te.,1.0,4,155550,59.0,
f0e4ff2e-3eb5-4458-ba46-4122410c4a06,interferenze.,1.0,8,139826,59.0,
0e2fa566-3431-4a16-bd10-7fcc3010fbc6,così piccoli.,1.0,18,162250,55.0,
f7c1c08b-5a44-43d6-8fe1-7ed32fd3dd64,oh gio.,1.0,12,168506,57.0,
699850d2-3218-4df9-8109-816376210e3b,AMICO DOVE SEI?,1.0,8,133471,23.0,
6c97dc5a-6328-4b45-8edb-ea9e5f7873df,HO PAURA DI TE,1.0,5,212064,25.0,
ab375a1a-24df-4343-a18b-0589aad95ba8,promessa.,1.0,14,162571,56.0,
ce3873d9-f027-4f7d-96dc-387bb33cdf62,L’attesa conta tanto quanto l’arrivo,1.0,1,233186,16.0,55a529e5-483b-42d0-898b-c997fa71cc4f
12b8fbcc-a2c2-4db6-b9be-7169a0337ad0,solo gli amanti sopravvivono.,1.0,16,189240,55.0,
aa1ae6fd-0204-460e-94f0-b738fb2b423a,Purosangue,1.0,3,221019,64.0,
1804dd68-fdf5-4419-82a9-c925ac1c2374,AUTOBUS DI NOTTE,1.0,7,160245,28.0,
29d70aea-a489-4dc0-926f-420a17fccbfb,OSSA ROTTE,1.0,2,205621,40.0,26f1b4b4-cfc4-4cae-8a5d-f24554f03930
87ffae65-9f24-4e5a-9ca5-1426ef41556f,interludio.,1.0,10,84000,55.0,
33f3ebce-3fcd-4757-86cc-141827f7e44e,Pardon,1.0,3,221019,64.0,
5bec4bfc-f6b2-4637-a8cd-77fc87ca1178,INTRO (ULTIMA CURVA),1.0,1,68269,17.0,
21864b1b-73fd-40c5-ab64-ed5a0d820045,APNEA (MTV Unplugged),1.0,2,205358,33.0,
00466050-b9c8-461a-8877-7aa90a50b027,Super Eroe 2016,1.0,2,170213,33.0,01f04ceb-790a-4f82-8d85-6b9fb231603b
798ae14a-ac11-4e43-9a7b-8687acf9edf8,CANCELLI DI MEZZANOTTE (MTV Unplugged),1.0,1,199003,31.0,
a984cb9a-d394-4515-9c6b-8350fb424edc,Cioccolatini*,1.0,3,221019,64.0,
c543b978-b5b6-4ff7-9d65-a66ef98f90aa,"FEGATO, FEGATO SPAPPOLATO",1.0,7,193676,20.0,
279bd824-2fb3-4d2d-81af-44db29e666b9,TAXI DRIVER (MTV Unplugged),1.0,3,225597,39.0,
44ae7dcf-b432-4bae-9e64-071d26b615d0,NUOVO RANGE (MTV Unplugged),1.0,10,188347,32.0,
3ff8893c-0154-496f-a444-7d1d2eca0ac1,10 RAGAZZE (MTV Unplugged),1.0,4,187190,22.0,
7a113373-7e42-4f8e-958b-42c39037ae18,MAI PIÙ (MTV Unplugged),1.0,14,203019,23.0,
22ec4be1-65ac-47ca-9663-7cd5fbcff7ad,HO SPENTO IL CIELO (MTV Unplugged),1.0,12,191172,27.0,
a6ac5061-45e2-476f-a930-a32306fe8b00,DIECIMILAVOCI (MTV Unplugged),1.0,5,158456,23.0,
1513df72-dd5c-4eee-b36c-72198f44ccfc,VISTI DALL’ALTO (MTV Unplugged),1.0,13,197624,22.0,
ce9c0088-876a-435d-9ba4-5403a31765e5,PARADISO VS. INFERNO (MTV Unplugged),1.0,9,150396,18.0,
312d033c-5606-429e-a1c0-95621b484716,ME O LE MIE CANZONI? (MTV Unplugged),1.0,11,171969,20.0,
e534280e-6730-4f31-a69a-b51b07bbbf86,LUNA PIENA (MTV Unplugged),1.0,7,158903,29.0,
db382c18-c9b7-425a-aa00-0144c5e65c22,MARE CHE NON SEI (MTV Unplugged),1.0,8,165255,23.0,
2f87e6e0-4ed7-4e17-8f81-f173c7e4a60c,sintomi da star.,1.0,3,228000,79.0,
f5dd1f2d-021a-43f7-8369-248eb783ca53,danilo maria.,2.0,10,283893,9.0,b587c4bb-9b4e-4efb-a26f-25fdfce29da3
f2f2f8da-834d-47ec-b40f-d661257ce15e,A Pieno Titolo,1.0,17,251946,32.0,f62a4aeb-7619-430b-b4da-549fc363e3cb
dea89ce3-6771-4007-9a17-bfbbc1322088,Una Rima Una Jam,1.0,15,226586,38.0,
c2adf484-2d9e-415d-a10e-0512b6e264b1,Città Di Vetro,1.0,8,269760,29.0,
73a3b931-127b-45a4-ae9f-e349ccf73f5d,Qualunque Cosa Accada,1.0,5,206493,20.0,
fc50a317-965b-44db-966e-650e155ea787,Pensami Forte,1.0,4,209013,27.0,2d8136f2-34ca-4dc1-a676-76df5028d1cc
33d87c7b-a1f7-4d6f-85ad-19a7d3d0f24d,Niente In Cambio,1.0,6,290826,21.0,
75f1ed25-23f7-44fb-90d9-dc91c79658b6,Pepita Bluemoon,1.0,9,226306,21.0,
597b06fa-a261-4d18-9813-d7b82c4e9f52,Un Mestiere Qualunque,1.0,7,236573,41.0,6765d323-db8e-42a8-90fc-2067450f28ec
59e63de9-c0ae-43e5-a9bd-8716a8590596,Dillo Un’altra Volta,1.0,15,214973,20.0,963dc4f7-5cc8-4301-a4c3-00d75f3697c7
41a2da44-9097-48b0-acb2-b0f71c21e4fa,Non Costa Niente,1.0,2,285253,15.0,
c600d854-a4c6-423e-9de9-557b7158ebab,Conta Su Di Me,1.0,12,242800,21.0,
5c7bc06c-80db-40b4-a175-02a11d1d6131,Testa Rotta,1.0,8,226813,14.0,
9e2ac0e8-8bf0-4582-8b8e-4a044240b52a,Lo Spirito Che Suona,1.0,15,226586,38.0,
3e429bec-6e50-4450-af2b-d43db86eb7e0,"Le Guardie, I Pompieri E L’ambulanza",1.0,3,224920,26.0,
b67ee4c9-f18e-48df-a473-6d26bb225dee,L’antifona,1.0,1,103013,17.0,
ed80e811-7b23-4c3a-97f9-78856159cc11,Tutta La Vita,1.0,16,253493,17.0,
3de452e8-efa6-4e50-b511-a606fb310dd9,Queste Strade,1.0,4,221506,17.0,
448be8c5-281e-4dc6-af95-438cd14aa5c1,Diamanti,1.0,2,226400,14.0,
3f11959d-b708-4f32-b568-2e809a718184,Servono Pietre,1.0,3,210826,16.0,
8460cfd4-cb6d-43f1-bc5f-cc600b9934d1,Potente In Culo,1.0,5,236120,25.0,
f189585a-0488-41a4-950f-25ccab1ff82a,Ai Ferri Corti,1.0,1,185290,29.0,eb4ad570-4670-4bb0-b899-99890a7e1374
90c12c74-9fda-432f-bb5a-e435cc073451,21 Tyson,1.0,3,227466,25.0,a56c70f7-af69-451d-8b39-6fe7888c9985
502dcf52-86e8-4200-b8da-ed30c70f4afe,Sacrosanto,1.0,7,232533,14.0,
ba8b5156-adfe-4ca9-8adc-9edd18a410b4,Pallottole Sull’Amore,1.0,1,235329,22.0,05666b0e-c93f-4f71-9af1-ec34ac8ecf32
60263d01-a80c-4fcf-b6be-df09e8dd99e3,Fuoco Sacro,1.0,13,287895,19.0,
db11ddba-7d2d-474d-b49a-8d6456a78f86,Nelle Mani,1.0,6,255160,30.0,f1c4699e-97db-4105-ad04-cb519894d710
35357af7-a7de-4166-b6ff-7e5338d10fd1,Spezzami L’Anima,1.0,8,211920,15.0,
1789e0e2-df33-4932-a819-f4336d752923,Shut Tha Fuck Up,1.0,14,215573,13.0,
c3d7f533-5220-4159-b14d-3228de8d410d,Rap The Casbah,1.0,10,220293,12.0,
970ec377-5add-4a77-9100-5033a8740368,Cocco Bill,1.0,10,202720,8.0,
ef6454ff-70de-406e-b41d-de094bd36f12,Buona Pace,1.0,2,249160,22.0,
12b6b08b-79a7-4e03-86d0-2b818e37bb1c,Trastevere,1.0,5,169000,26.0,
1c47bc35-3c62-486f-96d9-201de67e35d3,Quante Notti,1.0,8,193122,31.0,
076828ca-01ea-4544-bf57-d1c3f5ae8e1c,Il Nome Del Tuo Esercito,1.0,11,163013,12.0,
829e28dd-3a89-471b-a160-eb654124d3d3,42 Gradi,1.0,2,286426,18.0,
9605242c-7a89-4ff7-a868-00cd506fdd8b,Quello Che Verrà Domani,1.0,10,194693,9.0,
c4ec4d6c-7856-4de6-b775-73ff87c81596,L’odore del mare,1.0,3,232600,17.0,
a0e0e854-8bb0-49b5-b82b-b78e9b20a288,X,1.0,11,195333,8.0,
c449b170-fc6a-4efb-8644-987490e1ebee,Dentro Te,1.0,1,240453,14.0,
80c844f4-f873-420a-99f7-e3afc41a9ab7,La Novità,1.0,2,245434,17.0,
cf69bcb4-9d18-409f-91ba-60bc93f51a47,Finale Chimico,1.0,6,218337,30.0,
b6a6ee7b-b423-4962-8190-798c8a16f84d,Heavy Metal,1.0,7,236573,41.0,
94ffbec7-4f37-4a08-bf00-057e5b0415bc,Mucho Gusto,1.0,9,228453,14.0,
24e08db7-167c-4248-9889-7d740c9ab7a4,Nun Ce Provà,1.0,12,276600,6.0,
bd73c707-a52d-403e-9408-e09f585fe37a,Fammi Accendere,1.0,3,209640,15.0,
2365a6ef-cf97-4054-b91f-03cb91c4145f,Falso,1.0,5,210426,11.0,
436a340a-73de-465a-bd9b-35823e68c70a,Sto Cor Veleno,1.0,9,239053,14.0,
5733c792-a6d1-4873-9768-ec8296863133,La gente libera,1.0,6,199349,21.0,beca9a98-95df-4f5c-ac34-718b0693308e
77c0ab15-7af4-45c3-8c9f-da9b36e48edb,Ottimo,1.0,4,217120,6.0,
6a557406-96e7-4062-9bcd-d7e972c8730e,Meme K Ultra,1.0,6,199349,21.0,
40ba679d-6992-408c-9a91-3a02651e39e9,Bonsai,1.0,4,167666,13.0,
1c48ba08-77a0-49b6-9f18-690407b38346,Sotto assedio (AM),1.0,8,128332,2.0,
e28bdc5b-8ce1-427c-883d-7ee2e8d73aa4,Figlio Di Puttana,1.0,1,184693,6.0,
97538004-66e2-4dac-8133-8c42feef5a0a,John 6-0,1.0,5,197093,4.0,
f5d081f4-a2f2-4c19-9c8c-5b074274d8b3,Stronzo,1.0,14,233346,4.0,
75274051-5ae6-4aa5-b57f-4d7fdd597e1f,Anche Più Facile,1.0,7,206680,10.0,
88b3ae47-40f6-4e98-8cb8-816fdbb5e779,Kamikaze,1.0,6,217680,17.0,
da2e3392-c3fd-4650-8c72-7477060dbbbd,Dove puoi respirare,1.0,1,232533,12.0,
e769a7bd-0e82-4d81-a3e3-07a70ee729a4,Si,1.0,8,225000,17.0,
647cc871-1b74-4c35-969a-a38f982fdd48,Comfort Zone,1.0,3,179009,13.0,
7e3c2a2b-efa6-4c3f-9aae-5b36ef30d3ab,Mi Sale Il Cane,1.0,13,193986,4.0,
c554268a-86ce-4430-b1f0-cc1dd8922e96,Meglio andarsene affanculo,1.0,7,200800,12.0,
6fb58d22-09e4-4a65-9c4f-a78ab82a1f41,L’Assassina,1.0,6,160200,2.0,7842bedc-ded5-46a0-9b5b-d5d80ad6b5b8
eedfec78-3865-465b-bc43-e428d36a14d2,A me di Roma piace il rap,1.0,4,239880,15.0,
0ab82f7e-a757-43c5-a44d-e228c9bab6f9,La musica sai che cos’è?,1.0,11,208133,9.0,
5c9ec475-bf8d-4ecb-b6f2-297281b70cf3,L’effetto del merlo,1.0,1,195293,15.0,
35dc5f03-cb37-413a-81f6-44e4c53245bd,Motivi Di Fuoco,1.0,9,274602,20.0,
3fd773cd-bc50-4b68-ad68-d954008d5879,Giungla Giungla,1.0,14,236186,11.0,
272f9864-85dd-42d6-9d68-79c67fcb0f61,Fenomeni,1.0,11,220826,14.0,
14fc5bf7-7dd8-457c-b070-d87543fef5bf,Nessuna Bandiera Bianca,1.0,12,206840,10.0,
cd9d3e3e-e25a-4f08-b317-494e9595f501,Come le onde,1.0,3,233333,11.0,
58517ec4-831f-415d-b8d4-ec0d3cbee468,Mettici Il Veleno,1.0,15,243426,7.0,
a6abaf22-4433-4266-8b48-90b12ff53053,Questa è Roma,1.0,13,287895,19.0,
b0731b10-081c-4994-bfb3-64661b237494,Il Trattamento,1.0,12,229973,10.0,
3ff7bb49-3213-4b14-b464-a15685a199a9,I Giorni Di Babilonia,1.0,10,211840,11.0,
0595caff-0a1f-4356-9132-64f7082ecc54,Chiedo il nome,1.0,5,164453,12.0,
0891dda4-7a90-412a-a542-d24e7a0bf4c9,La Pelle E’ La Mia,1.0,6,233026,7.0,
77d10e9c-3b08-47b8-91c1-8ec3110a8c34,Bam Bam,1.0,11,185720,8.0,
76d840c4-7636-472f-b695-b7f80455cb90,Testimoni,1.0,16,258680,6.0,
83d6d4cb-14a7-4b91-8a4d-cc92415ff7c6,Più del Dovuto,1.0,10,182773,12.0,
8068d904-aa2c-4f74-a61c-379b585f923c,Roma Sulla Pelle,1.0,7,214966,20.0,
cb712e24-8096-4811-82be-3400f524d051,Ultimo Stadio,1.0,1,190133,12.0,
2eb016ad-f5e4-4e40-8dc6-33158ef3963f,Mica serve avere fatto la guerra,1.0,10,220800,9.0,
b67202c6-2514-4466-bf06-84975c28fb9c,Non calpestare il prato,1.0,4,229466,11.0,
4da7ff1b-acb0-45cf-8da1-cd59c721ab36,La Sveglia,1.0,3,185706,5.0,
5305200a-e690-4dfa-b87a-3f4e98e6c764,"Tigre, Tigre",1.0,13,182933,7.0,
8ac94a79-a0e1-4e29-a65f-4fc15c762370,Nuovo Nuovo,1.0,1,234292,28.0,d3099035-25ce-4cf4-81b8-7e6710fd5336
4936e81d-aa9f-45b9-a904-3c594d5be30b,Rock ‘N’ Roll,1.0,6,255160,30.0,
dca887b5-aa8f-44fa-99a7-df53add471fb,Popcorn,1.0,4,250677,16.0,
92363843-46a1-490d-8115-773afd6769c8,Esplosivo (K.O.B.),1.0,6,193666,4.0,
19b65cc7-463f-4e68-839b-ea31650516a5,Hai Detto Bene,1.0,9,211400,6.0,
266569a0-3559-40b0-b8f1-d64082c1b9e3,Come Finisce Il Film,1.0,4,250677,16.0,
38141d79-4524-4d0b-b848-1c1704bc8e17,La tua anima che balla,1.0,9,167546,9.0,
1ec4334c-4476-4c7c-8705-47439b81b702,Minor,1.0,14,236573,6.0,
5aa0c704-ee21-4cc0-a70f-d7cfe584c199,(Closer),1.0,13,99240,9.0,
49bf4bbb-a7e3-43f4-9123-20ca5de89f2d,Non Tutto Scivola Tranquillo,1.0,8,210960,9.0,
882886d1-5883-496b-ac70-51435cfb806f,Dimmi Dimmi,1.0,7,224440,7.0,
921dc4ee-602c-42d6-9052-dc26937b8c99,A volte ci consola,1.0,8,188333,8.0,
feca83ee-b03f-43cd-b6ad-dd8643f57100,Come gli altri,1.0,10,718543,17.0,355d3ad8-fed0-45f0-a976-7ea02b96dcf9
49b2b584-b742-444a-ba7d-7f675a86b8b9,Mi Ricordano,1.0,12,186133,7.0,
d68a4a66-9b53-4670-8a0b-95ad2706bfa7,In Crescita,1.0,16,211266,6.0,
d4ef094d-1f03-4971-b9e3-d352bfbb4b4f,Arza la caciara,1.0,1,287895,16.0,878a9f3c-6f6d-40df-8a89-5827ff5cb6ad
effea822-e69a-4955-94bc-09a7a7814a77,Rime E Numeri,1.0,6,243893,11.0,
b829fa85-6e46-4fc7-9946-15f41aec911f,Outsider,1.0,12,232552,13.0,
f99659c9-935e-461c-8832-a97069d470cd,Febbre che puoi toccare,1.0,2,225200,14.0,
27a3e50d-6c03-4e75-9944-253122a30262,Il Mio Show,1.0,11,244093,7.0,
6c9c3afc-8060-4754-b72f-5180e04d41dc,Kittesencula,1.0,1,199866,50.0,
a9bccfbf-6360-4052-a6d3-e5d4b1c36987,In Piedi,1.0,11,250887,13.0,
8389ac2c-4e98-4db3-8566-d182356aa212,Ozzy - Introduzione,1.0,1,51520,10.0,
5b4c59af-38bb-4e9d-b110-aaef0a1212bc,Tuta Acetata,1.0,10,206481,15.0,
fc54551e-8cb4-40ff-afb0-8f84bf1cefbc,Sotto assedio (PM),1.0,5,221866,8.0,
2ffd5a2e-d8e5-40c3-b9f8-a8cb5c558f68,Scompare,1.0,5,197093,4.0,
a85e724a-1965-4272-b2d9-1703a11fc709,Minimal Rome,1.0,6,196981,16.0,6cbefc0a-8ffb-4a76-8570-1ed5944117e8
7ceb2dfe-73ae-42dd-81f9-bb4351faff28,L’Ora di Piangere,1.0,3,185706,4.0,
c86dcb8f-6f07-45a7-89aa-a1df77333336,Beat Messiah,1.0,9,210960,43.0,
a1d963e4-01d7-4b45-98fe-91ccfb9437bd,Kelly,1.0,1,199866,50.0,
87d391dd-3d62-482f-bbe4-1c951675e46d,Filtri,1.0,1,199866,50.0,
5dc3c218-bb70-47ae-87d5-08ee8d8b1c25,Outro,1.0,1,199866,50.0,
78def386-f5ee-498d-9e59-e3cec6ee942e,Harley Quinn,1.0,2,198000,15.0,de417c5c-68dc-488f-a391-922dc27a0b9c
3362682d-2013-45c5-bb10-5c7bab2fea7b,Wannabe,1.0,1,176259,34.0,62d977d5-93a2-46da-a846-1e52e646a927
398fcead-9843-4d9c-99c3-46c114d022a0,Touchè,1.0,1,132613,43.0,62fd0a7c-3c7b-4494-8644-8a842b268397
90feb47d-6284-49ef-9f4a-4d9fae4ec8ee,La tocco piano,1.0,10,263124,8.0,5853ef88-058a-42bd-af0f-d37c1e18f028
17a9ca71-9682-4e74-b994-6408f1c601a9,WANNABE VOL. 3,1.0,7,289773,23.0,b70a74c8-9ed2-445a-8930-fa42438af354
164bf8f3-106e-4626-996d-4c1532b2b22e,La miglior vendetta,1.0,1,204335,42.0,f040fef1-98e9-4247-99d6-f1e919b716f1
b80d0385-007b-41e4-b36d-52836d168eb2,Fa volare,1.0,12,184266,39.0,91d0b52e-ed29-4795-9330-628bdbbcab0b
6e009341-661b-442c-8b30-bdea55643bcf,Ben Ten,1.0,6,139130,41.0,
8d3a0b80-2ec1-49dc-a3f1-90689f53ebb6,23 coltellate,1.0,10,182546,8.0,9fc0cf4a-93ee-46c2-a5f7-4c54696b4996
87e6969e-8ece-45c4-bb83-550b909cc17e,Spunte Blue,1.0,12,177314,33.0,99d41bbe-fd7d-4085-a1e4-b02a5f4adbe0
d9acd074-fde3-45d6-a7e4-cd7114f41c12,OPS!,1.0,10,137142,57.0,b497f281-179c-4ff1-9f62-bc82776ca3e8
0529bda8-7b19-4348-803e-ab19174f00bc,Alleluja,1.0,1,156000,35.0,
6a74800d-8a66-40fe-8f4c-259f228dc6ee,Poi ti spiego,1.0,3,217053,17.0,9a0b1f10-b3c3-4c66-b5ca-fbdb7be3508f
66b73900-b070-42ae-a5fc-5602ba81c29c,Fisher Price,1.0,7,344960,9.0,48806347-2e66-4b41-8ffe-36d500776714
858c8b3c-54b4-437e-ba23-2c2513bedb0b,Bullettproof,1.0,4,177625,51.0,3c41d3af-5ce0-44eb-866d-a83477afe10e
05f8f1a9-4570-4513-8f5f-3a48a2cbed05,Malandrino,1.0,9,148148,60.0,abff278d-a4cb-446b-b398-f7a52c79d2c0
195fc509-5483-48a4-a74d-ea6a9be7e191,Wannabe Vol.2,1.0,3,187617,1.0,c370370f-70c1-4900-ab56-c746657fc6a4
cec179cf-bd6e-4ad3-b65a-5634a97510a2,Stay Sereno,1.0,2,150000,15.0,948f9925-a66d-402b-b394-31230be2bc88
197ead1d-e201-47dd-96b1-ce36099424e5,Young Siddhartha,1.0,1,317103,12.0,44cb247b-b18b-4a44-b76e-50ce853039d7
43b65739-f431-4f3f-99e4-8dd57f108b58,POISON IVY,1.0,18,195683,16.0,c0a2ee71-85b5-428f-afb7-f51971055c89
51838316-a39d-4e43-8700-09f610e11d56,UNA COME TE,1.0,1,156714,60.0,
ab521d26-11b2-422a-a577-638e5219b33c,CLICK CLICK,1.0,15,263840,7.0,b013216a-e1ed-41cb-86a6-a1410ccb9a84
761d8371-29ba-45c7-89ed-d6fda62eda8c,Sto Male,1.0,6,166451,50.0,904215e8-3f96-40b4-84be-775f54e186e7
e7a1c4b4-6709-40f4-92bc-a767ca180606,Kalma,1.0,9,148148,60.0,
28c29e9c-36b0-4c14-875c-f0c15fe4736a,Abbi cura di te,1.0,1,131541,14.0,4a0b4b7f-1adc-4087-9d31-e28ad1b6af4e
743aa596-9dce-49fe-b51e-5bcc4eb73ed1,Gran Torino,1.0,3,165266,16.0,
25f93f3e-872e-4008-8039-253510975d73,ERA NOVEMBRE,1.0,2,274250,73.0,f8d8fffb-bfdd-48f9-b4c1-5ffd5153ce51
3916f3e4-59ce-4d8d-a9ba-fba64c6c799a,Fajita,1.0,1,176259,34.0,
f2ff93f2-b943-44db-b55e-85b7396987be,Zombie,1.0,1,176259,34.0,
1533233e-6664-400e-b4d5-522005a6385a,Swahili,1.0,1,176259,34.0,
ab6f3d6c-b1f6-4114-93e9-6bf8ea36157d,Balaclava,1.0,3,187550,52.0,
550b29d8-b418-4852-bc09-fc717b52f205,Bravo Bravo,1.0,2,151578,0.0,e8e7c3b2-5e87-4463-8aae-855d694751a5
0d64aac2-f25b-4b01-9e23-073cf572c3d2,La Rovina,1.0,6,214133,17.0,
d3159fb6-b8cd-4707-9815-f6c8416467ad,Supercar,1.0,3,190153,29.0,6245b5f8-2fbd-46ee-8c9a-6e5dd9e46e8b
d9e48059-c58b-4a2b-bda0-f55d490de0b0,Arigato,1.0,1,159000,50.0,a28a5719-77b1-46d6-9ba8-e5850a73946c
d4cd2d05-00d6-43d1-a107-95340a5a4edd,Cookie Moñsta,1.0,1,159680,7.0,8d5c2c23-0513-4528-9d1c-44bf59262f3b
9e92e591-b7f2-4f9f-aaf2-967053286924,ATTACCO DI PANICO,1.0,2,154453,14.0,a5b2e86a-87d1-4eac-95af-7a89e9b4ea18
313ffbed-7d45-428c-a133-743e6d73cc03,No Boyfriend,1.0,9,115194,65.0,b6332af4-49c7-4305-9e15-076955afc735
0c68659e-4a49-4f9d-838a-65cfd739687e,Per odiarti non ho tempo,1.0,6,226906,82.0,
2c920257-541e-4bbf-bf49-0202c39b780a,Pacman,1.0,1,163053,52.0,ce945d8b-988f-4b97-a1ef-3a2935d2f740
e76f38e8-b5fe-4f6e-8b63-8a2044080d8e,Bad Bitch,1.0,4,228266,85.0,5c5c945d-dd08-4d36-9fef-26170623255f
1ee929c8-4e7f-41c8-bb06-302979daef1a,ADIEU,1.0,4,177625,51.0,
f4de2376-1e99-4fcc-8be6-310c250ffce8,Gosha Rubchinskiy Freestyle,1.0,7,201625,35.0,0e2a3a00-f303-48c2-9057-ed94774633cb
799d6f8a-ca85-4adc-84a8-703f385c7c68,Too Much,1.0,12,210266,36.0,59a98357-9099-4e76-8b31-b65fd2c73b59
8acc3035-bd93-4068-b959-da55abfd1533,Yin & Yang,1.0,7,294733,19.0,176a91cc-a162-4dca-8154-af96845be291
ad3da9d3-a973-4f41-a711-fc4b4fc1b472,Go Go Go Freestyle,1.0,1,1207970,44.0,d309cdca-5663-442e-977c-1a2debe612bf
fc93c46f-65b9-4a78-94cd-c8ee92959410,Bugie da bere,1.0,1,176818,28.0,e08f6247-fd91-4dbe-9a7c-58ba048ec900
45feac05-8a1f-46c5-bfcb-7d5e11e54dd8,Uber Black,1.0,6,222641,43.0,295b538a-f518-439b-ab73-4436195af2b4
2ecea566-5acf-4f6a-b818-5529fff7e1c4,Rooftop,1.0,6,176146,55.0,
ebc63a21-53a7-459e-a234-24061b562c46,Due Parole,1.0,6,260413,42.0,
9bec41ab-d747-4809-84b6-bf4f52087a45,CHAOS,1.0,3,200573,0.0,538e3f13-c8ad-4c62-94e9-cd0890ea4939
6c006729-4389-4b1c-8e74-77fe36503798,Blow Up (Freestyle),1.0,1,259893,27.0,fb7f059a-24a4-4292-9622-29448f1e3022
cf338bb8-57ef-4dcb-bc5c-b571ddff055d,Bad Vibes,1.0,4,222040,3.0,55df05d0-44ee-429b-9b90-30f22d557255
d1b5acbd-e71c-4762-a1ef-315b49825df3,Baby No,1.0,6,376320,0.0,3861e4fa-fd60-4537-80f1-b395a230eff2
a858bd86-5a4c-4038-92c0-c0e83cbac736,CARO JUNIOR,1.0,1,232571,24.0,cbf66b45-5b07-46d9-9d6b-3224b0dc57c1
e066826d-f523-48c7-92dd-d6d60cc0b1c1,W4nnabe,1.0,1,212966,60.0,542bd8a9-e77e-4e1a-af3a-09d07d1c08e2
3b11630d-a273-4b00-aa2a-4090a2957856,Scary Monsters,1.0,10,216240,13.0,84d9cc38-5b1a-4cdd-b625-7360cb0f16a8
848af3de-8f29-429a-8b73-bed726f5154d,Good Vibrations,1.0,8,286440,74.0,f12731c2-ed9d-438f-99c8-2b8b8d1f2a73
f6f7d7e6-ed25-4368-a29f-209ec9c53550,Ultimo Minuto,1.0,10,349745,1.0,b9496434-1be6-4274-b0a0-ade9e4847359
1b7954dd-5b4f-471e-9fc8-eb8b08147211,Intro,1.0,1,142222,0.0,ac19da87-4636-4ab6-9aea-df2ed54e29a8
6b3e8518-be30-4d89-94ec-024357c0f9aa,Né ora né mai,1.0,8,202590,13.0,a1efbf6d-c322-4ff4-ad51-d61f49835a94
2f5a5103-ec5c-458c-b088-f4aed9b033ca,Extasy,1.0,2,147599,52.0,
c6efc570-41d7-49e0-a739-4366a59bc28b,Intro/nemesi,1.0,3,204763,7.0,7f61e3a8-d660-493b-bbca-26b4cde837a6
1843da7c-d6f8-4aa5-a9f1-1502e2e8f414,Suda ancora,1.0,11,205524,69.0,
630f0687-5d83-4ac8-bd4c-1f1c9f3071ad,Intoxikate,1.0,10,158400,51.0,e4e655fd-807f-4993-9981-f090fd743f2d
8eaf2552-b454-4f33-bf2a-1b8ae7eb90a0,Discopanico,1.0,1,176259,34.0,
cf4bd090-3f76-41a9-8c64-953a1b0fa546,Lacrimogeni,1.0,7,210119,52.0,
26b0942a-11f6-4802-bf7b-d6e7b97defeb,La Scatola Del Tempo,1.0,10,244913,8.0,e89eb459-0b9d-4e74-8a3b-0597122c7e1b
8d11ff0b-4397-43e3-a892-8b2e6a89fa50,Non esistono risposte intelligenti,1.0,5,235453,16.0,9539e748-060b-42e0-aae1-0f23d2a04d73
badc4c60-9272-4a72-9b0d-99d53b63cf2b,Kintsugi,1.0,1,237908,70.0,e035fc01-2afc-44a6-8120-ab5994b4b8db
af3cccc3-1f52-4ff9-96e2-808953797e45,Metal Slut,1.0,11,210833,25.0,5faaeeb8-5092-4f74-bc42-1935ee1c99ee
cbf8e1ce-61c2-49c5-bf6e-191e1d5017f3,Savant,1.0,2,144005,52.0,
5f98df97-358a-4c8d-977f-dbe85eb38c13,Caterpillar,1.0,4,177625,51.0,
a6204df5-27ee-42a2-9cbd-57a1bebe8194,Finale,3.0,16,271866,3.0,d0b01956-1ad8-4cce-8ef6-a1c02c256d66
dcd54ddd-ae9c-449d-8dfb-fc8da5400bc1,Revolution,1.0,1,119091,25.0,c9b2f7da-6c33-4a15-8cc2-6634f04722e7
1470b551-c83b-4e7e-99b8-b13b79575265,Solo Se,1.0,24,116466,1.0,6a028d22-1f0b-4699-a29a-9eb9bfb59927
52702d2b-74a4-46c9-acaf-0d9331e9db52,S.U.N.S.H.I.N.E.,1.0,1,473322,45.0,d27ed326-a797-45f1-ba45-40f983a15cac
17d7dcda-b381-4e20-b56c-189a9f09ee1f,Sangue di drago,1.0,5,329080,45.0,
2ef97501-a1dd-477f-87f1-3c35fb4a7670,Arlecchino,1.0,8,279213,42.0,
4604bafa-e723-4c0d-81d7-8b6e2c1c7d31,Eden,1.0,13,211297,39.0,542ee133-45c1-4293-b81f-f7097f1e00a1
f555f5c0-cc39-4bdd-a378-cc1909ee8a22,Questo pianeta,1.0,10,294800,32.0,
d27570c4-5be0-49b7-9e03-cc265f0c513d,D.A.R.K.N.E.S.S.,1.0,1,275957,30.0,a97ed8cf-06cd-4824-8564-b1aee9d99190
b6382adf-a46c-47f5-842e-bc74becd5da7,Depressissimo,1.0,4,259013,37.0,
48e35efe-eb88-460f-bcf1-eccf844a6027,Underman,1.0,1,213280,35.0,
da7854ae-6438-4e0b-a09a-04df413b16ae,Esercizi di stile,1.0,5,184241,40.0,ff317049-81a4-4855-822f-62e109963693
5c73e10f-1411-4898-85a0-c76260c40250,Giocattoli,1.0,2,293386,33.0,
c1ff24ec-6b97-4227-8c6a-38f35b97b7c9,Beep Beep,1.0,3,212293,32.0,
7ecc5074-7253-4a92-8cae-fbc7eb1e52dc,La Morte Di RINquore,1.0,6,212114,45.0,
c7b06747-19ee-46da-87bc-b11dfa445035,Federico,1.0,3,191383,44.0,
0c32600a-e392-4c59-9fbc-b2508db838fd,Quando piove,1.0,9,287293,30.0,
d2fbbc66-d856-46af-834f-a6b8b29ab518,Non Esistono,1.0,1,217962,24.0,250ca2b6-4c91-4aed-bd57-543d395202b3
cddf6ad8-6432-43d8-bef9-5ee3b038b4c2,Arakno 2100,1.0,8,252702,37.0,
b16d2880-ae37-4474-87bf-c8e9a0adb6d9,Factotum,1.0,4,308413,26.0,
7969b20d-330b-4ad2-9189-5993bf48f696,Centro asociale,1.0,7,217760,32.0,
f90609eb-783d-480b-96e5-546b3ea0f632,Capolinea,1.0,2,252133,29.0,
19f1efe8-7b05-4732-9e47-f9210be02d16,X Agosto 2048,1.0,7,192758,34.0,
d7992613-4689-43bf-ada1-27f36b9b4bc0,Luce (Tramonti A Nord Est),1.0,1,217822,39.0,42ed001e-010b-4f4c-a203-76c13c64b672
a4fe004e-ee3b-4a74-98a8-6b34693c714a,Giovani Artisti,1.0,5,222249,43.0,485bc0ab-eede-489c-a33b-24af81a2652b
b5ca753c-c072-4209-996d-dd88acde23c1,Giunti Al Dunque,1.0,3,245280,30.0,a6b8b845-f6f9-4aa5-be73-60df71b94d31
a13ff8ad-c2d4-4bba-9c20-2fc70831bd96,L’Acqua Der Tevere,1.0,4,95242,40.0,
e5f281fd-f7fb-4216-99ad-e3634dd26219,Tengo Il Respiro,1.0,1,273034,14.0,b7ff3d41-f423-4e1d-9325-3cf418cc205a
2f1250b5-d403-4645-bd88-9c295fd0b0f9,Disney Inferno,1.0,2,280125,33.0,4dec40e9-55ba-40f8-a61c-24af845da399
19351b98-5917-456e-bb8a-e11c9838d1a7,Rapper al Rovescio,1.0,3,187271,37.0,
597bb4d9-1827-44fd-bbbd-21e3c8e72ffa,Freccia,1.0,2,201618,39.0,
6770accf-beca-45ba-a75f-f8643bc9f7e0,Tufello,1.0,6,256992,33.0,
e51826ab-d134-46e2-8ede-b0b38c32ccf0,Neve,1.0,6,193857,0.0,3ecfd612-ea5a-4015-bce3-29426727c364
fb1b3199-177e-4481-8ed3-d2ad320b5230,Anzi... Siamo Già Arrabbiati,1.0,5,219062,30.0,
d5a299ee-aa05-445c-8e86-511ed3bc05e2,Lontano 2036,1.0,6,183265,30.0,
6f7b0484-0398-4ac2-9cd2-7eb9ec4a824c,Skatepark,1.0,6,175880,32.0,
67cd906e-743a-4230-9b31-89dabeefeb59,Silenzio,1.0,15,230478,32.0,
af8eba44-80a1-490d-9ca9-22e1fd4bb83b,Ombra,1.0,1,176982,35.0,
88969c97-aaf7-4cc1-9b18-b542ac081a55,Ignoranze Funebri,1.0,12,204010,30.0,
2371a23f-bfc9-4a7a-834a-bbd1f7af83d2,Io non sono io,1.0,17,240285,31.0,
712f3644-9686-4076-93ea-da25b0dbb695,Xenoverso,1.0,15,194343,31.0,
bb44da6b-f384-460e-9c33-508c150aec6b,Fantasia,1.0,11,227961,31.0,
b55c2096-f6f9-4636-81b0-a0bfbbd1d2b6,Equatore,1.0,14,204676,32.0,
546e78b0-2c7c-4ec3-b620-52185678dc19,Tattattira,1.0,2,225639,33.0,
1d662a02-abfe-4f1f-a14d-0a8dde5e5949,Le Rime (Gara tra 507 parole),1.0,10,175473,31.0,
97d98d61-0af3-4b00-9bb1-2300047f8a00,Guardie&Ladri,1.0,4,179936,37.0,
048ff92c-e5da-470a-9800-c90b274a5b3b,M’accollo,1.0,1,206837,29.0,
54f3523f-df63-44df-afc2-94ecaa1a6cc9,SeguiMe,1.0,5,222249,43.0,
b8a7c4f2-4872-4bed-9ba5-91991f061b09,Razza Aliena,1.0,1,205056,19.0,00bdf79c-0aff-42bd-b516-d2692a6bfab8
3711ce82-76ba-4724-ae51-c5981b3afee4,Dove Siete Spiriti,1.0,6,263784,18.0,
cf9c79a7-6998-4254-89e2-1721050a75dc,Il Giorno Che Non C’è,1.0,9,226481,23.0,
8e73713a-f15e-4a6f-976a-b2464493c263,Invisibile,1.0,3,300731,22.0,
cac71a6b-12b8-405d-8275-7a1c8c5e8671,Rancore,1.0,13,211297,39.0,
3bf05d37-e977-4259-888a-679af5005761,Harakiri,1.0,2,227866,25.0,
9a5f47e0-d6ea-4e3c-a512-2301b98b9e97,L’Architetto,1.0,11,221701,20.0,
a12e0cfc-57b4-4df9-bbb2-0368a95b74c2,Horror Fast Food,1.0,3,280058,17.0,
44442a01-9879-404b-b529-654a7c1fbf91,Ulula,1.0,5,229501,21.0,
bf4570ac-c2cf-4599-8704-642d94214341,Ottimismo Pessimo,1.0,13,164519,18.0,
99ef7269-65b6-4822-a481-eceb12cd223b,L’Eterno Ritorno,1.0,4,204408,22.0,
e048ac0f-7045-4d64-88f6-2712288e6d34,La Macchina Infernale (A History Of A Musiq Violence),1.0,6,294626,19.0,
0234e833-a492-454f-ad35-dbb9b0b0afba,Vivere,1.0,8,208462,28.0,
f4f47aa7-46ed-49d4-96e5-7fa07a029958,Questa cosa che io ho scritto mi piace,1.0,16,211051,29.0,
f45cff07-89e4-4c0d-a19d-237d8f17d28e,Intro,1.0,1,123088,19.0,
7e0fd983-1ebf-4320-ad4e-7583e42c6814,È Meglio Senza,1.0,13,185386,15.0,
e0337732-342d-44a7-8f57-1941fae2fa30,Un Incidente,1.0,1,203804,22.0,
8b9ceda5-692f-4d34-b640-8d7e8a4f535d,I Complimenti,1.0,7,262876,16.0,
d6ff3fa5-c4ff-4578-af91-3f2f437afcbb,Sistema Intelligente,1.0,5,229067,19.0,
e44b69f8-e007-4d0b-90a9-79e4bc2e344c,Tempi Moderni,1.0,10,204460,18.0,
06f120d8-6adc-4aa5-b333-70d2b46669f7,SMS (Sei Molto Stronza),1.0,2,280125,33.0,
8ba17610-f41c-4fc9-a98a-e8dfdcf44132,La Follia,1.0,7,236669,16.0,
b657b649-dc5d-4ab3-a91c-c7b620bfb5af,The Best Of,1.0,3,224911,16.0,
618f8725-f9db-47dc-a4c5-5371ffd5b2fd,Questo È Un Pezzo Senza Rime RMX,1.0,13,225827,5.0,68f70735-96e6-4b9e-8c11-e87968f6f080
12b92d30-b30b-4760-a7d3-7af4e6773a58,Due punti aperta parentesi :(,1.0,7,102426,2.0,98699304-4a5c-484c-8c96-d1782cf82288
d63c1da0-9672-4ba8-9f3f-4f819190d6a8,Solo Questo,1.0,4,193044,24.0,
051ae240-4bc0-4c74-9722-106a46058d46,Il Male Oscuro,1.0,12,191451,18.0,
66e4ca7c-d3b0-4a74-8aed-fdb7ebd2a400,Brutti & Cattivi,1.0,2,214800,17.0,
a30fa239-df7b-4420-a64d-6a604c5141c2,È Facile,1.0,4,211706,16.0,
db00bb55-802d-41b1-83b6-d0371b544835,Tossico D’Aria,1.0,15,181973,18.0,
e55133ee-1654-42c2-b87c-63b2108bde5b,Il Mio Quartiere,1.0,4,218928,17.0,
68e2946f-0956-435a-adf1-00336c46c921,Comprare,1.0,14,271586,13.0,
d5cebf13-ee50-475f-8116-fa34432985d1,È Difficile,1.0,8,275356,13.0,
48cdcef9-7fa5-4108-887f-b16ade371895,Cuore E Acciaio,1.0,11,235453,14.0,
9685317e-bbb9-4510-bac7-8efc61470fac,Conta,1.0,5,206760,14.0,
014f8012-994a-4b69-a826-91a2d9d587bf,Il Diavolo,1.0,10,232386,13.0,
51c40688-286b-4ad6-a4f2-407730356df1,Tu Leva Le Parole,1.0,14,174968,14.0,
bac7201a-e577-464a-9ba5-a7957f88e262,Cosa Sai?,1.0,9,203466,15.0,
7240dd21-844e-4e99-bf43-82430d5c9811,Dal Mio Sguardo (2006),1.0,8,211957,19.0,
6c8a3812-3511-4e5b-ab77-e1d39f0166e7,Il Grande Falò,1.0,8,149368,14.0,
208da9d7-2b35-4537-8e09-34ceb04b5696,Porca Troia,1.0,1,174545,20.0,1a08bc71-a1b3-456b-b4b0-66b57c6e2120
a7cfa5a5-0555-4879-b15f-aa9a510f4522,Outro,1.0,9,500558,12.0,
6590aad5-7d2d-4058-8a38-5bf4c3728d90,Sono Cazzi (2006),1.0,7,176848,17.0,
bbf1e047-33f4-4fc2-b38f-248a0fb855b2,Cappella,1.0,2,252133,29.0,
a2805778-598b-4df1-afc8-46cc62505952,Freestyle,1.0,12,172533,12.0,
7a030012-3eb9-4477-9986-c316ca6f9b39,Plug,1.0,1,73640,12.0,
7011989a-1868-45c6-844d-9f74b6e7a76c,Dai!,1.0,5,329080,45.0,
7af46900-78bf-48ee-9f70-7f0cedec9711,Sono Buono,1.0,1,196711,1.0,01f77c33-03bc-4909-ae45-7614a55dbbc8
b0441a17-d411-4035-afca-5cc571b32314,Il Mio Quartiere 2.0,1.0,7,205546,13.0,
39400dc6-e859-4ff6-bfd8-18b193b29222,Ci hanno incastrati,1.0,4,137098,64.0,
fd7c88c2-8d62-4ed1-8ea5-c24b87b74295,California Roll,1.0,1,216000,3.0,a8d49836-cccf-4d17-83e2-013d24c96315
1ac18e87-2d33-41f2-8062-3f7a5eea9743,Faccio Cagare,1.0,3,221237,48.0,
00e1fbcf-7725-44ab-b318-65023958c0c8,Rhymebox,1.0,5,329080,45.0,
3c29c96c-85ff-4618-96ab-bcfb6f15e71c,Dal Mio Sguardo,1.0,8,211957,19.0,
09c3ec20-076b-42bf-9575-e067d17f0941,Rancore vs Zeta,1.0,1,321600,57.0,1c68d4ad-8d5a-480a-845c-5f715ce304f0
eee3491d-0137-4c11-8271-c09fa6191951,Da Roma a Faisal (2006),1.0,2,177348,78.0,
4291225c-6fd6-49c4-9ef6-dfb351a147fa,Intro (2006),1.0,1,123088,19.0,
498c1a2f-aa27-42a9-85cc-3841e305458b,Acido,1.0,13,211297,39.0,
12042d30-b073-4984-b839-437386bebb54,Tutti Dentro,1.0,4,137098,64.0,
a82d5c47-952f-4876-b5d4-92ac7d45ae98,Tufello Talenti,1.0,2,291757,36.0,
512a4cbd-9036-43bb-94cc-fbc7472799fc,Sono Cazzi,1.0,7,176848,17.0,
b096e3fb-9eac-497b-ac8d-f626a855d2bf,105 Mi Casa Mashup: Rancore con Luce (Tramonti a Nord Est) sulla base di I Can!,1.0,1,217822,39.0,
7e74412f-8d73-4fd5-ab30-cce90046d1b8,Controproduzioni,1.0,6,174000,51.0,
b3e0f3bb-fd83-4fc4-88b0-1917d53e5bdf,Zero Quore (Freestyle),1.0,7,156720,55.0,
c26f4ab0-1723-4a40-9d46-8a54f1536c7a,SK8,1.0,1,194374,49.0,
57152894-3a19-4364-8bd7-fa3cdeb97b51,Doin It Right (L’Albatro Punk),1.0,6,213760,85.0,ee32a570-5472-4b89-aa1b-306946b03b87
4b12b694-a311-45c7-ae4d-8ff537d38cdd,Sigla Catteland,1.0,8,279213,42.0,
f00349e3-b383-4da3-9894-a4812833aeeb,Da Roma A Faisal,1.0,2,177348,78.0,
e74ec037-cda3-4687-b104-d7f3423fb962,È necessario,1.0,1,252000,0.0,47ff2847-f5ca-42da-9598-20b5754c155b
e919475e-382b-49b4-b3e1-4775611ff209,Dai!/Tutti Dentro,1.0,1,321600,57.0,
f8f12500-f2ac-4331-bf4b-c3467ef3749e,Dissotterracci n. 21,1.0,6,194133,55.0,
de8da522-4c5d-4bfa-b03b-58cdceb0efef,Rifletti Bene,1.0,8,239071,2.0,8142c880-e121-4196-b360-582a8081a11f
3b88155b-80e5-4652-bde3-cc171fe19983,Training n. 9,1.0,6,118820,8.0,31a17580-37fa-498e-9f70-22e7a3c5f29f
fbb5a6b9-31b1-4f84-853b-f89942fe8932,Training n. 13,1.0,1,386867,2.0,f5d33725-ae22-4d65-b6cc-5c1ece65033a
494244ad-23bd-43f5-8c5a-27e186ac063b,Vaicolliscio,1.0,2,193573,60.0,651e8baa-5caa-40e7-a026-b2a1a7199d5a
9fd958ee-839f-4ba8-9f7f-55186bde7834,Sistema Intelligente (DJ Myke Hocus Pocus RMX),1.0,8,289666,5.0,053e1990-9304-442b-9232-cda67247dae7
4723e721-d129-47d2-9b88-4e3c84bc34b2,Cavallini,1.0,11,251653,60.0,
23df7e87-8a0a-44bc-8f54-4f4ae065ad7a,Sportswear,1.0,4,119375,61.0,c670518e-f0ac-4e30-b6c9-7f23d02c4ec1
43a6ceb3-7edd-440d-b417-b627c660774c,Fiori Del Male,1.0,10,188145,57.0,
c4bc362f-39d7-4b41-a8d7-79bf872ed053,Cono Gelato,1.0,4,230946,46.0,1d40fba5-2db5-4c7f-aeab-1c062c948cd7
9b491c69-ebc0-4408-9ab5-2c043d7340b6,Caramelle,1.0,1,148306,49.0,
1ee935a8-5193-4f7b-ad95-902e418229b1,British,1.0,13,188814,50.0,
6d4b0d10-fa4e-4d6a-bae9-990c88387483,C C,1.0,2,228287,65.0,
6da91111-b7a4-48f4-bcec-673818b31bd1,Mafia,1.0,12,180000,47.0,
e718c4cc-2a11-4d95-b7ef-d47e31da7dcb,Diego Armando Maradona,1.0,2,154545,65.0,
6a92fec0-4e5d-4b1b-a01a-bb05745e98ee,Spezzacuori,1.0,9,134266,42.0,
7ec2e67d-831f-4a2a-8aa6-22eaee4a2887,PUSSY,1.0,8,161325,46.0,3230b4f2-ce7e-4702-ad2f-ea240f9fda5a
58e794a9-3d1d-4626-9ea8-cdfe8c2eb41b,Pesi sul collo,1.0,10,186859,45.0,e3a8e685-4019-4d84-8b15-2866df3bbb0f
62b5c21c-9a63-463c-b9cc-0c5daccbb4c3,Aldilà,1.0,13,202066,38.0,
8042c956-199e-4dd4-9faa-3371b0f5ca3f,Cambiare Adesso,1.0,2,228287,65.0,
b451dd3d-127a-43fb-a729-d74ae9a8e869,SAVAGE,1.0,7,164265,40.0,
1c239b70-26af-41bd-bea5-35de723e617f,#FREETRAFFIK,1.0,14,164863,31.0,
08b3b490-ebed-40fc-aaca-06771881fff8,4L,1.0,12,147706,41.0,
48a04c30-3477-49e1-be6a-0c4edfbdd345,Magazine,1.0,6,146520,48.0,
ca563322-e372-4f1f-8aee-57d808ae05a4,BIBERON,1.0,13,150378,42.0,
5afe155f-9fa3-44a0-9426-7469037fae8b,AMIRI BOYS,1.0,10,155026,47.0,
926b33a5-c55a-4ffd-8cc5-a3429c2cf84c,DARK LOVE GANG,1.0,2,228287,65.0,
2781b49f-a6f4-4956-957f-b8673d72ae17,Swisher,1.0,8,152000,36.0,
ed74baa0-fb21-4de8-b7e3-eb09c256055b,Bello Figo Dark,1.0,2,157377,36.0,
6f8b72d7-4019-460a-a405-c63b8a50ba73,Dark Boy,1.0,4,200699,54.0,
a06fd16f-85bf-4eb5-a11e-002ec19d2ef3,Principe Pyrex,1.0,1,228324,5.0,d8c5b317-57b6-459f-9bb0-82ce48280b17
79586114-8e69-4033-8a8e-7bdd218957f8,Oxycodone,1.0,6,153043,38.0,
09993351-4de2-43a1-90fa-e6ff2628d20b,Cosa?,1.0,10,284290,0.0,268ba8e6-dc6d-4e1a-80a0-f0b1c091deb5
568a1367-cd15-4f90-93a1-446a15920987,NO STUPID,1.0,11,179293,31.0,
2ff0e7a4-bb16-4ac4-bddf-946b47563e4e,GTA San Andreas,1.0,8,188000,35.0,
aa8f2856-b11e-4557-b6a4-d2d32db7d6ff,Solo X La Gang,1.0,15,156000,37.0,
24bfaf8c-1f0b-4763-8e61-7e2b754ccdea,Toy Boy,1.0,4,200699,54.0,
c8781d9e-049b-45e3-8ed0-78e534041839,Taki Taki,1.0,1,150335,47.0,da0d0edd-9ab7-40b9-8475-5fba3757c8ae
72fc82e7-3f87-4c1a-a938-c74e2e1c72e8,Roulette Russa,1.0,2,154545,65.0,
e2a66023-219f-4816-bee8-e05e555ff2de,DARK,1.0,2,228287,65.0,
67264829-2469-4d6f-b919-6e089758c835,Crack Musica,1.0,11,251653,60.0,
37619591-0f28-4083-9584-6f4f5cc21128,Amorevole,1.0,4,137910,34.0,
1b9be421-e5d6-4f0a-a63a-0554f6e09767,Flex,1.0,12,177080,26.0,
4dd87696-7cf8-4e02-ac6d-137f1e3a22e9,Fuck Gosha,1.0,9,194893,33.0,
5b7fa878-c49f-4a39-b2e7-26609e922e8f,Grenoble,1.0,2,154545,65.0,
b6de5f23-201a-47c4-9bc9-f54cac8104f6,Numeri Uno,1.0,1,234545,14.0,408f40c6-3fd7-4502-a1ac-627258b7e63a
24cccf38-de2b-4f01-b66b-3787c1692331,Tic Tac,1.0,5,143146,31.0,
128eeb55-7964-4498-a867-d4760888ca9b,Ghost Track,1.0,8,188000,3.0,9f3ad83d-9808-4a71-9959-b41664a36cb4
4aea40c9-2517-4fec-b8bf-547a2b564070,Latte Di Suocera,1.0,5,145358,36.0,
1b177943-1b57-4321-bb50-acf8edc41e2f,Gang Shit,1.0,1,200501,37.0,
f4d08011-e82c-45be-bd8e-7abfe32e545d,Fiori D’Erba,1.0,5,183870,35.0,
bf825689-73af-4aa8-be6b-6fb664af2a83,GANG,1.0,2,228287,65.0,
e6b6cd59-d429-460a-9747-6994d30346e1,Età D’oro,1.0,13,153000,30.0,
f91e958a-c161-49f7-b748-fcf736ec0bac,Splash,1.0,3,181525,33.0,
70487020-be43-4d0e-99a5-4014b25bd60e,Young Rich Gang,1.0,5,174174,30.0,
d21d205c-4c14-42f5-9822-4228c788aafa,Beatles,1.0,5,329809,30.0,
b8ce23dc-c956-497b-966e-2ae7924459a9,Sex On the Beach,1.0,2,166231,52.0,
1b7b5380-33c7-4ace-8dae-89090ffd5de8,Hypebeast,1.0,15,191720,27.0,
921fb786-5f1f-45ac-a43c-f585c81608d9,Totti e De Rossi,1.0,5,169506,5.0,
e73cf07f-9f18-43c1-b3d8-cde5d2942589,Sku Sku,1.0,14,158613,27.0,
49a8d0eb-4f36-49f1-b97e-be19361405b5,Intro (Sick Side),1.0,1,93333,44.0,
a4a4ff16-2ce8-4469-851a-776cb085d9f6,Sinaloa,1.0,18,208524,36.0,
0c572555-8b74-4da0-88ea-cfca327d39c2,Super Sayan,1.0,14,94153,34.0,
ee31c770-901b-4d70-83c3-2a56dae42d33,Uomini E Donne,1.0,7,192530,38.0,
90f01c65-d67c-44e4-bb7b-72472ec9d6f3,Riviste,1.0,3,151303,35.0,
0de73f97-1d5c-4f6d-82b5-37eeed8eb05b,Neve A Settembre,1.0,10,107240,35.0,
a0ab6030-4bfa-42be-827e-c3535eda9537,Sexy Gang,1.0,2,157040,30.0,
385c7661-04b9-492a-8b62-a89472994ac0,Sosa,1.0,3,92000,39.0,
e013e3bd-7a2b-434d-98ab-59c77cbe6757,Bang bang,1.0,9,260000,37.0,
a78e35e8-4714-4163-a1c4-a433d808396d,El Machico,1.0,7,171266,29.0,
6ed29f4a-62b2-4ab0-89c9-ad594a71de6c,"1,2,3 STELLA",1.0,3,136671,41.0,
4c3e794c-c5d8-4dae-aa0c-0a3bbd2d4332,Cotoletta,1.0,16,110386,37.0,
dc52d2f2-9b1d-4358-b70f-61e780a7bc08,DM,1.0,11,114500,32.0,
84fa69d2-83de-4322-bc01-53b5c3fdcc3b,Panorama Bar,1.0,9,133188,34.0,
6103eb77-7fc0-449c-a53c-039f090346a3,Ti amo,1.0,11,149453,29.0,
b54bed4c-0874-4f9e-badc-6c13cdea5870,Tokyo Hotel,1.0,8,148110,37.0,
343100ea-dcae-49d9-a873-c104e8056f0d,Lei Mi Chiama,1.0,13,240000,33.0,
b5809335-9885-48db-a6fc-1c21b824e878,MP5,1.0,4,165137,32.0,
8274a199-f4b9-4783-a23e-0a63168f9fcb,Cobain,1.0,8,115866,26.0,
df965c98-3a69-4fba-80d4-4d7c44d690ee,Alien,1.0,2,154545,65.0,
2a9e0fc6-6d2c-483f-aec6-4636eeeb3630,Intro,1.0,1,93333,44.0,
c0c8d594-1528-4d7a-9a25-38b686caa002,Che Bello Essere Dark,1.0,10,171801,33.0,
dcd23b82-763b-4403-985d-cd9aaeeae569,Voodoo,1.0,12,98000,29.0,
12ebbc47-af3e-4170-a2bc-a44a07527b8f,Luxory,1.0,3,132631,36.0,
e8c902fe-a2de-4ac7-8e27-2d2a21c7c674,Intro TDA,1.0,1,113951,29.0,
d0feb8aa-c99c-453c-8279-b674fd11005d,Alprazolam,1.0,17,78750,34.0,
13d3e92e-c1a7-4273-be94-622a4ced0008,Hypervenom,1.0,2,154545,65.0,
91cf1049-3099-41da-b8e9-9b71c51f169f,Cheesecake,1.0,7,166000,27.0,
65687ea7-be16-4d89-b7b9-514f851b3181,3 Metri,1.0,1,99725,34.0,
c7524ce5-1c6b-4154-886c-a0523e742a3c,Regole,1.0,7,211741,32.0,
b47999ab-8ca2-448a-a90b-956d9c46324f,Expensive,1.0,8,140469,29.0,
e275ba05-1e51-410d-96e8-ac6c4a5150aa,Non mi interessa,1.0,2,112372,25.0,
34737140-0eab-422e-8ece-0d18dddecc81,Bricks,1.0,5,95954,34.0,
267500ab-8221-4d80-9de0-8d01d942c6c7,Marilyn Manson,1.0,3,148093,26.0,
fb44b443-eff8-4ba3-a1ac-01ba546faa09,Demoni,1.0,14,142000,29.0,
571fc6aa-5bba-4a0d-bd6d-166c1cb81031,SPEEDRUNNER,1.0,1,118560,36.0,
1668e4e3-4fe9-449a-a2cf-071cc1b28341,Medusa In Petto,1.0,1,191164,1.0,f8e6b65b-7d33-477c-a4bf-522e8f734cdc
bb8fccd9-9e29-4420-812c-37a072487583,Tipa,1.0,2,110476,34.0,
93baafcc-26ae-41b4-b39f-fc9f57610571,Piccoli Brividi,1.0,1,234545,14.0,
26b34745-8724-43cb-9154-9fa4b609ee6d,Porto Rotondo,1.0,9,86250,33.0,
e80a262e-5c1b-49f1-8e66-1dd2c4509689,Diabolika,1.0,13,169600,24.0,
ed870a9d-bf35-4b6d-990c-787e20d27be6,In Giro Con I Miei Cani,1.0,6,140000,35.0,
b670ecd5-4a9b-41be-90e0-f126bce91f97,Lullaby,1.0,10,109606,27.0,
b502ed04-3b6a-4a02-a829-83aa1e61bed8,Branco di iene,1.0,5,195454,40.0,
392d0f4e-6b30-455e-8d2a-d1667f938f8a,Fantasmi,1.0,8,93237,28.0,
77a072d3-1f54-45d0-9470-0024c4471d8a,Splash RMX,1.0,3,212264,25.0,
08b6f775-c2b4-4d8d-92d9-353f7fa061ad,Canale 777,1.0,7,184110,27.0,
4eec50b6-dce3-4782-a23f-cdb45e4fe1c2,Almighty,1.0,11,121791,27.0,
99488225-23b1-49d2-8128-8e3009db558a,Scusa,1.0,11,210500,27.0,
81f396da-add2-4066-82cb-dfd41e6fbc43,Young Rich Gang RMX,1.0,4,253671,23.0,
d1d527cd-4703-4177-ae05-7d4a64f6c149,Side e Wayne,1.0,10,148160,27.0,
4554d579-d3b9-483a-966e-51abdecf1775,Backflip,1.0,2,154545,65.0,
5678a56a-ef83-49b8-88a6-4d92d95ea363,Daytona In Cella,1.0,2,154545,65.0,
806f81e7-7dda-4b53-a1fc-1080d4443fdb,Toro Meccanico,1.0,2,154545,65.0,
f8e89fff-7a83-4f3d-8ec0-8f0a0b80e6dc,Acqua Fiji,1.0,9,192692,26.0,
850f78a7-bd2e-4d3e-8238-e5a7a035b76c,Baby Che Noia,1.0,11,170500,25.0,
89b21233-bc19-4859-94e8-79ce6e05c432,Passala,1.0,4,101863,27.0,
3a539a9c-b8bc-4dd4-92c8-4235b1e66164,Nuvole,1.0,14,109656,26.0,
9eaecaf7-96d0-44a4-98fe-4c567f5510e2,DONDURÈ,1.0,2,141440,35.0,
3174cb22-89ef-4174-bea2-c9aa5d43dc20,Crystal ball,1.0,6,194341,24.0,
b5050af4-c4d1-4a3b-8fd1-aa76b417bffb,Peter Pan,1.0,6,194779,23.0,
8c0a2d8e-9883-40cc-959e-7e2a3d048233,Gioco dell’uva,1.0,12,94456,24.0,
f570017c-77f3-4124-873c-fc8e180f1e03,Nascere e Morire a Rione,1.0,15,177600,35.0,0dbc0c5a-fecd-48a7-9383-23f85ccc2fcf
aff04c2c-e41b-4fd7-99c3-f74c005de1d2,Gang Shit RMX,1.0,5,225718,24.0,
5f660cd1-2284-4399-9ad1-195373b52856,Terrabruciata,1.0,2,154545,65.0,
2abe40b5-7aab-4b95-8f2c-3c18796bcf17,Pavimenti in resina,1.0,1,148500,25.0,
27b4fa4c-24f6-48b9-825d-2a723574777c,Casper,1.0,12,118507,22.0,
cb8940e8-0f72-4c39-9392-7522c1a7b29c,Hobby,1.0,1,206000,0.0,a46f248c-9cea-404a-aa4e-390f5af81eff
eb13a5f6-d100-40d6-8ce9-8073df85a6a8,Ciaga,1.0,2,154545,65.0,
d7a855ab-4fef-4be0-aedd-1d953c1c81bc,Infame,1.0,7,81052,25.0,
4b11fea4-a47e-4eb4-b9e6-8622a09af91f,Chiudi quella porta,1.0,2,154545,65.0,
eab47be6-7106-4eb3-9e30-f2991c6116e7,Sick Freestyle,1.0,2,154545,65.0,
48269f89-430c-459b-92ff-2830254c9c06,Free Willy,1.0,1,206000,0.0,
14e44d1c-7579-43c4-8ec7-89f5a1551c73,Troppo,1.0,5,169506,5.0,
ad02b558-857c-40a2-ba13-95e29f4b6dd4,RoboCop,1.0,2,154545,65.0,
41855207-7f33-41e0-ad17-762dd52bb892,Lex Luthor,1.0,2,154545,65.0,
1bbd1654-78c3-4ca1-9682-6360a39ab432,Non si vede,1.0,2,154545,65.0,
e1a9c87a-faa1-45c3-afc2-ea0b7512d801,Aria Ai Polmoni,1.0,2,154545,65.0,
e5f3bbe5-5561-4bd3-bfd2-05d42d775198,Terra,1.0,6,206866,21.0,
60b26153-8661-4ea9-bd2a-5a8d52d37f0e,Toro Bravo,1.0,1,228324,5.0,
aea5df5c-fa46-4fa4-adf2-2ea91b4026cd,Cambiare adesso (Acoustic Version),1.0,6,188431,24.0,
85d28a52-6ac8-4af8-a8b0-78628fcdba02,Tutto Ciò Che Ho,1.0,3,203720,2.0,7e634fa3-dd90-492e-9f8a-f367df6326c7
51267a7d-45a3-4d35-a364-6b044a86f18e,Iride,1.0,2,154545,65.0,
cd9406fa-0a41-428a-90bf-3261690aba75,Il cielo su Roma,1.0,9,288066,42.0,eb3514f1-da07-4b1e-913a-9e5c640f7fed
319a5716-400a-472e-b869-0af67213891b,Più forte delle bombe,1.0,5,258853,42.0,ecdfbe57-2088-43e7-b57b-2e2c0af53d34
94b4e9bb-e26f-4bcb-bf8d-3ab24148e81d,Miglia e promesse,1.0,11,256026,37.0,3f9ddc3e-e4a3-4654-9de2-6bb2b7a5172f
2c462833-c119-4107-bf16-1e1772638bf9,Ghetto Chic,1.0,2,280826,37.0,
2b3b296f-fa25-4df0-95d3-18d19554ddfe,Capo di me stesso,1.0,6,247386,34.0,
c11af0f9-e2ea-4aa8-8e45-5565a38da915,La Fenice,1.0,9,292666,24.0,
a1545ad1-8d28-4ca0-816f-c953e936c8db,Sergio Leone,1.0,8,214240,33.0,
71f04c55-c74b-46d3-b7e8-23bdcc054e8d,Noodles,1.0,4,216013,37.0,
425c80d8-abdc-4630-ba69-5da65642ebdd,Polvere,1.0,13,343933,23.0,
b0f74fe0-5326-47b3-a5a8-a20bca76ee41,Solo Hardcore,1.0,2,194786,29.0,73f32c8f-446f-4edf-9f5b-753a224ca4a3
880a1b62-3d9b-4233-8d6f-4d3f82a9b645,Adversus,1.0,6,189973,29.0,
9d5888bb-1f67-4842-aaca-8c63ce3ef44c,Quello che ti do,1.0,3,254146,22.0,
eb4d39d6-00fb-469f-8785-2f45c7efb983,Penso diverso,1.0,7,298346,34.0,
ca1eb482-184a-49f9-a3d6-e8ed14e7f3d4,Pioggia sempre,1.0,3,260160,30.0,
340efbbc-4656-4dc4-b0ad-ba7dfeca2c6b,Il tuo diavolo,1.0,13,295932,19.0,
38461179-baac-46bf-bb05-dce66cea612c,Ciao Ciao,1.0,11,355546,25.0,
04501eb0-d104-4813-8221-8a8256ecca11,Vita,1.0,3,306519,30.0,
27c06a56-8ba4-49bf-bbf4-d43a3faf73a6,Nostargia,1.0,10,212653,32.0,
f4ed5a61-782f-4426-b173-5ae50560cb81,Sopra il colle,1.0,4,257545,27.0,
c6360d4c-4a0a-452f-bc77-f282faf28d15,Eppure sono qui,1.0,2,254546,31.0,
506e98e3-782b-4a76-8211-0e5d20337217,Benzina sul fuoco,1.0,4,254386,28.0,
fd84f67f-93dd-4899-b365-50d64530f66e,Storia di una lunga guerra,1.0,1,224600,25.0,
c24b1a4f-fddb-4629-af76-d72a43b21c47,Lettere d’argento,1.0,5,199933,24.0,
b39e0c12-694d-49b8-b9fc-e7615023733e,L’attacco dei funkadelici quattro,1.0,16,212506,16.0,
a90e2cae-47f0-4927-877f-ef00808fc7ae,Cuore più cervello,1.0,9,214493,23.0,
55e0787a-15dc-4a1a-8b3c-50dd97a64f7e,Sergio Leone (Re-edit),1.0,4,254386,28.0,
6d3d078e-df6d-456a-b2ad-f7223995b74f,Nulla virtus,1.0,3,212186,23.0,
ea61f830-789a-48cc-a901-9b13b2d8dbfb,Non ci sto,1.0,17,301879,23.0,
e3028286-91af-44df-837c-e034f256abfc,Solo Amore,1.0,7,281760,22.0,
fd308d46-c86b-46d9-a9d9-8e59d79fdf5c,Stappali e scuotili,1.0,15,266852,24.0,
8423fc86-80a9-4a49-8003-0c9c277868b9,Musica e fumo (Re-edit),1.0,12,263480,24.0,
b4af1b03-83df-45f9-864a-fbddc3923bf8,Prova microfono,1.0,2,331586,24.0,
dce61a92-c283-4296-937e-251e74f76710,Quando verrà il momento,1.0,5,322146,18.0,
e5a5278b-69f0-4cf3-8ff5-2232990ebcc8,Questi Giorni,1.0,10,272240,28.0,
f013e484-f9b6-4a24-91e9-07099d534010,Mempo,1.0,14,219760,22.0,
37a73342-3638-4f26-9af6-6da8941e92ca,Ninna nanna,1.0,6,315106,17.0,
5bc9abd4-54fc-4b79-a91b-1d522b9c14a6,Punti di domanda,1.0,11,257146,18.0,
bd9b08a9-e515-4c90-beb6-0cec79750238,La forza... (Intro),1.0,1,140746,16.0,
0ec32ef9-de9a-4c3a-a4ee-86a3dcfb01e2,Elfo scuro,1.0,7,135212,16.0,
a7f498f9-e5bf-4aa7-b027-1c2c35179f40,Oggi sono chiunque,1.0,15,250760,17.0,
33ad413a-ab35-4a78-9d2f-ca77c04c9e38,Toro scatenato,1.0,8,267932,20.0,
0281d4b4-341f-4c61-929a-e4344bfc8a04,Funk romano,1.0,9,286746,20.0,
b475a374-d7a0-4721-80ba-a470b1e8a9eb,Cinque a uno,1.0,12,251012,15.0,
50a43171-724b-4618-996b-a12e92a573dc,Fratello Dove Sei?,1.0,13,241706,16.0,
8fa1eaff-6ca6-4ad8-af39-bde03e2bd71f,King Kong vs. Godzilla,1.0,12,303346,14.0,
647c6fd7-0552-46d3-8afb-90c7a2fe8049,Accannace,1.0,8,179133,19.0,
301613ab-623a-4728-813e-be827f709475,Spinto da una sensazione,1.0,10,349052,12.0,
fdd4b3c0-778d-41f1-ac15-ed93d44fda38,RM Confidential,1.0,16,285773,16.0,
21a1cd97-1dba-4819-8063-65fac068dd36,Notte Cattiva,1.0,6,257346,8.0,54a8497a-dff4-41e4-be2a-7b9a7f5f4352
d6ee3c58-d985-4d54-ad5f-9410bb55978c,Scienza doppia H,1.0,9,288066,42.0,
31b97e3d-562b-4631-954c-6f843752e8f8,Lato oscuro,1.0,1,135546,16.0,
083308d5-ca22-4329-87ef-40293e98e90b,Preparati,1.0,6,302959,13.0,
11dc6212-3611-44f9-be15-f7a09a3dadf3,Sorridi,1.0,14,206026,15.0,
55581895-2fb8-408c-b74a-c6b148e75a5c,Anima e ghiaccio (Outro),1.0,18,122933,13.0,
a8494ce5-877a-4496-8238-b787c0037183,Sempre vero,1.0,10,98079,15.0,
c3de92a1-ce34-4f60-9b6e-837b6d02cc8a,Sul tempo,1.0,4,326586,13.0,
d9f44c67-dfa7-4612-8b00-4cf64c47c7a8,Balla Coi Lupi,1.0,5,258853,42.0,
1e512f18-b7b3-48d2-8672-5bc7f8c1577c,Dissetante + Potente (Tamarindo’s Flavour),1.0,5,235386,16.0,
35853e55-951f-4b76-a61a-982b3e14e7f6,Pornorockers,1.0,8,85746,13.0,
76ba0c5e-732f-45e4-b0d0-68dd76730d8e,Outro,1.0,14,71239,11.0,
bf5bccb6-59d8-42a4-a33e-6e1e4f5114b4,Rest in Party,1.0,7,176519,11.0,
a8d6ea8d-46ca-4747-b6f2-732a12038120,Intro,1.0,1,62079,11.0,
4ec045b4-eada-4ccc-8916-c86cdf6c503e,War,1.0,2,291757,36.0,
3d041618-e798-4722-8a20-c3cfada8bf01,Colle Der Fomento,1.0,9,288066,42.0,
6914b4d9-6bb3-4505-bea9-5893c3c43975,Outro (Scienza doppia H),1.0,14,55279,7.0,
b53364fc-29fe-4378-959d-6aadab779db3,Sorridi (M.I.A. RMX),1.0,5,258853,42.0,
ae83bb1e-c193-47b3-b081-e52c830837ac,Balla Coi Lupi (Sine RMX),1.0,5,258853,42.0,
635e6be1-ec4b-447b-9d42-ba4a16c61716,War (Gengis Khan RMX),2.0,13,273800,1.0,431b8d0b-9da4-4f46-8cfe-93109ce3a9be
76a4ffac-6eff-469a-a16e-becdf4f40339,Solo lei ha quel che voglio 2021,1.0,1,290280,37.0,
a1a424ea-a0d1-43b4-ac4e-43bf07838dad,Mastroianni,1.0,1,191280,30.0,789a1c35-4f9c-4ed1-ac6a-101481723d1c
ed8bfc5d-106a-4ba4-a24d-09ead78068e7,Cronici 2021,1.0,9,295826,19.0,
14ef2e3e-aa97-4610-bde9-e72590690af5,Sotto Effetto Stono,1.0,14,243813,38.0,da701888-9455-4527-bcc2-bfeb786f2f48
34440da8-c545-447d-874a-5fd390159e91,Solo Lei Ha Quel Che Voglio,1.0,1,290280,37.0,
33b49636-cc11-4194-9404-c5ae4b2b4a10,La mia coccinella,1.0,1,206000,36.0,946de70f-938c-49d7-9cac-9a6b73989126
3239939f-e952-455d-9924-6f91c3891c96,Di Tormento Ce N’è Uno,1.0,6,280733,26.0,
9afbdc0a-ec0b-4fb6-8db4-6a2ee516559a,Tranquillo 2021,1.0,7,234946,17.0,
f4d5dab6-4b3a-4ba5-9ceb-b3211a40a5f8,Amor de Mi Vida,1.0,11,295333,39.0,11cf1104-5a5a-4857-a08d-a648f12b4fb3
c67c42ec-65d7-4398-b65d-681d7336c7a6,Come la prima volta,1.0,12,219853,20.0,
a04bf29f-6b68-4611-87fa-a74ae6f0540a,Ti bacio ancora mentre dormi,1.0,2,193026,23.0,
b3993474-92d3-4422-8ea7-67a285c4ee39,Poco Male,1.0,1,202312,26.0,c0374b5d-6809-429b-9bd3-0015baf6d90e
2c0a0374-da3f-4359-90ab-db578b4db93d,Mezze verità 2021,1.0,11,194506,13.0,
6665560c-bca3-4107-bcf1-50771e2207d7,Eh Beh,1.0,3,231666,18.0,
e9179c6a-b07a-4e15-8e27-92e747d30f71,Quei bravi ragazzi,1.0,11,305000,19.0,
e5249e70-5c71-4834-838a-464c932382bd,Amor de mi vida 2021,1.0,5,229653,36.0,
5196e87d-6e89-49d2-adb4-7440e4888a0f,Dimmi Di Sbagliato Che C’è,1.0,14,243813,38.0,
135e6a79-079c-4a7f-8489-c1f193f74b0b,Dimmi di sbagliato che c’è 2021,1.0,6,191666,27.0,
b95df696-9381-4004-81d4-3d5144f8c561,Altrove,1.0,4,163800,13.0,
6332e850-3ffb-4352-9549-2e2b363e26e1,Non c’è amore 2021,1.0,8,200986,15.0,
63815d46-7276-4946-abc2-1b1773624cc7,Ianglediz,1.0,13,301000,18.0,
f3174a17-4873-40d2-b8b7-f31ed7622fa5,Cambi colore al cielo,1.0,14,189773,12.0,
9d92587e-685e-4095-a45c-aae858a15911,Non C’è Amore,1.0,2,235306,29.0,
3558acc4-7ab4-437f-baad-7c35e5a62ba9,Succo Alla Pera Col Gin,1.0,4,232000,22.0,
86439871-a334-473f-a4b8-880d7655c1a7,Cronici,1.0,9,295826,19.0,
4ca0bc9f-bfb1-4200-b765-57107eee57e6,Buone vibes,1.0,11,185906,12.0,
66bcce3d-bebc-4416-b383-50bb6a92e42d,Tranquillo,1.0,10,249840,32.0,
894a3e0a-caf3-4cee-9e0f-df81becae8a4,Mezze Verità,1.0,10,258426,27.0,9716d27b-b816-4a58-a5c0-b2867a2dbd8e
5983dfb7-c8fd-4ca6-80a7-386f6d25c6ba,Non C’è Storia,1.0,12,210000,26.0,
d23a406d-1108-41de-b19c-8aac1947277d,Dimmi Che Farai,1.0,8,173666,14.0,
e9c521f8-cea9-45bc-a09f-edc794521895,L’inconscio,1.0,15,398000,12.0,
0ff4c7d3-e167-40cc-92a9-cbcb135ea074,Ho il Controllo,1.0,5,46680,14.0,
f391c4e1-3d1d-4cd9-875a-dadca006ab35,Chissà Ora Con Chi Sei,1.0,9,291600,19.0,
158cdaf2-61ed-49f7-8ac9-38adbd93c59a,Smoked Out,1.0,12,603160,4.0,
33cd887f-6103-4c9d-975c-7fadb38c93fa,Mai Piú,1.0,7,217573,27.0,
7637ab61-9e01-4c95-9622-e1194ef6433a,Buone Motivazioni?!?,1.0,1,333173,11.0,
aaedf5a2-bc7a-470f-a851-cb30d40b99cd,Ma sei b*st*rd*,1.0,15,207666,11.0,
e51c5f89-e048-4b49-b5b4-a53169971324,La Vita Dei Gaggi,1.0,2,213866,10.0,
33953942-9286-4fd4-ae6d-92034a84e2e0,Sotto lo stesso effetto,1.0,11,295333,39.0,
f33ddb2f-7d98-4e46-8a6e-830c70d9acb9,Discorsi Inutili,1.0,11,372586,4.0,
52dbc7c1-45bc-46ab-a63b-a3f968024f28,"Amarti, Rispettarti",1.0,4,284120,17.0,
aab80d95-d927-45f0-a754-b86b0fa8a48a,Da Me,1.0,1,273280,11.0,
ed6b433b-7b9e-43ec-b310-624285d0c109,Chi Meglio Di Te,1.0,10,245520,14.0,
57416d61-2725-4cf6-b076-e8f925715463,Ora La Colpa A Chi La Dai,1.0,2,285186,12.0,
a18a7815-8df5-4c06-b5b7-40ddbef4b3a1,Da Dove Scrivo,1.0,14,209053,5.0,
df10ca18-e82a-41d0-b697-efb32b512cba,Chissà Se Almeno Domani,1.0,1,221403,72.0,
1a53c102-73bb-4ec8-a8e6-23a5f480cf9a,Stile Libero,1.0,4,180740,52.0,
af616d85-b22f-4166-b8c5-1c9b4a8b6a69,La Vita Che Vivo,1.0,16,234480,11.0,
90d2cf25-d833-480d-b69a-8685663aec3e,Silenzio,1.0,8,177672,55.0,
0775b35a-2f73-4e23-9fde-4d1eca645950,24h Non Stop,1.0,16,234480,11.0,
330cc3d7-5adc-4fac-985d-974e460166aa,A.t.p.,1.0,13,290280,3.0,aa525d79-b2f9-43db-806e-4cadef648b56
e467f24d-3eaa-44f3-944d-f3a5df72f249,Coscienza Interiore,1.0,3,263106,4.0,
0d313982-72f2-42e7-9cbf-86b81d5c7572,Stando Alle Regole,1.0,5,262333,17.0,
592a528a-7e31-4be5-ace2-71d76632579e,Nel Jet Set Del Rap,1.0,4,234880,10.0,
6c56b2cb-d7eb-459e-8f4d-4c5410e4593d,Tu cosa fai?,1.0,13,252333,8.0,
ae5d2bb4-01b3-410e-8f3d-2ef8f99d79ab,La Biccia Giusta,1.0,1,197708,76.0,
a4eaba43-40a0-4652-960e-a9bea5b081ab,Spirituality,1.0,9,256706,14.0,
a1d8f346-9d08-4428-a712-130f17baa5f9,Solo Noi,1.0,8,334773,13.0,
cbbd5a6f-e059-484f-a8f4-dadd326fe3ab,Ti bacio ancora mentre dormi (Acoustic),1.0,14,216569,15.0,cb97b671-9059-487d-b4e6-921b1bdb7b81
45223c96-e0ec-42aa-b385-499b09597ef2,L’a Morale,1.0,1,194090,69.0,1dc1a9c8-62cc-4752-887d-7e62ea399fce
a2d8aa19-cfe2-4be6-9244-a68d3d01ebd9,Il Mio Sogno,1.0,5,290053,11.0,
d2420b25-8c20-468a-85ef-881b389c10eb,Losc’azzo,1.0,14,243813,38.0,
260ceefe-8c1c-46bd-b674-8fd18de703c0,Tto Che Mi Ha De,1.0,7,223834,79.0,
075be95f-26cd-4eac-a9aa-809d50c474f9,Gin’n’giro,1.0,5,176213,56.0,
808b179a-4f7b-457a-bab7-9117564d62af,Fai A Meno Di Me,1.0,6,195093,5.0,
9aa0138d-060e-4308-9a74-20794c7264c3,Gia’ Conti I Secondi,1.0,6,177680,7.0,
e96b91f9-5aee-4397-9afd-aadb43ea1d85,(Come mai) Proprio a noi,1.0,12,262066,9.0,
fc37c57c-7028-454e-ad1b-eb46ae644d38,Whoo!! Whoo!,1.0,8,235786,17.0,
a6b7700d-d92f-4c33-a80b-c67e9362eb16,Fai Su!,1.0,10,285026,4.0,
91a502c6-4bda-4e58-8823-8d0c226d2552,Ciaomiaobau,1.0,1,184311,57.0,d3881c44-1163-477c-966d-58d57d8efb34
b61e8db7-ba1a-427d-99f0-bcf446b83d03,Vendesi,1.0,13,193253,40.0,
f936ca8d-e58d-4a23-9a09-99b8d4889b83,"Ieri, Oggi e Domani",1.0,4,152000,35.0,436227da-a50f-4097-872a-213b048f5513
f83885e9-604d-4ab0-80ff-7d6f243376a7,I soliti mc’s,1.0,17,165106,5.0,
95e40306-a912-4cce-bbb7-51387d0a3913,(Sei Tu) Che Mi Dai,,3,256373,,44bfc3c1-7b2c-49f9-98e2-2a15e04308b7
c7be02f3-2758-4b2e-b923-edb54aedd531,Da Soli,1.0,13,167555,37.0,8ee100ac-c276-4f21-b576-822bd6102111
e3aa2b43-2476-4e0a-88ea-bcf2e6d545dd,Standing Ovation,1.0,8,194413,32.0,14be9983-ad6b-4481-be46-a3479e0779d2
0e97ac63-74f2-4ac1-aba9-bfb09611c83d,SFIGA,1.0,1,217865,27.0,f2b4a14e-6ea5-47fd-841c-a9c9dc974c0e
886bfb10-3f3d-4aba-bf33-c0fe3d6255f1,Antistress,1.0,7,189093,11.0,36712503-6628-4d5f-be0e-32e411074f40
827493bc-953c-4bf1-ad1d-631affb9a2a1,Sei come me,1.0,3,288733,27.0,321f12c5-e41b-4e44-950e-ab58f3907dd1
1e5141ed-58dc-42cd-a452-c1e1834bdcdc,Come farla su,1.0,4,237706,23.0,
2c853ae2-a43a-4656-8352-17b779db57a8,Stelle cadenti,1.0,4,277426,26.0,
30b4ed66-6137-40a6-937d-0ff3fd434e77,Gravità Zero,1.0,6,216166,20.0,be1f6b85-6142-4229-b01a-bb9cae53b2aa
5033a4fa-0d8a-41c0-84b7-cf8c22f2ff15,Superblunt,1.0,6,377346,25.0,
21a7bdf0-8345-4fc2-807e-4f395ac98aaf,A testa alta,1.0,1,207560,14.0,
2ac26188-8a2e-4a88-a294-651bf34335e3,Fumo e malinconia,1.0,11,281360,27.0,
8352329a-5fe8-470b-89bb-d88dca7887f4,Strade Sbagliate,1.0,4,214478,19.0,
bfe2ba5c-903c-4f76-b413-665751e8552d,Happy EP!,1.0,2,171489,7.0,883903d2-ecfd-4828-96f4-811f195032a8
43da768a-8b7d-417b-8824-65029644026e,L’ha già fatto J-Ax,1.0,8,344333,29.0,
3d00b5c8-5661-429d-b4aa-c4101d15b0fa,Abbiamo vinto noi,1.0,3,236926,14.0,
f1617eda-1231-44c7-9f93-9674d30dc6df,Diamanti e fango,1.0,4,277426,26.0,
f067a047-63e8-4419-93b4-dda40a37878f,SOCIAL DETOX,1.0,8,191906,16.0,
acd37613-c455-491f-9e5a-e7b437070107,"‎SFIGA, Pt. 2",1.0,2,169411,22.0,
7e0b1ce0-f628-4cc3-a84c-63290743b8e1,Qualcosa di buono,1.0,2,212080,10.0,
63b78643-bd8e-4a53-85d5-645c5e8575dd,ABC,1.0,1,166829,10.0,6ecb8f21-624f-43a2-993b-cba07e3f48fc
9ee6cf46-edd4-44e1-b50d-c8ec914a4835,Segnali Di Fumo,1.0,5,233087,14.0,
d56384b9-34d4-401a-8d69-22d6626a07c1,So Free,1.0,11,198000,9.0,
b48aa717-ec6c-4719-924f-9e49ee285eb4,Menomale,1.0,12,186093,4.0,
3a214c40-9a5a-40d7-a66f-9338cb228517,Una musica sola,1.0,1,282640,8.0,
b11fca27-fe40-47ca-ab2f-24f2527a0a39,Io Grido,1.0,3,288733,27.0,
0f7bf23d-77af-4919-b2a2-0f164563c145,MUSICA ETERNA,1.0,5,203181,22.0,
f83d996e-40a4-41d5-b13a-28a37fc9b8d6,Gremlins,1.0,11,206721,18.0,
15f0a073-2a38-4a9d-8141-f24d63289039,Non fa per me,1.0,16,218482,7.0,
720baf95-3c83-4737-84f2-ca10773ff7ff,Per L’ennesima Volta,1.0,10,328093,12.0,
aa5f3265-7ee7-4120-ba5e-b38e6e6fda93,L’Italia chiama (Pub Song parte II),1.0,13,186665,7.0,
c0b16de1-9f0f-49de-ad87-0d1befe6ccdf,Un Bimbo Vede un Bimbo fa,1.0,5,195305,58.0,42ff089f-f84e-43a8-893f-da080cafc048
99d913d0-9c74-4920-8fe6-90f72debe64e,Vaffanculo,1.0,2,223439,15.0,
30133830-c35b-4367-abd4-0341e9178384,Pezzi di Merda,1.0,2,251500,2.0,26ce1e06-5d1c-41c9-a627-a75a388c695f
e3fdf396-c698-470b-8c20-451cde14957b,Certi Film,1.0,1,249173,4.0,c6dda2bd-70a4-4038-8026-925e6d3d9a4e
8cf1d76a-4092-4022-b8bb-d2e50ed00123,Blu,1.0,7,218603,15.0,
49062709-85ac-4872-837e-67e7c181c408,F.U.F.F.A,1.0,2,198800,6.0,
e0739c1f-f0a3-437d-94bf-714d981028fa,Isola (I need love),1.0,3,189480,5.0,
156cf3bf-647c-4e64-aebc-0bd7bac955d4,Doctor Weed,1.0,7,208186,6.0,
305a4558-771b-400b-a0d4-9dc53a3c66e6,DAY OFF,1.0,4,188771,12.0,
65756c0e-2b88-4898-92de-5671d53aad4d,Ad un passo dal sole,1.0,6,206013,6.0,
cec9fd7a-393a-4685-ba36-a696edf4ff1d,CIAO CIAO,1.0,9,200412,12.0,
de354fe7-4350-4061-b929-a2ac0a0cc089,Non ce la fai +,1.0,9,259653,10.0,
7fe71311-762a-4c74-8181-342633ef3574,Rapfetamina,1.0,10,174705,49.0,
6dff0432-d387-494c-b1e3-f3553f40cd95,Un classico,1.0,10,191013,3.0,
8fc96f68-cfbe-45cc-900e-cfb70f39be63,Tutti i colori,1.0,9,195853,7.0,
ed485170-df94-4931-8881-e6104c9071fb,1000 DA 1000,1.0,15,187397,10.0,
eccb51e5-00d0-4f98-ad2e-ff52552f8e9e,Tutto normale,1.0,5,168226,4.0,
9e30b1e3-539d-4daa-803a-c8763e12d16d,Cologno Beach,1.0,8,218106,7.0,
178ea73e-5976-498c-8267-002721474a91,Occhi Diversi,1.0,10,225103,10.0,
cdcebac6-8768-46d4-b0f9-bff4930349af,G.R.I.D.O.,1.0,1,159207,13.0,
7a018d6a-5c25-4c41-9b04-0a81eeb43fb5,Torniamo a casa Lessie,1.0,14,156493,58.0,b382b1f5-3c91-48b4-9551-52f6636693e8
fc1ac40f-c2a9-459c-bb8f-d8cc3c42e1a8,Veleno,1.0,1,264554,6.0,
1ccdc293-8e32-4f92-865c-85d8f4512a81,Peter Pan,1.0,15,203586,6.0,
d8b1f704-683c-4220-9d08-a5b31997d4aa,Scemo Scemo,1.0,14,206627,4.0,
45a2bb9c-3537-4a3c-91a1-5e7d71485084,La Rivincita dei Nerds,1.0,8,218890,6.0,
00de2ec2-2ed0-4751-b99c-aa5a0c5ae16a,Videogame,1.0,12,221320,6.0,
658540e9-5fe5-4a63-9536-958eea3c0f8f,King Kong,1.0,9,218575,4.0,
4d876e20-911f-401b-95c2-a6beebee43d5,Ajo,1.0,1,158400,35.0,4b3a58d9-f419-42a9-8260-19cdad54588f
d7a7342c-f8fe-401c-8f52-fba8f8380182,Bando,1.0,1,192096,72.0,
d8266aea-53f7-483d-9bac-85d2a236fcb3,TT LE GIRLZ,1.0,1,192096,72.0,
d23b2cec-2ee7-4255-b74f-b1157b2c6352,I LOVE IT,1.0,6,110332,0.0,591ab659-cdde-4019-a584-f5742d9ec1fb
2b152c30-c327-46b8-99d0-4616d7e2e47e,ABC,1.0,1,192096,72.0,
23fd6f27-4fa6-4c82-af3a-1b112e9edea5,30°C,1.0,15,152200,4.0,9f3b7f93-daf7-462f-8e89-f80ddb69c103
f8443397-f07e-45d2-add9-addae4189e0b,BBE,1.0,1,192096,72.0,
c81b4ee8-7382-47ac-a706-bc09ae649304,BIKINI,1.0,1,192096,72.0,
855dc18a-0173-4895-a25a-6c8bdf346162,UNA TIPA COME ME,1.0,9,151515,67.0,
c3146410-1865-481a-8ea5-4a102fc47829,HELLO KITTY,1.0,1,202769,13.0,74fb1055-3fda-4e62-a766-fc9044e85c51
b80ab312-6fca-477d-80ec-cc7ed8399975,VIENI DALLA BADDIE (interlude),1.0,14,145483,57.0,
a0748da6-785c-4bd3-a9b9-b0ecf018a33a,TONIGHT,1.0,1,192096,72.0,
9282e52d-058d-4f41-9113-8207674f577f,CHICA ITALIANA,1.0,1,130285,25.0,123e8436-d07a-429e-9094-871ef70f5d67
5144aaa3-65af-4bac-b05d-d5031811efc5,ENERGY,1.0,1,192096,72.0,
31dab4c5-8ad3-4363-b114-d938626d9f27,INTRO,1.0,1,192096,72.0,
c3e5941e-23f2-4449-a549-29c6928916d9,3 DI CUORI,1.0,6,158823,49.0,
046c1da8-b7fe-4305-b2e5-55330104fa44,Drippin’ in Milano,1.0,1,192096,72.0,
1dd1ab91-c98b-443f-b72d-35db913f582b,WHY U MAD,1.0,1,455140,38.0,8acbf028-1911-4aab-bc90-3f1bc0349265
c38ed8e3-1c73-4463-bbd1-2216663adb71,MULAN,1.0,1,192096,72.0,
f4ee5eb3-ccca-48fa-a808-ce9ae09a93a5,BLA BLA,1.0,2,119217,61.0,
f625f78d-73c4-415e-9f41-8fa817fdfa1d,DÉSOLÉE,1.0,1,192096,72.0,
ba917e0a-3caa-49ac-8109-78a080b6444c,SHOW ME LOVE,1.0,4,297878,33.0,c7666ebb-6cff-4a51-85f0-939ebad4ac23
c230c863-8f26-40c1-aac4-b3cecbbc33a8,FAST,1.0,1,192096,72.0,
8e7964dc-b911-4f79-9baa-bfb07dd35661,MISS IMPOSSIBLE,1.0,1,192096,72.0,
66cfeeb9-c4be-47e7-8a10-a60fe2ca61bf,ADVICE,1.0,1,192096,72.0,
3da3d2d4-d904-4092-aa16-851d83cce054,GASOLINA,1.0,1,192096,72.0,
c908d774-937a-42c8-b54c-c1626ba60471,BABE,1.0,1,219451,28.0,
b14f0db9-b871-449c-a2d8-a3f8d6da90dd,I GOT IT,1.0,5,213863,70.0,bc16b605-9f04-48d5-9172-693db4979b84
24ba4984-3f5c-4e98-9372-d62a04cbddc6,Merry Christmas Freestyle,1.0,1,130285,25.0,
46144547-5bae-48d2-816b-1adae2002a82,64 Bars,1.0,1,217751,0.0,cc7f2ebb-ffda-46bf-8984-1cfd98ef1a82
15f3618b-b7d8-45f9-9c9e-5883c7411ac4,AMORE DA PIAZZA,1.0,8,257706,3.0,981d7c54-216a-4da4-8d04-34052121dac9
cd11a456-9add-4013-975d-f88e18dccb02,SQUEEZE #1,1.0,6,158823,49.0,
b42aca5c-6e99-4845-aaca-55e35afc079f,BALAKLUB: what up,1.0,1,135000,44.0,1658285a-7790-49fc-813f-27755753d350
58ca928b-3589-42e7-a866-9dfae39bd178,BABY,1.0,1,192096,72.0,
8a66d371-3e64-4af7-9791-9f1f5b13bc3f,RUFA,1.0,1,192096,72.0,
d31d2f9d-505a-42af-8881-a2bf97383402,TUBARAO RMX,1.0,1,192096,72.0,
7445ba91-6d0e-4f26-bb6a-81126238aefd,SOLO ANDATA,1.0,6,226906,82.0,
2c908623-c647-4017-a20d-4b0ca0a50335,LOCA,1.0,5,185188,40.0,c9429082-2b47-43c1-bf10-d6708fc33eef
1f21c5e7-3114-48c2-879b-40c7febf96c8,NO BODYGUARD FREESTYLE,1.0,1,217751,0.0,
4a50422c-a01d-4aa2-8381-e8fb35931e88,CHUN LI FREESTYLE,1.0,1,130285,25.0,
a9bf68bf-1cd1-427e-b6f4-9459c7a57362,Non dico grazie*,1.0,1,192096,72.0,
eb536aa3-d6fe-4f9f-b6e7-5d73c267bbe8,Wop Wop,1.0,5,183000,67.0,d664bbb3-e05b-4d61-9c55-d3a922833f73
66b89900-ba44-4698-9481-4d18e59cc92d,A Lei,1.0,4,185343,66.0,
37282628-0e83-4a6f-b04b-106da29985c4,Tip Tap,1.0,1,129795,61.0,a7330513-55df-4652-a926-e25d474f5f9c
c1dbde91-ce74-4176-93a5-23e1550b7bb9,Responsabile,1.0,11,154285,56.0,
c8d20e36-cb3b-4be5-b02f-3c62dd4b9d8b,Mattone,1.0,4,142000,58.0,
b33e979f-f1c5-45b5-b419-0c47cb1d227b,Apparecchiato,1.0,6,158625,60.0,bbdec84b-e3c1-4822-bad9-9012c26d96ca
77b55d85-c087-4769-9444-e4fe0d24aa92,Bugie,1.0,10,160000,52.0,
16d3548e-0bf9-4607-8640-63b4ef830009,Samsung,1.0,9,195795,60.0,
aac07e51-2455-42e7-a3e8-ed8658cae944,Pezzi Che Cadono,1.0,2,148250,60.0,
98f0ab20-9242-4e9d-a329-306653d100d4,​esse​ Type Beat,1.0,7,136033,5.0,f370b8da-8ac8-4d83-bf7c-96ca6d80116d
0299751c-9535-4f65-b55d-54cc7c4e92f1,Dritto al Cuore,1.0,13,184615,53.0,
f7c4abc6-d1a0-4adf-ab19-379b57a42123,Mario & Luigi,1.0,2,123750,55.0,
07286432-ac94-46fa-878a-260e54ef92f0,Qui Quo Qua,1.0,7,147989,48.0,
9e791b48-28bc-4932-8a6c-1a0602694f77,Tommaso,1.0,3,111600,53.0,
60fdcb83-9a6a-4caf-a649-1f343237f9b5,Campanello,1.0,12,186468,53.0,
0f225722-34e4-4e00-93bb-ae20405ac574,Rimasugli,1.0,15,178452,55.0,
9f13cc15-2a41-488f-b857-bdb0ab304bd5,Sex Appeal,1.0,8,133555,49.0,
d3a0dd98-d1b0-437a-82b1-c5b1701caf59,Bar Cinese,1.0,3,145353,54.0,
84c34408-8f7c-4b35-8bff-3a37181e9d1d,In Hotel,1.0,17,162285,52.0,
df62d493-28c3-45d4-acc6-5ec7b7a339af,Terrorista,1.0,1,151250,40.0,19c92296-3f91-49bd-b97f-056a9d735168
614e0eaf-6992-4378-abff-b1db7712ba56,Budapest,1.0,7,131428,53.0,
a4588518-e0b5-491c-826b-5d394ea17ea7,Ogni Notte,1.0,6,148376,48.0,
dca3c381-c0da-43b8-9d8b-c6a80b765b4f,Giugno Luglio Agosto,1.0,11,146614,47.0,
635c054b-dd6d-4f92-a01d-9c99428d4584,Walter White,1.0,10,130000,48.0,
b5ef5e50-6bd6-48b2-81dd-73d78d4a15c8,Non la Sopporto,1.0,6,147878,57.0,
9f107672-cb30-459e-b830-d337c713923f,Pippi Calzelunghe,1.0,14,130672,47.0,
7f8e004e-2f4e-41c2-841a-10d1aa587ba8,Franco Campanino,1.0,12,161000,41.0,
484d3934-8ce4-48d4-a105-786d26c664f7,Vito Corleone,1.0,16,173316,49.0,
d07aea85-aee8-4ae2-8cc4-0cb833563dbf,Insieme Da Una Vita,1.0,5,131413,50.0,
d919de47-1b26-4b02-bf76-0b3fb0440510,Frank Lukas,1.0,8,149538,42.0,
32f034cd-b4f3-43cf-95ab-4f238548d836,X I Ragazzini In Strada,1.0,1,140645,44.0,
a1e860e4-34f3-4a56-ab04-88d0f2cb3831,No Pinscher,1.0,4,185343,66.0,
e3a87b03-018e-49ef-ad61-06013f4ea262,Popolare,1.0,5,183125,41.0,
ff2ac5e6-6fd6-4130-ac40-e7fe8eb482e9,Crack In Casa 24/7,1.0,4,139000,41.0,
3c5fc8a7-c5ac-49cb-b09e-fb5b9b3acdd7,Minigolf,1.0,9,105600,42.0,
7da49ac3-46f8-428a-9209-fa623d656e61,Papa K,1.0,5,195291,61.0,
e53dcbe7-38be-4cc3-a1a9-78e81d58fb3d,Non Siamo Simili,1.0,7,167250,39.0,
3b2f38f9-833f-4dd5-ba79-9c06b1832096,Al Capone,1.0,3,158250,42.0,
0761e1aa-35a4-438e-9d42-79c468e4c7a0,Pappone,1.0,8,146000,43.0,
c5fbfe6a-fcd7-4e21-86ff-2f826759e9ac,Tupac Freestyle,1.0,10,130000,48.0,
ee1873fc-fd80-48df-bb18-2a24da03c068,Gesù Bambino,1.0,6,158625,60.0,
776413c3-1157-4b44-857c-313155d9f6a0,Drive By,1.0,10,140500,38.0,
c968b7c4-e7c9-4a9d-aea7-343db7f6f846,Balotelli Freestyle,1.0,10,130000,48.0,
86d09010-7319-49df-b4ce-6da43bd0132f,Angelino,1.0,11,160875,38.0,
885b68b3-b363-42e3-a33e-58d514bee594,Dare Un Senso A Questa Vita,1.0,12,173625,35.0,
450cecfb-05aa-4d78-8125-4e393160df84,Asilo Mariuccia,1.0,1,87000,34.0,
e5022198-5b4c-4782-8df4-8455f07df655,Per non Morire Mai,1.0,1,190173,36.0,28c4b360-6f88-41f6-851e-b39e76238c8d
8dc73813-7fa9-4409-a865-9cf9ec68cbfd,Sasso forbici e carta Freestyle,1.0,10,130000,48.0,
4fb8e7ea-8635-4ef3-9920-b13aebd1483f,Buon Natale Freestyle,1.0,1,530268,62.0,0f4ab0c6-ad17-4f6c-8eb0-3b28ce451c83
be1be7f7-5cd3-4a31-a02c-9d84188d2468,Capra,1.0,3,352492,0.0,b9c07ff4-7ad7-4c32-8d80-1d0daa8c60fb
8f09d808-0b07-4f7a-b9f0-8ad6ae17ed1e,Illegale,1.0,2,129888,35.0,99c831b4-f9bb-459a-8db1-da303b8ef82c
49784ac0-402d-49db-a065-71dfe2178efe,Ci sta,1.0,7,166269,35.0,
bba18dd0-6d95-4802-b85d-c49eaeedabce,Odio tutti,1.0,9,172804,25.0,
96a61445-bbd7-4b8d-9aec-56c0d1371942,Bella,1.0,4,119550,28.0,
d45b696c-7c89-44bd-af36-5ecd29e54c65,TT OK,1.0,5,165576,23.0,
b61b3a8a-d204-4dc2-9434-ff0a7a984bd8,Huarache Freestyle,1.0,3,63867,23.0,
0075e616-2180-4427-ba17-977702f9ce54,Napapijri,1.0,9,136339,26.0,4eb53776-f5ea-4df4-b8f0-b63618044634
c70eab90-e4e0-4d7a-b4d8-d46d33dd5cce,Chissenefrega,1.0,5,145000,20.0,
aa2ac137-1c1a-4326-b87c-f0dcf3d0f42e,Gang (ora),1.0,3,162994,21.0,
f1a2e512-ce80-46ec-9f94-f83324decdb3,Papi Chulo,1.0,7,124285,22.0,
45b9f5e4-2c6f-4387-b5c3-d2df8a547dd9,Genkidama Freestyle,1.0,1,57147,17.0,
47ba3dff-e247-452a-a11c-2c816882d9fd,Londra,1.0,4,150300,21.0,
ab05b899-997e-4e04-85bd-eb26021a0579,Mood Freestyle,1.0,6,61961,16.0,
f650ac7a-0739-4652-ad7c-fe0a378f66b5,Gang Gang (prima),1.0,8,151420,14.0,
e636b27f-d93c-4802-a7e5-0f8b26b5ec8e,Ubriaco,1.0,1,149000,19.0,1dcee000-85e8-4da2-afae-edfa9278fdeb
8983afe3-e085-4779-aaed-4fa3d96f5f29,Bobo Freestyle,1.0,8,61500,16.0,
a90a8160-e142-40e0-b2dc-19b24e4f901d,Che palle,1.0,1,116785,14.0,
2a3b5b12-cd5b-4fef-8638-9cfa6e4b4af2,Me ne batto r’belin,1.0,1,103750,19.0,bcad5fd5-3f49-4d6b-8cb8-cfc3f2902bfa
70997b9e-1c76-43a6-87c1-4d0c9228b264,Fb,1.0,6,119444,16.0,
ea582ebe-21fe-4b93-a3e0-9e0f20363592,Boomerang Freestyle,1.0,2,192240,36.0,
5e7a3654-516f-4316-8afd-1cac52db728c,Ragazzi popolari,1.0,1,186000,13.0,236b04e3-ccbc-4503-b9fb-0cc3f92ad6fd
ebd48a17-311f-46fc-b70d-ede5c2c2e7a6,Nella Pancia Della Balena,1.0,1,155318,28.0,396f7e2b-002d-484e-9dc2-4e2a9b10d7fd
930404da-d15d-4f43-82d1-4c103420637a,Ubriaco (per davvero),1.0,1,149000,19.0,
25c04e70-be52-4f93-85e8-e35850a121f5,Una bugia,1.0,5,132666,13.0,18bc1a75-3b88-4453-8b1a-3006ee3ae554
302ea7b5-a25b-467f-ac79-3000b9b7c688,Zanzare,1.0,1,176900,16.0,f63f64a6-385c-4891-b9d1-8d71e1302511
de99e31e-afb0-4803-b9e8-e11d14aa4c91,Ya Freestyle,1.0,7,371960,16.0,7d2738c1-2658-48b0-89fe-cb7574c95d58
85325165-ceaf-414a-89f2-5c33172f0874,Ci Vediamo In Città,1.0,2,182245,76.0,
8dd5a112-3f56-4a63-821c-1f55f2ce8dbf,Credi a Ciò Che Vuoi,1.0,4,167999,69.0,
19a193ae-301d-454b-bbd5-34f1eb4fbbba,Spietato,1.0,1,129697,16.0,9fc1a9d6-1cad-4f9c-8cc7-4b5b99072431
af49a538-6954-40d5-b98c-aaa3bcfd8a9f,PICAPOLLO,1.0,2,107181,14.0,683fa525-e2f4-4825-9ddb-1386cd46e44e
15405f58-b008-4a24-88b9-c337905f0c50,Scugnizzo,1.0,2,192240,36.0,
170734c7-01cf-434b-bc8d-5a14414eb8ec,KLK!,1.0,2,107181,14.0,
4edde5c9-f153-48e2-a04a-718dd3eb8b0e,MI HA PUNTO UN SERPENTE,1.0,2,245853,75.0,
a2d91568-6961-4682-8073-85d61dbc884e,Fannullone,1.0,2,192240,36.0,
b7026348-1d0b-4d44-94d0-4180be44da6c,Libertà,1.0,2,192240,36.0,
003b54e6-6823-489b-82af-7ad562e32f2b,LA SIGNORA DEI BACI,1.0,7,128466,21.0,7fa04419-336c-4335-b202-c4702116ed47
ee96ce76-0cf7-4ec2-ac16-065ff2f65ea9,LA SOCIETÀ DEGLI APERITIVI,1.0,2,192240,36.0,
48ce4005-ae9f-4dbb-8b5a-49af73a19029,ToTem,1.0,2,192240,36.0,
4278383e-9155-4700-a29c-6cf1ee520f93,F.C.I.F.,1.0,1,122926,4.0,96bf73e1-63e5-4444-a175-e83b9a36443a
482369f4-9fdd-4ad1-9cff-d98a3b6d78fe,Pensa Te,1.0,2,168391,17.0,
5846bd0f-88c2-49cb-bf23-8bc36345e69e,La Mia Ingenuità,1.0,6,283893,60.0,dac75c07-a28a-4f8b-80ac-59f2b67aa259
0d6ff8fb-7b98-4ed7-a027-112ccb56f057,PATAPAPAM,1.0,2,192240,36.0,
099c1d83-4854-44ee-bfdd-0ac4405877ca,CARMELA,1.0,2,192240,36.0,
a8c8c95e-94ea-440b-b547-6f969fd5d5dd,SIAM PIRATI,1.0,8,160161,40.0,da51f7ab-a310-4f63-8f65-9efa9a5537c0
e0e915b8-ea30-4a25-9624-88a59172dc08,Machete Mob,1.0,6,227179,40.0,cc169cc9-9fa4-40f5-b9e0-14321e6ab8f9
5e6d2917-d649-47fd-9fc5-3a2cd1679ccd,Gameboy Color,1.0,2,146666,40.0,e40cb53d-b9b0-4b64-89b8-8b6ac8a1e779
15bb85b9-40af-4a53-bc1d-cde383902b9c,Cioilflow,1.0,2,186160,35.0,
d91047cb-715b-4b3b-bff9-02cd2f52c436,Polvere e detriti,1.0,3,237200,30.0,
f5fd3f9a-582b-47d9-bf4e-f714385fdca3,Super,1.0,7,207355,29.0,
7f7e8891-c202-4c19-8599-1a104c72da3d,In peggio,1.0,1,164746,31.0,
ee5834d1-591d-418f-b400-55068255090c,Kyte sul tempo,1.0,2,192078,35.0,1b17dfc2-f63b-4af4-8e55-9ae5455d9ab3
b7fe0362-80f8-47e8-b902-ea02ac4fc275,Sorrisi di plastica,1.0,3,231306,23.0,95d668d6-948f-43c2-a300-6fa2a6019796
907adc3b-2ab6-47c0-9cf0-5834fa8e03b3,La La La La La,1.0,15,180000,47.0,09e3560f-4bf3-4660-bcea-63edb46126d9
ec4aac42-5e66-49e2-a570-2dcafd6fc6fd,Gabbiano / Moonrock,1.0,16,184501,37.0,c2c70f20-9fa7-47a6-99cc-66d7faddb76c
d3f5f7a1-ce7e-4c70-9ca3-535fa70440af,Facce finte,1.0,5,166300,29.0,
54a1094e-6605-4c24-b910-90154407e749,Freddy Friendly,1.0,3,191014,30.0,
87f53185-3b15-4f78-95e2-6964e72dea38,Wow,1.0,7,197466,22.0,
532824ba-e191-4fd7-a41f-87c7e76c366c,Oggi no,1.0,4,148380,22.0,
8cc9d796-46de-4692-9e39-c0ec912f1d99,GTA VI,1.0,1,209296,44.0,e3ff247e-7a36-4096-8a37-4d5f157d14c1
d7e32cfe-c9c3-472c-94b8-f09574a77936,Affogare,1.0,5,195226,23.0,
13266aea-a6b6-40ac-bb40-412f802fd430,Looper,1.0,1,132640,25.0,
da25fecf-3e33-4dd1-b6f4-57dffdb12a24,Scompaio,1.0,2,221506,20.0,
62306475-89f7-4718-bb03-492c873c7415,Yung,1.0,6,159473,37.0,
023b15d1-c832-4118-8930-1e1148a710df,Ananas,1.0,4,164444,25.0,
7f21dd05-2587-415c-bb23-50967e641176,Dalai Lama,1.0,4,174373,19.0,
aab32dd2-0ea0-4cb3-9e83-502b38553e6e,Aria,1.0,7,176277,28.0,
434f27a1-b72b-4253-a930-5f24695fc784,Zanzare Freestyle,1.0,13,89839,35.0,
bf5170c5-97ee-4091-bba9-fb0edf9ee815,Giornale / Di corsa,1.0,11,166836,31.0,
413edf55-43ef-44ce-a38e-d65bd01d1d90,Canna e Playstation,1.0,5,147070,26.0,
ad220908-9560-4945-a0c7-8441391ac8f0,Gameboy Advance,1.0,10,168888,28.0,
c2fa146c-47a4-430a-850e-f76e74c62310,Intro (Estinzione),1.0,1,125072,24.0,
52e38dad-0af9-4091-8a8f-f5819fedbd21,Scarpe nuove,1.0,18,210072,24.0,
404d3cd4-4dc9-4018-a730-de8618da3278,Lemon Haze,1.0,5,173333,26.0,
c723fcc4-6090-41e0-adcb-64cc2387d21d,Pezzo grosso,1.0,8,161977,21.0,
d637f63b-b57b-4890-92ac-5c6eb985c2c0,Senza sabbia dentro,1.0,9,230946,19.0,
38ae6993-214f-45f1-b157-5b70a796b0ff,4MST,1.0,12,170026,19.0,
77eaa62b-7686-4fd9-861f-658e2a488d91,Fortnite,1.0,12,155555,19.0,
192b76b3-2491-4a1f-bab0-cbeafebca2a4,Pollo RMX,1.0,1,202113,24.0,
a66f1c69-082e-4e5a-b3bb-220cd6565701,Che buona,1.0,4,184612,30.0,
32b96760-00da-499b-9260-fa0c26ec2968,Weekend a Miami,1.0,4,195656,38.0,
8cb323cc-a64a-4316-9a77-308479278a92,Outro (Niente di speciale),1.0,11,188476,26.0,
99be1970-bb52-4d87-a386-9471cfbae279,Mosche depresse,1.0,6,83765,18.0,
b88116bb-0239-441b-92dc-69b029761031,ANNO ZERO,1.0,1,182449,25.0,fc1bf105-e3f4-446b-8718-f6eca9af85d7
fb400a88-3113-4d3d-b142-e65b5769366e,Pragaras,1.0,6,171626,19.0,
55f4bb2b-89ff-4474-afdf-9dc3b7cee562,Latte Freestyle,1.0,1,186000,16.0,12a35cf7-e223-41a3-8b57-107866f84a18
a16cdd50-cae2-436c-8c63-a68f19fc30be,Heart,1.0,9,171942,32.0,4172f9ef-b7d8-4c7d-8425-e0e72af2b438
a968e6b7-18df-4bdc-ae27-65cc37efc482,Easy,1.0,9,181276,21.0,
a8b402bd-7d9d-4b39-9e20-31eafb876b68,The Waiter,1.0,11,250746,17.0,
fe3ab11b-0c35-4b80-83a2-93e8d9a7379f,Lego,1.0,3,109112,43.0,
d55b9668-b63f-4a8b-b19f-a370618e93f7,E.T.A.,1.0,3,175260,44.0,874639f5-0585-4f82-ab75-72bc74eb32ef
b74656f3-600e-4d8c-b0a7-aa5350e721b6,Melinda,1.0,17,160000,21.0,
0d2ae663-8f93-4a11-b83b-6884a26262ad,Malattia,1.0,8,254733,16.0,
ace35b6b-0b9e-4fe3-9593-b4e9aaa6be88,1312,1.0,2,178909,42.0,
e3f56290-73c8-4a23-aaf1-8ad48e640dfa,Buonanotte,1.0,10,109664,21.0,
7a3a81e6-e9f6-45b8-930f-f41c2ff7ceb0,Stile,1.0,9,133464,22.0,
7bc3d3b5-e9d7-445d-8ffd-16171ab297e2,Ore / Oro,1.0,13,133945,23.0,
fc037e07-1d3d-43c6-bbd0-102f64fbbaa4,64 Bars,1.0,3,211994,59.0,
936f1eaa-13e8-4c10-9826-3468a4098794,PIN,1.0,10,187106,18.0,
7047300a-d9d4-48db-b200-348a8a1ff568,LUNA NERA,1.0,1,167471,28.0,22d3136b-3009-4185-bc04-fce26fa65319
69ad5671-c69d-4266-a904-4a988e650ccc,Xquisa,1.0,2,168100,23.0,
d054ec17-4914-4b52-b2ad-26bec231ba1d,Facile,1.0,7,142522,21.0,
3787714c-fa6e-421f-b2ac-3ef5bc448c67,FACCE VERE,1.0,1,156958,27.0,74a5d0dd-48b6-4d4a-b70b-4070258f4422
6d64b0e7-6d77-4a09-b512-0a57299e7254,Collassony,1.0,7,203414,32.0,
eabb7e69-f419-43b7-a577-776331e9b85c,Bruno Barbieri,1.0,15,161538,36.0,
34de349e-ad1b-41ae-b396-ff1d9ee914d7,Vivi meglio,1.0,2,224605,20.0,
a46b0687-1cd3-4579-9929-403533bc0055,Contrario della speranza,1.0,4,254837,20.0,
b2236e36-f375-48d1-a30a-33c20dd1d880,Pollo (Intro),1.0,1,118518,14.0,
afeb8b35-ceb0-4709-971a-489f3ad112e8,Teoria del contrario (Intro),1.0,2,129634,44.0,
c2cd5069-0e8c-4599-9d8f-c065b3d82135,CAVALLI & ARMANI,1.0,15,180000,47.0,
99a10ee8-5606-4f35-a5f8-972c28e0678d,Mi Diverte Dirlo,1.0,8,195440,18.0,
ef92542c-b932-4104-9f45-499f413eccfd,Sto xso,1.0,4,193770,34.0,
73095ac7-8256-45eb-8298-f881ae1466e3,AMORE + ODIO (intro),1.0,2,129634,44.0,
77418365-b22d-4e91-8a05-ffb388ec995c,FOTO DI NOI,1.0,5,193428,28.0,21effbe3-e68c-41cc-8839-e925226733ea
49be2ba8-ab96-439f-b33b-359c8d24fa9c,Viola,1.0,5,136421,29.0,
7dda7c4f-e6ec-4ff4-8f5b-fa77f0da7740,Cracco,1.0,5,239280,17.0,
fdeccc6c-0d9b-49ea-8f45-6d53d18f863c,Lassù,1.0,1,143478,27.0,
a6b0ae32-74a6-4440-8600-4dc9cced7047,Legame,1.0,10,182068,32.0,
0f855439-8cf0-409c-8fe2-807a9f4dd6a4,No Look,1.0,3,208536,16.0,
7248cfd4-b9a4-4fa2-89d4-9789b36b029c,MACCHINA PESO,1.0,4,170322,48.0,
16d8a9f0-477d-4f97-9267-2bd78654f037,Scodinzolando (Freestyle),1.0,7,98358,15.0,
694b871e-ea90-4099-b359-314907d0c9fa,Uno Alla Volta,1.0,3,229253,64.0,
10331781-45cc-472c-8bc7-bafe10431613,Tre Winston,1.0,8,198088,29.0,
873e5a48-a7cc-48ff-bf3d-6fd3cdd240df,Giornale Freestyle,1.0,11,166836,31.0,
fe105ccc-621c-4648-980e-7d84d4d84bdd,NO ROCKSTAR,1.0,5,147096,45.0,
ed2ddf71-6e19-4e71-bb70-c09eb86b005b,TONY STARK,1.0,3,177931,37.0,
0e88c5e4-cf9e-46ce-a7cd-41cccbfe6c85,SLITHERTDC,1.0,9,153812,42.0,
ffe8ab0b-5ea5-4074-8c9c-4421ded17f4d,Fantino Freestyle,1.0,1,106490,15.0,ec1e49c5-48df-4d32-b0df-5cd764c7675d
1f6fbeb1-0170-4698-8fb4-55f4ecdb085e,Uma Thurman (Freestyle),1.0,11,178188,18.0,
278fce8b-b74d-44d2-9c28-6644e2ecb02a,AMELIE,1.0,14,192772,33.0,
ddc16e5d-6a14-44a0-9b4a-198751a0ee10,Piccolo Faiv,1.0,9,138461,26.0,
5fa6cd14-25bf-499a-bce1-b3f7ca90dbc7,"FAIV, PUNTO",1.0,2,111664,23.0,
f576fdb1-595d-497c-8ba0-4bcb358e0795,BAMBINO OBESO,1.0,7,135652,44.0,
f49d9ed7-7aba-4cb3-9e79-dcc2b2beca9a,Ultimo piano,1.0,3,175260,44.0,
5ca5022d-14eb-4470-8938-8a2e37da6879,Biz,1.0,15,172895,19.0,
b18bc3e1-7d98-4488-a30e-167f1c39a898,Bluetooth Freestyle,1.0,1,105882,9.0,180c8725-8839-4f48-ae66-12aa1884bab7
f12510dd-d223-49f8-877f-b80e73313fac,Ti ricorderai di me,1.0,13,146938,30.0,
c9eb86d7-5398-4db9-a034-74bea903eeb3,Con il fumo dietro,1.0,13,228575,11.0,
7b26807f-d454-4213-b1ae-e22da6f322cd,MAYDAY,1.0,3,161843,24.0,
85bf405b-7ca8-4122-a2fd-6c0c22b20246,VENEZIA,1.0,6,160243,25.0,
7b156e2d-8a9b-4488-a7c2-bb3316802bc5,Renato (54321),1.0,14,144687,24.0,
95d67593-e8b3-4874-abb0-ffbf5aa0d06b,SANDRO TONALI,1.0,1,149150,26.0,69c8d88e-0eae-4ab2-9fb2-32f6c593f6b6
eaf92496-ffd4-4796-86e9-39f9ec3bde8c,Cadere giù,1.0,6,155624,46.0,
7f0524fd-61f4-4f15-81da-9b2f71859c2c,HOW TO,1.0,7,145010,20.0,
89a0c14a-78ac-44cf-9d3e-916897aa56f1,Mobamba,1.0,17,83294,24.0,
95adbec5-0e31-4814-b884-1102881a6439,POPCORN,1.0,11,187786,40.0,
6164fc38-0700-4a99-8833-eb4f43dea2cf,Centro,1.0,14,179186,12.0,
647db0e5-b9b8-47c3-bf8c-02c48ff2fa20,Goodboy/genere Faiv,1.0,18,205333,26.0,
bab7691c-b5ce-4965-b3b0-3dfafdd250ff,Asciugacapelli,1.0,11,137266,25.0,
db2b9206-478d-429c-858d-599af3c28d9a,F.D.S.,1.0,3,211994,59.0,
997b4558-4359-4709-b7da-111d8d24008f,S.W.N.C.,1.0,12,253792,10.0,
3291616f-35c6-4ed5-ada3-9a21b7a82aed,ICONA HIP HOP,1.0,13,164629,24.0,
1686e71c-f03c-4b88-84ff-5ef9c8bf4345,FINTO GIOVANE,1.0,12,124635,23.0,
e4398e4b-5564-4822-a44f-7eb4096c07bb,Mic on la palla,1.0,6,271788,15.0,
7319b528-cfb0-49f5-b68f-2a64c6a8a198,VERBATIM,1.0,14,173877,35.0,
52b0d432-1922-49f0-b0f6-65fbf0e3fe8d,SHAQ E KOBE,1.0,11,196592,21.0,
86e3d5db-a38f-42c9-9b52-8f1fbc3a83bf,Caso chiuso,1.0,12,129677,27.0,
b99bf39a-87d2-487e-bfb7-0c3997fc0e3f,Danger,1.0,16,140816,28.0,
876e0e57-2f26-42fc-bedf-2223524c65f0,"WEED, SOLDI, SESSO",1.0,8,193876,25.0,
a23f455b-e231-43f9-acc2-9eb20775c752,OLIO E ACQUA,1.0,10,177213,19.0,
e70eef2b-f4e6-4852-b08d-a50f28ce9c83,Barca a vela,1.0,4,162290,40.0,
9d22d0be-ca13-4503-9598-22d8fbf8250b,Rapido,1.0,19,184843,24.0,
d0f0619c-8d07-44e5-ba0f-31cd6eefbd1d,DIO/R,1.0,16,154960,38.0,
3b941313-9c4e-4500-86a3-64d6a72d5f9f,FULL SPEED,1.0,16,189103,20.0,
3a832b49-a8ed-456b-b32a-a2ce229b91c5,NON È VERO,1.0,19,178000,35.0,
68194187-3cce-4133-a997-63141b938eb8,Booty,1.0,5,195452,34.0,
3651a3fc-1512-41dc-9289-7d8f967fe8d2,KAWA,1.0,17,157617,35.0,
53b07dd1-1118-4709-94c4-a51358642e89,ZANZARE PT.2,1.0,13,89839,35.0,
a392b24a-568d-427c-8e1d-d3b3df399cd8,Di Natale,1.0,2,149263,30.0,
b3cbc361-ba1d-43e6-ac99-45f3c672432c,Gufo - Outro,1.0,15,213366,10.0,
67eafe8d-ece8-4a98-8444-81aa8ccd96f2,THEO & ACHRAF,1.0,10,92575,38.0,
31bb3d75-fde3-4bc3-9da8-6e868b06f2e6,Solo quello (Bonus Track),1.0,16,150696,10.0,
8baf9a83-5427-40e9-8e96-cd628891f80d,CLOCHARD,1.0,15,190666,18.0,
62f0a062-546e-4616-954c-4eca26e4ed75,SAN GERARDO,1.0,18,200623,31.0,
0b294d01-bbe1-4350-889a-760923373595,WORM,1.0,8,111428,35.0,
8226e13d-54d8-4c9b-9018-3940c10d4fb1,Contrario (Bonus Track),1.0,17,491030,10.0,
6bf8b612-2d73-4b65-9caa-17f4728bf26d,James Brown,1.0,11,199877,34.0,b713af2b-cb34-4c07-9185-bd5301349b1e
0ae3cf96-8a72-4d64-b43a-a50ef17f7010,Esiste o no,1.0,16,167926,25.0,
a0162bfe-f10b-487a-89c7-61a985b100a1,NON É COLPA MIA,1.0,1,180442,21.0,
29219e41-6758-40d4-89af-af3017e7b7f3,Zanzare,1.0,13,89839,35.0,
be9a7afb-8bff-4bc4-8a96-4df81d6c17a5,Onda Freestyle,1.0,3,211994,59.0,
e50ac5a7-6dac-491a-b46c-8f1ef91cab83,HARD SHIT,1.0,20,108561,29.0,
12f36a99-3a82-4375-af6e-ec95c185ed5c,Dalmata,1.0,7,163514,25.0,
c2420d18-87c3-4faf-a2ef-c4429968bc04,Ragnatela,1.0,1,103791,27.0,
aaf2c3e5-7d0f-41bf-91da-4f1a3ae6cae7,Senso di Colpa,1.0,14,194676,30.0,
703bfd8c-2b67-436c-bf83-d47a34599e02,Segreti,1.0,3,211994,59.0,
fb08945f-17c8-4787-bc82-1d1c816728f2,Cara Italia Freestyle,1.0,3,211994,59.0,
b4b7d772-8241-46d5-b2a9-f290097913d3,Vivo Per Questo (Piano B),1.0,9,170735,25.0,
eb5af924-ce97-457b-a822-2c018805a10c,Air Tag,1.0,13,159753,24.0,
07e40501-738e-46f7-9507-5a99c7e0a274,NOI FACCIAMO IL CONTRARIO (CELEBRAZIONE EUCARISTICA N.23),1.0,1,44316,25.0,
8c14e3c0-18bb-4550-8b95-0b42e2799428,Relazione complicata,1.0,15,159010,23.0,
68f6ddff-6caa-4794-ba5d-5bd840a2024c,Al Sole,1.0,10,158267,29.0,
bc60d21f-f4c8-4feb-ad1e-959496f94b63,Indispensabile,1.0,6,147560,23.0,
a5fad9b3-370a-488d-88bb-1a1b0333cdbd,Miracolo,1.0,12,159010,25.0,
c0df3dee-a734-4d8e-b076-ac02bc3d4c35,Nella city,1.0,12,118046,47.0,
e2ab6d11-2196-4462-b1eb-1ce5a7f3c2f4,K!L!,1.0,15,180000,47.0,
ac2c673d-3130-41b5-baa4-af93c81c2055,Freestyle volto ad intrattenere la fanbase in attesa del nuovo singolo,1.0,6,155624,46.0,
700735c9-c4b6-4218-b044-4850eabaa8d8,Tommy Anthem Freestyle,1.0,3,211994,59.0,
235ea8fc-3c39-46be-8591-4ffc2fe18f3b,105 Mi Casa Mashup: Dani Faiv con In Peggio su How We Do,1.0,1,134347,60.0,fa440f47-43a3-45c1-8e5c-df2c5485b873
e4206c1a-93bd-4ffc-b153-532da9c965ae,PERDONAMI,1.0,12,134413,55.0,
b65cf0ad-7671-48b4-9a19-70dfacd26230,LUNEDÌ,1.0,13,205266,60.0,
d412c8b4-6c09-4dfe-834c-fb5ed367de0c,IL CIELO NELLA STANZA,1.0,9,186213,66.0,
c4a7e234-594e-4e50-b399-3e2e4a52b2ef,1984,1.0,4,249613,58.0,
c5836347-435b-4b7a-8f98-13cc880e1198,CHARLES MANSON (BUON NATALE2),1.0,1,258186,45.0,c5742fba-31f9-43e8-837f-6ca6bc7d8c78
26d3577e-968c-4ca7-938c-04138e40155a,90MIN,1.0,1,231920,61.0,
9b3501d3-61cf-46da-a10f-e1c54d3dce26,Title?,1.0,2,208146,43.0,0e40d8ad-0ee0-4476-a7ee-9aa6d3f7185b
6631968a-6837-43c9-ac50-e5e7f3110099,Buon N***** Freestyle,1.0,1,178860,2.0,1d8ba7b4-dbfe-4769-8de1-2acb35c0facb
843040aa-db98-4927-a816-26391e0de2bf,L’alba,1.0,9,176746,53.0,
85f54a39-63c7-4294-a4b4-9170c9f80bff,STAI ZITTO,1.0,2,202573,59.0,
6547a434-ca85-49ae-bbd7-abca135fda8c,Killer Game,1.0,6,261160,50.0,2b728074-fb42-4563-95ec-f8dcaafa66b4
57d5a22d-6b24-4f56-8e1f-dbafe630e336,S.A.L.M.O.,1.0,7,235920,57.0,
0b6c3ae3-64a3-48c2-911e-970d080f9d4f,Blood Shake,1.0,15,268960,40.0,
4d63aa3e-26c5-401d-99f2-511cf2b47391,La prima volta,1.0,6,227944,57.0,
5228b45a-6c54-4954-9961-7a554ce22cdf,GHIGLIOTTINA,1.0,4,186733,49.0,d634a870-d541-4842-80da-64fb1544cc1d
e765daf7-8ddd-432d-8be3-0f201d3ac65e,HO PAURA DI USCIRE,1.0,4,177036,58.0,
b58157b9-3db3-4b47-8f02-8d4cb5b64b70,Don Medellín,1.0,1,231221,47.0,
e4ccd07a-2d70-4e5c-aec9-04461b06fc5e,RESPIRA,1.0,4,223413,59.0,
78b1f6b7-a273-47f5-8f39-1bfe84eec244,Black Widow,1.0,12,194200,54.0,
bd8fd467-c555-48a2-be8e-2917a048cbbc,KUMITE,1.0,7,170018,58.0,
f82c9943-e438-47dd-b9ec-de95f4b1d5c0,Mic Taser,1.0,1,188946,45.0,
a8538e6f-b3f5-4674-b37f-91924712bfde,The Island,1.0,14,222893,50.0,
c221515b-2204-4e2c-ac82-517baf292d2f,Estate dimmerda,1.0,1,257931,46.0,50437421-978a-47f9-8880-ada87ee6186b
a2aee57e-b277-4165-b367-c142fb87f9bc,CABRIOLET,1.0,5,185573,59.0,
df08a9f7-d127-4bb0-9f1e-e3948c84fa06,Il messia,1.0,5,251973,44.0,
88541ca3-cdae-42d7-8ea8-f44b0ee704c3,7 am,1.0,8,147106,55.0,
b030a4ea-bbd2-4b66-95c6-66d3ae41f8c0,Faraway,1.0,13,199600,53.0,
bdc631b9-a8f5-41e1-bc65-5cfc4a1437fd,Il senso dell’odio,1.0,3,220682,52.0,
6f9b623e-d120-4c7d-ba08-85477723d6f3,LA CHIAVE,1.0,6,119492,51.0,
bf33a4a9-ee2c-4810-b5b4-28e2f1ad420b,Yoko-ono,1.0,12,212218,52.0,
79e81f91-5a5d-450e-b982-c7a016c3cf21,L’ANGELO CADUTO,1.0,14,204097,45.0,
f0e9c9ef-5a1f-4434-bfea-e4d1086aa63b,Giuda,1.0,2,138960,46.0,
0e9753f5-7224-4e2a-8fc7-2652b27f653c,CVLT,1.0,6,226557,59.0,
578f4ee5-326d-42ae-92d6-176172c8598b,SPARARE ALLA LUNA,1.0,7,211666,49.0,
6593b67f-644b-4ab7-af59-7eeee253057e,Hellvisback,1.0,4,249613,58.0,
7e87d3d7-aaee-4c33-a1b7-e8b185e159b7,ANTHEM,1.0,1,138660,49.0,
aaa46e9b-96e6-4aac-9b30-4d7cea08a3f2,ANTIPATICO,1.0,1,117240,49.0,
95f3b88a-a341-4586-8649-4fbf726d668a,MARLA,1.0,13,215224,54.0,
56b014c3-1d7f-4798-afd7-1eaaa958dad6,Wow. RMX,1.0,20,516786,53.0,
f582873d-a90f-4d64-a125-3b1ab34d60c2,RICCHI E MORTI,1.0,3,138240,49.0,
f6869e3d-c8fb-4cf1-93b6-b9df18d2aa98,MI SENTO BENE,1.0,2,183089,46.0,
37952d7b-304b-4b20-92d5-dac43b61fd62,Bentley vs Cadillac,1.0,7,202693,41.0,
eceea615-20fd-4977-94e7-56f4ceccba0f,FLOP!,1.0,16,181050,41.0,
db90f22b-e5c8-4946-82d2-8c156da9c97f,YHWH,1.0,9,191349,43.0,
ff511407-d4da-4811-b6fd-592d087a6761,Io sono qui,1.0,3,180880,43.0,
291c094b-0001-4e5a-80c8-460e42a5f052,Daytona,1.0,6,236400,42.0,
9052f33f-271f-4ff0-a235-87cda421f3ac,Russell Crowe,1.0,2,177640,57.0,
96655464-4b94-411a-a951-6619f1e1ca6d,Peyote,1.0,13,572813,35.0,
fb20c962-987b-4f52-83e4-27db6a15095e,Vestito di spine,1.0,6,184026,32.0,
0cb6270a-78b8-4805-9f35-98d895b2d19d,Space Invaders,1.0,4,224106,46.0,
833a9285-32da-4b32-8c0c-a1a99d886689,PXM,1.0,8,184506,43.0,
de6fe6b4-ad06-4605-9c78-ecdc0cd3e775,DISPOVERY CHANNEL,1.0,4,204400,46.0,
bf3fa325-7526-4c63-b754-fc06c9c85ccf,CHE NE SO,1.0,8,137533,40.0,
6c36856f-cfde-484c-8c32-170b6b94ebb8,IN TRAPPOLA,1.0,5,112867,42.0,
32d427ae-edc3-47dd-ad63-f934e57c6729,HELLVISBACK 2,1.0,10,158618,46.0,
2f295bcd-e562-4094-a5e6-d5fd624f268e,A DIO,1.0,11,174300,42.0,
dc2326af-1155-4f96-98aa-55b26869348f,MY LOVE SONG 2,1.0,9,174287,54.0,
a78d597d-38d2-4a9a-8a1d-0965baa69ad8,FUORI DI TESTA,1.0,12,185986,46.0,
cb9a9222-b6a3-490b-8910-79d4abf40db2,Un dio personale,1.0,13,160052,46.0,
96113db7-6b5d-4299-a76f-c12e6fad24e6,CRIMINALE,1.0,3,158527,43.0,
09ae83a8-bab6-4276-96fe-8f7f49154716,Papparapà Rmx,1.0,1,231920,61.0,
8e977f08-1433-4f0e-bc8b-a490d3f6d939,SALMO 23,1.0,16,184037,51.0,
2123eb65-71a6-460c-bf1f-49d69de09d77,ALDO RITMO,1.0,17,160500,49.0,
47711c18-2b3b-4caf-86c1-3f1352126356,Rob Zombie,1.0,3,174786,46.0,
e472b749-a064-475c-a3a9-b04ebad55ed7,L’erba di Grace,1.0,2,196075,43.0,
56871da8-acbe-4d5d-894e-fb0a603d4c11,La festa è finita,1.0,11,194426,40.0,
c4fe5567-eca5-4d01-8a86-f58cc3244c79,Borderline,1.0,1,178360,35.0,
1cc40d52-8304-4c1f-b392-9a92221d30d7,ON FIRE,1.0,1,201016,69.0,
ea0ad828-41f0-4411-94c6-ba21ffbaa565,ORA CHE FAI?,1.0,11,130506,43.0,
05e28742-97db-4d2b-853f-c649ed31728c,INCUBI,1.0,3,162893,48.0,
26cd0b21-3671-4b87-8629-d2d1dc0b23f7,CONTA SU DI ME,1.0,14,166366,72.0,
4e273f59-9cb3-4192-9f76-3044e8be1907,VIVO,1.0,15,118253,35.0,
856d1c4f-ada4-4f35-8149-da34aec70fab,CRINGE,1.0,2,192728,48.0,
263b17a2-5976-4ab4-a000-34508b512e24,CRUDELE,1.0,2,162083,68.0,
3f588b81-bea8-4ab8-a6d1-dc3df36c4012,DOVE VOLANO LE PAPERE,1.0,6,224133,67.0,
6ff68eb9-fdb7-45e0-9422-2835240b6737,Sadico,1.0,11,186040,41.0,
8a6d2dbb-b892-4905-b941-ad15c9c00ce8,Rancho della luna,1.0,9,224679,38.0,
e4774b97-8e4e-43dd-9b11-efce021357c0,Morte in diretta,1.0,1,219820,42.0,
d005432c-91b2-4670-b435-354f46f38a08,Death USB,1.0,9,201293,40.0,d34dca35-4cc3-4ee4-a252-530ab374b572
2dab419c-1a09-4d80-ad15-997c5ad9a7dd,HOTLINE,1.0,2,215817,56.0,
4f3aa1a3-c460-4ecf-9348-8a8b42d4e0fb,CARTINE CORTE,1.0,8,148907,70.0,
ccca883b-c0e8-44dc-bced-8ad43f6b47d5,Nella pancia dello squalo,1.0,15,230400,39.0,
3656c32b-c02e-45e6-9988-1ed3063c5033,SINCERO,1.0,4,197446,70.0,
61b2ecb1-7608-45bb-8433-d2f626162be0,Weishaupt,1.0,12,207280,37.0,
138aac37-c1bf-462e-92e0-73d17d188dfe,Ordinaria Follia,1.0,8,275080,40.0,
b711b9dc-0927-4be7-8004-bf84b047d786,N€UROLOGIA,1.0,3,192580,67.0,
ee70fba8-5638-4b77-990b-8ba8bac61123,Vuoto,1.0,5,162037,40.0,
585aa249-ba1a-4083-9283-c14f72377799,CROCI € CRISTI,1.0,8,154695,44.0,
2393a9ae-60d6-4cbd-ad0d-d53ea427a9f1,BYE BYE,1.0,5,204375,67.0,
28d14580-6221-4b1c-9c69-306c76a4efb1,Prima di dormire,1.0,8,211722,39.0,
c455678b-37b4-4c7f-bdf8-08c2e6536512,GRINDHOUSE,1.0,12,156893,47.0,
09f4eadd-889a-402a-82a3-a948b9c66e90,MAURI,1.0,15,201521,64.0,
a86618c1-4d50-415f-9122-326042ad0eed,TITOLI DI CODA,1.0,16,466000,62.0,
36dad04f-3caf-47a7-ac07-1a01975ddb2d,Demons To Diamonds,1.0,5,177160,41.0,
0477ef7f-7183-4838-86a3-8f128502b6c9,IL FIGLIO DEL PRETE,1.0,10,147261,66.0,
9c7e3bdf-2ae0-4954-a48d-1ddc31134d96,Old Boy,1.0,5,206973,38.0,
368a4787-01a4-43cf-a672-7561d64e310f,Negative Youth,1.0,4,153426,39.0,
4dced104-5d68-40aa-a4d5-bff72f1e5037,Street Drive-in,1.0,17,251715,36.0,
56d716da-d859-4aba-9d29-065fd5885529,INCAPACE,1.0,13,178000,65.0,
45ee22f2-6411-47b5-8336-f84cae086253,BRUJERIA,1.0,7,192588,45.0,
a124d0c8-2813-43e5-83af-175e9d433625,Il Pentacolo,1.0,2,188346,36.0,
146f2b57-aafe-4309-a257-4b96ba27d99d,TIE’,1.0,10,90933,37.0,
5a933470-d5f2-44cc-9ce0-ebbcf1a00b0f,MIRACOLO,1.0,5,174283,45.0,
f7dbe7b6-7419-41dd-b087-427e141d1f5a,RAP MONEY,1.0,3,213269,51.0,
0c6f2f00-f731-4fad-ac92-e804cd9f67dd,L’ODIO,1.0,5,166208,51.0,
fa94d4e6-b985-4f29-ab63-c515bae6975d,NIGHTCRAWLERS,1.0,14,132453,43.0,
a283b4aa-fced-432b-bf0a-e999e392fbde,Redneck,1.0,9,93840,36.0,
34f46da0-09de-4e59-ac2c-1cdcd8c90448,BOUNCE!,1.0,6,105463,65.0,
d03887a1-a82d-48dd-bd85-907f587434bd,SANGUE AMARO,1.0,7,193333,66.0,
0074c99c-68d5-4b71-97b8-6d4e0f061876,Narcoleptic Verses Pt. 1,1.0,3,203133,35.0,
79ad6a20-9fc7-427a-8ca2-c3bbd7b7ddb2,BEATCOIN,1.0,9,152850,66.0,
f1c10fe2-cecf-4e17-9d84-780e39dd6613,MATRIOSKA,1.0,13,191837,42.0,
90bac3a6-10a3-42b9-86cc-ae5c12b11f83,181,1.0,1,140297,45.0,
fbf15280-5af8-4f5b-8202-8f62cc24222e,Back On Track,1.0,4,158275,38.0,
642b4111-6908-400b-a297-d47732fbcc75,L. Fast & D. Young,1.0,6,147613,37.0,
06abebd8-9d4b-482c-88f4-3591cdda1f8d,Mussoleeni,1.0,13,144746,30.0,5406fa69-0ff5-45e7-ae02-f24b056f6c18
61f0795d-21f4-452a-b062-8d4b60ca80bd,LA FINE,1.0,15,141116,43.0,
ef6b99a3-8985-43a6-bfb6-90429722f244,NUMERI PRIMI,1.0,11,157419,63.0,
7fa84461-d502-4cde-8995-687fdd522964,NON MI PASSA,1.0,4,197213,47.0,
d5388c67-7f8d-4971-af1a-46f4b078fe00,Red Bull 64 Bars,1.0,1,187293,55.0,
ba2c840a-a096-4695-98e5-bdd528bbaa2e,HELLRAISERS,1.0,1,110262,49.0,
5d02eeda-e1fb-4e85-94d4-a7aa0f684cc8,MALEDETTI,1.0,11,166208,42.0,
b1e0e9c9-b878-4aca-adfa-096230880146,Los Ojos del Diablo,1.0,10,271725,34.0,
6e563355-79a6-4fe2-9efd-a2d7715ce64c,STUPIDO GIOCO DEL RAP 2,1.0,8,139520,47.0,
3c639d6f-7a26-483a-b7db-d30cec361bf7,KILOMETRI,1.0,10,145175,42.0,
5d028d20-6d4b-415e-81a2-660611651bb9,GAME OVER,1.0,4,216389,14.0,f15ea6e4-3983-47d6-bcf3-960b3d949fcb
7c3b12fd-76a4-48c3-a4a2-361cf3d761ba,FUORI CONTROLLO,1.0,12,216900,64.0,
6523e156-fddf-4b21-bee4-1a9a7e560203,Narcoleptic Verses Pt. 2,1.0,3,203133,35.0,
e0fb35ae-78fc-463f-b3a6-8abad883de83,999,1.0,1,101355,0.0,6af369a3-f3fc-4fea-9509-c46ec934cd5f
6140d20e-6f24-4941-ac8b-f1ed38625ffe,Buona giornata,1.0,16,466000,62.0,
96b0bb12-e937-4a68-99f7-814eb05f1754,Munchies,1.0,11,158066,32.0,
e61f1966-bbf8-4ccd-a86c-9a21063059da,LOSING MY MIND RMX,1.0,4,184577,89.0,87d2eb6e-dda8-4070-88eb-530d9ee3ebb0
57704268-de59-4ca4-9238-3e102ab01f1e,In un attimo,1.0,3,217524,0.0,95852771-d02b-4d10-92a8-d6737aff0d87
32436e26-0d64-4e19-91b0-f745d0696557,A TE E FAMIGLIA,1.0,1,171461,38.0,c93c52b2-0519-4562-9552-b63fb2a2c715
d407784b-8db1-494f-9402-4361b2e3e7f9,Driveway,1.0,14,105273,32.0,
ba8ba2fa-e930-4b6a-93af-ccbf0950fd25,Nuovo Rinascimento,1.0,3,223666,4.0,fc1751c8-2f51-4b62-b5df-80f121f0eece
9ad13b8d-b261-46c8-a015-978c51e21736,Mr. Antipatia,1.0,1,198912,6.0,6a635078-7093-42e1-aaad-c29043e7639e
bc56de81-ae80-484a-8295-370d778a160d,Brutta Influenza,1.0,1,162782,0.0,91708951-eb13-486f-861e-fac78a90f2a7
70cc1525-6267-4eef-a38e-22e2162ae444,MARLA / BLACK WIDOW - Unplugged (Amazon Original),1.0,6,331973,44.0,e8d1487a-a9d2-400f-a3c0-34b78ef54edd
e0b14e9a-019b-45c7-90b0-0fac72085ea2,Avanzi,1.0,1,231920,61.0,
c3106b39-6c1d-4b36-94a3-4d075d6ef150,Doomsday,1.0,10,137160,29.0,
666d2060-f218-4152-bb14-3b95a2175ffb,BLOCCO 181 - Title Track,1.0,11,34404,25.0,
6fc609c8-c99f-43e3-83cd-94ab0d76cc56,Il periodo delle mosche,1.0,5,193933,58.0,
c1aa6280-2378-4f2e-9ab2-8cb450c1cfda,DJ Valium,1.0,7,117315,30.0,
5ee27b83-7b2b-4893-a1cd-fb98fff94e4e,#CONVERSE,1.0,7,242755,0.0,69c946f5-9f11-4720-b445-3dd1e16c69f4
fa9dde68-5ee7-41a8-a66d-50938ec89b5e,Come al Solito,1.0,1,86656,20.0,edb18fb2-c45f-4c34-9104-8f49934af30c
5a8a6076-238a-453d-a142-a3e438bf2d6e,Saturday Killer,1.0,1,155390,32.0,4eaf9796-d32c-4460-9ae3-799525978946
71789ed1-1d13-459a-a473-3c1951de71a6,Di fretta?,1.0,12,300585,8.0,1d0dc02b-1c7e-4a14-9d12-3212d09c0d31
fd35f572-3227-434d-a3e5-b1d9b99f9d28,PLOF,1.0,13,205266,60.0,
f0fc69ea-312d-41d1-bc7c-0815a0301a3d,Sliketton,1.0,1,231920,61.0,
f429e6c4-4583-4162-af2e-a6ef28dab2a0,+ Me La - + Ne Vengo -,1.0,16,466000,62.0,
046c5339-e6c9-4cca-9254-2822cdf5ae34,London 2007,1.0,1,463400,6.0,5ceef6ff-4e73-4d18-ae34-f98687d01a8c
5d19f329-31cd-48ba-b859-3df0c130a552,Hellcome!,1.0,1,62120,28.0,
fca4cc4b-1101-439a-b3fc-b584d01733b5,Salmon le bon,1.0,18,693386,7.0,91fce380-dac8-469f-896e-ad6800ca41ea
5c8410bf-088d-477a-9cf2-5f0137f79649,CaPiTo cHè???,1.0,16,466000,62.0,
acd2a01e-a523-416f-8498-8e8dc7bc4c25,Metalmorfosi,1.0,5,144097,61.0,
c3acb585-f984-4ce1-8f54-bcc10702bcfa,Un’altra merda che si amplifica,1.0,1,257931,46.0,
70d1f516-7b70-4bbb-9260-3ca7812c0e2f,OCHC,1.0,4,223413,59.0,
6fc5e10e-fc4a-4d57-83dc-d55d27a42bb6,F-umano,1.0,9,224679,38.0,
c890bf4b-586e-4e79-8947-1d9e1c620ee3,Regolare,1.0,13,205266,60.0,
f9ffe0c6-6b42-4d68-8f90-f0eb8cc70788,"Avete, potreste ma non potete",1.0,11,304066,43.0,
1b880b5c-79c7-40e9-90d7-42f2039d9b97,Jezuz,1.0,1,231920,61.0,
907d0e8d-077d-4f9f-8c2a-d08449643842,Le confessioni di Salmo,1.0,16,466000,62.0,
25df6d90-318b-42e4-8cbd-655a24c6077a,​LUNEDI’ - Unplugged (Amazon Original),1.0,13,205266,60.0,
7f9ba983-546d-4b08-ae7b-1f308412fd2b,105 Mi Casa Mashup: Salmo con Ho paura di uscire su Losing it,1.0,1,231920,61.0,
68df409c-e18d-43c7-8e8c-2af241bbe479,IL CIELO NELLA STANZA - Unplugged (Amazon Original),1.0,9,186213,66.0,
53e8e463-223f-4133-bcc4-df3958f20065,L’ALBA - Unplugged (Amazon Original),1.0,9,190976,40.0,
f5b97674-719d-48e3-904b-fa20f303c46a,Introliberassociazione,1.0,13,205266,60.0,
b8b1e183-e2d0-4d9f-aabc-cadbde35f228,LA PRIMA VOLTA - Unplugged (Amazon Original),1.0,10,255130,11.0,eb27495f-c91a-491e-b544-f00d88ed7736
7a8dcbb8-c2c3-4c0d-bcef-2d0f09a1aef6,90 MIN - Unplugged (Amazon Original),1.0,9,294133,1.0,f8b0bc2b-a82c-4442-bed1-4e1da44af1c2
6936637a-bad9-43cd-882a-b59df1dc4967,Venerdi 06 07,1.0,3,211173,34.0,47e20d1f-6091-4059-8f97-a04bc51e3df6
9f1201b0-4588-4a59-9059-7e678c2362ae,ALDO RITMO - Unplugged (Amazon Original),1.0,13,183248,2.0,06d89144-0847-4878-b3d0-22820a18aa3c
ecdf837b-3bfc-4891-bc69-9f7c2ef7b441,IL SENSO DELL’ODIO - Unplugged (Amazon Original),1.0,3,220682,52.0,
b9dc610c-7b58-4027-ac85-66bf930d68d7,A DIO - Unplugged (Amazon Original),1.0,1,1500000,14.0,13e18837-592b-478f-b4ac-755442a79a51
c8dc7851-4f31-4571-bd7f-6b5940d4cd68,Non ci resta che l’odio (DJ Slait MashUp),1.0,3,220682,52.0,
36b7eb13-7d5e-4b26-bb57-4ee220c7e3af,CRIMINALE - Unplugged (Amazon Original),1.0,3,188608,36.0,
d97ccf0e-50da-4779-ae58-9e3d6cbedb18,Sul serio?,1.0,3,220682,52.0,
16c84714-6e2f-4925-8a8b-b8e649bf70da,Planet Terror,1.0,11,239413,1.0,b2eeb580-1fcc-4138-bec0-c3d72043815a
91bf28ae-09bd-420d-8262-7a3825a9f378,Here I Am,1.0,1,234400,0.0,b58e462d-eb2d-4cc4-aca0-d5a12a4200d3
2ceeda33-f2c2-4c54-8c93-f86fb31650ea,La prima volta (Unother Version),1.0,8,277021,14.0,623e7820-83f6-4688-a553-b692deb0788c
c7a18a77-be3f-44c7-a815-311d454a27d7,Vuoto (2007),1.0,16,466000,62.0,
587cc1f7-54f1-4d94-8759-a54b83080c29,B-Queen RMX HC,1.0,1,1500000,14.0,
4df1f2ca-ed52-4f88-bd8d-52f8baab93af,Intro,1.0,1,41038,14.0,
241f5cd0-0468-49be-8025-0d3f5091171e,Il senso dell’odio RMX,1.0,3,220682,52.0,
f9e17c4b-ed03-43b5-9523-b85bce384b42,Unzettoni,1.0,13,205266,60.0,
a12d8ce0-35c8-4996-b96c-7b43915f48fe,Yoko Ono (Dub Version),1.0,7,188029,16.0,
d1762fa2-959f-45bd-9233-0f38b6d91797,Instabile,1.0,1,165497,56.0,48404ab8-a267-491f-875c-b189eb50ff2b
af905520-240c-4e01-9aae-6e87c3753f4e,Dovrai,1.0,1,284107,39.0,49ff6654-41d9-4430-802e-bbf1b51e1e44
bdb4a082-174e-4920-8f15-3651bd0392f0,La Rockstar,1.0,4,207026,31.0,3fb36203-cac1-444a-a40c-7415d030c0c4
540a99a4-7746-49ef-9701-05027fbed622,Maria Antonietta,1.0,1,174159,25.0,ba457f01-3fdc-4afb-9e9c-7678380e7822
1971b222-043e-4b8f-8a11-c8500ec97b57,Brava,1.0,1,171545,36.0,4769d80f-af36-4dcf-b0ca-1ae1f229c9f5
c49903fe-f873-49fc-a901-0d549f48a14f,Chef,1.0,6,176239,28.0,
d6414a11-db70-4046-b7cc-adb47769aee3,Amica Pusher,1.0,1,194042,18.0,9969a0d0-d5b1-4187-b594-5207243e0364
bc39aca4-03a8-4111-9ac6-1377a0f51b0a,Brigitte,1.0,2,186272,26.0,
9022e53b-7757-4b6e-ae8a-d4d5f1925fd5,Crudelia,1.0,3,178119,22.0,
8fca99f4-0558-4d5b-b570-58f89a81e327,Cleopatra,1.0,1,182923,16.0,3ca325bf-2ea6-44c0-80a4-dde9eda02fe4
705b2602-58d0-47a7-b7e8-b45ab1a8ad51,Rendez-vous,1.0,5,164414,26.0,2547dba1-f54f-43f1-bbde-557d0cc12d7d
259950f8-ce48-4951-8319-b03ee4aabf23,Verde,1.0,7,237624,28.0,
b8727db5-f4cc-42b7-9e5b-5d394bb3ae11,EVA,1.0,11,200971,18.0,
956d5904-3729-44cb-80a3-f5c868d82fcc,BubbleGum,1.0,2,193235,15.0,
92f7c428-454b-4e49-9592-e3cbe9205c47,Andromeda,1.0,5,188318,22.0,
a718651a-1075-49fc-8757-10e32172124c,Torno Domani (Outro),1.0,6,190961,11.0,
70b1c705-6de5-4c20-9697-ab6ca6865e77,Buio Cosmico,1.0,3,241085,14.0,
84a202b9-1ee6-4ffd-a75d-9f53bd269bd1,Fata Morgana,1.0,13,212727,18.0,
00a89c5d-ba84-4dac-8363-6d0208711460,Xoxo,1.0,4,169772,19.0,
f15e3c72-c8d7-4d91-b53d-5057f61b8645,Monna Lisa,1.0,9,199090,19.0,
66ead6dd-8218-4831-8067-5ecb3cdd274f,Alice,1.0,10,211363,17.0,
ce0966a7-667b-45d2-b46c-1d7ae4e8cd68,Maria,1.0,1,174159,25.0,
be4834b0-b8d4-435e-ae87-d4c5cf33fb54,Solo Gli Amanti Sopravvivono All’Amore,1.0,1,98597,14.0,
91fa20ed-e311-4d4a-abce-b6978b4a7499,Lupin,1.0,4,250721,15.0,
7d812d34-a61a-4012-9e98-b74f1da99ccf,Lontana da te,1.0,2,179791,16.0,
808b30d4-4150-4f36-981d-ca4697d58479,Persi,1.0,3,173517,14.0,
94f8761b-290f-49cc-af8b-80eb0ad9fe67,Eco,1.0,12,210000,16.0,
962c619f-3ec7-43c1-8a28-f9a3a203bfa3,Betty,1.0,14,180264,14.0,
9a253ea9-bdda-4a6e-98a1-aac4682288eb,Brigitte RMX,1.0,6,172514,12.0,
7730f390-457f-4c6b-ab88-eab8f18e020d,Lama d’argento,1.0,1,209894,12.0,103b1a30-8e5f-48cc-bb88-928c5fb2ee56
4d099e9f-e7ea-421e-8c89-84fd3552a439,Fata Morgana (RMX),1.0,1,259997,5.0,ce17cbf6-b608-4183-85fd-21711fae08d0
c7f01b13-4614-4c7d-afff-e261e737028d,Tutto bene,1.0,1,160000,18.0,f10c769c-e837-48d7-87a5-4d51faf434a6
d7d13dcf-73bc-465b-9f30-16fa59fa56a9,Spezza cuori,1.0,1,164000,19.0,9b020d2c-0aef-436c-ab25-ca97f14df27e
cf21fbc3-2764-44cc-9153-aeef2d1eb704,Billy Tacos Freestyle,1.0,5,121986,1.0,0a44bdd0-56a7-4841-9797-a091302ab790
8ac52246-6260-4036-99b8-ab79c28e27a6,Maria Antonietta (Re-Edit),1.0,1,166442,8.0,aed70e8c-6a22-4c96-8433-6840775496cf
013dc366-9618-4ca7-9294-223a937a2750,Acqua su marte,1.0,1,189132,35.0,c57e0d86-1089-4b99-a05f-7a29944b0605
09db5b21-2150-4af2-9df6-85987505b081,Anime Inquiete,1.0,6,228371,19.0,
1ba17d11-f593-4e8d-aee7-46a355b360ce,Puzza di fighetta (Fabri Fibra & Nesli Diss),1.0,1,380000,23.0,
99d0e72c-0d62-4316-90dd-b6c59d93c809,Dentro E Fuori,1.0,6,228371,19.0,
b63a090e-ce31-4f85-a65e-b0280cc5b954,Fredda,1.0,1,222857,3.0,16a6a687-5a94-44cc-8068-2e8f087ff581
5b023ff5-9ad9-4ad8-974b-d349a55cab2c,Per quel che ne so,1.0,1,202977,25.0,a9744746-0b0e-4298-8a2d-bb51712b88a0
d46161f0-1885-4506-a7aa-3d3fbac02915,Stai al gioco,1.0,4,224483,9.0,
b9f31251-77ca-4566-98a5-4639e23c9b64,Non smettere,1.0,8,185557,4.0,
10e5616a-a61f-43df-8db1-241a10a75768,Most Wanted Pt.2,1.0,9,177573,11.0,19dc613f-171f-4301-b366-2652040ae9c1
c4bbb294-4800-40c7-a434-f89c42af8125,2 Gocce di vodka,1.0,1,189469,18.0,37919ad0-975e-49fa-a4a2-60ab6cf568d6
ed71a668-225d-4ed0-94ca-706e5d2f1139,Tutto Cambia,1.0,1,212453,3.0,
decd65b2-d57c-4637-a641-a393abfa09a6,A fuoco,1.0,3,294760,15.0,4e0f6fde-97ff-45fa-8947-ace9f733f313
158152ef-20f3-4a25-b1a9-1214216d0962,Se Mi Arrendo,1.0,2,207320,6.0,684ad52c-fafc-4db4-b9d2-9cfb04c1746a
e7de84cc-8083-40f8-9baf-e3dada32c95f,Terre aride,1.0,13,250427,2.0,
e5a7bff0-288d-45a1-a57c-809de8e0defa,In equilibrio,1.0,3,170074,4.0,
1e311e2b-4dfd-467f-8ab7-3d6d6687bf31,Dalla A Me,1.0,17,87133,8.0,
529d784d-df13-428e-a84c-2f4768b91756,Hai portato via,1.0,11,184461,1.0,
699e12d9-85c2-4a11-86a1-b43958a68330,Alba,1.0,7,192531,2.0,
62ba937f-ca53-46d1-b366-04dc7f22040a,Mi piaci,1.0,3,210866,9.0,
6c36c75d-1cdc-4064-a68e-26e72a99bb2c,Non è finita qui,1.0,1,169665,1.0,76d57691-7d49-4ae5-9dfc-34fb088fa065
bcabee81-dbfc-4ad4-8bac-6b1c293e05cd,Corri,1.0,1,180264,4.0,6b038536-5beb-47c2-b559-a2ae2ccf8713
d213c445-18a9-4b80-acbf-a336f103b154,Non ce n’è,1.0,1,194120,1.0,26a7ae80-ed1a-4c2e-9049-9856bdc3b1eb
462ee741-9bba-40f5-9b53-6272c2a41107,Kokai,1.0,11,272640,4.0,
dd75e2fa-23ce-4b9e-906a-ad3e9baa6be6,Segreti,1.0,5,192468,7.0,
6086dfb0-06ad-4fd4-9f2e-1d863e9b6017,Buio,1.0,5,203720,3.0,
4f2bb6b7-a2cb-4887-923c-1f4e530f6ad5,The Bootyshaker,1.0,11,171875,59.0,
90e2c962-6fe0-4743-ae38-2fba562111b2,Liberi e legati,1.0,7,184760,3.0,
c6256e58-7d9e-4289-a72f-72c664cfc7dd,Resta qui,1.0,5,234600,10.0,
592a7f60-efae-4726-a08e-bcea6d684356,Ti seguirò,1.0,1,200650,3.0,93614b44-0b53-45a1-b9ab-76c21abc65b5
b45260fb-3430-4d16-ba5e-064c141edad3,E’ il Momento,1.0,19,165903,0.0,16dc48f3-d771-46a3-914f-0a73612f7d58
285727ca-0cf5-4250-89ec-33d645fe1e01,"Uno, Nessuno, Centomila",1.0,1,168260,16.0,f40f7bcc-13d4-44bc-ab5b-ce5f2eae7b1f
7ab2e804-ac57-4691-b632-4c985dbc1e1f,Intro (Consigli che mi dai),1.0,1,226893,3.0,
e919beae-db7d-49e0-aa61-f29be4718495,Ancora,1.0,6,246000,26.0,cbdf328a-df4f-406f-bcbd-88d6af52487f
f0e7c2bf-e1e8-4f58-9bd4-e690bdf21c75,Il resto è inutile,1.0,6,232293,4.0,
a2ebd67e-dc94-4256-8ac3-fda969f8364f,L’ho fatto per te,1.0,2,192373,1.0,
dab9c59e-f6d9-401d-bf03-1c3b7a908bb2,Sentimi,1.0,4,171413,1.0,
00d14b77-1f77-45e1-9924-5e9db5728494,Volo,1.0,8,209186,2.0,
0d9e93e9-b305-4129-9405-4e9f0b05a223,Distorsioni,1.0,1,122448,36.0,
4f4c6d48-4dd2-4298-9b37-8523d534caf0,Artisti,2.0,5,263653,0.0,2af1af17-9e5c-4f9d-839f-941a16daea7e
5968bf17-1e22-42a9-8cd8-2a39d2f47e69,Bombami,1.0,1,174628,65.0,
1572400d-bc61-45ba-9553-d370a72d31e4,Sei me,1.0,6,269626,2.0,
282b3d2c-cdbd-4c05-8f36-96c1c9cee6e5,Dynamite,1.0,1,122448,36.0,
5779da6c-c85e-47e4-8538-5c349b6c9a06,La mia passione,1.0,6,286573,4.0,
8f274529-e573-49ec-aefb-59d025bbf4f1,Un pensiero positivo,1.0,16,422866,6.0,94b35041-dab8-4d3b-a989-a4dd430ef04f
b72f81c3-d51c-48f0-b2ef-676286a366ce,Se ti girassi,1.0,4,238720,5.0,
814aeb6c-dcc8-42ed-a9c0-1f8333360f5e,Selvaggi,1.0,9,244375,23.0,6ce375b7-e068-4932-84cc-e95d5c55dcd9
61d8adff-81d0-43a0-a604-8e5f53a88b49,Una giornata del cazzo,1.0,3,224516,1.0,6681baed-a2d7-4e55-8eb2-6e17b692918d
c817a301-8c5a-465a-9afc-ad282e6c99f6,Stabbin U,1.0,9,293666,16.0,
27720dc9-9803-4fdd-88b2-a1e4495d7fbc,Alibi,1.0,3,294760,15.0,
f9ddea4f-f388-4e90-92fc-d824b521adb4,Rollalo,1.0,1,122448,36.0,
11619ae0-5e54-4cc5-9486-726075d05988,La mia musica [Parte I],1.0,1,194732,0.0,87c3153f-368d-485c-a3fe-c2ea1e769a69
f9439fe9-0f9d-4983-9d71-181785d244b6,Solo tu,1.0,3,262346,7.0,
f29ddbeb-8c01-448f-8f86-4770b4060d04,My Life,1.0,4,196173,1.0,8f6cf0e6-6b77-457a-bb4c-707817ff9202
9b355cf3-4a43-4ab4-ae88-a6a9b152418e,Chiacchiere e Carnevale,1.0,2,245853,75.0,
722b3f6e-31a0-42b5-bc6b-9593bc67ebcb,Stupida,1.0,5,217440,5.0,
e624d6cb-704c-4523-a4f9-735ba56df3f9,Un brutto ricordo,1.0,7,217853,43.0,5c66e85f-707d-411a-896b-a38e1242a213
d6b94dc0-f54d-4e4a-9b44-a2e98ee8e8b3,No xè pensieri,1.0,10,251133,1.0,
8c983c7d-e344-4249-b3d0-dd424c02bedf,Sweety,1.0,1,174628,65.0,
48d1fad6-229d-4308-8be5-5c800140b606,La mia musica [Parte III],1.0,6,220762,19.0,d2f1785f-6564-4bac-93b4-921ba1027b54
e6ff18c2-2206-43c4-bba9-0e03e36f3ffd,Come sei,1.0,10,277853,2.0,
a94e76d3-71d2-4fbf-8cd9-bfedd5183588,Dipende da te,1.0,13,239693,1.0,
840196fa-3afa-4682-a04a-a93ce5026829,Bomba,1.0,7,203693,1.0,
80a91b5d-d500-4fe8-8e63-ff489c9bb893,La mia musica [Parte II],1.0,6,220762,19.0,
e17ad7e0-e897-4be9-95df-db1030165bdf,Ma dai!,1.0,8,332706,2.0,
7fed1569-1e2c-4476-b009-d5158065c4d0,Così come sono,1.0,14,278920,1.0,
4048133d-05be-4df7-855b-6b9862b87f68,Lo fai benissimo,1.0,9,286360,2.0,
648365ce-f9c7-4987-b205-436765a96001,Karma,1.0,1,200470,2.0,db091435-8f5a-40a7-b1c2-58fe004adf1a
3eb953b4-4633-4de6-9ed4-11b1015a4fd8,Artisti (Accappella),1.0,1,178590,4.0,c831671d-c243-478b-81d5-1af63b5d861b
828a0111-002a-4420-a79f-05ca022dc6a5,Artisti (Strumentale),1.0,1,245186,14.0,
78a2d182-ef74-42ab-899c-f1f34c326b07,Pleasantville,1.0,9,349560,62.0,
27827f31-4c4f-4638-afb1-900f09ed5da2,Storia di un defunto artista,1.0,12,246906,47.0,
5627f62a-9ae6-44c7-bbae-48f45d63d69d,Margot,1.0,6,227746,53.0,617a8b49-119c-4aa5-8fc6-7a8f4bb0835e
abe2d35c-6f0c-44e7-980c-167ff70fb5cc,Baba Jaga,1.0,7,147746,44.0,
95329507-dc38-4e5c-8194-c9ad1105069d,Rotten,1.0,4,238093,55.0,
f8487ff8-041b-48e2-84fc-89e1d5d06a7e,RAP SHIT,1.0,7,212301,48.0,49f186ac-5b87-44bc-a33b-51bc02cc9b29
fc4e5ca8-906e-4cb8-bf46-f855422d880c,Infamity Show,1.0,2,208866,40.0,45094d16-782f-48bd-bfd3-3294eab9ef6c
43848099-917e-4691-b493-79b00d208b36,Horror Vacui,1.0,13,224386,38.0,
fda38ef5-7813-4ccc-ade5-11fe1c85c7a3,Chairaggione,1.0,5,150960,43.0,
baca5cce-8443-4f29-8a76-2eacb22510d8,San Junipero II,1.0,11,133880,40.0,
048440ec-be5f-4a86-a1b4-3819de0a4ec2,Storia di un presunto artista,1.0,8,156453,49.0,
858daf6b-8da5-4698-8a4b-badb512fc676,The Dark Side of the Mood,1.0,1,233813,37.0,
adb49a52-ff4d-40f3-aef3-fb8399e4824d,San Junipero I,1.0,11,133880,40.0,
f8298fa3-f90f-4a9f-a1ff-23bc1e2d65bd,Ok Corral,1.0,7,199973,35.0,
d63e5319-c650-4439-9121-fa864105f719,Passepartout,1.0,12,214226,37.0,
00744dc4-37c5-43f9-82bb-a9357b7e2d26,Ho fatto bene,1.0,4,215760,44.0,
9145d66a-d9f3-438b-a7ad-f8df3b5936ae,Buio Omega,1.0,1,131120,31.0,
8c4527af-24f8-4c30-bfa7-a7e3cd99d4e3,GarbAge,1.0,7,212301,48.0,
00734e01-17d1-4f58-b4a6-8f557ae6be2d,Rivivere,1.0,15,226333,43.0,
d44fc282-032c-4f71-a0ad-7f0b12795963,OKAY?!,1.0,3,205154,36.0,
e04e2890-aeed-44bf-834c-128db2ee64a0,Sassi e diamanti,1.0,6,211760,46.0,
2d4ec102-f3de-45e4-9f43-21d94a589ebb,VLLBLVCK,2.0,4,313573,29.0,925125af-e20e-41c9-9613-eb15f477008f
57aa82f3-d3be-4998-98a6-561db138d4e1,The Same Old Story,1.0,13,271240,37.0,
44fc6f97-e95f-4492-8ea1-a4c1257e4276,Avvoltoi,1.0,6,189756,30.0,
81f9d404-ecce-4be1-9909-f40376d30f64,Libellule,1.0,14,191487,39.0,
c6faf933-706a-46e5-abe9-9ae59f9365bd,Last Man Standing,1.0,3,183306,30.0,
989f6229-4169-4bb3-98a7-1527d9941597,0,1.0,1,134120,40.0,
d66fa3cb-5511-488e-96f3-6b42f341b514,V!olence,1.0,6,215026,31.0,
2734d4d2-e216-4557-bcc1-59751408e084,Suicidol,1.0,9,349560,62.0,
a9dce5d4-4745-417d-b34a-2f8be0fe5be9,Stronzo,1.0,10,200693,38.0,
7d20b19a-2dbf-4032-892c-7b3bf3854e39,Back Again,1.0,2,182466,40.0,
b180ebd5-bf87-4803-a9c3-b9208fc60dd7,Cicatrici,1.0,2,215681,25.0,
dcc8957f-a970-4b9a-9fb2-e98976f9a04a,MURDAMURDAMURDA,1.0,9,212267,26.0,
05200487-a0cb-424d-8488-26449ea6e1a2,Saturno,1.0,5,183388,38.0,
18092e91-a901-4c9a-bc16-71d3323b59e0,Ong Bak,1.0,5,270920,34.0,
c8efa7d3-e211-40e2-afc2-743dd4320e9b,N.V.M.L.,1.0,9,195133,29.0,
0d3d317b-55f0-4bd6-873a-c660f3e47f3f,Without You,1.0,10,218506,35.0,
2f4a2beb-9eb7-4f89-af9c-fd16b1365983,Bipolar Mind,1.0,9,234880,33.0,
c5b84a76-c6b6-46e4-83ba-d3287b71f4d7,Wormhole,1.0,8,160825,29.0,
7840e2f5-585b-4e93-a6ce-f4690cd593fd,Come non detto,1.0,10,177768,34.0,
6012f2cf-7a19-4020-b7ff-0a0d32d1b2e9,No privacy / No caption needed,1.0,4,193920,28.0,
e7a2b32b-cc4d-491e-854e-9b886ec5e14a,OK BOOMER,1.0,5,200820,31.0,
283bb159-f938-4a9f-9deb-cc7dac38dc6e,Mr & Mrs Smith,1.0,4,179431,35.0,
dac86d00-fe1c-4bea-a9df-ca1e863e234a,Blood,1.0,14,199320,38.0,
edd3984b-32ce-4ff3-8218-88f489c44c6a,Lucifero,1.0,1,180600,38.0,bb6ebc9f-b519-4f5c-bed1-1986edb695da
cf386a39-f44f-4d04-93e6-35e765fc69e6,Gostoso,1.0,11,171802,25.0,
5e4785a6-aa42-440e-9305-2cfa8637d7b2,Dead Body,1.0,2,206733,33.0,
6596c617-cbcd-4169-aa22-83b7e56adc1f,DM,1.0,8,206586,28.0,
89cfcf50-22b6-4eb6-b6d5-d0aae5344d78,All In,1.0,3,223973,31.0,
1051d08b-edcc-4caa-be39-6f68618f988e,Animalz,1.0,1,155390,32.0,
8928102c-a84b-48dd-835e-ff360800abea,Rispetto,1.0,13,113494,27.0,
7e29160b-0331-4b80-8e83-239b968161f6,Too late,1.0,1,195045,48.0,
f9cc545c-16b9-45c9-addd-c3d4659a3dac,Glock Party,2.0,2,234173,28.0,
056909c9-ce2f-4217-9b80-5ede98a3b196,Ossigeno,1.0,1,180290,37.0,
337b2e6d-0da2-494b-a66c-2594629fd09d,L’oracolo di Selfie,1.0,11,184266,31.0,
1b9f68dd-8d3c-4beb-a625-552ffd0ef002,Danger,1.0,6,227746,53.0,
4d9b9c16-b666-47c9-8e55-b9b1d403d148,Family Affair,1.0,5,225306,30.0,
9adad4a1-58b4-440f-a494-c3bd03deba91,Twinbeasts,1.0,14,224386,27.0,
a8f5a60c-98cb-4e7c-914a-b29539fee55e,Kill Them All,1.0,7,184880,32.0,
7abba34b-9900-4887-9b88-f485ba7e54ed,Solo Quando Bevo,2.0,5,213293,30.0,
9c77eca9-7d3e-4772-8b88-38d3fdf5a05a,"Stronzo, Pt. 2",2.0,3,169466,28.0,
aa7b15d0-5961-4240-9db4-b2f1189fe64a,IN HEAVEN,1.0,6,206000,42.0,
b4c8c5cf-8465-4f54-9003-46c4f767f14f,BARSMAGEDDON,1.0,3,88026,27.0,
f034e9b8-77ca-46d5-9347-f1e6efaf1fd0,FANGORIA,1.0,11,148083,41.0,
a5b090c3-b184-44d1-b86d-c8a1b8233989,Chica,1.0,2,166965,26.0,
431d3403-2b78-4b6e-ac62-bfbb3301dbff,TI DIREI,1.0,8,172198,49.0,
1ed9793c-f0b8-4da7-ac4b-eb8bd8bb2580,Mr. Anderson,1.0,11,206400,28.0,
91e4bc3a-878d-4a8e-906c-981172310c0b,F.P.S.,1.0,5,144097,61.0,
3fac5050-7f90-49af-8f17-4bcc4ef6b1b3,64 Bars,1.0,11,131777,56.0,
97f98471-f3fc-4b68-af39-c67af5fc9f02,OUTSIDER,1.0,8,172198,49.0,
80f4a4d8-b662-474f-8bb0-1cec39e675d2,Rotten 2,1.0,1,178666,41.0,58d97bdb-172d-49f3-a15c-f89d8a3254ed
f79a52b6-75a2-4dcb-b18a-aaccbb6a6471,PARANOIA,1.0,4,171815,42.0,
e408e93c-c48b-4689-a564-5402cb2bf7a5,CONTROL,1.0,2,198427,33.0,
7443ebbe-ce63-4f5c-8ba2-af6e58d232d9,Piombo e Fango 2013,1.0,10,185759,29.0,70709f37-4fab-4bef-b3db-bf5efb131ded
95d4b75f-38bb-4a7a-a510-e76128e3f42f,ANYWAY,1.0,3,155050,36.0,
9d69c5fb-455d-4607-8d89-df737f4f71b3,FIORI,1.0,10,166002,36.0,
4ab38f87-d60f-49a1-a5e2-3a7cf2e36b2a,FULL IMMERSION,1.0,12,184266,39.0,
708bba36-a17a-4049-9a5a-89d01049160e,ABISSI,1.0,14,146615,34.0,
77238105-5ed9-43eb-a708-6e5cb1d0e3ad,DEATH NOTE,1.0,15,151637,28.0,
417f52c6-78f3-43f7-9c8e-dfc7f59088e1,SNAKES,1.0,7,130797,32.0,
b7e8df40-e2ab-4bbb-9622-2311b20a5c30,BMW,1.0,9,130602,30.0,
d61c48e8-56ec-49a4-a4c9-c89fff337622,N.N.F.,1.0,5,144097,61.0,
9655a529-5f35-4587-8d15-83758025f24e,Per un paio di dollari,1.0,1,181374,33.0,0302ee23-7ad5-477c-b51c-c85a6bc51673
f6aa995b-4151-4997-a019-243c0e6ef7dd,Scappa,1.0,1,165461,49.0,fc050e1f-3c6d-4a2c-bc00-d22e38c8a52c
e2f248f4-edee-4dbc-a6c9-2b1239ae33e1,We takin’ it back,1.0,3,197466,34.0,
3de6b2ee-9335-449c-a726-db9ad27be43b,105 Mi Casa Mashup: Nitro canta Rap shit su Bop,1.0,9,349560,62.0,
dafbb85f-05ea-4518-90a6-a084659fbfbf,Radio105 Freestyle,1.0,17,195053,33.0,ff96df51-5760-4df2-9173-8a8c8317d52c
7c9159ad-b189-4201-9ea6-ce86d86fc82b,This is Italia,1.0,5,176000,78.0,
6359cfbb-7330-4d82-b632-9ebe59bb5721,Covid Freestye (Nitro),1.0,10,200693,38.0,
51902769-bd8e-4b5c-aa5d-33dbfe649dd2,One Take FM Free Mic,1.0,8,262746,6.0,86690ca2-0280-411d-8359-3902d5f770e4
cf0e31e4-4115-444f-b596-6b9965b9bcb1,Buon Umore Freestyle,1.0,10,219806,66.0,51ede884-e5ee-44bb-8670-08c7079c800e
0cfdc54c-9056-4cc3-8542-1413ba22c59a,Gotham,1.0,12,207346,68.0,
49fcbce1-be50-4dcf-9932-7b7970c0baf3,Auto Blu,1.0,1,166086,49.0,be98d894-cd26-4c65-857a-1569ac7e1f83
0c308361-5194-4eeb-af5e-8aa8cf4dc3a8,Take 5,1.0,5,191856,62.0,
3dfc5ffc-2ca6-4286-904a-cc33245d307f,Mon Fre,1.0,1,224150,60.0,f3ba1fe2-f6f6-4c3b-b0c4-c30746b4d34b
9caf7ffc-17cb-47f2-b6e2-d4a9ffabf0ff,Soldi in Nero,1.0,1,183797,68.0,
5a972351-9ee2-4495-92b8-f6d13a492343,Bossoli,1.0,1,178758,58.0,5f8a5d2d-0ca6-417f-866f-8985619d786b
b91cf9ae-ca30-43c6-879d-f151724ab309,Milano Ovest,1.0,4,171200,55.0,188b5268-1942-4315-a7ec-454aee613c1e
1e41b949-dc88-4eb3-8e5d-0e9bffc4364e,Polvere [2024],1.0,1,166299,54.0,a98d3a8e-b54b-4998-9393-29661ca46a7b
c7692225-0d00-4433-bcd5-3e10a0ca78c7,Syrup,1.0,1,188654,56.0,0642502f-d369-4dc3-8538-a7bf54dcef67
974ed86b-e0aa-4ae5-998b-73d702913734,Chance,1.0,2,182400,53.0,
40164cfd-e1b5-4a60-b19e-598508577238,Calmo,1.0,6,151807,52.0,
414561d1-5ae0-4934-aad9-ca07a80baf95,Alleluia,1.0,13,160051,63.0,3c1b5f64-2138-4816-b0a2-ccc12e6ef228
f1271e90-28fb-4110-9d7d-114510436563,Acciaio,1.0,3,197000,48.0,d0960d84-5553-4b3e-a42a-95eef7ab1ebf
7d326d18-00fc-41b5-a294-6346d03e1fe6,Fendi belt,1.0,7,148000,51.0,2f03026d-f86b-4512-b6cf-9311402ba6e3
a006a429-2042-4461-9627-e45d2e75593a,Pluh,1.0,8,163456,60.0,
7a78bd67-6209-4708-8a74-94bbb285cfef,Lettera a Draco,1.0,17,193708,57.0,
6cb09753-f6fc-4d12-a473-bfbea0582b2e,Non sto più in zona,1.0,1,155825,46.0,17afbf66-5ef7-48bc-adeb-1420e1b6e4ef
2ad9010f-925d-469a-8b29-7d62454230ff,Tutto o Nada,1.0,3,157200,63.0,
ec252d90-7478-47dc-b65c-96c66878665a,6 AM,1.0,6,200311,57.0,
0174779a-ca02-4994-aa38-294750b1ae16,Milano Angels,1.0,1,187178,59.0,
dc3ec5bd-db1f-45f6-8f94-c785b04d31a3,Kooda RMX,1.0,2,269806,1.0,18a632d5-79a2-4f46-aaee-d058912fce3f
360b05ff-51ca-4e95-b1bd-633d10c35621,Sete,1.0,13,207947,54.0,
a6d69f8e-ec4f-41db-a53d-6d48e02651f1,Non lo Sai,1.0,11,228454,66.0,
3759a7c8-5c26-4d52-8e9e-d928b58c4225,Don’t Cry No More,1.0,14,195345,52.0,
9fede7fe-cae1-4717-bc58-ec921a0cda11,Niente da perdere,1.0,4,166214,58.0,b79a8e2e-9ab3-4bc1-aefa-fffd09fa1dd4
a0bbd79f-89ea-41e3-8562-0f43f9df65be,First Day Out,1.0,9,171678,53.0,
f54845c0-bb1a-47b4-b6ef-1eaf115e633e,Paradise,1.0,15,171963,57.0,
4e766009-d998-4e67-a057-fffaa3c519b3,Big City Life RMX,1.0,1,198145,62.0,36c4ec50-7942-4b39-b7b6-cceb99424caf
3d854178-6608-47c2-8e62-dcf8a881cb29,Un milione di volte,1.0,12,181714,62.0,
67dfc32c-e5db-4fbc-8047-7a3da4dd62d8,Let’s Go,1.0,2,170444,54.0,
da8b831e-90f6-4547-8fe4-07292b21a793,Pensando a lei,1.0,7,176245,55.0,
6cea1207-4ce0-4238-949a-e50fe19c4f55,Diario di Noel,1.0,7,186249,49.0,
a2a7cf85-ee32-4c0e-b1fa-1dd8236da540,Replay,1.0,7,162946,51.0,
c53a65e9-097f-4f4f-9c73-9b00c1385ec6,Milano Shotta Freestyle,1.0,18,153130,52.0,
9ec97756-710b-40e1-962d-a188543502e3,Vorrei,1.0,3,191257,59.0,
88662bf2-7849-4e39-92ef-1de5080fcb0c,Aston Martin,1.0,1,168000,48.0,08eeef52-8f2b-4d1d-86da-72de5fe1860a
51989d55-b71d-417f-a500-4332e4cd392d,Take 1,1.0,2,182571,46.0,1b1e3ae2-9628-4b3d-ab88-e5659a5ac0fa
e7d9ddc5-c4b6-41dd-ab6a-efeb2c97a0c9,Della gang,1.0,4,213255,50.0,
4d25912a-2014-4e74-a374-3dc942443f46,105 Mi Casa Mashup: il freestyle di Shiva su From Time,1.0,5,191856,62.0,
a31949f3-7a17-4722-adbe-27261acf7366,Digos,1.0,2,149070,55.0,
223ac8ec-3961-47ef-bc77-2de2afb64498,Guai,1.0,11,209962,71.0,
19f5ea86-1012-44f2-9369-bfa557647942,Domani,1.0,1,197280,47.0,
fdf1b4a8-dfd1-4b89-9c06-2d6f16a6c53a,Santana,1.0,6,226906,82.0,
734ed437-8332-48be-a0d0-a6bf044afbd0,Bibidi Bobidi Bu,1.0,2,166222,56.0,
80589af4-e5b5-404d-a8e1-b4e520aa933d,Come no,1.0,11,209962,71.0,
756e7996-f051-4664-8326-e60b8d66f052,Mastercard,1.0,3,155215,50.0,
d924b967-5d87-46ce-8fa9-aba0f5dd1e9e,La mia storia,1.0,10,241263,48.0,
4080a7aa-b608-4d4d-9777-e9f304cb920f,Giuro su Dio Freestyle,1.0,2,182245,76.0,
87072657-e7ad-409a-b437-8a3654ebb2f0,Rollie AP,1.0,5,179438,52.0,
6303cc51-332b-4464-8947-abad05a6a4df,Thotiana RMX,1.0,6,226906,82.0,
65070718-ada2-4d5a-8ee3-e208de59ffcd,Dolce vita,1.0,1,131076,50.0,
3d9de71b-f38b-4aba-bdf1-2ed71c14844f,Take 4,1.0,4,170571,57.0,
d118a6f3-62ce-4a3b-bb33-efe610e96046,Cicatrici,1.0,10,192905,53.0,
5b6c67fa-8d71-4564-8acb-6ddb8ec21bb4,Volo Express,1.0,16,183428,53.0,
6bfd9626-18e7-4d45-9870-ea2cf2564819,Elicotteri,1.0,9,189609,55.0,
1c41c77f-0ffb-4932-91cc-7edc33ed9598,Giovane re,1.0,1,166299,54.0,
e5e19f29-408c-4bda-8e69-713ca0febd65,Scarabeo,1.0,5,177177,44.0,
0f6901af-c969-47db-80ea-fa5822361a00,Soldi Puliti,1.0,14,159840,57.0,
3dee70ef-d334-4707-899b-8642ed47b19e,Un Altro Show,1.0,16,171702,63.0,
18f74370-0575-4967-9ac7-8a3b2f772ff7,Whip,1.0,6,153016,53.0,
66e589b3-ae53-44d2-b443-e27b531e28a0,Cambierà,1.0,4,202576,54.0,
08a03cd5-168a-4bcd-8784-198825adeb4c,Idee chiare,1.0,4,174939,48.0,
73edac84-597b-4b39-a4ce-62a5758d9f4c,Ragazzi miei,1.0,2,206000,34.0,
e9ddc7fc-64ee-4865-9246-2a2568e62707,Cup,1.0,2,167804,55.0,
cbe4b6b5-fa4f-4cdb-99d0-89a630f06da0,Ride or Die,1.0,3,193079,51.0,
bb02760b-a8fd-4fc4-b4c3-2ce294962466,Bicarbonato,1.0,6,226906,82.0,
f5a4a2e7-4638-43dc-a81f-73e37feb89a4,Non Sai Niente,1.0,14,162138,45.0,
beca28a3-296c-4d7f-bf8f-1a23bac411f6,Riflessi Rossi,1.0,11,195732,50.0,
5b3be5f1-ba7c-4843-87bc-5c2fd2d8d0eb,Non è Easy,1.0,8,164657,54.0,
1a7c489b-6103-4b43-b910-db1a24b5b49e,Collane e bugie,1.0,5,196000,48.0,
0dad1f72-a0d5-45ad-b404-4350081acb91,Diversi,1.0,8,176305,59.0,
9c4917d8-d42b-4d21-b8f4-907bb18f26c3,Radar,1.0,1,180461,39.0,6679914b-3093-4aa0-9f0d-9192300f31b3
4b72a6c5-17cf-4903-8c67-b7756178d21c,I can fly,1.0,2,198857,48.0,
8f5ee6ad-9c20-4764-a753-7810c0cb7952,Teste di cazzo,1.0,5,216000,33.0,
dec12453-6c26-4ea8-95bb-e3b4e12dab85,Pensando a lei 2,1.0,6,184706,18.0,0991c7a7-7d5d-4f5f-891d-48bb2a5b8a83
64e8dfc8-791e-4ae0-8b82-e402c62e4c7a,Figlio della Calle,1.0,3,185207,42.0,
e1bdcd8a-b79f-4f50-9dd1-19d1b3d0bdd5,Corvi,1.0,4,180395,31.0,4f6f97cc-44c1-4cdb-8e80-559b79972bea
9018561c-79e2-4c6f-9fbd-c1343897cec7,Champagne + Tiffany,1.0,13,310175,54.0,
a553cfc1-179a-4c74-91ef-de6a61493580,Santana Season,1.0,1,167663,53.0,
dedb1ed1-620d-421d-bd5f-610bd815829e,Take 2,1.0,3,182772,49.0,4a9b0b8f-9f92-4582-9ef4-3044691bc623
dfbd3440-e222-4695-b3be-2a29141e58af,Milano Demons,1.0,11,228454,66.0,
ce014ce4-de45-4918-ab89-fe2ea83cdcbe,100 OPPS,1.0,3,167771,55.0,
a09d37ad-0664-4793-b53e-cfc34542ab0e,Take 3,1.0,1,175018,50.0,9253352d-025a-49a4-b3fa-dc300ea22611
226de33f-8850-47f3-953a-58f8633d13c2,Diamante,1.0,7,179818,51.0,
2d24a89e-595a-4da6-a620-6b411c14ae33,Arsenico,1.0,4,183321,58.0,
4c0837a9-f9c9-466f-9cf7-1314253a88c1,Il diavolo chiama,1.0,13,217422,48.0,
55f41e4b-cb14-49b3-a1c3-19626b755286,3 Stick Freestyle,1.0,18,149000,52.0,
6cebf91c-9de8-481b-8b53-d5534b5c01f2,Barrio,1.0,7,266458,31.0,
28027f00-16ac-4731-b05c-a8b5c0380c35,X Sempre,1.0,5,205074,47.0,
9c986ee2-4ce7-4ffc-8aa0-652931348778,Civico 30 freestyle,1.0,3,335480,27.0,484c4085-7d07-4148-b762-ae2fa680ce30
a8cc7a37-05e6-4465-bbd4-e540d71616e2,Polvere,1.0,10,167921,66.0,
61eee292-92dc-4f42-bffd-ddb8feb7b47d,Fuoco,1.0,6,179000,31.0,
eed69c6e-3e07-4096-96b5-12717847af2d,Charts Global,1.0,5,133333,51.0,
38bd4216-3a24-41ee-9d96-15c6d5724578,Diego,1.0,4,250000,32.0,
807e4846-30ed-4457-ae21-34aa5c10fdab,Messaggio in Segreteria (interlude),1.0,9,155437,44.0,
d0030dbe-9a9d-4519-bf96-6dd72b39a161,Il mio nome,1.0,1,223500,30.0,
2dc7059e-4b95-42a1-b0d4-36a8a224ad67,Buio,1.0,2,198750,28.0,
d1663d2c-5883-479d-8794-99b920ace5f6,Se Fosse Per Me,1.0,17,226872,49.0,
cbd8592b-d5be-4192-9bf4-ed47a115f970,Cellphone,1.0,6,212160,48.0,
d435988c-ea2c-44a3-9937-8357e684a9e9,Problema,1.0,9,195088,45.0,
5565079d-db3f-47a7-96b5-cde01af4dd74,Esse,1.0,8,202000,31.0,
0dc1c883-8c7c-41b4-ab5b-99b527506896,Superstar,1.0,6,208543,44.0,
3dd9cf4b-8c6d-43ca-9b8d-00fbc365f705,Regina del Block,1.0,1,198516,52.0,
4ed151d3-8797-49f5-9de3-96da10f709bc,Red Barz RMX,1.0,5,163314,71.0,
815a2bdc-c591-4673-ac05-c126ff6cac00,Jackson,1.0,1,136904,29.0,768da27f-e43e-45e3-8986-700e302805f9
c9234aae-b89f-4258-a9e8-98e14fe878fd,Naturale,1.0,12,166736,51.0,
13cefb99-238d-4e5e-a659-3a96f14b249c,Soli,1.0,7,183896,48.0,
30b9de0e-b36d-41d2-b24f-d18dc5fc8ee0,Mujer,1.0,6,161739,48.0,
c7b9476a-f5b0-423e-881b-efe3d0ba0891,Lassù,1.0,9,228569,31.0,
dfe4e09d-ae41-46af-816a-3116f9830aef,Syrup RMX,1.0,1,188654,56.0,
da4f19b0-d937-4584-a03b-21cc7dd17dc4,Megatron,1.0,8,176294,47.0,
f04564cb-4d45-4944-a76d-f4f01fd44670,Dimenticare,1.0,15,167741,46.0,
2a7f0cad-07a9-4e49-be75-f33322fad40c,Montecarlo,1.0,11,209192,43.0,
dad87260-74cd-48ab-821a-4fec0a054b54,Sei qui,1.0,2,146086,48.0,
327a3625-4fa9-4d88-90b3-36c4dc664572,Ragnatele,1.0,5,201000,27.0,
88de264a-6ca0-4e8a-b2ac-0a24fea335a2,Camelot RMX,1.0,1,190188,65.0,d0ed57eb-37e4-4a74-98a2-fdbe0314e589
6c3a0d53-b24b-4743-99ff-e4d4e23dd163,Anima,1.0,10,230000,25.0,
da4f06f8-bc25-477b-8ee7-5b0cc902d267,Tanti Cuori,1.0,3,163925,50.0,
fb84a37b-c3d8-435b-8e98-2c9ed190aab9,STAI ZITTO Freestyle,1.0,2,182245,76.0,
2760e9ea-998d-4cad-8aee-907bf879551b,Spirito,1.0,1,232793,21.0,1efc93c1-bab7-4633-b3b5-d2f516991c39
4df4da62-175e-47eb-b669-6cc9a60f96f6,Cose che non ho,1.0,8,156501,53.0,
7cb91839-f531-4c80-97bc-fe0689d53426,Hi-tech freestyle,1.0,12,112678,42.0,
13e44951-bf0b-429a-9bd4-4d632fd0ce7b,Bossoli RMX,1.0,1,82395,3.0,7a74fda5-5ab1-4c5f-84ed-7ca4c589b228
4d6122b3-4c3b-4b7f-8fcd-34028b8cfe00,Fendi belt RMX*,1.0,7,148000,51.0,
31bdf416-608e-4cdd-9cd2-0204c8fcf771,Rover*,1.0,1,1740000,0.0,8782dd35-392e-44e7-bede-1e70a1c4d037
58c186de-1d1b-4cfb-b13a-f28cd958430d,Ai fantasmi,1.0,1,293504,23.0,
04712a8b-e438-47c9-b874-ba2c2692a286,Inspiria,1.0,3,282000,25.0,
d9535dea-6ea1-4c53-8654-2952b5359392,La Via Del Guerriero,1.0,2,182245,76.0,
613140d2-2af9-4f5f-9b4b-cf7a937bac89,Verso orizzonti,1.0,8,274513,23.0,
155ae834-5378-48a9-9ff2-c5be0152b750,Luna blu,1.0,9,172198,22.0,
f235604f-34c2-433e-98c5-1081cc63f495,Globo*,1.0,1,466023,0.0,de143b4f-663c-41d2-af6c-1d841fa6d39f
3916ec0b-288f-485c-91b6-f0d7dab935f0,Misery deve morire,1.0,7,168622,22.0,
3ca86e30-6abe-430f-be18-021fe6b1a46c,Vetro Oscurato*,1.0,5,232906,20.0,ed761edb-e885-4245-8f19-a47d650588f2
11c43523-b6ef-4a12-975f-3ade064ca72c,Tre Volte*,1.0,1,183801,47.0,9e158547-1f44-4795-b1b6-f49e60d40e0b
5a211f6c-4b7d-41af-bb9c-3a47736bc498,Luce in strada,1.0,1,245052,21.0,f8803390-4cb6-411d-a334-c8c3b8df9a36
5ddde14f-e687-4b52-98b7-d79a6fc8179a,Piccolo principe,1.0,6,197385,23.0,
a641fe6a-9b8b-47f3-a1f8-ca4ac6ee2c3b,Diamanti*,1.0,6,226906,82.0,
f28215ea-554f-4229-9582-3dd7f0e6abf8,Problemi Sull’iPhone*,1.0,8,232676,70.0,
8f139f5d-0c4f-40f7-8e78-85104615dfb9,Town*,1.0,4,231100,41.0,05a1d1aa-9c90-413c-95a2-8206a9d14749
880ebfe3-28fe-4533-b633-27660fde7990,I Miei G*,1.0,1,192096,72.0,
d1090796-3fb5-486f-ae41-42c9880779be,Amen,1.0,9,157588,2.0,e878049e-d6ad-45b1-9732-8fd81ceaa057
b0bf5112-82b0-4b2a-b0dc-44978cb748cd,Cup RMX*,1.0,8,163456,60.0,
4052527b-23f2-4563-b30c-c38ff6e748c6,Cash In Cash Out*,1.0,1,183797,68.0,
6e5e0b1d-bcb6-4050-9ec5-7cc3de4e6584,OVER (versione originale),1.0,10,209552,71.0,
e28cfa39-4f09-4ebd-851e-6563f6a82c3e,105 Mi Casa Mashup: Shiva con Aitch (Make it shake) su Ayy Macarena,1.0,5,191856,62.0,
cd994caf-afda-47cd-9d34-fbd90e0e3ac0,Stick*,1.0,18,149000,52.0,
ab8092c5-04a4-4cb1-9a2a-8145746a63cf,Pull Up*,1.0,1,155250,0.0,0a66c6c0-926d-4db7-b52a-73b78ac220b2
63632e79-75c8-4f8c-81ee-2ff0d323d78d,Trap Take Radio 105,1.0,5,304480,33.0,
778f90a3-1209-4116-aa59-aacf7c5f4dba,Freestyle Radio Deejay,1.0,8,192720,9.0,
b9d6fffd-190f-4c1e-8a5a-e8523a03c592,Lexus*,1.0,6,226906,82.0,
3a623562-3948-4678-a22b-ea2ecec08725,Di Più*,1.0,1,192096,72.0,
c87cd04d-f7a1-413e-9380-b39a524b6fb4,INTRO VERSO,1.0,4,351729,0.0,373bca65-9789-4aaf-a507-f7e1d4d989ac
9bf73c66-790b-4fc9-b8c6-928b21012ff4,Galassie*,1.0,1,219660,59.0,27cedf61-c868-426a-944b-e69fcbce2dfe
ed66c77c-29d2-42e3-86a2-5f57099bfdad,Loto Terreno,1.0,1,323240,24.0,7806d6d2-79c2-4974-98eb-ca107127cea4
b81dc618-3b80-4aff-9813-844ec92253bf,FOLLIA GENIALE,1.0,14,206435,26.0,
e82fe73f-090c-4801-b9f6-317008f40775,OGNI GIORNO,1.0,3,198400,34.0,
8a4c9750-9f8a-4e49-a0de-aa244380b2fa,Grammi,1.0,5,183000,67.0,
88a20b20-4b45-4572-b0aa-60b2d153c303,Giovane Egoista*,1.0,13,310175,54.0,
2412ccac-688d-442b-bbd7-830406d34be6,Mayday*,1.0,5,191856,62.0,
01afc096-138a-4f54-a546-6d3dce7dd945,Back In Blood RMX,1.0,7,353786,33.0,4e3ad944-b4f3-490b-a661-3a33de93dacb
7cdfe2d5-dc7d-4b7b-b5ca-32d280cf625d,Creature,1.0,9,260970,28.0,b41da470-a265-4bcb-9db0-077f889f7d40
0d796bc4-b2a8-4fb4-b1c4-e56ab03d4445,PDF UNITED SHOW Freestyle,1.0,1,246726,2.0,52c9ac84-e7bf-44d3-abdf-876eec7a1142
366e8f0e-53f7-42d2-a004-4595fe9c7f4d,Catch Up Freestyle,1.0,7,176146,22.0,bd3bf464-7565-442b-bd53-262f6c8cc483
38e6417a-42ba-49dd-884b-893a49d0eb84,Nuvola Bianca,1.0,10,438760,0.0,6820eee3-291c-497f-871c-444de2f54839
0bec59b9-b7d4-4367-9d97-0675eb5289c0,Supercar*,1.0,1,185000,69.0,
1d670538-6128-45b7-b77d-b71fc4955208,Toro Freestyle,1.0,5,205964,53.0,90507625-3197-4c30-8d8e-2bbfb65e4789
4b9e77c2-e24c-4932-a38d-478f0861493a,Fortuna*,1.0,8,203860,0.0,8957d300-cc37-41b3-97db-e9ceee2b9edf
bb698d37-eee0-4703-b432-0a2673e6320f,Oscurità*,1.0,6,226906,82.0,
d26cdb77-45ac-4863-adb1-46f155f49910,Ogni mio sbaglio*,1.0,1,174800,44.0,afa192d7-f09c-4f88-b178-c4797acab04b
9e5036c1-08ba-4ce0-813f-92dcb18fb2cb,Madonnina*,1.0,9,180863,76.0,
8fa6995e-fea5-429f-be8b-88baf6992b19,I can fly (SNIPES Session),1.0,12,208800,20.0,
10d44eec-d574-4d85-8f25-dea33ac13589,Seven,1.0,1,358260,27.0,6d94b6db-fe90-48b8-a326-dcb6764a124d
338906a2-5505-4ac1-a12c-0ee508fe6681,Unpodi,1.0,1,179076,22.0,6e7ae25e-a582-4616-a881-acb5d98e00c2
bcbcc007-4067-4bc6-870e-9d29e3d68136,Banditi,1.0,1,199500,15.0,3c574526-95ae-4652-8ea9-c60d5513b092
20a40911-e381-4da1-8281-8f9363bfeb09,Samurai,1.0,1,200807,8.0,a53d050e-917d-422e-be20-145041efbf38
82f35608-c82a-4c00-af51-1dbf20fcefab,Angeli da bar,1.0,4,264521,12.0,df723be1-45db-4e0a-8e46-d8cd25b4e721
f08a3d5f-fb78-484e-a71b-29c45bbb52df,Oro,1.0,4,271426,47.0,
e845ad4b-a67f-4914-b111-861c9ecf19a1,La Vita Sognata Degli Angeli,1.0,5,249026,25.0,cae6e71b-4093-421e-9fb8-ea3e7a4e2184
e7840c59-3aaf-47af-a0c8-e131fb642999,In un mondo perfetto,1.0,4,245945,6.0,8c5d1c57-8b33-4f3d-aa59-00d795e7c321
39beaad8-c4cc-4711-b6ae-fb346c36f1a8,Lucciole,1.0,10,140177,6.0,
a801f073-c6ab-4f29-9467-f130a382c297,Mickey & Mallory,1.0,2,178051,52.0,
96a74e6a-ac1c-4b7a-8e44-a36c243616b6,Zoe,1.0,1,186233,3.0,caf55f4e-2a90-4517-bb1f-427ee36506cb
1900540a-7442-4cba-8566-545921aa5548,Lucciole RMX,1.0,10,140177,6.0,
36364ea5-67e3-475f-8ca0-a372a61b9ac2,Sawo,1.0,1,200807,8.0,
4ae68b39-545c-4e6d-9855-5665e9e07ca8,Dove le balene vanno a nascondersi,1.0,2,214029,5.0,
76852ba8-15d6-4afe-8b16-6a579014bebc,Il cacciatore di draghi,1.0,1,195200,13.0,e53b8a3c-6319-4ffd-83f1-31a7dec8d73d
ceb16828-a265-4a04-bd29-25379281e2c5,Lo specchio,1.0,5,258577,7.0,
122d7e05-a7df-46fb-b049-80aabed48d45,Buonanotte,1.0,4,208853,59.0,
e193baa8-2cad-4b3b-8c3a-0867c12f6884,Zero Santi,1.0,9,201853,3.0,
db011385-9501-4205-bcd0-dd1b0ce98070,Nubi Basse,1.0,5,421346,18.0,92da7c42-d528-477c-bb37-a22f36d9f9cf
ef04b67c-a614-43b2-95d0-09e3bcefc00e,Via da Las Vegas,1.0,5,179626,16.0,2c9dc8b5-3230-4b6e-b403-88e759e0c4b2
43dcb83d-eb52-4837-9f54-af911d01e49b,Diamanti,1.0,1,169090,3.0,5e155b59-a7ae-4173-a4ff-a9f35498df48
7086f238-0214-4122-881c-f8618609b774,Napoli,1.0,1,292038,3.0,efe1e84c-3b2e-4b57-a386-0e08149a19e7
016d7b6a-5256-42e0-80ee-a677dd626304,C’Era Una Volta,1.0,1,188373,72.0,
0226a3db-7c3a-41d5-a417-47a4c9751736,Dio non è al momento raggiungibile,1.0,7,176100,3.0,
80c94e03-a483-4aee-9820-0088bed60c78,Eroi,1.0,3,177586,5.0,
f49f1cf4-bb2a-461e-9924-e1523a2bb920,Piccola Tigre,1.0,1,182056,6.0,7a1eae6e-7329-4723-bd83-a4b192b4c338
42496808-fa19-47f0-9ff0-745852167049,Raffaello,1.0,11,252124,4.0,
a759ca73-38d3-4873-9523-b9ac034eeb5d,Zero,1.0,9,201853,3.0,
abf0d58f-3355-4651-8dad-9daf66660236,Marilyn,1.0,4,188353,4.0,
0f6926f4-2c6a-4401-b215-116c50aa03b2,La promessa di Pinocchio,1.0,2,211022,4.0,
2ceb6f90-6c17-48ad-9df7-54fccb65d420,Blu,1.0,7,218603,15.0,
f088da77-c187-471c-bc1c-61f449caae73,Miami,1.0,1,182790,1.0,ba270274-1235-4adc-918e-aa1db0a95868
0019be38-6422-4db6-9f34-fe7e64ed400a,Titoli Di Coda (Dimenticare Milano),1.0,1,166000,1.0,72346833-f660-4515-b297-cd3bd33baa33
d936cc0e-2cda-4e85-8e93-437ff67001fc,Sogni,1.0,12,193190,3.0,
a27bbe23-9297-4151-a152-e978c2d24ab0,Andromeda,1.0,11,173871,5.0,
9b4032e8-58e0-4202-a312-8861476ce288,Ragazzo Padre,1.0,4,189015,67.0,95427dd2-86c3-41de-a8cc-78f9f58758b8
837f1455-1552-434d-8f90-cb9fe474023d,Heroine,1.0,8,217957,4.0,
5a48d204-2f59-4cff-ae6f-71d989eff47c,Cuore Nero,1.0,1,194516,74.0,
dd6bbe7e-c500-4d90-83ef-ca22714ab4d6,N.E.D.A.,1.0,3,185016,8.0,
77aba771-076e-47c3-aeb0-5c804ab2a441,Scritto nell’acqua,1.0,7,205821,1.0,3acdc605-55a7-4455-b531-9ea1618d9b00
361b6cf3-98dd-4547-b4d8-09cb865f8529,Cartoline Dalla Luna,1.0,1,207274,2.0,5cf09891-433a-4fc6-8ff9-a2ca31dfb3c6
b4dce461-4959-499c-8c2c-ca01d68fa0b3,Ultima fermata prima della luna,1.0,1,224397,4.0,
f420e6af-e3d5-4888-b385-817179464061,XMatteo,1.0,1,152944,14.0,d977d41d-d5ab-4e0c-b15e-d66329d233cd
bd772894-c2ba-407f-8229-e98d53999ac4,La bella e la bestia,1.0,2,153808,4.0,
2ac6ea02-9a43-41ce-9c00-1223784821ac,Il figlio del bandito,1.0,5,211765,1.0,
4d756550-f007-4811-a1cf-1b0e0702ce60,La dolce vita,1.0,4,264521,12.0,
34a09eaa-e45a-477e-b6ff-1bfc2dbcdf78,Il ladro di cuori,1.0,3,232611,5.0,
046d46e5-4181-4e8d-b484-466e240a05b4,Nuovo Battisti,1.0,2,209536,3.0,
7fb127ff-dada-4e9a-9606-c96b75fa8633,Quando la canzone finisce spara!,1.0,1,183818,2.0,b0d580b7-edfd-4d8f-a19d-6033ec466683
532cdf8a-f9a2-403d-8446-f2adee479275,Porno,1.0,1,213750,1.0,4e5e8816-916e-4376-ac4b-c747d71a2d65
92a1bbc3-8e11-4ae4-b057-2c0a03d50d9e,Pelle,1.0,3,135564,8.0,49e0725d-1a2a-42aa-b7f7-d0992f54a6ea
0ff24307-8f25-4a2e-997d-876536076e19,Ahahahahah,1.0,2,199680,42.0,e7658814-4e74-4521-87c5-f747a203d1ef
96b3a6c7-d6f7-41b2-b235-ae5feed1e2a8,Tutti i miei chiodi,1.0,5,197648,2.0,
f43e6dfd-16c9-41ec-84f1-6ecf285aee4c,Gabriella Ferri,1.0,13,223654,1.0,
6cbc7d87-ec37-489c-a14a-2bbe8eac19db,Fame,1.0,10,170155,1.0,
db65fef4-4220-4d60-a7d7-079d09775cbe,Nonlai/Olla,1.0,4,217226,57.0,30409729-f9ee-4053-bd66-c86be18e14fb
a02ac374-abdb-402d-a8f3-b0e17497279e,Craxi era,1.0,8,219196,2.0,
63338c77-d184-4be3-8e46-9b40f95014e9,Marlon Brando,1.0,7,226638,2.0,
18f87acb-b541-4f1d-b2a9-7a5b8361f4bd,Il Perdente,1.0,1,208909,61.0,
d6e45eda-3679-430a-b480-41f3d6b1d7e2,Giovane zarro,1.0,7,226626,2.0,
46a5a682-18c5-4b56-8b2a-c83694d22351,Amo Ki Sa Dare Tre Gocce Di Sangue,1.0,2,1251600,7.0,
8c06a7f1-312f-4c5f-81f2-c08b0a2e92ef,Resta Sveglia,1.0,5,187573,71.0,
43cafd06-bb0f-4671-ad50-3fa6fc57011a,Algebra,1.0,1,98000,1.0,fd1e2442-bff1-4f5b-8845-e136c1cbabe4
af826bc1-21ec-4fdb-b7aa-2e5db3127de5,Che Fai Dormi ?,1.0,1,140816,75.0,
e4f1ddf2-3497-45dd-ae4c-b7d834377a7e,Icaro,1.0,3,221328,42.0,2cddd89c-2725-443f-97a4-fe0796d00e77
6d139746-ed57-43e9-a0db-d8e7acc1c3a1,Peter Pan,1.0,9,156781,2.0,
5708b903-6a9d-46dd-b5ef-c1ac317a7952,Freddo,1.0,1,165957,1.0,569e1009-5278-4d8c-8711-72aa8e74a7b6
5e15e339-d232-493d-b921-cab2328b4829,Bugia,1.0,9,161239,1.0,
4bb2f6bb-a41c-4296-8199-f4c1925fc8ac,Mancanze,1.0,8,183530,2.0,
aaada002-cdbd-41fe-8d17-a1dfd0c2b75e,Alice,1.0,1,141473,45.0,979bd043-4197-4e47-b3af-f04795930971
bc3e8874-0599-4740-8a0e-f334ba00a6a2,Adam.01,1.0,1,143500,54.0,178067f9-c344-400a-a17b-4dccdef5780f
abc51740-abdb-47cd-a9c7-8ecb15898d83,Oppio,1.0,10,137142,57.0,
b0021a36-6f41-4459-8c26-2b258a6388cb,La notte,1.0,6,226906,82.0,
e5f49eb7-0683-407c-9b44-0e48b36f7258,Me,1.0,11,177111,6.0,f1289b3b-977a-4620-8570-4a5fe581d2ef
daebe6b0-ec50-4103-8e5e-eb71950155c8,UFO,1.0,1,82477,3.0,
fefac323-0d65-4521-9e6a-9e9f46a28d46,Mito,1.0,15,150787,40.0,e5c1448b-da7f-4c94-ba87-5da060133728
108dc031-1cb6-4b93-8d82-6377ce194467,Intro/Edit,1.0,9,263506,34.0,a2294df1-3638-4fb0-b363-89d71008fb47
0f6f2706-0111-49b4-b879-8326c9faa376,Ossessione Dei Profeti,1.0,7,193937,1.0,eeed5124-b2d4-4593-a5a5-232db3d346ef
ebcedbbd-4bf7-4592-9b4e-4a71e3bc08c7,Che Fine Ha Fatto Jesse James,1.0,10,180137,75.0,
4ebf3a9b-5956-4a09-ba9a-e8cda1797f50,Lezioni Di Sogni,1.0,3,229584,0.0,73e2f800-fea3-4080-8b69-69a5a7c71878
1f72f8f1-6b5b-4f3d-b066-cc7bae2190d8,Nuova religione,1.0,1,192096,72.0,
dfd95f7c-ff7d-4233-b99b-1240a4b7ab89,Spaghetti repper,1.0,9,208793,2.0,
8bcfa451-caee-4734-ac12-d9fcedadff35,Piegature,1.0,1,189500,0.0,0a9f1785-cf49-4b6d-ae75-0f11999bf8a1
e970b514-4cd9-4554-8d99-80b3de2d0ccf,Applausi Rmx,1.0,1,395009,43.0,60574920-9f64-4f82-aa3c-41ab6baff5aa
fff10826-0abf-4458-bf51-8f665dfdaf34,Lasciami Dormire,1.0,1,160856,53.0,6b7a2501-a12a-4c6f-ac60-2089acdbccca
cd979934-2996-4f14-a99e-7103d9c204bb,Eden1,1.0,1,189425,0.0,8d30ff48-da3f-4d08-949a-223202d53e3a
43453ff7-4879-4ce9-bfd6-7a4c258e18a1,Ali,1.0,10,187245,2.0,
d47c70c7-d419-470b-a8ae-6c5feeca88c5,Belli e dannati,1.0,1,304000,1.0,15809b9c-1d9a-4213-8660-325277855362
04ae33a7-1fc2-42a5-b9fb-fe108b27c4a6,Le Figlie Dei Re,1.0,5,200963,1.0,
58faa0ad-7eb7-4f80-9ab2-4f54e27f0b93,Brera,1.0,2,215130,1.0,
8a23af92-b476-48e4-ba59-92610077df64,A 80 Strade da Gucci,1.0,2,202666,1.0,4debda7d-e22c-45a1-aeac-180283ca200d
c52d8d2c-e010-40f7-b5c7-95c6859e16f8,Sherazade,1.0,4,200360,60.0,1565ae16-ad52-46e7-9d06-67262007a8f4
eb98adf6-39fe-44ab-a2d3-9f8d93e06ae0,Anarkika,1.0,1,178651,1.0,
1259ddf4-1773-4108-8311-20ab284329ab,Fratelli Nel Vento,1.0,1,187859,1.0,
c76f8d8a-e77d-4234-9e4d-f63a8794e4b7,Oro/Nuovo Papa,1.0,1,289090,61.0,
481fa0f3-c31f-4a4a-b59c-4e6eabe3d14a,Bambino,1.0,1,186109,1.0,
b0b16ca8-5ea1-4483-ac32-1349427f93e5,Punk Rap,1.0,10,218507,60.0,
0f878a04-d462-4b8a-ae3f-04b03aefda63,Ciok,1.0,6,196162,0.0,
fa7609d3-8602-4492-a65e-df42e12a1905,Lau,1.0,6,154322,1.0,
2e757174-95b4-4b91-a0d0-6b9982c575a6,Non Volo Più,1.0,1,176303,29.0,352e7efa-3000-4ae2-b45d-d93c73423c1c
dc5b7bfa-de2b-4b05-a77f-f15bc2397d1f,Da Qui in Poi Ci Sono I Draghi,1.0,1,275368,2.0,dab166b5-550b-46af-ad15-a59d9b1766df
6ce538e7-0779-49c2-ab85-329881c89d89,Ligera,1.0,5,157500,1.0,
ba8bfa30-c488-42e6-82ad-83f349d062fd,Lancette,2.0,2,214840,26.0,7002cad8-ad82-45f5-a176-e8a4a21df05e
08b1df94-51e4-41ee-bd27-fa77ceb40a15,Il Diavolo,1.0,1,204738,75.0,ca4edb3f-b7f2-4de6-aec1-3dedb3d43eca
26e84498-b3d4-4d0b-93e3-5753dfe5625d,Conisoldipuoiesserechivuoi,1.0,3,151248,1.0,
d06ba9ea-b2f1-4117-8f43-dc3ede7eb409,A.R.A.B.,1.0,1,358260,27.0,
87fb3775-523e-4269-877d-3bfd896e8b17,Amy Winehouse,1.0,6,181590,0.0,
5387c52f-30d3-406c-a4cf-58231d86baa5,Il lanciatore di coltelli,1.0,10,167926,0.0,
b4c5bc04-f3bd-49f4-9b48-13bef5665fc2,Gli Spostati,1.0,3,182117,2.0,
b09189b4-1ea8-4efd-b090-08bc8a00c47e,Vampiri,1.0,1,168669,1.0,
fe994387-2686-4fad-9d6d-94bc4c016a7e,Gotham City,1.0,3,193167,49.0,
3a12083f-e122-4381-8af4-2097f0cb7b2d,La città in fondo al mio cuore,1.0,7,203592,66.0,
3ff4556b-7f31-4310-bc2c-b27e6f32fc1c,La canzone di Arianna,1.0,1,178993,1.0,8850bff8-0cca-4bfb-95c1-ba224d50753f
d11ae560-29c4-475b-b2ca-2503989d71aa,Lettere dall’inferno (Outro),1.0,4,230446,33.0,
77b0d8de-da43-4aca-b337-fe7299497409,Posso Volare,1.0,2,245853,75.0,
d75a1433-a6f5-491e-87d5-c12eabb9b3da,I Giorni del Cielo,1.0,4,158880,0.0,
13af8fe3-a12a-466b-b76c-2f42b4c712d5,Lezioni di danza,1.0,3,172384,0.0,
58760992-1e10-4f90-b45d-470a47647c78,No Rmx,1.0,1,140645,7.0,02cd9722-f5ad-46e9-a629-6058932af93a
d74793aa-30e9-45af-9390-d33615789fb1,Sudore,1.0,4,160495,0.0,
b434c469-de74-4cd3-be97-1e51ffcdbf61,Il Prezzo,1.0,10,140090,28.0,49a6841e-0331-4fec-9fcc-97402dd323be
16cd92c7-5996-4257-a005-d7567e8902ac,Don Chisciotte,1.0,4,193026,58.0,0fd81717-3c15-4ead-a56c-ba0895c306f6
3240b2d1-69cf-465b-97fb-608cda0a528d,Skeletri,1.0,12,205078,0.0,
8f8c5c9f-ee81-49ee-9674-253d78ffeb34,La cosa,1.0,6,226906,82.0,
736b9303-7250-4b70-af45-b5941326bbb0,Testa di gallina,1.0,1,140816,75.0,
0a16b86e-119b-47b6-a232-e34af01bacc0,Poesie per gli zarri,1.0,1,207880,1.0,2ae0e81e-581b-49b1-a1b4-f51052d778ca
5b9e78f4-1b86-483c-b0f9-87d492c4c8f8,Adam.02,1.0,1,279484,11.0,7f075af8-27e7-4d0e-81c3-7e83bffc1e88
14f38117-deef-40d3-bc9d-847d8fd30b33,No,1.0,14,216320,29.0,
4ade458d-afa2-4050-bf7c-22d5aaf8dd9b,Destinazione piano terra (Intro),1.0,5,273973,4.0,d374fd75-5f7a-49b5-8e36-681afc659e73
f996d03f-e7f9-451c-991a-5b25f8e279dc,Gordon Gecko,1.0,13,294960,5.0,7adaeb68-3297-4291-a82a-f98da559cc35
a512dbf2-eb67-4ab9-9996-96bb75d18e8a,Il coccodrillo,1.0,5,183000,67.0,
37ad9497-0c3e-4d1e-8df3-720079ff6e07,L.E.I.,1.0,10,181893,25.0,ddeb67a4-7cff-460e-a542-64bcce164a03
daf6873c-a4c8-4bd9-932d-8712f15fd5e6,Maradona,1.0,1,207804,0.0,e3041843-f62e-46fc-a575-c0f22f038735
ac802e1d-ca95-4278-b440-329ffd14da94,Pistole ad acqua,1.0,2,202573,59.0,
199c9f00-5c7a-4180-865b-6a9301315d05,Niente d’oro resta,1.0,30,163600,69.0,
a92f68ee-a95e-4736-8a38-11c82a7ea104,F.I.L.M.,1.0,1,140545,0.0,9e4b119a-9edf-4221-bceb-8e2e8a5765db
a770a5a4-07f0-41b3-9320-c679b933a9b0,Atlantide,1.0,1,173374,42.0,bd0814e5-b544-4350-9b56-2e279edab9e1
07368dae-f88c-4a7c-9704-41fe55d43ec6,Intro,1.0,5,123826,0.0,3bb8c441-5fa8-4468-b7bd-b018e7d0e9fa
fb8cd0f4-5746-41fd-bfc4-5f1316210f30,A sua immagine,1.0,12,223009,75.0,
4ab04c07-cdfa-4cea-aab6-99530a24ea17,1995,1.0,1,215294,5.0,11ee170a-a393-4ea8-a7a9-ea51aac37341
80bdefa3-eab8-4f6a-88b5-f6fc2e2d1a07,Freestyle A,1.0,11,279266,9.0,51782694-d74b-465b-89c2-59a869696fee
2ba6c280-a561-47da-9319-50ab1410d4de,Morandi,1.0,1,178524,5.0,9e4488d3-c3dc-44eb-82a3-95937624a5d7
562629fc-bf06-4462-8d07-56415d13f7bd,La roba buona,1.0,1,236000,60.0,
a46deed1-4fb2-4084-b2c3-15b012bffb22,No More Baby,1.0,1,176470,1.0,b046bc1a-75e6-4130-9f44-34b04ac31e6d
6045506d-98b0-474c-a53c-db839ffd630a,In TV i film più belli li fanno sempre di notte,1.0,5,141426,42.0,bbf60c8d-4ea4-48ce-9cf5-4310dc982afb
76375544-2526-4f82-ad6c-469db5a046d8,La coscienza è un assassino,1.0,1,254302,36.0,73ebb42c-7ac5-4b3e-be98-16eeb6e630ec
fb6189d0-4e65-480c-a7c9-2675cbc3a87d,Tropicana,1.0,1,181846,0.0,b9d02c23-b103-4b58-9ba2-1a6e7489acff
37f61c43-7f4a-48e6-b5f6-e187e49af000,Toy,1.0,11,166905,1.0,374981d9-27c6-468f-85b2-91442bf402dc
348f489d-7f59-4447-ad17-f2f25af00118,Rap,1.0,3,271426,6.0,
e0f834d8-13c0-4dfe-b020-47917a416a57,Troppo fatti,1.0,8,176772,67.0,
d1c76352-9bc3-41c1-a012-77381b1cb7dd,Cattivi maestri,1.0,13,254466,3.0,6ec59ddc-70a9-4eeb-8e45-ad5d6baf83c2
f6321b98-15ca-4799-8944-fc08ebdc0767,Poco Di Buono,1.0,4,230086,3.0,
ed8bd374-e7de-433f-82dd-47a32d940e25,Il Padre altrove,1.0,6,179389,62.0,
dff4ab5b-35b4-4b84-bc9c-98e80b82b05c,Moogli,1.0,3,187053,46.0,
6d1e05e5-52c8-41f3-a2a2-aa32d90b3354,Rap Messiah,1.0,16,261466,41.0,7f1c1fea-d6ff-4bdc-bb61-3d633a984b74
a41265dc-2300-4e95-8ea2-57cfa76b7307,Specchi,1.0,5,258577,7.0,
c2f90c09-648a-4543-b59d-8565c2fad459,Troppo piccola,1.0,1,236282,63.0,26daa564-7110-4807-a2ac-12537893067b
31ca1d3a-6d32-4335-a98a-8dd34c045724,Masterchef,1.0,2,121600,24.0,33f4c29f-de88-4285-a589-bd2ddecb6d99
7e82bb40-6c25-40a6-b6e7-a12025f3b30b,Levis,1.0,1,153904,79.0,d310fd49-0ca6-46ef-94ce-c8d59aefd09d
f2c7a5ed-e26a-4f21-8e33-320e71a10dab,Altri Angeli,1.0,1,176175,1.0,4d765205-f531-437e-95a3-1fd90c2e5bb3
3ba06622-1f7e-40db-8ce8-b0173ca7d6e7,Figli di carta,1.0,1,160282,67.0,2f71001d-a18d-4532-a88f-956ad8488376
c02fec59-719a-4a2f-b959-528628a14d9e,Romanzo Twitter,1.0,1,293513,0.0,d34a6fcf-bb65-419f-ac12-2f628d2a8f2f
e7a49379-c65f-4501-8b95-71ccf05c8744,Volo,1.0,1,157884,0.0,0ce43750-c81e-4923-b28b-2a61ab9df343
18cd2918-fe8f-4345-92d3-2c5e38f0d65f,Icaro Redux,1.0,13,193243,48.0,5e0bbf6b-ea0d-4a17-8576-aa948d50f458
9ad9182e-1062-4770-91cb-3bb17fec9126,Il contratto,1.0,1,185000,69.0,
81b3f43f-8f51-4bf1-81a0-d3a59a1d4560,Il ritorno dell’Angelo,1.0,1,98185,2.0,aec0ffff-db97-4c37-a68b-fada9fc2c596
a9a37dd6-056c-4b36-91f2-736edac0df78,Strichnina,1.0,1,242413,28.0,b29f388b-6fc6-450e-9062-f67341e09f7c
02e1e429-2e50-4106-a778-9a3ca11606fe,Ladro di te,1.0,1,136000,0.0,02605c48-bd1c-41bb-afc4-25c9a3ea8df7
26420596-876f-4b2a-9f57-ca059f4a0e56,Nostalgia della luce,1.0,1,213391,1.0,20923dba-714e-42c7-8d4b-333be0e9ede1
3c918545-c22e-406d-be23-b7f3859d086c,P.M. Freestyle,1.0,14,181200,26.0,aedf199b-e27e-40aa-91af-9b4e27a392a5
281583b3-81ac-4514-836b-66b56f537671,AstroBoy,1.0,1,201754,0.0,3001061e-061c-4561-ac87-48f66ebe672e
707dc204-1ae3-4845-92c2-d945f0efc123,ZebNeda,1.0,1,154285,1.0,1efdadd3-008a-42be-b140-8439bc04959b
37c75a1e-0958-4391-bea8-7b125857f924,Michael Douglas,1.0,6,222000,46.0,
931d07fe-72e4-4f45-83be-4de2813a92a6,Panda RMX,1.0,1,116420,45.0,c2793e07-03c5-42da-8cd0-79707b1d46e1
1f9d0b99-19cf-4f83-90c4-6cfde1856894,Safari 1 Freestyle,1.0,12,102035,0.0,15ac022f-1199-407f-8ac7-48fc4bc4c246
20e59fe9-2eae-4db2-8415-282f5469033f,Il peggior night,1.0,4,174193,73.0,
caa130eb-fdf6-4883-bffd-d94c28d0bcae,Il ribelle,1.0,8,124675,60.0,f295c41a-b698-49aa-b8fe-8d58e73a319b
1b3b34bf-01e2-4cb2-bb33-7174f9cfc25a,L.P.,1.0,12,504347,25.0,f7686e2e-734e-4e55-8ca0-425d6f4e746a
4b2a9092-1595-469d-8a4d-ea3414c11935,Hamburger,1.0,3,148280,9.0,3de1b9bd-05d4-48f6-bf44-18ef79d9e590
eefce766-5c4f-4f30-8a42-af5beb8513c2,Il selvaggio,1.0,1,151421,61.0,
38cad13c-40b6-4086-ae03-942ab9f93aa9,Roby Esce A Maggio,1.0,1,174560,0.0,deca87f4-5870-408a-9a16-4d57d56bce98
f24d0386-70fd-4133-bc72-f2001f42ccab,Musica,1.0,2,91466,24.0,c82dc119-95bf-4c42-b433-a31122958759
7d59e197-b4e6-41a7-8bc6-193b0a08d682,Madre In Italy,1.0,1,205106,63.0,d71905b0-0338-4ea3-baf0-3f54d962174c
5f2e0cba-4492-467a-abbc-918298d3b871,Metalneda,1.0,1,239201,14.0,3f9afbf3-9307-4145-8ae1-9d7559b2aba6
3dc5b8bb-11cd-43cd-a364-7526079a4097,Tekila,1.0,1,154566,0.0,3fa8d719-66dc-43af-8284-a2e85884dc06
6c3b9ac5-c5dd-449f-870b-1f1bf90ee902,Dentro Alla Scatola,1.0,1,267000,34.0,8975f6e5-58c1-494b-a8a5-c9f9adfa4b28
10f4f479-e5ee-4f76-8498-fdbcefae9a7f,Non So Volare,1.0,5,239426,35.0,d5fd2e01-6c33-4817-8e1e-73799692aca0
65aece0e-31a7-4d69-92ad-8b93a8df94b9,"Questo Cuore, Queste Stelle",1.0,10,243120,44.0,f4335c68-3cf3-49f0-8688-9a27646a64a5
028cf493-d268-4034-b38e-9ea21455e6a7,Nessuna Via D’Uscita,1.0,9,280720,43.0,ae1cefc1-c160-451a-b82e-dd13aa1631af
5a155384-332c-4ff3-bac6-adce7a7497fb,Tieni Duro!,1.0,7,235733,43.0,
d3aae47a-47ba-44bb-a9e6-cab79d682fa0,Ti Starò Affianco,1.0,14,234933,34.0,7d1d45ac-c9c5-44d8-b980-477d33f0942b
bc2fa542-dd60-4392-9a96-755d2b3523aa,Angeli e Demoni,1.0,7,206546,43.0,fbcef736-e57b-441e-ba71-f9131083f215
b027526d-80cf-4b14-a6f8-d0920c2561c9,Non ti ho mai detto,1.0,18,256160,46.0,
467764cb-feb7-45f5-ae04-310f808870a6,Purple Weed,1.0,8,264306,40.0,
c220cf95-1bc5-432b-8031-8178046008e5,Segui La Stella,1.0,4,245173,47.0,
55de3016-c151-41c8-99be-084bff06ef8e,DDR (Dio del Rap),1.0,3,191093,33.0,
bf52938d-aa35-42e5-975f-5ff27a0a6e6f,01-08-1997,1.0,34,163653,35.0,8ce91a50-b882-40be-af26-8bb1f3fb57da
916cf46a-802b-4ade-be53-0a0b4b38ba49,Abbi Fede,1.0,25,207506,37.0,
03da735d-a71d-43fe-b3ac-129cc443efb6,La Canzone Che Non Ti Ho Mai Scritto,1.0,10,304773,29.0,
8a5cab62-923a-4da9-8239-e5c68357eac2,Regina Di Cuori,1.0,9,185573,33.0,
02951f4f-cf72-45cb-9565-87936234c485,Goodbye kiss,1.0,1,268720,37.0,90a3a0f1-f479-41df-8182-1d87ada74085
672f6a7d-369c-4476-aff9-34d413c7c2c7,Leggenda Urbana,1.0,4,232826,33.0,
0ff9380e-8721-4547-b290-2915980be766,Senza Cuore (La Ballata di Johnny),1.0,1,228118,33.0,
83dd2d02-ead4-42dc-b29a-d15f50cf4dbf,Non Sento Niente,1.0,32,306760,30.0,
97956444-5d4b-41f9-b565-a4c29ca3cc49,Bye Bye,1.0,11,227826,31.0,
e3c42811-1a69-423a-8339-ac8dd254a047,Questi Fantasmi,1.0,6,262493,30.0,
b23abf02-97a4-4eac-92c5-c64582e8bc27,Piatti Rotti,1.0,11,218120,35.0,
6616efd4-eb8c-4095-8e11-569acf9d9e55,Sigarette,1.0,3,185946,46.0,
dc68e123-ed11-44c0-8faf-c63397a508f6,M.A.R.C.I.O.,1.0,1,324173,25.0,
9c85fe5e-a2a3-495b-a889-c4dbdd7cad28,Top Five,1.0,1,147560,22.0,
b6a87f9d-de84-4f0a-807e-27f5b5ca5e0a,Adderall,1.0,1,195000,39.0,25d9db31-5798-4f1f-810b-a87e30e1cc07
c321ec4b-7ef8-43dd-8e5d-cf4f480c2526,Un Bacio? (Troppo Poco),1.0,5,240860,32.0,d60459f4-312e-426a-9aaa-e067bb553ce7
05ceaafe-f5d0-4323-a61b-6e7fb59fed90,Fight Rap,1.0,11,216642,17.0,
31c0e5d2-2f5b-4262-a3da-cf17056a5221,Un Altro Giorno,1.0,1,216373,33.0,
b96b6e39-46fb-4bf5-a859-65224e7f7bf4,Troppo Lontano,1.0,8,256941,26.0,
61fd1387-f555-4af2-9b9d-9618aae07085,Il Primo,1.0,30,283440,28.0,
f975bdf7-9c43-42a4-a3ad-86497e046fd9,Vida Loca,1.0,5,181800,24.0,
042426b4-6954-445e-b67b-8b39f1df7a04,Brucia Marcio Brucia,1.0,22,274746,21.0,
c741085a-e34b-4fbf-a911-1c63dd8b41df,Nuova Scuola,1.0,9,180546,18.0,
5d963fdd-e61e-4ce5-a2af-7a42b7997580,Nel posto più freddo,1.0,2,198040,28.0,
2f9141f0-4976-4c7b-8d08-5690ea3d84b5,Me & My Bitch,1.0,7,211106,18.0,
8fa8a7a6-b949-4487-a414-d4efd39b519b,A Denti Stretti,1.0,7,235294,32.0,
5ca09edc-1804-4436-886c-6800ed8be218,Scoppia La Bomba,1.0,4,226133,26.0,
1833100a-a016-4453-bfc7-c450dd698e36,Bloody break up,1.0,3,185946,46.0,
ad85cbfd-ad6c-47d1-a20f-99462b76c842,Come Me,1.0,6,315475,13.0,
6ccb5f4b-1306-4727-8542-2b59bae3d7a8,Cristiano cosa fai (Fine delle trasmissioni),1.0,10,180137,75.0,
e279c8b9-214f-428d-ae2f-a5074d0107a9,Questi Palazzi,1.0,2,279866,21.0,
2e2e9962-c452-443a-b328-b29ff0e1893f,Se solo fossi qui,1.0,15,242962,11.0,
dced1c77-895a-4c8c-a969-6349051d1ec0,Il Mio Mondo,1.0,2,221760,31.0,
f7c39d99-8e44-45e7-8929-7f50bcea7576,Tutto torna,1.0,13,187946,23.0,a6df0796-10dc-4470-8a4f-39ad925ba8c5
de7c3795-839b-4203-8a0c-f82d22b7906e,Corona love story,1.0,4,174146,35.0,
b95a8a4f-2ab4-4b61-807d-952e2fbc285a,Sogni nella bottiglia,1.0,8,294093,21.0,
5e966bf2-1161-4c5d-8237-23c270983119,Lost In The World,1.0,6,205186,23.0,
05e43f07-5903-4679-be70-3e5b6bef0839,Qualcosa É Rimasto,1.0,4,226266,23.0,
9766d4a3-17fe-4906-b7d7-682bc0c05600,Fuck Up The World,1.0,6,240933,17.0,
1fa23578-ae85-4f3c-a078-00896f806260,In Cosa Credi,1.0,2,281490,18.0,92058e89-4d4f-4d96-89cb-f0f5aed612c6
2013dcf1-f311-479f-9317-488c6247b344,Fallo Ancora (Bonus Track),1.0,17,244366,25.0,
c160838b-69e9-4c33-ba78-f1e50b0382cf,Magico,1.0,1,166288,34.0,f55885c9-d3dd-43af-bd4e-6e917cf13c8d
8de438ff-bc77-4ca2-b99a-afd0469aff2c,OH GOD,1.0,1,148162,19.0,edb85eee-0a6a-4388-8a2a-19e178e2efc5
acacdb43-d1aa-48d6-b9d0-0b8e111fefaa,Da Solo Nel Sole,1.0,2,244626,18.0,
714af864-779f-40ec-af6a-0936f2775a0a,Toc-Toc,1.0,5,240680,25.0,
178d3b86-8774-4a6b-a515-8907caaa10e6,Dentro A Un Sogno,1.0,8,246626,28.0,
9e0e5dba-2a4a-4376-b2a1-9dd58f30f15b,Generazione X,1.0,18,256160,46.0,
aad1694f-8285-4925-b16f-cf7645797662,Ladro Di Bambini,1.0,4,262960,15.0,
31918d90-420a-44f0-8b3b-19ad1feee95b,Giorni Matti Pt. 2,1.0,33,285333,16.0,
b8d826bf-43cb-41f8-a25d-0efa973eacbb,L’Altro Mondo,1.0,1,216373,33.0,
9a96470d-7ec9-4282-ae31-436558504a65,L’Arte Della Guerra,1.0,31,221520,20.0,
d4d9dcd5-d341-457c-bda4-ba4196a113f1,Idolo,1.0,2,168364,15.0,
7cbbd2c3-1089-4180-b4eb-b0304a120758,Nel Bene E Nel Male,1.0,10,252480,24.0,
55ac3a14-355b-4cad-add6-9a7624b90667,Come Noi,1.0,15,202680,18.0,
31822f9f-6037-4154-a76c-dbc9d66fcce5,Meno Fragile,1.0,3,232914,19.0,
ff8ecdc3-6c84-43be-aee0-26ebe605fcce,CREDO,1.0,2,165248,45.0,22e8e7d4-9eef-48b7-b6a6-ff9b96ab17c0
447471d9-cdad-48e3-9a6e-6a92e47566fc,La Freschezza Del Marcio,1.0,10,243120,44.0,
66a14629-7609-49f6-98bc-63f0f7843948,Guarda In Alto,1.0,35,248106,17.0,
2b26f307-9925-4db7-9427-b014de858de4,Granata,1.0,12,206480,18.0,
74880431-25d6-4afe-bfcd-8ef18224e8f5,Replay,1.0,5,202546,22.0,
2d1368b3-7d04-426b-949a-b7d5de72fc04,Il Paradiso Perduto,1.0,29,312533,11.0,
f4d0dbc5-8209-4f1a-b014-21ef642eab33,COL FUOCO NEGLI OCCHI,1.0,3,144112,45.0,
5c908dfc-95ae-4181-8c71-c052e353d903,Solo Un Uomo,1.0,3,264266,52.0,
02f8d237-e6ac-4b25-a53a-36757eff095b,Burn Your House Down,1.0,2,252306,85.0,c6f60732-5807-4ec0-8654-5ad9321f6b72
6f982ac8-3fab-4cc1-abbc-fa1b88166e69,Come Prima,1.0,14,269640,20.0,
523d2b07-0150-443e-8d3c-ab9f80078189,Città del fumo,1.0,1,141090,35.0,0efd7856-54a5-4a86-9f5c-953f921945e3
ebb407f6-da46-4c37-be1e-7f067f531cc7,Passo dopo passo,1.0,4,200917,10.0,
31ff0fb5-323b-4dc8-ac99-2a5e470fef89,Che Senso Ha,1.0,20,222093,20.0,
81dc34a2-f74c-4b03-a3a8-929f98817f0e,Qua Per Restare,1.0,14,208693,14.0,
53aee7e4-e8e2-4eb2-94a0-2c9663daa4c0,Nella Bocca Della Tigre,1.0,5,240860,32.0,
ead438ef-1d2e-454f-b59f-37db74bad30a,Solo Parole,1.0,6,189436,18.0,
b106991a-27e7-4616-a197-e934088370e3,Knock Down,1.0,13,205386,15.0,
f922cdcb-0b3f-48d2-a702-15ace84c9607,Magico (RMX),1.0,1,166288,34.0,
d76ecb04-32dc-4782-8c54-ae115c34d953,Quando Tutto Cade,1.0,9,285303,16.0,
2eb70b10-7afc-46dd-a875-f1aee4d12b99,Tra Le Stelle,1.0,13,165730,19.0,
34230a33-9fee-4cd9-b8b5-39e5741d756f,Pazzo (Bonus Track),1.0,4,222720,5.0,
4357b415-0193-45fd-b229-cfe2942424bc,Mazzette,1.0,3,215573,8.0,8e8d542f-00a9-41a5-8bdb-bd03e1789579
f2d0f49d-6ca5-4be6-8b84-ddc10e69b924,Il Guercio,1.0,9,293957,31.0,
23fd6cde-9886-49be-a326-c9e2609f0e41,Chi Temo Di Più,1.0,3,282915,11.0,
77080a68-cf3a-437f-a844-b1ebaeea80ff,Dove Sarai Tu,1.0,9,398913,14.0,
4e5192d1-9b24-42a2-b109-0227366f6e8f,Nero O Bianco,2.0,11,222453,21.0,
8520efde-d409-4d9f-a53e-df4d2329eaa5,Il mio riflesso,1.0,8,178588,26.0,
7e338a0c-7e82-4aef-8234-89b49c165e2f,Fiori e fango,1.0,6,172132,30.0,35be794a-9766-4c95-bc12-550dae183e8c
6ee4d578-4433-4fff-9bcc-c64908493775,Mezzanotte,1.0,3,235374,31.0,
0792e576-2866-4898-8027-2d6b35b6fc7d,La Gente Sola,1.0,16,326960,10.0,
5439bf2c-12eb-4e6c-8d35-f92ee525893b,Conosci Il Tuo Nemico,1.0,7,240000,15.0,
b51c6e5a-54fe-40c1-b2a5-b501ecf7e566,NO WAVE,1.0,5,114667,50.0,
0799a97c-dc9e-4e3a-b18f-159468e12519,Come Si Fa,1.0,7,250000,23.0,
039b40ad-71f6-483d-b602-0cdd57171f6e,Oohh!!,1.0,5,201293,14.0,
b40ab844-cb41-4ee2-9742-218e62405199,Dentro Alla Scatola - Mondo Marcio Vs Finley,1.0,1,267000,34.0,
373a2d20-8151-438c-b4e2-4e77ef08b62b,I Miei Motivi,1.0,14,242177,12.0,
c43166d9-6899-4a2f-ac11-725812e0ec74,On Fire,1.0,16,390906,13.0,
91b6ddc4-4399-4c05-ab65-0369f1759e38,Kerosene,1.0,1,153228,40.0,88a52f2e-eb45-4797-b4dd-cbadee127861
3985bccc-e7d6-4985-81e9-4730ee65177f,Il Richiamo,1.0,2,164839,17.0,
f496bf69-875e-4cb1-9abc-754028f86772,Ancora Qua,1.0,16,286213,20.0,
7ebb1464-317e-479e-8f19-53c2e2d6c71d,Scema,1.0,8,200053,34.0,
82dee965-d86c-4f0e-9cd7-df349e0ca724,Non Dimenticarti Di Me,1.0,17,252679,7.0,
756b7965-ceca-4583-89ee-1e099b954e05,All Nite,1.0,8,193613,13.0,
b5aacbde-add2-4977-a1f7-24566917a307,Il Solo Rimasto,1.0,13,218226,22.0,
c8e73190-11ae-470c-a0a7-c3796cf6a3d4,Non Piangere,2.0,5,263373,15.0,
b1dacc3d-a484-4492-9ead-703d28e94297,Fiore nero,1.0,4,199900,14.0,
e88544bc-8c4f-4c71-984b-6a66e7ee5a20,Mr. Fucker,1.0,9,180906,16.0,
2c033498-6342-4e9a-8b20-09648a50d41e,Ultima Corsa,2.0,2,266332,18.0,
292df43f-6391-4682-ad34-36d82b46c788,The Most Wanted,1.0,12,275840,20.0,
3d0031c8-cce7-4d82-b83b-b8fba6a2a6a6,La Mia Metà,1.0,5,216133,11.0,
e2b548d4-adbe-4080-b2ba-b7f2c42bcaa5,Senza Veli,1.0,10,165252,30.0,
56041f71-8478-46ef-9b0f-75968935d5bc,Donne Moderne,1.0,19,252706,9.0,
fae9afdc-e7be-4669-be66-12d05f4eb05e,Sono Un Sognatore,2.0,18,236213,28.0,
68dea57f-31b5-4890-b041-4e73bf50a954,Fuori di Qua,1.0,25,207506,37.0,
62567d48-4e43-4d6e-9bd8-e4fbaebdbd90,Alza Le Mani,1.0,13,175613,8.0,
1e05d4ec-c117-498c-a4d1-58026269dc69,Kilo,1.0,4,200917,10.0,
b374ef5b-734d-4483-a454-4c2e0fc48439,L’ULTIMA VOLTA (feat. il futuro),1.0,6,143528,45.0,
b6f2f560-7708-473c-966a-2681780c19af,Niente Favori (Bonus Track),1.0,6,315475,13.0,
cc95b736-09fe-474b-a6db-dca0990e4791,Bambola Vodoo,1.0,4,178500,23.0,
4fec9d78-21a3-4470-b2dd-2248096fe08b,Mp3,1.0,6,246373,16.0,
32bd5c2a-26f4-4cc8-b873-ef223970ab33,A Modo Mio,1.0,3,259120,9.0,
a6a7ee9a-2c60-452f-9e65-88fcdb8e5989,SENZA VOCE (feat. il presente),1.0,1,99498,40.0,
56b69da1-7e4b-4e77-b1ae-a26e5d52d357,Sei Troppo Cheap,1.0,6,215133,13.0,9a29dbff-d6a2-4e2a-b8dd-7fbf6b0017d1
b312e789-5f2e-4c4d-8217-49f5fbc1f813,Parla Per Te,1.0,7,216906,8.0,
572a7158-120b-4315-a5cb-4c5ef1056442,Una Nel Mondo,2.0,16,228573,17.0,
6782b690-7d56-4a11-b597-a03718ca4db0,Ultimo Spettacolo,1.0,10,296706,9.0,
a87eab2b-46f1-467a-b6dd-46a2e360a91b,Cose Dell’Altro Mondo,1.0,34,163653,35.0,
36c4ce5b-87f0-4007-8a74-2ee1e37b5ee0,Show Off,1.0,2,156875,20.0,
16f4518c-9463-4a2b-8399-3062fcf837a2,The One,2.0,7,260626,15.0,
5bd8ee26-7733-4709-97c7-93116f77dbce,Perché Deve Andare Così?!,2.0,6,260186,18.0,
37903659-0ea5-49a8-9748-5b9f5adc340b,Bang!,1.0,12,215676,11.0,
60a01243-dd9d-48e1-ad0c-1e2334a1bb53,La Fiera delle Vanità,1.0,8,229348,13.0,
b7db0358-eccc-4511-bfdb-2c249ac61a28,LAST DANCE,1.0,11,150243,43.0,
5edad742-02db-460c-8255-e032c720167d,Il Giuramento,1.0,2,240986,9.0,
be86bf10-583b-46ee-8272-e881e9e624ff,Allo Specchio,1.0,5,154750,22.0,
b6637338-00a4-4383-810d-a5dd8df91d60,Gangster Italiano Freestyle,1.0,6,315475,13.0,
c454e9d0-59eb-46f4-9dbb-c9bae464efe3,LANZAROTE,1.0,12,189340,40.0,
b3bcc7d4-21ca-441a-b0a9-502912066e2d,Immortale,1.0,2,234951,5.0,
67ebb520-02fe-4398-8f2f-09ef1d729d01,Non Lasciarmi,1.0,3,182000,9.0,
afc20c70-bf8c-4c66-976f-f963df6db2a3,Mai nessuno,1.0,9,248426,9.0,
f8706221-0958-4fab-bb58-7feb34887ae6,La Città,2.0,8,270666,17.0,
20869e73-5e91-4381-bc90-ae7d43140e27,SABBIA,1.0,4,206203,44.0,
70769f4d-4ebe-40e4-a587-0769ad240895,Farai Come Ti Dico,1.0,8,218173,11.0,
88cd7d88-5f40-483e-b41f-99ee6ea389b1,Fuoco E Ghiaccio,1.0,9,149902,27.0,
2093bac4-a1bb-4b59-9621-6674bf0c4e51,Sweet Pussy,1.0,14,211253,11.0,
35cd308a-cd6b-413d-b08a-87ad56951452,Giorni Migliori,1.0,12,167125,19.0,
96ee6360-8af4-4292-aa60-56429298e61a,Marcio Non Farlo,1.0,11,186583,21.0,
54784cc6-4e11-43f0-ac4a-ff37a18c9647,Un altro Punk in Città,1.0,7,230440,24.0,
02a6f0a2-97ba-4d62-ab8f-eecc325b0613,Dal tramonto all’alba,1.0,18,189586,7.0,
168c8e06-5958-443d-a232-84ce7979ae3f,MILANO PIANGE (feat. il passato),1.0,8,184010,40.0,
e12d7690-a26c-45fc-9ac8-db241ac7aa4f,Spalle Al Muro,1.0,16,291289,8.0,
eab61040-4a57-4553-a27b-0aac8abd63b2,Avanzi,1.0,4,158000,56.0,
cbf66dc6-0db7-496f-b561-9160a2f22c65,Sembra Un Fenomeno,1.0,12,261013,7.0,
f07d71c1-2d69-4a5f-b9fb-ad55fe17a0e4,Ti Buco L’Anima,1.0,20,170400,10.0,
8d443ee8-736b-406d-991a-c8e825960c54,Eli-Mina-Zione,1.0,11,259146,12.0,
fbd17a22-ccaa-4617-bfd3-3a1eb3927db5,Notorietà,1.0,6,233853,9.0,
cc122309-0ad0-4e09-8c65-851f17137dfd,Come sei cresciuto,1.0,4,207937,9.0,
84fd9cd6-9c52-4cdf-9968-93b793a8cb29,Make Money Money,1.0,12,269000,8.0,
5f8dc6f6-4fe4-4179-a482-87db593ff399,Le Strade,2.0,4,269333,17.0,
f3343f6c-1e39-42b7-a920-88fbad0bf7cb,Il Motivo,2.0,17,237146,14.0,
46da0dba-b6b7-445b-9f16-3cde298b75ee,Ogni Città,1.0,15,247426,8.0,
c03c5519-84cd-4c19-aae8-58c332d1dfc9,King Tut,1.0,10,212906,12.0,
b6ed75ef-8d3d-4807-bb7b-8975c4bec384,Qual è Il Tuo Nome,1.0,15,150986,10.0,
92246393-af9e-46a3-8356-9a901d22a713,Città del Fumo PT.2,1.0,1,141090,35.0,
e1a91f04-deef-44c3-b3f2-f5d3d3bd1ffa,05/08/1997,1.0,13,207947,54.0,
6f9307c7-711a-4f96-974c-9607d8d80177,Desideri,1.0,7,162958,19.0,
9f88873b-f90f-493e-a499-9f5863ba00af,Tagliarmi le vene,1.0,5,239708,11.0,
1f95860f-b9f5-4303-9b04-550ca6f03712,Babilonia Brucia,1.0,7,235733,43.0,
d667aa45-d7e0-4ba8-9fa7-12c142b76979,Bombe Sopra Baghdad,1.0,9,271920,2.0,0a080f4e-a602-4c52-b613-112909832426
b9a2ca22-c57f-4e1f-b2a9-5025c0bfbd30,Outro (Magico),1.0,13,86687,15.0,
c7b55db2-61db-4219-ae06-6b12adf35b90,Le Strade Guardano,2.0,4,269333,17.0,
35ee5b6a-7c01-4cd3-8f59-d0ab4ad14100,High Tech,1.0,4,237000,28.0,
2c2615da-3f1f-4b0e-8d80-2a92c787f0bb,CARNIVORI,1.0,7,157669,41.0,
1bd68876-f926-44ce-aa50-0297f6d8b262,Lavoro,1.0,12,173000,9.0,
5624ceab-6402-4b7f-9ab5-6468a23b9a55,Candy,2.0,20,254072,14.0,
6e6553f1-a075-4d83-935a-90f8e8826b82,All the Way to Chilltown,1.0,22,252800,11.0,
eeb23a2a-1bf6-4dcc-ba19-9c92ca69e091,Gotham,1.0,1,138151,10.0,96a0056f-af23-4f91-a93b-6dd1a364e758
604c17ad-16bc-4ab3-b980-2084e42de33c,L.A. Strippers,2.0,9,170653,15.0,
cc63c908-490a-4599-bac1-9ccb39d05f58,Non ho tempo per questo,1.0,10,170437,8.0,
e899b633-8f81-4014-95ab-f23647deec6f,Lo Devi Amare,2.0,3,174103,16.0,
c1c84bf5-5c5d-41e5-8a4a-a30a56b86839,Fumo Passivo,1.0,14,208693,14.0,
43320d38-9942-4e80-8c5f-0cd5543f0df7,Tocco magico,1.0,6,315475,13.0,
55eec5ee-3cbf-4da7-a7a1-4d1d542295b0,Intro (Solo Un Uomo),1.0,1,47173,15.0,
8a0e5aca-8287-4a2e-a14a-da6c9d9d2c71,Mercedes Muzik,1.0,1,164776,67.0,0b985412-c107-4f68-9ce2-825579730b6f
9f771b87-9738-4d17-94f9-99e73ce62234,RUMORS,1.0,10,161524,41.0,
74c31477-dda5-4457-b175-b07aad161bc4,Continua Domani,1.0,25,276280,1.0,e0e0a86c-f76a-4559-860c-9aa99a552844
aef215b9-b72e-47c7-8ecd-4a6f5659f960,EUPHORIA,1.0,9,186408,38.0,
0256e25a-45c4-4881-b17d-59ef4edbf625,Perdendo il controllo,1.0,11,229750,8.0,
6aaf02f0-2c3b-4e50-a223-254f0b6dbfd7,Non Moriremo Mai,2.0,12,246906,16.0,
12752334-b0de-4c8e-b08a-814873f92b79,4 minuti,1.0,9,280720,43.0,
f62b1475-a329-410d-82f4-ad41066460e6,Io e Il Mio Fumo,1.0,7,200280,28.0,2937e991-500f-4c7e-82ac-4a6bfb495fa5
e7ca6c16-b792-4867-ab37-db701f740fce,L’Ultimo Ballo,2.0,3,174103,16.0,
6917e791-9aa8-4e62-b980-c10b5ae7519b,Se Adesso Te Ne Vai,1.0,12,244129,14.0,
e706e863-a993-4fd7-978d-a248140dfd35,Bum Bum Bum,1.0,7,291750,6.0,
be2bed1f-1ec1-4412-ad3c-810e8e7dbc58,Non sono una rockstar,1.0,3,250040,10.0,
0ddd54a3-f9e8-4ea0-94b4-1262500fa219,A spasso nel cimitero,1.0,5,299773,8.0,
f78fdb85-cb44-4675-a436-17e1b5d2ddf8,Animale in gabbia,1.0,13,187946,23.0,
4941504f-0759-4f38-b486-b020a76bb34c,Se fossi presidente,1.0,11,239560,9.0,
8df93e33-b630-4419-99a3-a9c0983b6f5e,If I Die 2Nite,2.0,21,285986,13.0,
f2a61d65-f4cd-4bfd-a4eb-e41269a680dd,Come un italiano,1.0,4,240080,14.0,ec1f78a8-b030-4f76-ad07-4b7356b9c2e5
a46880fd-7cb6-4b52-8218-29c02e5e9e14,Showtime,1.0,4,238000,9.0,
f2bc44cf-5a19-4864-9ee0-a0beae853b24,Creperai,1.0,2,247500,61.0,
f5c8dc57-be72-4606-b0b9-f51b6f11d0be,Jack,1.0,3,249626,42.0,
c9511a8c-2048-48d4-bdf3-3c4ab924bf9b,Perché mi faccio,1.0,8,246626,28.0,
f62371e7-7c0d-4c39-b394-f2b10b54f679,Una storia da raccontare,1.0,9,287358,7.0,
4a010e19-6dda-4f8a-86d1-404ba19579cc,Che ti piaccia o no,1.0,14,294624,8.0,
354acf80-9157-43a1-9a82-ada18eaffc31,Non Puoi Spegnerlo,1.0,18,137480,8.0,
aa75a832-97e1-48b0-b1da-7bd0accd409e,Di Ghiaccio,1.0,8,236600,15.0,
4ba12e0e-c21d-4ec5-91a9-f3994fc97819,Effetto shock,1.0,19,227880,6.0,
9e0ad2a3-8e9d-4828-aedd-cee5f43b1e3d,I Marci Mi Cercano,2.0,14,191306,15.0,
22dda178-3e97-4fab-83cf-b0a1d7c6c655,Potresti Darmi il Mondo (Bonus Track),1.0,6,246373,16.0,
95bd69aa-9e78-4d02-93d7-53a5e1cfd5a5,Intro / Sempre lo stesso,1.0,1,310958,8.0,
55734d60-75c8-4db8-8598-c2c6610cc1a4,Breathe Easy,2.0,10,230946,13.0,
aadab88b-8366-4d67-be4c-5fa1fc94f8fb,Cattiva influenza,1.0,10,204746,8.0,
89417da6-7bdf-4086-ab88-a314ee9661d3,Chi mi ha detto di no,1.0,9,280720,43.0,
0bea72c9-d0f6-4f29-952b-094c97d4cf61,Il fumo uccide,1.0,1,170382,24.0,
89c50afe-edae-49bb-bd08-0e054c6f982e,Sopra Di Noi,1.0,8,192954,8.0,
6492c7bf-3975-49a3-a2a4-17611a7ee446,Sto bruciando vivo,1.0,14,312506,6.0,
7ba562c8-423d-45ce-974d-bd374f708fff,Morendo,1.0,35,248106,17.0,
6800d939-bf65-4fa3-b99c-f305decfda03,Dimmi di cosa hai paura,1.0,3,226440,6.0,
7d1d36df-0fe6-4955-883d-efa4477de017,Starlight,1.0,21,218586,6.0,
eee74e6f-3631-4f5d-982a-73b143c148a7,Tempi moderni,1.0,21,168888,5.0,
da72af5b-5779-4638-b8b9-a1b61e191725,La serata benedetta,1.0,3,197813,20.0,
bca4392d-7614-4bfc-8cb0-231b954e6b70,Natale No,1.0,17,230000,6.0,
e8cb9367-6a62-4e56-b0fa-9f9ebfc7f72a,H O2 H,1.0,3,323760,0.0,
3ec47e6f-9b57-45ad-8339-06de175b4e10,Quello Che So,1.0,17,211373,7.0,
fe3c5a4a-f926-4ec9-a500-323194a9987a,Xxtasi,1.0,2,247500,61.0,
f0adfc97-0d09-4960-81d9-d852ca0d1a6c,Dischi volanti,1.0,11,259972,41.0,
b8a05f86-ccc3-414c-996a-9c76d66f5410,Tutto Può Cambiare,1.0,3,264905,10.0,
0fca8c84-e44b-454b-87cc-c4a9643cd966,Società Segreta,1.0,9,280720,43.0,
6acf1a33-8ee8-4125-b581-522280c9f481,Mentre Scrivo,1.0,1,211360,5.0,
2debcc74-5087-4ae3-a33b-816616bf660c,Intro + Nascita di un marcio,1.0,10,222529,16.0,
af32a4e8-4ab6-4568-9e6d-a4b67765510d,Tutto quello che sono,1.0,6,226906,82.0,
20de2dcc-43f9-435c-a118-13156a0b5b7e,Nessuno ti ama,1.0,13,379360,10.0,
8675f147-dcbc-40d4-a9d7-750f9f0fa148,Nel Buio,2.0,16,228573,17.0,
92a31b20-a68d-4a80-8188-8c0ec61e5029,Gelido,1.0,2,244626,18.0,
8718828c-9d90-4675-acd9-d26729372416,Ho Perso La Testa,1.0,2,281490,18.0,
3115098e-2a13-45bf-96eb-3b39ac72c35d,Easy,1.0,15,290226,7.0,
7cf8c022-373f-484e-9a91-d3b61800f5f8,Tutto apposto,1.0,3,244586,18.0,
2d456f74-2023-47e0-9ffd-58be4468c180,A dente stretti,1.0,1,264000,2.0,94a14916-5d37-480e-8544-e7b8e36ff78d
48be4655-4ae9-4bfd-a45b-63d7cf74681f,Come sono fatto,1.0,1,92080,6.0,
3112485b-febb-437a-8e71-6b1cdbdb68cd,Demone nell’ipod,1.0,16,210440,6.0,
258e0a8d-a674-4ad7-9686-ad8c3ce98268,Dai non è il caso,1.0,12,197533,5.0,
612f1ce6-20ed-48d5-a165-223d56dc172d,Dexter,1.0,2,245613,6.0,
8610e7f8-ddb5-468f-a56b-cb589c46f3f7,Conigli Freestyle,1.0,4,158000,56.0,
8853d8c6-316d-408b-aeb9-9ba7ff65e897,Mostro,1.0,7,235733,43.0,
1be4e005-25c6-4dfc-a037-ec05f7189d00,Warm Up,1.0,2,225384,21.0,
1512c59e-507b-4ed7-b122-7ae67e53e3c5,11° comandamento,1.0,2,212000,4.0,4f54a281-56bb-4089-9800-5846a5bcdddd
c1be8e63-e808-42b4-a071-e39b13ee914d,Maschera a Gas,1.0,13,205386,15.0,
fbb715a0-89da-46bb-b282-368fe3353d11,Non Dimenticare,1.0,1,193340,16.0,a604fa9b-1644-4f8e-9ed6-dc1efab2e916
718899cd-916b-4591-b82a-c6d4c465fb1c,All I Love,2.0,7,260626,15.0,
a99dc47d-8cf9-4eb4-8e0a-b23fce6a15ed,Vieni a prenderci,1.0,1,209124,5.0,
eb05af4a-a00e-457c-9a7e-5e87599e4118,Come Iva Zanicchi,1.0,1,152142,4.0,f5d19c2a-d94b-465b-931f-a7e98de4b19a
2509f50a-5840-4185-be68-ee244d4d7319,Il grande sogno,1.0,6,195226,6.0,
756943b2-6492-438b-bedf-3d697981c9e6,Puro amore,1.0,25,276280,1.0,
f476316d-77e5-4314-9f68-6c399c60c366,Sempre in serata,1.0,17,210800,7.0,
f50d54d7-ad12-41f5-8b2a-0a1ffc0ac919,Panico! (Bonus track),1.0,30,283440,28.0,
ed7f0be0-210d-4b36-b881-15395919f777,Prologo,1.0,1,58477,11.0,
36049a5c-9fb3-4dfa-beb6-8f85250c04d4,Così tanto alcol,1.0,6,226906,82.0,
3c786fe0-9ec0-4e94-8743-30b6adfd3b81,Soltanto Marci,1.0,4,262960,11.0,
e4369f2f-97b6-464f-a156-6b6b3d48a88b,Orfano,1.0,2,247500,61.0,
9bc54b48-c6c7-4110-bf64-d36c119cc72a,Le ragazze,1.0,14,196013,5.0,
5db47479-3120-4797-8f96-c45af2a808d9,Mi dispiace,1.0,6,246373,16.0,
040ff40e-a180-44a6-8af1-336cf354c4b5,Cos’hai di nuovo?,1.0,7,223146,4.0,
e5358e06-979d-4ec7-849c-fa110ba995a1,Un altro Mondo Marcio,1.0,1,216373,33.0,
391e6677-e62c-4a0d-b8fe-0e60c071c7a6,Gian Marco,1.0,15,247426,8.0,
11f3bbf7-3607-4106-a2c3-930083daeb95,Jemal’s War,2.0,13,41099,11.0,
45ee4650-8cff-41be-bfff-f66686680798,Puoi Fare Di Meglio,1.0,6,180874,5.0,
6ed4f05a-b0ae-4fb8-a98b-13c8a04eade0,Quanta carne,1.0,9,286586,5.0,
e05f86b9-d475-4bac-848f-b2b3fc2d6b11,Brutta storia (Repack),1.0,30,283440,28.0,
f2ddcd0b-1a12-4945-a150-efc06912e6aa,Voglio scrivere un tormentone,1.0,8,203640,4.0,
cf9916fc-ea2b-4dc5-9350-e175de4a9ee0,Warning,1.0,2,247500,61.0,
88d4cc29-cc6c-4a11-8cb0-df5cbece3616,Guardati intorno,1.0,4,245173,47.0,
05a03dd1-6f8c-4632-ad72-d880992edf92,Vero hardcore,1.0,6,189436,18.0,
352096b9-ddd0-408a-8449-65a064320656,Time Line,1.0,2,212000,4.0,
641c5ccf-a627-438b-9aef-6fdb36161507,Un po’ più in alto,1.0,6,195750,8.0,
68e33a67-d27d-433a-95a8-252c7b1ce436,Rap Phenomenon,1.0,3,250040,10.0,
aee37b29-7de6-4c47-b418-51d33814cc2f,Conto alla rovescia,1.0,5,226293,5.0,
5afc87cb-860a-4458-a97c-a65b64e466bc,Intro (Fuori di Qua!),1.0,1,11426,0.0,
4d82ac09-93d1-46c3-9b89-75fe4909adda,Dove Sono i Soldi?,1.0,4,262960,15.0,
74f23965-a36b-4cde-9d4b-9d749da58764,Patto col diavolo,1.0,16,466000,62.0,
38f41926-b38a-4370-97b8-12cb05187418,Lost,1.0,6,205186,23.0,
6d611b55-87e5-4109-9b4b-fd4be3e91a3f,Intro (Nessuna Via D’Uscita Mixtape),2.0,11,222453,21.0,
538d4c9b-0410-47f6-a851-0ca2f229ffa9,Marcio (Difesa Personale),1.0,10,312520,14.0,
617a0d42-80b9-4485-90e0-9c307a5f2583,Dentro Ad Un Sogno,1.0,1,324173,25.0,
f4110ee3-e3a1-43fc-bd15-3fe9ea3e8301,Corsia di sorpasso,1.0,1,199999,8.0,
01023eb3-97b9-4ad5-8278-4eaa45b1cb16,Non è un paese per giovani,1.0,15,202680,18.0,
b58b6dcc-620a-42b0-ba51-6cae81137602,Questi Fantasmi (Dj Shocca Rmx),1.0,19,176106,5.0,
c36c24db-6f89-4ae8-ad59-7f38fde89881,Per Stasera,1.0,12,275840,20.0,
7f02f2fc-d1d3-4dc0-b7e5-4f1be0971ac4,Cane matto,1.0,7,250000,23.0,
aaa4ca14-7ca7-45bb-b0df-be9cde150449,Era Tutto Un Sogno (Presave Bonus Track),1.0,1,324173,25.0,
f91bad5c-e67a-4146-abf9-a3c0bbae3901,Slam-Dunk (Freestyle),1.0,4,158000,56.0,
e582a915-b0c8-4331-a041-7a5edfa2ad21,Lord knows,1.0,7,200280,28.0,
803ff52a-8665-4d44-9e76-0b29af675ed7,Conosci il Nome,1.0,3,280800,10.0,
a8790941-fe7d-48c5-acfc-94d3d668d501,Non Puoi Buttarmi Giù,2.0,3,174103,16.0,
b93fa673-1f8d-4dd9-a9e6-14c84de84cd9,Euro,1.0,11,239560,9.0,
f23c026b-c337-4c4b-9853-9cc8d44b0544,Cannon Freestyle,1.0,3,197813,20.0,
cf97d0d6-9c26-4ded-bd8c-8b8ae05e5d33,Solo con una,1.0,6,226906,82.0,
761480b3-e8d0-4ac9-967f-0b4a4c183cbe,Tieni Il Resto,1.0,7,235733,43.0,
9f6ee003-cb5d-4df5-934b-e25b6cef806b,Intro MDSK,1.0,20,222093,20.0,
9f5f4b59-9c22-4c82-9208-1b0150e7776f,Nascondi tutto,1.0,13,218226,22.0,
3a3477d4-79f7-4577-b9e6-c7d72b3d7918,Tutto e nient’altro (Repack),2.0,2,266332,18.0,
46aca61b-6c8a-47ba-a1d8-f427c661eabc,L’Arte Della Guerra (Dj Shocca Rmx),1.0,2,247500,61.0,
ee984714-ef69-4c6e-a71f-79e48ef7ecaf,Outro,1.0,13,86687,15.0,
5ef996e4-fa90-40dd-a1de-8601c3ebbdce,Per Il Momento,1.0,4,200917,10.0,
eed2821d-6f02-49d2-a5dc-e8f6c5a4d17b,Dov’è Andato Freestyle,1.0,30,283440,28.0,
a5e2d130-c139-4659-ba42-01566a40580d,Freestyle,1.0,3,197813,20.0,
8bb0c598-daff-436e-b958-f2f449bbf26b,Non Mi Basta,1.0,16,175040,18.0,
955a189e-b481-4446-9b4d-2703f1baa2e6,Brutto Carattere,1.0,5,264000,13.0,
111b590d-53da-4483-83ff-edf9455a5bac,Serve un altro Gesù Cristo (Repack),1.0,2,245666,19.0,
745b7f78-330c-4cb4-91af-fc4b0f372258,Intro (Il Fumo Uccide),1.0,1,170382,24.0,
e82a2e6d-cd6e-4b6c-8196-9d0662fc488b,Uno a Cento,1.0,4,262960,15.0,
fa7dae19-c8a4-42f1-b54e-bdfd2de8fa3b,Come Un Pezzo Degli Stones,1.0,8,193043,15.0,46f4a81a-e001-4ad4-af23-97e903c69f52
fc4bd6fb-4109-4edd-9c8a-35ac776ee74f,Zero Punto Otto,1.0,10,250909,13.0,bcdc6a73-9200-4082-b2c7-23acd7cdb5db
cc908715-becb-481e-a4cd-ba39c1e610c4,Mostro (Repack),1.0,7,235733,43.0,
d0196bfa-5147-47f7-ada9-d9873b98384c,Mai,1.0,18,256160,46.0,
c10a2a27-b611-4811-8b3f-5d1d9ce7d5ce,Mio Dio!,1.0,7,235733,43.0,
1c69e7ad-9841-4729-9224-ab104c53e15b,Nessuna Pietà,1.0,7,223834,79.0,
caccd533-b944-424a-9f3d-83647b6aa069,Giorni Matti pt. 2 (Michel Rmx),1.0,30,283440,28.0,
79e10a08-7bc2-48db-8117-14dd7dd61c90,Solo Noi,1.0,4,226266,23.0,
f86d5d25-1768-4808-b0ac-176c4960a3d8,Rising,1.0,2,247500,61.0,
f4c3a887-5de8-418f-99cd-1b06d79e2754,L’Inferno È Alle Porte Freestyle,1.0,1,154736,1.0,743cdb07-6f9f-4fc9-8b29-5399d9e03edc
c91a97a4-3d48-4f58-a424-dc150bbf88e0,Leviatano,1.0,1,188879,15.0,49ad1167-9691-4113-a1e6-ab30fda03dba
6cd6d946-afff-4647-b70d-e79fabb97dea,M.A.R.C.I.O (DJ Luda Rmx),1.0,6,315475,13.0,
bf467648-cfb0-4ddf-9611-baa7774a202a,Tutto Nero Freestyle,1.0,6,226906,82.0,
216a1a66-a7c2-41a6-822e-65f77ece3b25,Kush,1.0,13,214588,67.0,
a00f1b6f-8ba9-45ca-bed5-bab447dbad6e,Showtime Pt. 2,1.0,3,244586,18.0,
d43e1315-08ab-4e0b-a157-61b2f3175d7d,Lasciami Un Messaggio,1.0,34,163653,35.0,
40c36789-ef66-4ffd-ac97-b7fd65f46d81,Regina Di Cuori (Sano Rmx),1.0,9,185573,33.0,
c3653370-eeea-41b6-a94b-a6d40ae5e83c,Non Sento Niente (Michel Rmx),1.0,17,193708,57.0,
c4111554-6208-456a-9302-450a42b464dc,Non Fa Per Me,1.0,10,312520,14.0,
2119833e-613c-4b0b-86a0-79d973e0b696,Intro - Streetstyle,1.0,20,222093,20.0,
029149d0-a973-4883-8ddf-6bbb0216ff4b,Passaparola,1.0,2,247500,61.0,
3cc1bf6a-8ce9-44b2-91cd-7fd044fafc84,Finish Line (Freestyle),1.0,4,158000,56.0,
f07f51c8-3b62-4e74-877c-49aa9a4bc25f,Primo interludio,1.0,2,48480,6.0,
753cc570-c2f6-4a2c-980e-85f90a07b52b,Qualcosa É Rimasto (Don Joe Rmx),1.0,23,226280,9.0,
d1aafe82-16c6-446d-8734-6ddb3888ba36,Intro (Devil’s Speech),1.0,20,222093,20.0,
0843d5c5-81df-4341-88b9-10b162216512,Started From The Bottom (Solo Bombe),1.0,5,185546,0.0,76cc6d48-719c-4ae6-9f51-f25f2e79d26e
04783d02-6a24-41b1-9820-0422db702175,Brucia Marcio Brucia (Don Joe Rmx),1.0,5,201293,14.0,
42ffac77-50a4-40a6-a7e2-43addc63eecd,Toro Scatenato Freestyle,1.0,4,158000,56.0,
410c57e4-ce50-42d5-9e49-e9a504ce7824,Il Mondo È Tuo Freestyle,1.0,6,315475,13.0,
9c700ebd-4312-4c7d-8162-0715b2c9ff86,Secondo interludio,1.0,9,36320,5.0,
ad715db6-902c-4dc6-8ef3-0a2a8ee64300,L’Altro Mondo (Dj Luda Rmx),1.0,2,245666,19.0,
7d9f629d-4fe6-4108-970d-d4cabb8dd841,Guarda In Alto (Flesha Rmx),1.0,16,210440,6.0,
8bb08ea6-d14b-47bc-ae29-ae8a865c164d,Il Primo (Sano Rmx),1.0,34,163653,35.0,
6ff91224-73e5-4043-9fba-a9a1b12a8738,Sub Zero (Freestyle),2.0,17,237146,14.0,
afbbddd9-39d9-444f-acd2-74dd244258b1,Non Puoi Andarci Contro,1.0,5,240680,25.0,
5341097d-aa79-468d-a9c5-b2ca00c51d87,Una volta ancora,1.0,4,174291,67.0,3728fdbb-d29f-4867-aa79-69d56552bb7b
b89ad580-8c89-4514-9369-c5e417dbcbaf,D’estate Non Vale,1.0,9,157933,66.0,
c99eb663-3432-460a-a77e-9c44d8ddf3e2,Rap God (Freestyle),1.0,4,189666,22.0,
70ea911d-f63d-4079-8b9d-5b0bb5e96019,Il cielo guarda te,1.0,8,218709,46.0,c65658f5-efb6-4e51-9170-6f4bb98f5340
9d604273-517d-4a7b-9415-d954885ea3b6,Usain Bolt,1.0,12,159960,18.0,ed8bd8f1-5d45-4ba1-ac70-99edb2bd896b
933a3e83-9e59-46e1-9673-cd2b97e76995,Ora che,1.0,11,206470,30.0,
f9ac1219-69bb-4c70-a8a6-15473264e94b,Stanza 365,1.0,3,216346,36.0,3940f091-4cf2-4655-802a-948c244b8ba8
889d2acf-dd9f-4471-9981-c97c280a136f,Il tuo profumo,1.0,2,160855,52.0,
92f5fd34-3005-442a-9a1c-5f617414aac5,MALA,1.0,4,178721,52.0,
91a979de-c0a4-47ae-926c-4053a9b25999,SEXY RAVE,1.0,1,140160,73.0,
7b991fdd-2e42-4d5b-91b1-235f0285ffaf,Adiós,1.0,4,206686,37.0,
465225ec-3dd7-4121-bd9f-60c6ff1c5edf,Non Fotti Con FDP Vol.2 - Episodio 2,1.0,4,174291,67.0,
f9d50664-5b9d-438c-afd7-770da1011b21,Paloma,1.0,14,141062,53.0,0805dd6f-c2c1-4d8a-8776-337b728faef9
3d076de6-318f-44ce-8b02-6a5e9068782c,Se Iluminaba,1.0,12,174291,61.0,
8cc5545e-73c3-4c41-ba52-3028195d16bb,Muovi il mondo,1.0,9,253240,24.0,
c54de088-2ec9-42fc-9055-890103abfaad,Fai Cisti,1.0,5,193746,19.0,
106d4eff-fec1-472f-a209-b10175040192,Niggas In Paris (Freestyle),1.0,4,189666,22.0,
32e28c37-adfd-40b5-9286-7055b43455df,Un’altra notte,1.0,3,222000,20.0,
78059be8-bb8f-486a-9d89-cc84d54ca102,Blessings (Freestyle),1.0,4,189666,22.0,
855f0da8-8d5f-4b53-bf83-431132b2dc84,Non Scordare Mai,1.0,4,184600,17.0,
f08d1eb7-258c-489c-a629-fcbb0e40c490,Buenos Dias,1.0,7,227840,38.0,
af4bdb67-4601-4444-b5f1-93c82e89659b,MMH,1.0,1,187454,58.0,2476ca58-81aa-4a62-8843-f65a998f5e84
38ee2e28-a7be-4a0c-8a1e-b4fd39237940,Sincera,1.0,7,189870,46.0,
1671dfb0-760b-4ec9-b58b-c9be7d9759eb,CoCo (Freestyle),1.0,4,189666,22.0,
840cb0f5-f250-4763-996b-0a08945382b7,Anaconda (Freestyle),1.0,4,189666,22.0,
bd3572e7-9959-45b0-93e7-aa139c0f042c,Uebe,1.0,9,157933,66.0,
e8845399-6735-43c7-a1f0-b9b864365025,Serenata Trap,1.0,2,166600,23.0,
b2bb0268-71b1-4964-8e32-208df6118c75,5.30,1.0,9,135818,18.0,
856bcb79-e3f9-47e8-ba69-32dff73cf7ae,Non Fotti con FDP Vol. 2 - Episodio 1,1.0,4,174291,67.0,
4d3f62c2-b5b7-4921-8568-60772ab4c6de,Canterai,1.0,5,207973,29.0,
c6dd61ad-d13b-4bb2-a686-e5f0d1812126,Conto i Passi,1.0,13,185306,19.0,
36700b06-1821-41ba-9827-447d12518aec,AU REVOIR,1.0,3,141750,42.0,
04cdb940-ecec-4696-a3e6-6d81bfedc910,Black And Yellow (Freestyle),1.0,7,447961,23.0,db642797-00a4-41f9-8616-7be54649294b
558cbba4-1fdf-4ef0-929e-b0301cf6268b,Tu dimmi,1.0,14,188125,30.0,
aa8a27c2-6b8f-4896-af12-20271b638bbe,Non tornare a casa,1.0,13,191071,16.0,
c821d08b-fa43-49e9-8406-fcb7ea306e73,Dio benedica il reggaeton,1.0,10,167684,40.0,
4861ca7f-2cc8-466d-aeaf-61b38f285490,Rodeo,1.0,3,251120,24.0,
366d2851-3368-44e5-b150-59400c8e470c,Ti raggiungerò,1.0,6,164160,58.0,
f79fcdb4-a1a7-4e83-aab6-8d51b105b586,Bahamas,1.0,3,188666,31.0,
0e6233fa-1292-4e45-a656-ff1525d67f3d,Un altro ballo,1.0,3,167719,53.0,
589d50ab-e866-4498-ab53-2dacd5bfeffc,Non dirmi che ti manco (Outro),1.0,11,108243,30.0,
02c31f8a-1151-4cc4-9db3-a33d89fb2fdc,Il mio game,1.0,15,126315,13.0,
d8c1791f-4d50-4167-bd75-72e25113a7b8,Niente da Dire,1.0,10,186562,13.0,
7ecad134-c79b-4b70-b425-e657c005e568,PA’ LA CULTURA 2,1.0,1,114600,21.0,
e412b804-01be-4d2a-8e81-aa0387afedfb,BARRIO LAMBADA,1.0,1,161071,69.0,b96547cf-979d-4d05-ac0b-363a71082e45
dc210305-eb5d-4c94-a429-fd433d2d3a3f,Lettera Al Successo,1.0,7,222120,14.0,
cce74bd5-6926-4b20-851f-47707a7b508e,Uana,1.0,5,160100,29.0,
f58e6079-482b-4817-a2e4-9eda39b33263,Goodnite,1.0,5,205636,13.0,
f7a3854d-3025-40c5-be3e-686193687e9b,Pa’ la cultura Freestyle,1.0,2,118024,21.0,d7ba4e47-b57f-4fd8-8ac3-d6c93e9d8746
7afd41ed-0f27-45c6-9459-58464e320d13,Io no,1.0,7,153043,15.0,
16edba5b-e8cb-4363-919c-07e30bc927c8,Hanglover,1.0,8,218709,46.0,
8d9aa0d5-6e01-4d0c-8718-057d648ccfe8,TUTTO QUELLO CHE HO,1.0,2,153964,39.0,
2a8f08ae-b698-48d7-88e1-1c7931f7c074,Sku Sku,1.0,8,152038,35.0,
61816363-2d4c-4484-9ede-4726e1b7f38c,IL CIELO NON CI VUOLE,1.0,1,172727,47.0,60f51e68-deaa-4139-bd32-f65215b21dd0
89be2b66-3268-4b2d-b2e6-4bdb2810e233,Extasi,1.0,1,157846,62.0,2f7bbf72-90ba-4793-b216-4e400beff6e6
6c775105-4e15-4279-86f6-0892bbf0b3b1,Vuoi ballare con me,1.0,17,209516,18.0,
3ba01f92-8375-438a-8061-055d025ae1dd,NOTTE CATTIVA,1.0,1,155044,47.0,de283cfd-f8db-43f8-a4fd-f8e5acdfbe52
9afb76eb-bb07-4ec1-a73a-2ab4ec413175,Discoteka,1.0,9,169132,21.0,
3b44f89c-bbce-4de0-8329-4ea3d805814b,Almeno tu,1.0,12,183000,14.0,
37ddbc42-1f98-4c81-95fb-6334c7fa7475,Mano x mano,1.0,5,181646,41.0,
9d6246d2-4bc6-46db-a93e-fada2ac9400a,Alabama,1.0,6,185888,13.0,
2a30f9e1-d334-46a8-add0-d3c196df92c9,Non fotti con FDP Vol.2 - Episodio 3,1.0,9,157933,66.0,
48befe9c-2b6f-414d-80e9-e9b7651b9e4d,ROMANCE,1.0,1,180170,52.0,f9b84e57-cb2a-4413-a113-83d33b6af490
3235b6c7-cbb6-4359-8b05-a13ec1060cdc,Love King,1.0,2,194000,13.0,
1ed6896c-6c56-4de3-aca6-bb7fffe255e6,Halo (Freestyle),1.0,4,189666,22.0,
c91f2e00-2adf-440f-8ecb-ca2c91f3b88e,PASSIONE,1.0,1,163308,59.0,2014e14d-fc9b-4d7e-b94e-0d3306ac9fd0
b4deea09-988f-476f-9e89-af1e7c9ca54e,Notte da Cafoni,1.0,11,209973,12.0,
e92a77ca-3f04-4949-b418-7119e20b92cc,Fatti così (Intro),1.0,1,123789,29.0,
0f1ec36b-76dc-486b-abbe-5f54e7d0c118,BoyFred,1.0,7,227840,38.0,
5defcc1b-d83c-46f4-81d2-704c01beaca1,Sparirò,1.0,6,190146,17.0,
6c99fd6c-418c-4503-b6fa-48c128cfc200,F.D.P.,1.0,9,157933,66.0,
e0edc029-985f-418e-8c11-4f1f09bd850e,Niente di te,1.0,10,177700,40.0,
c18b0889-33fb-49a0-81bf-dc60ce35f80f,DYO,1.0,16,260000,10.0,
72a880cd-ec65-4781-bc48-e225870fde55,Voilà,1.0,18,160531,12.0,
a57401b9-cb05-4f19-a103-e6a226b66fe3,Non Ero Io,1.0,2,195853,14.0,
10f8b785-3a23-4742-b4fc-f0b0fa7ad566,Dov’eri tu,1.0,1,149680,13.0,
6db4af17-8cd4-403a-b986-9eb98bda3254,Tutto Qui,1.0,9,168093,12.0,
395df8ab-0b1e-4d22-b296-589f87833698,Non mi batte neanche il cuore,1.0,14,193520,14.0,
edcc8783-3802-4c64-8582-deb69a94f51a,REGGAETONERO,1.0,6,171631,31.0,
98c70cd9-b528-42ec-b26c-33f7edd616d1,Melodia Criminal,1.0,1,180525,51.0,f5dc1c33-a53e-46b3-b322-1838b5734d23
e3b43fae-05b4-4fe2-822a-9e0cf6cc4b39,Freestyle (#NONFOTTICONFDP),1.0,4,189666,22.0,
60222939-bbfa-4b14-baa0-0ea04e694bdc,IO X TE,1.0,5,167333,33.0,
084b98e8-2593-422b-8459-5bf6d91cd720,Fenomeno,1.0,11,181306,13.0,
264d041c-5053-4d2e-b18e-0144631fd5f5,Noi due,1.0,12,191640,15.0,
32d03fa1-c03d-478f-8598-285d3e32de81,VodkaLemonHaze,1.0,13,211440,13.0,
1ee382de-70e4-4ebf-9380-e51386db5391,Tú y yo,1.0,15,164160,32.0,
c9209fb5-c3a3-4fc9-b759-aec993cd8689,Margiela,1.0,7,158698,19.0,
b8e83032-6cac-4a03-98b9-bef124ffd57a,MI FA MALE,1.0,7,131666,21.0,
580f1130-4bb3-45e4-9de7-6f88b7bfdc1c,Para All Night,1.0,4,200933,10.0,
54d97445-386f-4398-bb4b-630f7d144c3b,Superstar,1.0,4,175159,21.0,
7b72c3b4-a491-4c74-ac3d-c4b9c76264eb,Due Cuori E Una Caparra,1.0,10,210000,12.0,
419fcea8-5d6a-4e18-866f-f200850b3c30,Cretina,1.0,13,174767,35.0,
0f825252-d987-432e-98a4-90f9fcdf5068,Chiudo gli occhi,1.0,14,174493,12.0,
84ecc28b-bc1d-4a7b-b8a5-51678f3e594d,Intro,1.0,1,123789,29.0,
8440971a-949b-4270-8876-a9fd6177b65d,Mondo,1.0,1,96686,20.0,
1f8151dc-1bfc-49cc-918f-a34e6bc69977,EXTASI,1.0,1,157846,62.0,
9248efbf-c108-4ccc-8523-e515a9faedc2,Pressingirl,1.0,2,188257,14.0,
f784d531-9f4d-4e3f-b125-75ccaf365b14,Te lo immagini,1.0,8,158218,36.0,
a7a97a7f-286e-4334-8b0e-25360c8adf4d,Senza Dio,1.0,11,165269,21.0,
0eb7fd51-6108-4c0d-b571-fc00c4c85680,5:20,1.0,12,143443,18.0,
e5fd65ba-5726-4694-b510-ca7789647157,Adrenalina,1.0,1,180000,35.0,27418ecd-83fd-4964-aff3-21c275d55b39
3ed52040-b7e3-4ce8-a01b-aadc93fa38a4,Slogan,1.0,8,197453,12.0,
0c3ff2ab-22a2-4090-b192-2703baebecf0,F.D.P. 2,1.0,3,163308,38.0,afa7bbdd-ba77-42ef-a26e-037b79fba9b9
31002bac-ced7-4641-9c1a-5c870f86accf,AFTERMAN,1.0,1,127200,51.0,8b8aaa4e-ba17-443f-a2b2-3fe9a2b5c5a2
46f10b2e-b19d-496a-95e7-a68e142e61d9,Carrilon,1.0,10,208653,11.0,
606bcdd3-e8c1-45f8-a3cc-4f1f31221a8b,COVID19 FREESTYLE,1.0,4,189666,22.0,
e764ce75-5abf-43cc-995e-76ee52937060,Covid freestyle - FDP,1.0,4,189666,22.0,
b38da320-e80f-437b-a821-42b15ea554a1,La Scelta Più Facile (feat. Dirty C),1.0,3,193050,8.0,
9a1d3e4f-c626-4d16-8180-24b1b0d68c82,DI CAPRIO,1.0,1,148363,52.0,f4d2d78e-0300-4836-be35-945ded09a6ce
d6b81824-7b97-4bf1-a159-9ae69bbfe2d0,Pensavo fosse amore e invece...,1.0,8,263026,48.0,0c15c742-bb41-4c05-a044-094000490c55
b53d3e02-acc2-4daf-b0c9-0f9d40fc9a41,L’INFANZIA DIFFICILE DI UN BENESTANTE,1.0,7,223834,79.0,
06e23ebd-7146-4ed9-bff9-42b11370fdfb,SEXY SHOP,1.0,1,188684,63.0,1121f1f7-2aa0-46dd-9ded-c9c2a6e5440e
e35a76db-e7aa-4443-8646-aaa20d885bcd,Che cazzo ridi,1.0,1,216367,30.0,919e4843-12e9-477f-a10a-4f16301bf4d4
85d87ac3-f5bb-4b48-b763-6887018b2d17,TVTB,1.0,16,200400,40.0,a3d09a82-8754-4451-924d-4120d4fc7fee
56c082dd-c6f6-4663-a18a-a9cf6397b162,BELLA STORIA,1.0,6,176479,53.0,e5116617-02f1-42a2-bd13-708d112ab9cf
690f592b-9d64-4b1e-9d7f-b64deeab031a,No Game Freestyle,1.0,4,96300,60.0,
c5b4cd99-2b80-43b7-be1c-5d339be6dd30,Prima di ogni cosa,1.0,1,187680,44.0,
d08a5345-42cc-426f-a718-8b48f77aa0c8,ALLUCINAZIONE COLLETTIVA,1.0,1,176785,52.0,ed628127-0a5e-4e03-b330-c5798b66eb96
e3dde683-c010-478b-8035-766c40e4922b,MILLE,1.0,1,175923,58.0,2e70a705-687e-4a8e-8fa5-db5cafed864b
257c1e04-7af5-4c63-b4ae-ba5d8626297b,PROBLEMI CON TUTTI (GIUDA),1.0,1,134874,33.0,9800d0f8-4877-494b-99cd-fc296557595a
46c80ff5-9d3f-4c39-b6bd-aff07c4ab341,BATTITO,1.0,1,194468,74.0,
a7398b53-042f-416f-a37d-0444c9fc3fc1,BIMBI PER STRADA (CHILDREN),1.0,1,200820,48.0,e8a71ad8-dfce-4bf3-995c-c47dacde9ecf
b6e682ce-a79a-4c98-b199-b05f0fc3a314,SAPORE,1.0,7,195480,51.0,
772d606a-03c7-4b15-9c81-240f19ed4263,Cigno nero,1.0,4,201973,58.0,
b998dd41-7a2c-4484-908f-7f3348f224a9,LA DOLCE VITA,1.0,1,187862,58.0,66cc98af-82f6-4eff-ad96-72c17d36b71e
1005f52c-2533-4ef0-8832-b8073399b589,UN GIORNO IN PRETURA,1.0,18,159304,29.0,
970d42e3-666d-41e6-81d2-c5577e8714b7,Dai cazzo Federico,1.0,16,192440,36.0,
71be4398-70f3-4b2b-bb85-065333b78717,Faccio brutto,1.0,18,216813,42.0,
3d1ecdf6-ddd1-48e7-9f23-bb7b7ed0ce0c,Tutto il contrario,1.0,2,145706,36.0,2a0f60d9-85cc-4236-af8e-da01b0656af3
a48d07e0-8ff0-40b2-8035-4cee4c15c6a4,MEGLIO DEL CINEMA,1.0,1,188766,43.0,9725a605-4fdd-49d1-9529-fcf802c845ac
027738d5-da89-41c8-96ea-30dc07fc0c78,LA CASSA SPINGE 2021,1.0,19,136523,36.0,
cc3bb88f-4f73-4338-b566-7339104c8f5f,Si scrive schiavitù si legge libertà,1.0,1,189453,37.0,
8c40f3b7-ff4d-4fd9-af65-90fa3499eeef,Holding Out for You,1.0,2,181973,33.0,
07dcfad6-fb3d-4208-8d2f-cee2bd8ae038,Magnifico,1.0,8,203746,61.0,
78481326-f4a3-41c0-8016-5b04e0de9a8f,Kim & Kanye,1.0,8,175493,29.0,
a8d5f5c8-9567-4436-8f7e-920c0b95a3fc,21 Grammi,1.0,21,222000,49.0,7c2ba901-d659-4c67-87c5-b48818601a0d
8f8fd332-7764-4190-83e4-42f76b770044,Alfonso Signorini (Eroe Nazionale),1.0,3,193933,35.0,
abaa0695-0826-4445-9d70-84d5d469c2f6,MORIRE MORIRE,1.0,6,239253,48.0,
7bb0f2c4-1957-421c-8bca-8265338f35d1,STUPIDO STUPIDO,1.0,5,159480,33.0,
b76b4659-a347-49e8-8cd4-e7131d49e3a7,BELLA STRONZA,1.0,1,176571,62.0,e1699848-3c77-43f9-a40c-4e742b71db5f
6224299b-3c04-4b8e-b91e-d1f7bcd057de,Veleno per topic,1.0,5,173960,25.0,
89215720-aecd-4f70-b1a1-d719c30184f0,Sembra semplice,1.0,7,234066,41.0,
e578ac00-8d3a-49bf-b21e-f4779ed3716f,L’amore eternit,1.0,15,258880,61.0,
3dd090ac-9c64-4ab1-9a77-57a8048b2e0d,DISCO PARADISE,1.0,1,198536,64.0,22418f23-4bea-44f7-8ae8-32832072585e
a02a5d2c-685f-439f-8416-e1becb912011,Anthem Pt.1,1.0,7,244306,12.0,
9d40a121-996d-455a-9d66-19a3c781474a,Generazione Boh,1.0,6,210729,7.0,7c055c98-9498-49d8-b0aa-bb671612458c
6a7d8f74-d5e1-4236-a1b8-c15a38ef5498,VITTORIA,1.0,9,197250,33.0,
5be071f0-75ac-4a7d-a295-59d777383534,LE MADRI DEGLI ALTRI,1.0,16,162666,38.0,
3f86f41b-aa61-4c18-b489-a45f5e9cad58,MI STO SUL CAZZO,1.0,23,184235,36.0,
c5c21f7e-f0b7-4463-abd7-1f97f1ca93ca,Blues,1.0,5,241760,28.0,b94c738a-412d-40be-a2a1-18a04e3ed6da
51a2105b-2b52-4df0-827e-a9b7afbaaa97,FEDE E SPERANZA,1.0,20,145846,26.0,
29b2d5e8-cab8-4579-a747-33f541d560a8,Parli di rap?,1.0,15,182426,23.0,
e1a10f7e-1768-4bf1-b1d6-ed7a1062ed96,Penisola che non c’è,1.0,1,179186,25.0,
0c295171-823e-4965-b1ec-3db390a89a0d,VIOLA,1.0,1,182338,45.0,d52ccec8-2846-4f5a-8907-6f4e8aec15fe
723c1d90-5e6b-4fe4-a88e-31e76c8d754c,SCELTE STUPIDE,1.0,1,179802,75.0,
f6bf567a-92fa-4527-af4e-953d76ad6e4a,Amnesia,1.0,3,163773,24.0,
c3a45000-69ec-4905-9cf9-a58aa3e60f60,Paranoia Airlines,1.0,1,187680,44.0,
ad76ecc7-6b84-403e-8692-d0f427af69f9,Non c’è due senza trash,1.0,9,209000,36.0,
2522722f-af8e-463d-b01e-2166b4bdf3d8,Beautiful Disaster,1.0,22,226013,42.0,
de0f343a-02b7-4bdf-8e3b-c2f1ddc1e364,FUORI DAI GUAI,1.0,14,175056,29.0,
3ce3c7df-c820-44da-9c85-e368f4f72cde,VECCHIO,1.0,12,179439,28.0,
1a0ee983-561b-4eb0-b506-f70c408b99d3,TONY LUCRARELLI,1.0,1,86979,40.0,54a0cf1a-8f97-42b1-889b-7267a317c954
9a5c6078-a255-41de-9f8c-03a761886d43,Sirene,1.0,10,205560,30.0,
f3abe79e-80b1-40c1-a1a0-dd2c09611727,Polaroid,1.0,2,197040,28.0,
fa9b35c9-ad93-4a44-9370-907c7de8331b,ROSALÍA,1.0,1,162455,35.0,7c6f1f0b-059f-4931-93f4-1ed7513cf489
66adee11-3386-45e1-8fd5-83d2942e78e1,GUARDA COSA MI FAI FARE,1.0,10,192230,27.0,
59a3e4f7-43b4-432f-89e0-bbbcbb6de091,Sfregi e difetti,1.0,9,184400,22.0,
c744fae9-0b4c-49e0-8688-e6aa79ed38bd,Record,1.0,7,183613,24.0,
fc950c6c-b555-4452-8785-819dbc61b5a9,NOTTE BRAVA,1.0,15,196363,26.0,
c3deed9e-6325-4918-8229-5c40395d5926,Jet set,1.0,2,183213,28.0,
0a881f96-8780-48c7-b8df-929bd4474709,L’una per l’alcol,1.0,10,160986,22.0,
7dfcf67b-649c-495a-a1ec-d82966bf383a,CRISI DI STATO,1.0,1,203721,35.0,5868c99b-431b-489c-9bc3-7580c8808af8
5f5d657b-a255-444b-b5fe-dc15f221b296,B-Rex Status Domini,1.0,8,225866,61.0,
34601a3f-7550-45b1-866c-af3d3244fd52,Single a vita,1.0,11,192733,29.0,
53b27c7e-20bf-492a-8c57-1cac84753650,Così,1.0,11,204453,26.0,
94cded1a-a101-4210-8edb-8c15732c3642,Fuckthenoia,1.0,6,162453,26.0,
7f2423f0-8a12-4a30-89c7-0b599a1b3114,LEGGERI LEGGERI,1.0,22,205687,26.0,
141c3ab2-c3d3-4a0d-a9a3-272aa8d9a23d,Unica al mondo,1.0,19,98813,36.0,
15ff5759-11c6-4a80-8c9d-31544caa243a,L’hai voluto tu,1.0,11,254626,31.0,
531f5131-f4e4-49de-83dc-594bc73f422f,Le palle di Natale,1.0,1,175217,31.0,
67b6341c-449e-4627-98ef-a9f75eabade1,Buongiornissimo,1.0,15,152706,23.0,
c869e69a-2485-4eae-a5ff-b056c7ac043e,Signorsì,1.0,5,200626,26.0,
582698b1-40ed-479f-9dd5-b64ab7e9bb4b,Nel mio piccolo,1.0,9,212160,24.0,
d93189c7-ebd4-460a-a4c0-0245d40f4531,Ti Porto con Me,1.0,1,283768,24.0,
d3dcf20f-e855-461b-a172-6eabe89dc5a2,Mentine,1.0,10,195066,21.0,
36f34484-476e-4816-a29f-196fd32c4233,Un posto bellissimo,1.0,12,184733,22.0,
97511e41-c42e-4d82-a346-e107b7ba2a7f,Blasfemia Pt.1,1.0,1,210306,3.0,
07feb18a-61b9-4ef5-9c5d-af7d2024fa42,3 di notte,1.0,5,185280,22.0,
1f9bc439-5d32-4bcb-a8af-ce9609e42f98,Segni,1.0,14,137133,23.0,
8b69d5ba-e18b-441f-9dba-ca897fa68f0f,M.I.A.,1.0,20,195706,38.0,
abdde065-9df9-49c9-ae94-7be1c5fc87ec,Cosa senza spine,1.0,13,146746,23.0,
6d93689e-c087-4234-a883-d528cf7afa6c,Psichedelico,1.0,13,173640,22.0,
ec604d40-106c-4881-92ed-0619f6ee8105,Sanremo Freestyle,1.0,4,207657,18.0,
9a9fb69e-9135-44c1-b5e3-50371dd003f8,Non ci pensi mai,1.0,6,224920,24.0,
54c87ff5-31db-472d-b455-7a140c700aaa,Lo zainetto,1.0,20,185320,21.0,
c9701ccf-bd23-40c7-ba73-29a24cec09fa,Bella addormentata nel Bronx,1.0,4,215600,26.0,
e500a381-ad77-4cff-b7ba-975e74ff005f,Il cemento non è un fiore,1.0,8,256640,22.0,
1b8f81a2-e4e2-44fa-85b1-c08950167226,Moet Sciandon,1.0,7,171786,22.0,
d8adf332-6977-4c51-ba60-811895204d27,Cardinal chic,1.0,14,200826,27.0,
e12844c3-1316-4b7a-a3eb-4296417e0553,Olivia Oil,1.0,18,213946,25.0,
c27df6bb-8044-4d5c-87c9-3c174b567726,God war,1.0,11,228493,18.0,
29112f6a-294c-4ed8-af61-0b2f2508f4da,Come no,1.0,16,188173,27.0,
1824fa96-cccc-432b-be72-e089a0622102,Pop-hoolista,1.0,15,258880,61.0,
17c0f39d-0bf2-479c-b2bb-7906a336e23e,Nuvole di fango,1.0,1,186800,38.0,2c142438-157f-4fe8-bde6-6dea4d833d46
f3ddd675-6d99-4ed1-90d7-78520d1ade3f,Ti vorrei dire,1.0,8,219706,29.0,
f5c146d1-ec7e-4a41-b700-2e8d552601b8,The Ferragnez: La serie - Sigla ufficiale,1.0,1,188684,63.0,
59dbca97-0cd8-4d6b-a544-9dd7a03699f6,Appeso a testa in giù,1.0,10,186960,22.0,
eed35a47-3efd-47d1-bce5-5503c391d72b,Vivere in campagna pubblicitaria,1.0,3,212973,23.0,
b348bfc0-e1ff-4365-9b20-914559354cd6,Stereo-tipi,1.0,17,196853,22.0,
2b4eca00-dd74-4311-acae-fe9066b00004,Voglio averti account,1.0,6,183826,25.0,
539d1de9-d14d-47db-894a-a59e19f38245,Non basta mai,1.0,3,184440,21.0,
b24f5c24-6321-4517-8a33-3f39d52b76b5,Milano bene,1.0,14,223800,19.0,
597c7a7f-873b-4a52-90f7-a693285f0f69,Viva l’IVA,1.0,19,192746,27.0,
82b1be3e-c7f1-4414-9a02-b1cb1944fb45,Volevo fare il rapper,1.0,4,124840,19.0,
c85e6159-f0f7-4fbb-a581-2881d28b7a89,Babbo Natale mi ha detto che i tuoi genitori non esistono,1.0,1,176785,52.0,
bd076a52-d369-4a96-b0d2-f8d578a21352,Ragazza sbagliata,1.0,15,175466,20.0,
3114c83c-779c-47f9-b431-f554f05df4ff,Intro,2.0,13,239453,14.0,
255c0865-e053-45bb-8b30-531c57af480e,Anthem Pt.2,1.0,7,244306,12.0,
f38d2b63-c68f-4e86-ac64-1ec5e9a103eb,L’arte di accontentare,1.0,4,201973,58.0,
0025fcde-ba2f-4bc7-81e9-3609b99e18d4,Giorni,1.0,18,187853,14.0,
8e32221a-737c-4f6a-ae44-98bafa525a73,Contenuti,1.0,6,187160,17.0,
4d1467ab-1526-43de-ba23-654e691421ad,Love cost,1.0,12,203600,23.0,
5a91ffd1-5e68-469d-a5b6-e07104ba6559,Listino prezzi,1.0,7,171160,17.0,
50ce095e-0dd0-4b5b-82b3-4ae54088cac8,Non scorderò,1.0,14,209546,22.0,
b04ef763-07d0-4013-bd7b-958ce811bbcf,Pop-hoolismo (Intro),1.0,1,55400,17.0,
63b31a8b-a946-438a-88f6-d6e723806591,Presa bene (ogni tanto),1.0,12,208453,22.0,
04aeb1b6-1e2c-45e4-84b8-271e5f14535c,Santa Madonna,1.0,17,177280,23.0,
7162ed8b-3685-4931-8c97-d8dcf6d5a3b9,Blasfemia Pt.2,1.0,7,244266,1.0,
0dbbf34f-3559-4cc1-954f-aee825012c1e,Bella vita,1.0,4,199906,20.0,
97574257-b606-43a8-8b82-20cabd0e76f3,Vivere domani,1.0,3,221320,20.0,
1d175c5e-2a41-4131-be76-87739a5ab970,Ninna nanna,1.0,12,178880,15.0,
5579244f-a808-4a7f-bdcb-ca72652d62e0,La scelta giusta,1.0,16,205520,18.0,
ec7aec34-effa-4d49-a6d8-dad84701da42,Questa vita,1.0,3,186693,19.0,
208cab01-1fe4-4104-b61a-a9895d946287,Alza la testa,1.0,6,199760,21.0,
b3bfb2c6-d130-45e6-912a-11a6e1e1e073,Ipocondria,1.0,7,217106,15.0,
a9228999-adec-4013-a52a-74667f2044d3,SUSHI,1.0,13,175923,58.0,
61d77ebf-4af1-412f-b3e4-44faa44d4199,Si Muovono Le...,1.0,1,155532,79.0,
4317377f-0c44-4d64-95cc-053c39770d56,Back In Days,1.0,2,147692,34.0,
4bb113ae-758f-4ae0-8810-95a78b5655b5,Non Ci Sto Più Dentro,1.0,4,224000,10.0,225cb403-bd1b-47f1-9d22-dac4031130b8
15d28fbc-1974-4c5b-815d-07585aac2b9e,Una cosa sola,1.0,11,180813,20.0,
00874644-3a7b-4e33-b7fa-e2185cf54c0f,Outro,1.0,21,94053,12.0,
31ad92c9-66a1-4188-a2f6-785686adfcc2,Cambia,1.0,2,200160,17.0,
84678c65-4655-46fb-8784-d7ed60fb0253,Reality show,1.0,9,199693,17.0,
613fd23a-0bbe-4f7a-a490-08370a292496,Restiamo umani,1.0,12,184146,13.0,
e3665fce-d14c-456f-a45c-163e4a3c643b,Tutto il Contrario RMX,1.0,9,276124,40.0,
7efdf2d9-a7eb-445f-ba66-6461cd40f0ac,Liberi in cattività,1.0,17,158426,14.0,
2133999e-d00e-4361-8b3f-95a34a2341a9,Old Girl,1.0,10,185194,79.0,367a5f30-7361-4ec7-96f8-04debf462e0c
d6fa717b-169a-4355-ad81-bdf0cec03dcd,Tu Come Li Chiami,1.0,5,248080,2.0,8a4a0162-e3a7-409f-9ba1-ded807e8e7fd
53b107ce-41a3-4d69-b957-f44b59aefdd7,Quello che ho,1.0,10,152373,18.0,
b0009ead-0271-4c9c-a558-cfb5863381ec,Caro Amico,1.0,9,266173,59.0,520f5574-b25e-42ef-89de-8c705e9387c4
a88a703b-72d0-48b7-ad33-74d14f95f74b,Penisola che non c’è RMX,1.0,7,223834,79.0,
7363fa77-3da6-43e1-99ce-5f2915ecf62f,Soffritto,1.0,13,144280,12.0,
a19a6b2b-dddf-489c-923c-7778a295dbd6,Vota Sì per dire No,1.0,10,182562,57.0,
72a8b8be-dcab-4a28-b8aa-41cb4e394bfe,Intro (BCPT),1.0,1,301500,21.0,
c98d8a04-3e88-4ace-8caf-b7a6de4815a8,BANCOMAT,1.0,1,210099,62.0,
2788980e-35e2-49e2-9f9f-4bb87f4b3b8d,Intro (Pat-a-Cake),1.0,4,201360,11.0,ffe3223c-039c-4a6f-9d4b-1824ceadc8a9
20da9ea6-8a64-49ca-aa51-044b1dfb9973,Volevo Fare Il Rapper RMX,1.0,10,181000,8.0,
41d20c91-4cda-4375-870c-cc343e8701bc,Io Odio I Club,1.0,9,276124,40.0,
8469a1ce-f02a-423c-8921-17216972c5a8,Dove Si Va,1.0,3,188613,21.0,
3cc5d0b8-ef8b-441f-9508-8b3e4800161b,Andare Via,1.0,10,181000,8.0,
27360c55-f576-4190-9586-5684a3426b56,My Life,1.0,1,186964,97.0,
b7309dc6-3dda-4117-bc0a-2f9ed443241c,Boom,1.0,20,195706,38.0,
258eab0d-9351-4089-b40d-4d1cf64fc85c,Real Randagi,1.0,8,168975,3.0,f9d36862-8fd4-4ff0-bb07-0a8d0048575d
732da1e0-9020-46ec-ab94-efcc6bb5ee72,Mollami,1.0,13,175923,58.0,
20e70bc9-ca66-414d-98f0-71258fc8b40c,I’m So High,1.0,1,176965,94.0,
5b036543-00dd-4d7a-a3ca-d2846f801616,Bimbo Speciale,1.0,13,166791,9.0,7bb55834-1ea9-490f-b066-a5a1eaa3b33b
809126df-16e7-4a75-8ecb-2308f8fd6966,Ti Dico Bene,1.0,1,219451,28.0,
30e26116-44ee-4cec-a1a6-4e290c30e0df,Into My Head,1.0,2,222973,90.0,230a2564-6e3d-4c98-b602-922e48300c97
ff5f753b-410f-4de4-8930-631fc34e65fd,Chiediti il perchè,1.0,7,223834,79.0,
d99c7434-f3ec-4868-9113-c2b71ea075cb,Sognatori,1.0,1,269850,61.0,
f645ead6-ffa1-4166-9958-5c876d73ea04,La Mia Generazione,1.0,6,226906,82.0,
2e34702b-85ff-4dff-a306-9c1f99a9e30d,Non Mi Piacciono,1.0,5,176000,78.0,
aa4be5c9-e75b-4459-b4d7-44b710542ddb,Faccio Brutto (2nd Roof RMX),1.0,3,158786,39.0,
977ea986-6b1e-414b-8bfa-b526d0f5f8c0,Pensavo fosse amore e invece... (Roofio RMX),1.0,8,191960,53.0,9336c482-9339-4479-9368-38ba60159dcd
22fc0500-5fe2-4e18-9864-3d77b754938d,NANANANA,1.0,13,175923,58.0,
d467fc68-74b2-4d55-b67d-3d8286993737,Milano Bene (2008),1.0,2,182245,76.0,
c144dfa1-8e50-4464-8c6a-5722097ad049,Avvoltoi,1.0,8,225866,61.0,
11982e3a-f854-4a4b-82fa-c9602f6b377d,Cigno Nero RMX,1.0,4,201973,58.0,
16248011-94e8-4797-b0ab-6d39cf5a5836,Non sono partito,1.0,2,294013,40.0,
4bd74073-1176-4d75-9d10-91d97e6fd6eb,Un Sorriso,1.0,1,283768,24.0,
4bcf2573-3a83-4db6-8106-d39d684da382,Ultima Cena,1.0,3,160496,66.0,
51ea1148-f30f-48a7-ade4-4e5ce2b80cb2,E intanto,1.0,1,175217,31.0,
ebaf4761-e7d3-476a-9a49-d9d36426bde2,La Sua Storia,1.0,2,216426,41.0,
377817cc-6aa6-4360-9c0d-e508de37f37c,Storie Di Vite,1.0,1,173538,53.0,e17e1508-a24c-4308-a394-47161af1058a
1ffd91b7-5fd6-4126-b879-a9c8558e2582,Ghettopianerottolo RMX,1.0,1,188684,63.0,
bcee99c1-7976-41ff-9acc-168cad96b561,Vite Diverse,1.0,7,224120,65.0,
ddf2a8fd-98d5-49f2-a063-b8aeebbd7b89,MEGLIO DEL CINEMA (clean),1.0,8,188564,66.0,
63300ca4-7e7d-4a3b-92e3-be06291f8c1e,SUPREME - L’ego,1.0,8,223045,58.0,
9f693078-87c0-4ae7-844b-78f578a40134,CRUDELIA - I nervi,1.0,11,230922,67.0,
3a2b4e4a-4dbd-43ae-ac79-4152039ba492,QUALCOSA IN CUI CREDERE - Lo scheletro,1.0,2,212316,58.0,
ecbd7579-7bf9-4f4d-a3b2-cdf2dee730a8,BODY PARTS - I denti,1.0,1,156714,60.0,
c53500d7-5489-4ad4-bd6e-c433d8bda563,APPARTENGO - Il sangue,1.0,4,255449,56.0,
c3932d49-2b8f-4790-909c-ad810df623a7,MADAME - L’anima,1.0,13,221631,62.0,
5c5bc06c-87af-49f5-9332-be2ec23e106d,QUELLI CHE NON PENSANO - Il cervello,1.0,3,190186,54.0,
e813abae-f195-4a05-9a47-21198784ff97,SPORT + muscoli (RMX),1.0,16,286702,51.0,3d3fb75c-5fa4-4ab3-8dda-d2740bf245d0
8acaf7c2-485c-4bb3-8089-48bd4c194441,COSPLAYER,1.0,6,221884,54.0,
8a87307f-67e8-4d2c-bd21-a65b09e91044,BRAVI A CADERE - I polmoni,1.0,6,200214,68.0,
0cc89f70-32f7-4af7-88c3-d1fa66738836,∞ LOVE,1.0,3,218367,66.0,
88680003-90ac-4fb0-a224-d669b1f7990d,Salvador Dalì,1.0,5,245197,63.0,
95423eb5-3f6c-4de9-95b8-bb866fba42e1,DUBBI,1.0,7,234446,64.0,
28c1da41-f366-414a-9e81-15eba0a416d7,TUTTO QUESTO NIENTE - Gli occhi,1.0,14,210839,50.0,
938c9c3d-3e0c-4a1e-b04d-9a3294174275,SPORT - I muscoli,1.0,9,202339,49.0,
2e76eb66-898d-41a0-98c7-038229e4902d,G.O.A.T. - Il cuore,1.0,12,210183,60.0,
0b4d9e75-ea3d-4a00-96d1-8599f3d20090,A Volte Esagero,1.0,5,230093,59.0,
35c176be-fbc7-4d18-9ded-87dd488d7f60,NOI,1.0,9,272003,55.0,
9fb3d0e4-ecf7-41fd-b5ee-359d853fdbd7,LORO,1.0,1,198186,54.0,
1ffc2b00-4a10-4387-a557-6732d2d7df00,PAGLIACCIO,1.0,2,177522,56.0,
a30ba5a5-c412-4961-8ca3-bbd8f0876ca4,POCO DI BUONO - Il fegato,1.0,5,185685,49.0,
444879fe-0102-4b91-b1e7-b4a0e4590ef5,VITTIMA,1.0,9,205714,63.0,
fcdb8baa-bd36-4644-92b0-42d827e704bf,IO,1.0,4,195560,58.0,
d086bc25-7439-4930-a4ec-fb79a9640699,Scooteroni,2.0,4,272280,61.0,
7f0f469f-d30f-437f-8b24-07dea86481f3,Ca$hmere,2.0,2,219213,52.0,
2c85d446-6a69-4339-8f4d-db5be1899b4a,LEI,1.0,12,223009,75.0,
7484945e-dced-4fb5-b64e-3c2ba64fa815,Vendetta,1.0,9,320653,40.0,
c87f12a8-0193-4f61-bfe7-277002b6cd6e,Tony,1.0,12,280173,45.0,
68ac736f-6fbe-4f4a-b16d-0b0d8e845243,CLIFFHANGER,1.0,14,205520,54.0,
4c4902b3-3272-49a2-8a98-1f7f1a6ae38e,Scooteroni RMX,2.0,4,272280,61.0,
37491f94-5dfb-436f-b4ef-3b6c8050dd94,NON SONO MARRA - La pelle,1.0,7,188842,49.0,
07ce28de-9b18-4cb9-b1c8-744788e0b195,GLI ALTRI (Giorni Stupidi),1.0,11,201000,64.0,
6a830f84-a202-47ae-890d-bdc43dba50cf,Film Senza Volume,1.0,14,241824,44.0,
37576758-97fb-4032-ac79-51826e83fb40,NEMESI,1.0,12,175626,63.0,
24c767ec-0bd2-4901-8390-a7f5d76a6aba,CRAZY LOVE,1.0,5,192688,65.0,
c3f47949-e34b-4d66-acb2-4b022854f2f8,Niente Canzoni D’Amore,1.0,3,226808,68.0,cd2b2170-6d3f-4759-980f-da1076a05b94
38c6ebc6-0761-47b9-ad67-84d027c7b580,DA BUTTARE - Il ca**o,1.0,10,204720,42.0,
d809f14e-8366-4052-9969-a6366fc18eb4,Money,1.0,2,210966,52.0,
dbde5937-1a00-4213-a427-7dfc6b2a4fc2,POWER SLAP,1.0,1,197181,64.0,
6dd5e424-378f-4d50-85c2-495efb37b1de,È FINITA LA PACE,1.0,4,178761,65.0,
d06b7c7b-1c22-43e5-a444-8b44922f4f63,Quasi Amici,1.0,13,291218,43.0,
6d3a1e59-a351-4bb7-a48b-951141a77216,Nulla Accade,1.0,3,232412,65.0,
7ff64bc2-438b-4fab-ba72-55155165d1be,64 BARRE DI PAURA,1.0,11,131777,56.0,
b7414bf8-cb52-4744-87ae-76e9ebbc2c16,GRETA THUNBERG - Lo stomaco,1.0,15,166174,46.0,
b8d3d9ba-7d55-44e2-bd4c-4961d884a446,Cantante Italiana,1.0,8,215133,39.0,
f6e72e74-30a9-4aad-9060-6faf9d8fd805,S.e.n.i.c.a.r.,1.0,8,205720,62.0,ad599fb6-809b-495b-b791-e0776f51e2a8
728b907e-e165-47f2-9ff0-e64fd102b93a,20 Anni (Peso),1.0,6,301653,39.0,
63e9ccaa-2bb1-4574-b354-2b1970367705,Business Class,1.0,1,187866,47.0,
ea9b007f-3e77-4146-9787-fcafa6e0cc0c,64 BARRE DI VITTORIA,1.0,14,146353,44.0,
e5c47f15-6f53-460a-9ecd-eb6ea802ca23,PENTOTHAL,1.0,11,227179,60.0,
93b00ded-a56c-4d2b-b778-fd847e6e4472,CRASH,1.0,2,247500,61.0,
d9d8344d-c47a-4fff-b921-febdaa0bc536,Maledetto Me,1.0,10,200189,49.0,
85d8d98f-5d46-4811-8f4d-ebcf503a32a1,LAUREA AD HONOREM,1.0,8,195799,62.0,
bd083a1b-38f7-4ec6-ac16-fd8c87bedc1d,Insta Lova,1.0,9,206805,68.0,
5419654f-c94d-46f9-bccf-5b19bf0be116,GLI SBANDATI HANNO PERSO,1.0,3,194210,71.0,
d813eb82-670a-4651-ac48-283287d8165d,Purdi,1.0,7,201010,42.0,
a81f566b-d728-49bc-a3cb-0600612b2065,Senza Dio,1.0,4,219904,45.0,
da1d4fdb-c3f1-4c00-97df-5124573afdb0,Cosa Mia,1.0,6,245137,41.0,
94696bcd-98a5-4bda-93c7-f1260fae0f55,Il Nostro Tempo,1.0,7,302173,37.0,
88d8f3f3-15ed-42ef-9a4f-d423d2328847,L’Albatro,1.0,4,299106,41.0,1b9f84a9-95d2-4385-b982-ab8a8eec3025
bc8b9eac-13d2-46a1-b53a-0ea60deb1822,DETOX / REHAB,1.0,5,236666,61.0,
01621bd5-e022-4df3-8c1f-bace3c53047b,Sushi & Cocaina,1.0,12,219040,35.0,
f9dcee8c-eda7-4c91-86c6-15fb31272f86,SOLI,1.0,6,215142,59.0,
35bf4f2d-40d3-40f0-bdd4-450cb48c93b4,HAPPY END,1.0,13,216240,58.0,
29594f8b-f43e-4388-af86-7f983d57199e,Don,1.0,3,284106,39.0,
d39e91d1-5667-442a-828c-02b760b4829e,Untitled,1.0,18,238866,39.0,
25e6d721-124b-418c-a674-77ae748119e3,Senza Un Posto Nel Mondo,1.0,10,244746,36.0,
b46cd010-bf9e-4f16-b7cd-836f9e7951de,MI SONO INNAMORATO DI UN AI,1.0,7,230506,57.0,
a356a8e1-7460-4796-97e7-71285e74dcb9,Bastavano Le Briciole,1.0,10,233133,54.0,
a8d93c70-51b0-4f59-af01-6a80b117b1c8,FACTOTUM,1.0,8,225087,60.0,
2c453fe5-21bb-4940-8d1f-5c7b4b341c3e,Rapper/Criminale,1.0,5,240013,47.0,
abf260b9-45fa-41a4-9140-0042d31fbc3e,Catatonica,1.0,2,217839,37.0,
bc2f83db-1a97-4508-8451-b855c401576a,NEON - Le Ali,1.0,17,207084,56.0,
323187a5-66af-47ea-ae80-276d5df1b2e5,Né Cura Né Luogo,1.0,11,264320,46.0,
a450e3c3-8208-4a65-8be2-f45108e45699,TROI*,1.0,10,189093,55.0,
abc0039a-80cf-4861-afb2-792af70724e4,Badabum Cha Cha,1.0,2,213880,51.0,
ce64e414-4ba3-4f5d-9e08-8e2184f23777,Status,1.0,3,226808,68.0,
581cceb1-79e6-4701-a22b-0175c7b5393a,Bentornato,1.0,2,208720,35.0,
8e72131b-5096-49b3-bff7-30a647448f72,King Del Rap,1.0,1,240080,49.0,
ca92f45a-48a4-4ec1-8354-6183eedbd083,Will Hunting,1.0,1,190026,30.0,
f2913d18-1684-4262-a02a-e22c0612b3a3,In Radio,1.0,8,221881,59.0,
74b341ff-b31c-42d9-8f5e-b883f4e1b2f5,La Parola Che Nessuno Riesce A Dire,1.0,11,213760,32.0,bbe348ce-83bf-467a-ab2d-4d7ae0c69d71
a79c6cc6-fb38-4147-a7b5-ee71ca4380f6,Erba & WiFi,1.0,15,234764,39.0,
956610d9-5d4a-4f04-8461-e041972035cc,Tutto Questo,1.0,14,210839,50.0,
82bcaeb0-edce-4ea3-913d-59005eb640bf,Santeria,1.0,9,206805,68.0,
1aea8114-0db0-4f0e-9d2d-0cbc7079c08e,Piazza Rossa,2.0,3,217040,34.0,
2c86ba47-1d25-465e-a58f-3441d3630b6d,Bruce Willis,1.0,1,130546,34.0,
a6115ea4-10e4-45b4-b5ed-57ad242a73ce,Popolare,1.0,3,215760,43.0,
af59f335-e671-497a-9d88-87a0a157e866,Sogni Non Tuoi,1.0,17,255946,35.0,
75c21572-a762-4f13-b2bd-3b69c78fbef3,Sabbie Mobili,1.0,9,257440,45.0,
b1143419-0317-49bb-ad85-9c12d2f31e43,Valentino,1.0,2,182773,34.0,
482fe9b5-7c71-4448-af72-349f33b43f5d,Sindrome Depressiva Da Social Network,1.0,14,270373,36.0,
6bb80083-ed43-488f-aa8e-45b40758175d,Giusto Un Giro,1.0,6,263613,50.0,
6ae0980a-7f5d-4ce1-9768-ee4bfe40fdf7,Chiedi Alla Polvere,1.0,5,265840,40.0,
d7ad7ba5-b72b-4b11-ab83-bbf6fd55cfeb,Di Nascosto,1.0,16,236840,37.0,
0f37a77d-0a26-4d67-9a3a-7ec67283ac70,Non Confondermi,1.0,3,230333,36.0,
720b8e76-3045-4264-ac1c-e698d9fb1e59,Ninja,2.0,1,222280,34.0,
502d05fe-f0c5-4ee2-8374-88f5bd284ac1,Fino A Qui Tutto Bene,1.0,9,197013,38.0,
b84e4c7f-cee7-4ad0-87a8-157eb1ee8ee2,IMPORTANTE,1.0,1,201184,56.0,46f602dd-e81a-4182-83ff-4d1f25dae790
1c3d5d52-e8c9-49f6-ac78-c997c9b94e1c,Se La Scelta Fosse Mia,1.0,1,206480,40.0,
3d6d8e8d-12bf-4209-8090-7b134e03c275,Purdi RMX,2.0,5,253160,37.0,
7f2aa67e-5706-435e-aba4-c503e98fc550,Marciamo,1.0,4,236426,29.0,
7dd19528-ac50-4525-b16b-644112a329cb,Amore In Polvere,1.0,9,233040,31.0,
dcd76db7-524d-443b-b1e2-328c8ba611c2,Vita Da Star,1.0,4,236160,39.0,
f116f622-e549-409d-8a3a-6a47dc7d4e56,Solo Io E Te,1.0,7,247200,35.0,
d607b15a-dc8d-490a-9055-b050f66ee9cb,Non Confondermi RMX,1.0,5,280960,36.0,
d18a588c-f274-4691-9184-ce3112e92c2a,Vita Da Star (RMX),1.0,12,234000,30.0,
e300d6bb-73f1-4eee-b991-0ff1e9db4653,Prova a prendermi,1.0,12,226400,37.0,
683a1cee-3e16-4da8-8821-695e0c1fca7f,Senza Dio RMX,2.0,6,264013,38.0,
270ff843-9be6-45d1-b6e5-b54aec443440,In Faccia,1.0,4,216053,39.0,
dbdecea9-dbcb-4717-8d2c-3618e54f353b,Crack,1.0,13,292120,30.0,
c94dc2e5-e961-4665-ad1e-1df769c87246,Nella Macchina,1.0,15,230693,44.0,
6044521d-e68e-4f2d-9646-712035619c54,Didinò,1.0,2,212066,45.0,
beee2874-2cfc-47da-bc58-3ab9ef41920f,Fattore Wow,1.0,8,195506,40.0,
49ed95c9-d2e0-44a4-993b-0e057f7fbc57,Chiedi Alla Polvere 2008,1.0,5,265840,40.0,
684c1d7c-7c83-41e6-a284-94b7d7372b6c,La Mia Prigione,1.0,18,181426,32.0,
49cea85f-096f-4fa6-9a10-24de583a5ef4,I Ragazzi Dello Zoo Del Berlin,1.0,2,213493,34.0,
3265a605-9660-4bce-b7ee-56cf1aa1e7b3,La Via Di Carlito,1.0,17,249973,36.0,
c83e043f-b8ea-4a52-8cce-4f063c72d6ae,L’Ultima Settimana,1.0,14,203040,34.0,
79b7d58a-2e02-46bf-b3e3-89dd82652126,Quando Sarò Morto...,1.0,10,235173,46.0,
31774550-dc35-4509-b1c7-e77608220174,Marrageddon,1.0,15,300746,38.0,
0f131608-d050-4397-8d27-357f324b27cc,*Roie,1.0,5,286226,28.0,
31e6d0b2-7ecd-4ad2-9e2a-76bd1734f324,Dritto Al Punto,1.0,4,188573,35.0,
25380cbb-ec58-4937-beab-53657ab5b709,Sì Sì Con La Testa,1.0,13,243346,34.0,
f436c3c1-cb22-4bf4-b090-a040d5d0ab56,Trappole,1.0,16,215853,32.0,
1e39591b-5a4e-47d8-91c5-370c339180fd,Estate In Città,1.0,12,165200,34.0,
9569a246-90b9-499a-8c91-8752c3d844a9,Noi No,1.0,9,272003,55.0,
86797459-1f1d-42c6-ab4b-84f4bc007a38,Rivincita,1.0,3,337973,27.0,
2ace10f2-f59a-4d4d-9348-cfd0c04ea671,Parole Sante,1.0,6,237626,36.0,
bd5f75e9-e0b2-452a-a01a-15e9cb71cbd8,64 BARRE DI DELIRIO,1.0,1,175200,61.0,
ed323432-d5e8-4e2e-9835-096bde98d754,Stupido,1.0,6,292000,30.0,
943b72de-b73f-45ba-a754-cc9cf0ae0a51,Myspace Freestyle 2008,1.0,7,200280,28.0,
18876ef7-c367-4404-8abc-c83d55e13d0b,...Quando Ero Vivo,1.0,13,241626,34.0,
c2e89e56-4daa-4d0f-a2a6-2d50d10d41d2,Triste Ma Vero,1.0,10,210120,30.0,
26b3b3ff-15f6-4873-9131-50b75f695d18,La Danza della Pioggia,1.0,6,239106,32.0,
3d121520-b93f-4c59-afc6-95faf9fd76e9,In Down,1.0,14,216226,34.0,
3350fa88-7c25-40be-8a8a-7af776dbcdae,LA BANALITÀ DEL MALE,1.0,1,74666,39.0,2c752cff-828e-4862-9402-baca52c57b88
58a56f13-1444-43e5-9db4-baf99c5dc0df,Fatti Un Giro Nel Quartiere,1.0,15,155346,33.0,
cc4a4c0a-c9c3-4276-a412-805669f627de,Semtex,1.0,3,227373,36.0,
8b41dd73-45a3-4a60-bb23-4af85fd7bce2,Parole Chiave,1.0,7,179813,25.0,
9e2a656b-0359-43aa-9932-17f2d88ca3e1,Mixare È Bello,1.0,4,234413,29.0,
652edff0-64ab-4ffe-be70-fa0646094d43,Continuavano A Chiamarlo Marracash (Il Divo),1.0,8,259266,25.0,
4e69de12-4821-4386-a581-467fa94d9982,Nuovo Papa,1.0,4,164373,31.0,
d81317c0-4df9-4892-9fe6-bf5385bb9bcf,Popolare 2018,1.0,3,215760,43.0,
b2a7d4b6-5d4a-407d-8b6a-4fda997b5312,Le Voglio Piene,1.0,12,226041,68.0,
9606e74c-5e82-42a3-b705-3f5009156613,Quello Che Deve Arrivare (Arriva Arriva),1.0,9,229146,32.0,
8a20ae58-411b-488c-8ee4-53e1b283b740,Cani Pazzi,1.0,10,293466,26.0,
3389be6f-a86a-4d9a-b549-0ac471672b41,La tipa del tipo,1.0,1,196190,25.0,8e392cdb-1590-4880-becc-f83de9df2fb6
59c57a27-045e-4981-88bc-ace8e053fa44,Slot Machine,1.0,3,199653,27.0,
a3de70bf-1774-4dc0-a2f6-76b16274318c,Fiaba Di Strada,1.0,7,159920,25.0,
3100ad1e-7675-44bf-b180-da1f7517dcc1,Casbah Flow,1.0,4,183306,14.0,
ea404c36-5bad-4885-8cbb-cbd57e7a8471,Roccia Music,1.0,4,299106,41.0,
d874594b-c656-4d64-a46c-c70350fab2d5,Nuovo Papa 2018,1.0,4,164373,31.0,
368a6780-6ac6-4d9a-bddf-65871eb06a7c,Stupidi,1.0,11,201000,64.0,
d1c5fc6d-0e1a-4154-a218-315db7bf7c2e,Non Passerà,1.0,2,187760,25.0,
368becea-ab55-4930-ac9d-8860583333f8,Il Gioco,1.0,7,234446,64.0,
66f8ee27-4ffd-450d-b662-3b7a46ca4039,Paradiso italiano,1.0,5,281680,23.0,
29aead44-c31f-476e-b833-3597a9d84413,Due Anni Prima,1.0,1,67146,21.0,
9062af20-fbfa-41e9-aae3-6732e96bacf9,Promo Sky NBA 2016/17 Freestyle,1.0,12,223009,75.0,
bbc8ba40-2a5a-4820-8bf6-1ddc1b6b4161,2 Strade,1.0,8,217666,22.0,
8c520874-b1ea-4387-a967-e08209e7f946,Best Of The Year,1.0,10,390213,23.0,
a5bf8fd6-995d-4e6b-a8ce-c0d9da5d245f,Regole,1.0,12,223009,75.0,
4112c18d-d224-4432-ac3f-6152858659c4,Vita Da Star (Provino),1.0,5,228000,20.0,
7ba89289-9b46-459f-886e-2eed08ce8969,Esagero (Provino),1.0,9,168000,16.0,
f7f2c47a-4828-4034-a6ec-a04122248f07,Fotoromanzo,1.0,12,223009,75.0,
634587ba-8df6-4853-a82a-c470b040ea93,Peso (Provino),1.0,8,276000,18.0,
ab0d1e6a-dc9e-4b44-9364-7519ab53bee3,Album Trailer 1,1.0,17,369493,42.0,bfe23c51-205a-45b5-bfeb-22029b52db2d
2a4c9ebf-6254-453b-8f89-db1e703cb4c7,Vendetta (2nd Roof RMX),1.0,6,187951,59.0,
d603d5e4-6339-4029-99ab-3ae5d3937ae5,Popolare RMX,1.0,4,188573,35.0,
ed689a5d-5191-4b34-9186-7c545ee38400,Senza Un Posto Nel Mondo (New Version),1.0,11,216000,22.0,
d15ce46c-1924-49a6-9ce0-c6b264116aa8,Freestyle,1.0,4,130434,58.0,
e4fd15bb-3064-41bf-9d0d-0349d2b39c94,Album Trailer 3,1.0,5,230365,34.0,
6987b300-568b-4d4c-a214-28a4b970ee67,Chi sale sul ring (Sigla MTV Spit),1.0,11,204853,30.0,
c3e27ed6-4782-42df-bcfb-e3e214658d94,Album Trailer 2,1.0,17,369493,42.0,
19b90cf1-7cb3-434f-978f-c7e2def3c19d,Crack (Provino),1.0,7,292000,15.0,
67321a00-1265-41ba-ba40-34e3bcef9545,Intro*,2.0,1,60230,34.0,
7e0f413f-80b5-4192-9754-1d796667ce61,Di Nascosto (Don Joe Demo 2014),1.0,6,236000,17.0,
6c090b79-e7be-417a-a01c-d81c5a03de88,Badabum Cha Cha - Gabri Ponte & Paki Rmx (Radio Edit),1.0,1,234374,57.0,ac422984-c2a4-45ae-9f32-f5b81d363ccd
3957d5dc-534c-42eb-a2c7-e9e39b8f9ef1,Senza Un Posto Nel Mondo - Alternative Version,1.0,20,248330,24.0,
cd1ba3ee-369e-4480-909e-07c62aede6e4,Badabum Cha Cha - Gabri Ponte & Paki Rmx (Extended),1.0,1,234374,57.0,
2db2c648-6f2c-4332-bce7-0a6024305a0d,Tempo,1.0,7,302173,37.0,
de4bad50-ca4e-4b6a-8dff-3db7e8c518d9,Giufa Cafe,1.0,6,292000,30.0,
